dataset,family,rep,true_k,method,k_hat,ARI,runtime
sep_k5_d2,sep,1,5,CDK 2ec (default),5,0.9785020843697608,4.432743549346924
sep_k5_d2,sep,1,5,CDK 2ec / Gaussian null,5,0.9785020843697608,5.457264184951782
sep_k5_d2,sep,1,5,CDK 2ec / AD statistic,5,0.9785020843697608,4.9708216190338135
sep_k5_d2,sep,1,5,CDK 2ec / no multiplicity corr.,5,0.9785020843697608,4.129652261734009
sep_k5_d2,sep,1,5,CDK 2ec / n_min=15,5,0.9785020843697608,4.738350868225098
sep_k5_d2,sep,1,5,CDK 2ec / n_min=40,5,0.9785020843697608,3.591136693954468
sep_k5_d2,sep,0,5,CDK 2ec (default),5,0.981463313194489,4.647553205490112
sep_k5_d2,sep,0,5,CDK 2ec / Gaussian null,5,0.981463313194489,6.034114360809326
sep_k5_d2,sep,0,5,CDK 2ec / AD statistic,5,0.981463313194489,4.870158910751343
sep_k5_d2,sep,0,5,CDK 2ec / no multiplicity corr.,5,0.981463313194489,4.373574733734131
sep_k5_d2,sep,0,5,CDK 2ec / n_min=15,5,0.981463313194489,4.378163576126099
sep_k5_d2,sep,0,5,CDK 2ec / n_min=40,5,0.981463313194489,4.347308397293091
sep_k5_d2,sep,2,5,CDK 2ec (default),5,1.0,4.165388345718384
sep_k5_d2,sep,2,5,CDK 2ec / Gaussian null,5,1.0,5.241455078125
sep_k5_d2,sep,2,5,CDK 2ec / AD statistic,5,1.0,5.433598279953003
sep_k5_d2,sep,2,5,CDK 2ec / no multiplicity corr.,5,1.0,4.065693616867065
sep_k5_d2,sep,2,5,CDK 2ec / n_min=15,5,1.0,4.662979602813721
sep_k5_d2,sep,2,5,CDK 2ec / n_min=40,5,0.9150632507707028,4.521599054336548
sep_k5_d2,sep,3,5,CDK 2ec (default),5,0.9439888565124596,4.544615507125855
sep_k5_d2,sep,3,5,CDK 2ec / Gaussian null,5,0.9439888565124596,5.182218551635742
sep_k5_d2,sep,3,5,CDK 2ec / AD statistic,5,0.9439888565124596,5.713643550872803
sep_k5_d2,sep,3,5,CDK 2ec / no multiplicity corr.,5,0.9439888565124596,4.316176891326904
sep_k5_d2,sep,3,5,CDK 2ec / n_min=15,5,1.0,4.7519495487213135
sep_k5_d2,sep,3,5,CDK 2ec / n_min=40,5,0.9439888565124596,3.6184403896331774
sep_k5_d2,sep,5,5,CDK 2ec (default),5,0.9968691099886756,4.016893625259399
sep_k5_d2,sep,5,5,CDK 2ec / Gaussian null,5,0.9968691099886756,5.16089129447937
sep_k5_d2,sep,5,5,CDK 2ec / AD statistic,5,0.9968691099886756,4.80924916267395
sep_k5_d2,sep,5,5,CDK 2ec / no multiplicity corr.,5,0.9968691099886756,3.830507278442383
sep_k5_d2,sep,5,5,CDK 2ec / n_min=15,5,0.9968691099886756,4.33422589302063
sep_k5_d2,sep,5,5,CDK 2ec / n_min=40,5,0.9250190137481088,4.00269079208374
sep_k5_d2,sep,4,5,CDK 2ec (default),5,0.9814335452659734,3.830520629882813
sep_k5_d2,sep,4,5,CDK 2ec / Gaussian null,5,0.9814335452659734,5.573987007141113
sep_k5_d2,sep,4,5,CDK 2ec / AD statistic,5,0.9814335452659734,5.581444501876831
sep_k5_d2,sep,4,5,CDK 2ec / no multiplicity corr.,5,0.9814335452659734,3.642857313156128
sep_k5_d2,sep,4,5,CDK 2ec / n_min=15,5,0.9814335452659734,4.802205562591553
sep_k5_d2,sep,4,5,CDK 2ec / n_min=40,7,0.8731895108090914,4.549896478652954
sep_k5_d2,sep,6,5,CDK 2ec (default),5,0.9754419259620172,4.113084077835083
sep_k5_d2,sep,6,5,CDK 2ec / Gaussian null,5,0.9754419259620172,4.996346712112427
sep_k5_d2,sep,6,5,CDK 2ec / AD statistic,5,0.9754419259620172,4.9408135414123535
sep_k5_d2,sep,6,5,CDK 2ec / no multiplicity corr.,5,0.9754419259620172,4.041046380996704
sep_k5_d2,sep,6,5,CDK 2ec / n_min=15,5,0.9754419259620172,4.632832050323486
sep_k5_d2,sep,6,5,CDK 2ec / n_min=40,5,0.9754419259620172,3.834989070892334
sep_k5_d2,sep,7,5,CDK 2ec (default),6,0.9338678775569438,5.030197143554688
sep_k5_d2,sep,7,5,CDK 2ec / Gaussian null,6,0.9338678775569438,5.889167070388794
sep_k5_d2,sep,7,5,CDK 2ec / AD statistic,6,0.9338678775569438,5.870930194854736
sep_k5_d2,sep,7,5,CDK 2ec / no multiplicity corr.,6,0.9338678775569438,4.549278736114502
sep_k5_d2,sep,7,5,CDK 2ec / n_min=15,6,0.9338678775569438,5.65504002571106
sep_k5_d2,sep,7,5,CDK 2ec / n_min=40,6,0.9338678775569438,4.6959075927734375
sep_k5_d2,sep,8,5,CDK 2ec (default),5,0.9725416274279404,4.275421857833862
sep_k5_d2,sep,8,5,CDK 2ec / Gaussian null,5,0.9725416274279404,5.496728420257568
sep_k5_d2,sep,8,5,CDK 2ec / AD statistic,5,0.9725416274279404,5.3995912075042725
sep_k5_d2,sep,8,5,CDK 2ec / no multiplicity corr.,5,0.9725416274279404,4.2590413093566895
sep_k5_d2,sep,8,5,CDK 2ec / n_min=15,5,0.9725416274279404,4.361720561981201
sep_k5_d2,sep,8,5,CDK 2ec / n_min=40,5,0.9725416274279404,4.541126728057861
sep_k5_d2,sep,9,5,CDK 2ec (default),5,1.0,3.8607912063598633
sep_k5_d2,sep,9,5,CDK 2ec / Gaussian null,5,1.0,5.502063512802124
sep_k5_d2,sep,9,5,CDK 2ec / AD statistic,5,1.0,4.97963547706604
sep_k5_d2,sep,9,5,CDK 2ec / no multiplicity corr.,5,1.0,3.904865026473999
sep_k5_d2,sep,9,5,CDK 2ec / n_min=15,5,1.0,3.394658088684082
sep_k5_d2,sep,9,5,CDK 2ec / n_min=40,5,1.0,4.224834442138672
sep_k5_d10,sep,0,5,CDK 2ec (default),5,0.9968691099886756,4.838951587677002
sep_k5_d10,sep,0,5,CDK 2ec / Gaussian null,5,0.9968691099886756,4.558282852172852
sep_k5_d10,sep,0,5,CDK 2ec / AD statistic,5,0.9968691099886756,6.776622772216797
sep_k5_d10,sep,0,5,CDK 2ec / no multiplicity corr.,5,0.9968691099886756,4.823625326156616
sep_k5_d10,sep,0,5,CDK 2ec / n_min=15,5,0.9968691099886756,2.192420244216919
sep_k5_d10,sep,0,5,CDK 2ec / n_min=40,5,0.9968691099886756,5.03355073928833
sep_k5_d10,sep,1,5,CDK 2ec (default),5,0.9968691099886756,4.2479329109191895
sep_k5_d10,sep,1,5,CDK 2ec / Gaussian null,5,0.9968691099886756,4.967925548553467
sep_k5_d10,sep,1,5,CDK 2ec / AD statistic,5,0.9968691099886756,6.400235891342163
sep_k5_d10,sep,1,5,CDK 2ec / no multiplicity corr.,5,0.9968691099886756,4.359016418457031
sep_k5_d10,sep,1,5,CDK 2ec / n_min=15,5,0.9968691099886756,2.503739595413208
sep_k5_d10,sep,1,5,CDK 2ec / n_min=40,5,0.9968691099886756,5.145075559616089
sep_k5_d10,sep,2,5,CDK 2ec (default),5,0.9968691099886756,4.049939393997192
sep_k5_d10,sep,2,5,CDK 2ec / Gaussian null,5,0.9968691099886756,4.097136974334717
sep_k5_d10,sep,2,5,CDK 2ec / AD statistic,5,0.9968691099886756,5.399517059326172
sep_k5_d10,sep,2,5,CDK 2ec / no multiplicity corr.,5,0.9968691099886756,3.709537267684937
sep_k5_d10,sep,2,5,CDK 2ec / n_min=15,5,0.9968691099886756,2.7481167316436768
sep_k5_d10,sep,2,5,CDK 2ec / n_min=40,5,0.9968691099886756,4.9003520011901855
sep_k5_d10,sep,3,5,CDK 2ec (default),5,0.9691923778047782,5.00145959854126
sep_k5_d10,sep,3,5,CDK 2ec / Gaussian null,5,0.9691923778047782,5.253753423690796
sep_k5_d10,sep,3,5,CDK 2ec / AD statistic,5,0.9691923778047782,6.038934469223023
sep_k5_d10,sep,3,5,CDK 2ec / no multiplicity corr.,5,0.9691923778047782,4.585704565048218
sep_k5_d10,sep,3,5,CDK 2ec / n_min=15,5,0.9691923778047782,3.283508777618408
sep_k5_d10,sep,3,5,CDK 2ec / n_min=40,5,0.9691923778047782,5.659614324569702
sep_k5_d10,sep,4,5,CDK 2ec (default),5,0.9968691099886756,4.4457848072052
sep_k5_d10,sep,4,5,CDK 2ec / Gaussian null,5,0.9968691099886756,5.14114785194397
sep_k5_d10,sep,4,5,CDK 2ec / AD statistic,5,0.9968691099886756,7.632616519927978
sep_k5_d10,sep,4,5,CDK 2ec / no multiplicity corr.,5,0.9968691099886756,4.663633108139038
sep_k5_d10,sep,4,5,CDK 2ec / n_min=15,5,0.9968691099886756,2.8851001262664795
sep_k5_d10,sep,4,5,CDK 2ec / n_min=40,5,0.9968691099886756,4.868492364883423
sep_k5_d10,sep,5,5,CDK 2ec (default),5,0.993757960024628,4.537938833236694
sep_k5_d10,sep,5,5,CDK 2ec / Gaussian null,5,0.993757960024628,4.602170705795288
sep_k5_d10,sep,5,5,CDK 2ec / AD statistic,5,0.993757960024628,6.845911264419556
sep_k5_d10,sep,5,5,CDK 2ec / no multiplicity corr.,5,0.993757960024628,4.104158639907837
sep_k5_d10,sep,5,5,CDK 2ec / n_min=15,5,0.993757960024628,3.527041435241699
sep_k5_d10,sep,5,5,CDK 2ec / n_min=40,5,0.993757960024628,5.417069673538208
sep_k5_d10,sep,6,5,CDK 2ec (default),5,0.987486698264138,3.744714736938477
sep_k5_d10,sep,6,5,CDK 2ec / Gaussian null,5,0.987486698264138,3.784586191177368
sep_k5_d10,sep,6,5,CDK 2ec / AD statistic,5,0.987486698264138,5.943892002105713
sep_k5_d10,sep,6,5,CDK 2ec / no multiplicity corr.,5,0.987486698264138,3.783493280410767
sep_k5_d10,sep,6,5,CDK 2ec / n_min=15,5,0.987486698264138,3.248167037963867
sep_k5_d10,sep,6,5,CDK 2ec / n_min=40,5,0.987486698264138,4.93781590461731
sep_k5_d10,sep,7,5,CDK 2ec (default),5,1.0,4.624302625656128
sep_k5_d10,sep,7,5,CDK 2ec / Gaussian null,5,1.0,4.442341566085815
sep_k5_d10,sep,7,5,CDK 2ec / AD statistic,5,1.0,6.003773212432861
sep_k5_d10,sep,7,5,CDK 2ec / no multiplicity corr.,5,1.0,4.797146081924439
sep_k5_d10,sep,7,5,CDK 2ec / n_min=15,5,1.0,2.913186550140381
sep_k5_d10,sep,7,5,CDK 2ec / n_min=40,5,1.0,4.90155553817749
sep_k5_d10,sep,8,5,CDK 2ec (default),5,0.990666659345908,4.515860557556152
sep_k5_d10,sep,8,5,CDK 2ec / Gaussian null,5,0.990666659345908,2.963599443435669
sep_k5_d10,sep,8,5,CDK 2ec / AD statistic,5,0.990666659345908,5.045690298080444
sep_k5_d10,sep,8,5,CDK 2ec / no multiplicity corr.,5,0.990666659345908,4.340130567550659
sep_k5_d10,sep,8,5,CDK 2ec / n_min=15,5,0.990666659345908,3.0065624713897705
sep_k5_d10,sep,8,5,CDK 2ec / n_min=40,5,0.990666659345908,4.498869180679321
sep_k5_d10,sep,9,5,CDK 2ec (default),5,0.9663573126730648,4.756466627120972
sep_k5_d10,sep,9,5,CDK 2ec / Gaussian null,5,0.9663573126730648,4.984761476516724
sep_k5_d10,sep,9,5,CDK 2ec / AD statistic,5,0.9663573126730648,6.702955484390259
sep_k5_d10,sep,9,5,CDK 2ec / no multiplicity corr.,5,0.9663573126730648,5.455081224441528
sep_k5_d10,sep,9,5,CDK 2ec / n_min=15,5,0.9663573126730648,4.214933633804321
sep_k5_d10,sep,9,5,CDK 2ec / n_min=40,5,0.9663573126730648,5.380734920501709
sep_k2_d2,sep,0,2,CDK 2ec (default),2,1.0,8.580996990203857
sep_k2_d2,sep,0,2,CDK 2ec / Gaussian null,2,1.0,12.99817705154419
sep_k2_d2,sep,0,2,CDK 2ec / AD statistic,2,1.0,9.340930938720703
sep_k2_d2,sep,0,2,CDK 2ec / no multiplicity corr.,2,1.0,8.743475914001465
sep_k2_d2,sep,0,2,CDK 2ec / n_min=15,2,1.0,13.006376266479492
sep_k2_d2,sep,0,2,CDK 2ec / n_min=40,2,1.0,5.054045915603638
sep_k2_d2,sep,1,2,CDK 2ec (default),2,1.0,8.82883620262146
sep_k2_d2,sep,1,2,CDK 2ec / Gaussian null,2,1.0,13.909129619598389
sep_k2_d2,sep,1,2,CDK 2ec / AD statistic,2,1.0,11.57319164276123
sep_k2_d2,sep,1,2,CDK 2ec / no multiplicity corr.,2,1.0,8.40993070602417
sep_k2_d2,sep,1,2,CDK 2ec / n_min=15,2,1.0,12.65533709526062
sep_k2_d2,sep,1,2,CDK 2ec / n_min=40,2,1.0,4.721509218215942
sep_k2_d2,sep,2,2,CDK 2ec (default),3,0.939144206126726,8.517889261245728
sep_k2_d2,sep,2,2,CDK 2ec / Gaussian null,2,1.0,13.77316188812256
sep_k2_d2,sep,2,2,CDK 2ec / AD statistic,2,1.0,10.716760635375977
sep_k2_d2,sep,2,2,CDK 2ec / no multiplicity corr.,3,0.939144206126726,9.442757606506348
sep_k2_d2,sep,2,2,CDK 2ec / n_min=15,2,1.0,13.835728168487549
sep_k2_d2,sep,2,2,CDK 2ec / n_min=40,2,1.0,5.337685108184815
sep_k2_d2,sep,3,2,CDK 2ec (default),2,1.0,7.769656658172607
sep_k2_d2,sep,3,2,CDK 2ec / Gaussian null,2,1.0,13.538457870483398
sep_k2_d2,sep,3,2,CDK 2ec / AD statistic,2,1.0,10.350448608398438
sep_k2_d2,sep,3,2,CDK 2ec / no multiplicity corr.,2,1.0,7.85761022567749
sep_k2_d2,sep,3,2,CDK 2ec / n_min=15,2,1.0,14.194215297698976
sep_k2_d2,sep,3,2,CDK 2ec / n_min=40,2,1.0,6.01538348197937
sep_k2_d2,sep,5,2,CDK 2ec (default),2,1.0,8.885375738143921
sep_k2_d2,sep,5,2,CDK 2ec / Gaussian null,2,1.0,13.1879301071167
sep_k2_d2,sep,5,2,CDK 2ec / AD statistic,2,1.0,12.02368187904358
sep_k2_d2,sep,5,2,CDK 2ec / no multiplicity corr.,2,1.0,8.282262325286865
sep_k2_d2,sep,5,2,CDK 2ec / n_min=15,2,1.0,12.303417444229126
sep_k2_d2,sep,5,2,CDK 2ec / n_min=40,2,1.0,5.508134603500366
sep_k2_d2,sep,4,2,CDK 2ec (default),2,1.0,12.185692071914673
sep_k2_d2,sep,4,2,CDK 2ec / Gaussian null,2,1.0,13.85385251045227
sep_k2_d2,sep,4,2,CDK 2ec / AD statistic,2,1.0,13.353166580200195
sep_k2_d2,sep,4,2,CDK 2ec / no multiplicity corr.,2,1.0,11.803608894348145
sep_k2_d2,sep,4,2,CDK 2ec / n_min=15,2,1.0,14.563133716583252
sep_k2_d2,sep,4,2,CDK 2ec / n_min=40,2,1.0,4.943965196609497
sep_k2_d2,sep,6,2,CDK 2ec (default),2,1.0,9.721179008483888
sep_k2_d2,sep,6,2,CDK 2ec / Gaussian null,2,1.0,12.647293329238892
sep_k2_d2,sep,6,2,CDK 2ec / AD statistic,2,1.0,10.738016843795776
sep_k2_d2,sep,6,2,CDK 2ec / no multiplicity corr.,2,1.0,9.685038089752195
sep_k2_d2,sep,6,2,CDK 2ec / n_min=15,2,1.0,12.07663345336914
sep_k2_d2,sep,6,2,CDK 2ec / n_min=40,2,1.0,5.672171592712402
sep_k2_d2,sep,7,2,CDK 2ec (default),2,1.0,9.707616567611694
sep_k2_d2,sep,7,2,CDK 2ec / Gaussian null,2,1.0,15.873018741607666
sep_k2_d2,sep,7,2,CDK 2ec / AD statistic,2,1.0,12.116196155548096
sep_k2_d2,sep,7,2,CDK 2ec / no multiplicity corr.,2,1.0,9.51387095451355
sep_k2_d2,sep,7,2,CDK 2ec / n_min=15,2,1.0,14.779818058013916
sep_k2_d2,sep,7,2,CDK 2ec / n_min=40,2,1.0,10.36558747291565
sep_k2_d2,sep,8,2,CDK 2ec (default),2,1.0,8.495845794677734
sep_k2_d2,sep,8,2,CDK 2ec / Gaussian null,2,1.0,24.44406723976136
sep_k2_d2,sep,8,2,CDK 2ec / AD statistic,2,1.0,21.34007287025452
sep_k2_d2,sep,8,2,CDK 2ec / no multiplicity corr.,2,1.0,17.146536588668823
sep_k2_d2,sep,8,2,CDK 2ec / n_min=15,2,1.0,25.79576563835144
sep_k2_d2,sep,8,2,CDK 2ec / n_min=40,2,1.0,10.206336498260498
sep_k2_d2,sep,9,2,CDK 2ec (default),2,1.0,16.65754532814026
sep_k2_d2,sep,9,2,CDK 2ec / Gaussian null,2,1.0,22.521366834640503
sep_k2_d2,sep,9,2,CDK 2ec / AD statistic,2,1.0,17.43756341934204
sep_k2_d2,sep,9,2,CDK 2ec / no multiplicity corr.,2,1.0,16.653312921524048
sep_k2_d2,sep,9,2,CDK 2ec / n_min=15,2,1.0,26.232717037200928
sep_k2_d2,sep,9,2,CDK 2ec / n_min=40,2,1.0,8.983255386352539
sep_k2_d10,sep,0,2,CDK 2ec (default),2,1.0,10.541568517684937
sep_k2_d10,sep,0,2,CDK 2ec / Gaussian null,2,1.0,7.236517429351807
sep_k2_d10,sep,0,2,CDK 2ec / AD statistic,2,1.0,10.277628898620604
sep_k2_d10,sep,0,2,CDK 2ec / no multiplicity corr.,2,1.0,11.151839971542358
sep_k2_d10,sep,0,2,CDK 2ec / n_min=15,2,1.0,11.385109901428224
sep_k2_d10,sep,0,2,CDK 2ec / n_min=40,2,1.0,11.295168161392212
sep_k2_d10,sep,1,2,CDK 2ec (default),2,1.0,13.197924375534058
sep_k2_d10,sep,1,2,CDK 2ec / Gaussian null,2,1.0,7.54273509979248
sep_k2_d10,sep,1,2,CDK 2ec / AD statistic,2,1.0,10.777655124664308
sep_k2_d10,sep,1,2,CDK 2ec / no multiplicity corr.,2,1.0,12.98809027671814
sep_k2_d10,sep,1,2,CDK 2ec / n_min=15,2,1.0,10.249491453170776
sep_k2_d10,sep,1,2,CDK 2ec / n_min=40,2,1.0,13.165688514709473
sep_k2_d10,sep,2,2,CDK 2ec (default),2,1.0,15.720250368118286
sep_k2_d10,sep,2,2,CDK 2ec / Gaussian null,2,1.0,13.509140014648438
sep_k2_d10,sep,2,2,CDK 2ec / AD statistic,2,1.0,11.213884592056274
sep_k2_d10,sep,2,2,CDK 2ec / no multiplicity corr.,2,1.0,16.348467111587524
sep_k2_d10,sep,2,2,CDK 2ec / n_min=15,2,1.0,15.472467422485352
sep_k2_d10,sep,2,2,CDK 2ec / n_min=40,2,1.0,12.208439588546751
sep_k2_d10,sep,3,2,CDK 2ec (default),2,1.0,13.06834840774536
sep_k2_d10,sep,3,2,CDK 2ec / Gaussian null,2,1.0,8.417901039123535
sep_k2_d10,sep,3,2,CDK 2ec / AD statistic,2,1.0,13.895155191421509
sep_k2_d10,sep,3,2,CDK 2ec / no multiplicity corr.,2,1.0,13.518345355987549
sep_k2_d10,sep,3,2,CDK 2ec / n_min=15,2,1.0,11.49386477470398
sep_k2_d10,sep,3,2,CDK 2ec / n_min=40,2,1.0,10.792122602462769
sep_k2_d10,sep,5,2,CDK 2ec (default),2,1.0,8.472615003585815
sep_k2_d10,sep,5,2,CDK 2ec / Gaussian null,2,1.0,8.427787780761719
sep_k2_d10,sep,5,2,CDK 2ec / AD statistic,2,1.0,10.745831727981567
sep_k2_d10,sep,5,2,CDK 2ec / no multiplicity corr.,2,1.0,8.028322696685791
sep_k2_d10,sep,5,2,CDK 2ec / n_min=15,2,1.0,10.411627769470217
sep_k2_d10,sep,5,2,CDK 2ec / n_min=40,2,1.0,14.558539867401125
sep_k2_d10,sep,4,2,CDK 2ec (default),2,1.0,16.445504903793335
sep_k2_d10,sep,4,2,CDK 2ec / Gaussian null,2,1.0,11.58422303199768
sep_k2_d10,sep,4,2,CDK 2ec / AD statistic,2,1.0,16.060109615325928
sep_k2_d10,sep,4,2,CDK 2ec / no multiplicity corr.,2,1.0,16.418826818466187
sep_k2_d10,sep,4,2,CDK 2ec / n_min=15,2,1.0,12.124881744384766
sep_k2_d10,sep,4,2,CDK 2ec / n_min=40,2,1.0,10.305854320526125
sep_k2_d10,sep,7,2,CDK 2ec (default),2,1.0,9.597825527191162
sep_k2_d10,sep,7,2,CDK 2ec / Gaussian null,2,1.0,7.7502641677856445
sep_k2_d10,sep,7,2,CDK 2ec / AD statistic,2,1.0,10.654258251190186
sep_k2_d10,sep,7,2,CDK 2ec / no multiplicity corr.,2,1.0,9.327470779418944
sep_k2_d10,sep,7,2,CDK 2ec / n_min=15,2,1.0,10.375287294387816
sep_k2_d10,sep,7,2,CDK 2ec / n_min=40,2,1.0,14.62999701499939
sep_k2_d10,sep,6,2,CDK 2ec (default),2,1.0,10.48838758468628
sep_k2_d10,sep,6,2,CDK 2ec / Gaussian null,2,1.0,11.358521223068236
sep_k2_d10,sep,6,2,CDK 2ec / AD statistic,2,1.0,13.037577390670776
sep_k2_d10,sep,6,2,CDK 2ec / no multiplicity corr.,2,1.0,10.435008764266968
sep_k2_d10,sep,6,2,CDK 2ec / n_min=15,2,1.0,13.91374945640564
sep_k2_d10,sep,6,2,CDK 2ec / n_min=40,2,1.0,13.614940881729126
sep_k2_d10,sep,9,2,CDK 2ec (default),2,1.0,12.34060287475586
sep_k2_d10,sep,9,2,CDK 2ec / Gaussian null,2,1.0,7.761512756347656
sep_k2_d10,sep,9,2,CDK 2ec / AD statistic,2,1.0,16.360049724578857
sep_k2_d10,sep,9,2,CDK 2ec / no multiplicity corr.,2,1.0,12.055602312088013
sep_k2_d10,sep,9,2,CDK 2ec / n_min=15,2,1.0,11.918691635131836
sep_k2_d10,sep,9,2,CDK 2ec / n_min=40,2,1.0,13.36513638496399
sep_k2_d10,sep,8,2,CDK 2ec (default),2,1.0,18.01005744934082
sep_k2_d10,sep,8,2,CDK 2ec / Gaussian null,2,1.0,12.985744953155518
sep_k2_d10,sep,8,2,CDK 2ec / AD statistic,2,1.0,14.272051095962524
sep_k2_d10,sep,8,2,CDK 2ec / no multiplicity corr.,2,1.0,16.35262680053711
sep_k2_d10,sep,8,2,CDK 2ec / n_min=15,2,1.0,12.55956530570984
sep_k2_d10,sep,8,2,CDK 2ec / n_min=40,2,1.0,16.508745908737183
sep_k2_d50,sep,0,2,CDK 2ec (default),2,1.0,12.908304691314695
sep_k2_d50,sep,0,2,CDK 2ec / Gaussian null,2,1.0,9.32344126701355
sep_k2_d50,sep,0,2,CDK 2ec / AD statistic,2,1.0,35.793888568878174
sep_k2_d50,sep,0,2,CDK 2ec / no multiplicity corr.,2,1.0,13.2449049949646
sep_k2_d50,sep,0,2,CDK 2ec / n_min=15,2,1.0,18.43798351287841
sep_k2_d50,sep,0,2,CDK 2ec / n_min=40,2,1.0,11.96973204612732
sep_k2_d50,sep,1,2,CDK 2ec (default),2,1.0,13.4496750831604
sep_k2_d50,sep,1,2,CDK 2ec / Gaussian null,2,1.0,7.749778032302856
sep_k2_d50,sep,1,2,CDK 2ec / AD statistic,2,1.0,43.98800158500672
sep_k2_d50,sep,1,2,CDK 2ec / no multiplicity corr.,2,1.0,14.563028812408447
sep_k2_d50,sep,1,2,CDK 2ec / n_min=15,2,1.0,16.33832550048828
sep_k2_d50,sep,1,2,CDK 2ec / n_min=40,2,1.0,10.45821213722229
sep_k2_d50,sep,2,2,CDK 2ec (default),2,1.0,14.793369054794312
sep_k2_d50,sep,2,2,CDK 2ec / Gaussian null,2,1.0,7.667500495910644
sep_k2_d50,sep,2,2,CDK 2ec / AD statistic,2,1.0,18.566104888916016
sep_k2_d50,sep,2,2,CDK 2ec / no multiplicity corr.,2,1.0,5.86832070350647
sep_k2_d50,sep,2,2,CDK 2ec / n_min=15,2,1.0,7.00402045249939
sep_k2_d50,sep,2,2,CDK 2ec / n_min=40,2,1.0,6.256360054016113
sep_k2_d50,sep,3,2,CDK 2ec (default),2,1.0,10.37797737121582
sep_k2_d50,sep,3,2,CDK 2ec / Gaussian null,2,1.0,4.370936632156372
sep_k2_d50,sep,3,2,CDK 2ec / AD statistic,2,1.0,18.36184930801392
sep_k2_d50,sep,3,2,CDK 2ec / no multiplicity corr.,2,1.0,6.796982526779175
sep_k2_d50,sep,3,2,CDK 2ec / n_min=15,2,1.0,7.591340780258179
sep_k2_d50,sep,3,2,CDK 2ec / n_min=40,2,1.0,4.501624584197998
sep_k2_d50,sep,4,2,CDK 2ec (default),2,1.0,7.368407011032104
sep_k2_d50,sep,4,2,CDK 2ec / Gaussian null,2,1.0,5.951564073562622
sep_k2_d50,sep,4,2,CDK 2ec / AD statistic,2,1.0,20.22186160087585
sep_k2_d50,sep,4,2,CDK 2ec / no multiplicity corr.,2,1.0,6.5789220333099365
sep_k2_d50,sep,4,2,CDK 2ec / n_min=15,2,1.0,6.474606275558472
sep_k2_d50,sep,4,2,CDK 2ec / n_min=40,2,1.0,11.702786922454834
sep_k2_d50,sep,5,2,CDK 2ec (default),2,1.0,5.745836019515991
sep_k2_d50,sep,5,2,CDK 2ec / Gaussian null,2,1.0,3.950636148452759
sep_k2_d50,sep,5,2,CDK 2ec / AD statistic,2,1.0,21.824902057647705
sep_k2_d50,sep,5,2,CDK 2ec / no multiplicity corr.,2,1.0,7.505168437957764
sep_k2_d50,sep,5,2,CDK 2ec / n_min=15,2,1.0,6.947969913482666
sep_k2_d50,sep,5,2,CDK 2ec / n_min=40,2,1.0,5.100187540054321
sep_k2_d50,sep,6,2,CDK 2ec (default),2,1.0,7.826019287109375
sep_k2_d50,sep,6,2,CDK 2ec / Gaussian null,2,1.0,4.588886499404907
sep_k2_d50,sep,6,2,CDK 2ec / AD statistic,2,1.0,18.04007315635681
sep_k2_d50,sep,6,2,CDK 2ec / no multiplicity corr.,2,1.0,7.987017869949341
sep_k2_d50,sep,6,2,CDK 2ec / n_min=15,2,1.0,9.922542572021484
sep_k2_d50,sep,6,2,CDK 2ec / n_min=40,2,1.0,4.338574171066284
sep_k2_d50,sep,7,2,CDK 2ec (default),2,1.0,7.411300659179687
sep_k2_d50,sep,7,2,CDK 2ec / Gaussian null,2,1.0,3.924560308456421
sep_k2_d50,sep,7,2,CDK 2ec / AD statistic,2,1.0,19.21282434463501
sep_k2_d50,sep,7,2,CDK 2ec / no multiplicity corr.,2,1.0,7.045843601226807
sep_k2_d50,sep,7,2,CDK 2ec / n_min=15,2,1.0,10.628820657730104
sep_k2_d50,sep,7,2,CDK 2ec / n_min=40,2,1.0,6.125169038772583
sep_k2_d50,sep,8,2,CDK 2ec (default),2,1.0,5.891492366790772
sep_k2_d50,sep,8,2,CDK 2ec / Gaussian null,2,1.0,4.154300451278687
sep_k2_d50,sep,8,2,CDK 2ec / AD statistic,2,1.0,18.969462394714355
sep_k2_d50,sep,8,2,CDK 2ec / no multiplicity corr.,2,1.0,6.196194887161255
sep_k2_d50,sep,8,2,CDK 2ec / n_min=15,2,1.0,9.040133476257324
sep_k2_d50,sep,8,2,CDK 2ec / n_min=40,2,1.0,5.387427091598511
sep_k2_d50,sep,9,2,CDK 2ec (default),2,1.0,4.6908180713653564
sep_k2_d50,sep,9,2,CDK 2ec / Gaussian null,2,1.0,4.508787631988525
sep_k2_d50,sep,9,2,CDK 2ec / AD statistic,2,1.0,16.453902006149292
sep_k2_d50,sep,9,2,CDK 2ec / no multiplicity corr.,2,1.0,5.74287748336792
sep_k2_d50,sep,9,2,CDK 2ec / n_min=15,2,1.0,9.650768041610718
sep_k2_d50,sep,9,2,CDK 2ec / n_min=40,2,1.0,5.519542217254639
sep_k3_d2,sep,1,3,CDK 2ec (default),3,1.0,5.85411548614502
sep_k3_d2,sep,1,3,CDK 2ec / Gaussian null,3,1.0,8.730768918991089
sep_k3_d2,sep,1,3,CDK 2ec / AD statistic,3,1.0,6.036736011505127
sep_k3_d2,sep,1,3,CDK 2ec / no multiplicity corr.,3,1.0,6.068536758422852
sep_k3_d2,sep,1,3,CDK 2ec / n_min=15,3,1.0,10.012110233306885
sep_k3_d2,sep,1,3,CDK 2ec / n_min=40,3,1.0,7.051834583282471
sep_k3_d2,sep,0,3,CDK 2ec (default),3,1.0,6.9177539348602295
sep_k3_d2,sep,0,3,CDK 2ec / Gaussian null,3,1.0,9.39570140838623
sep_k3_d2,sep,0,3,CDK 2ec / AD statistic,3,1.0,6.769929885864258
sep_k3_d2,sep,0,3,CDK 2ec / no multiplicity corr.,3,1.0,6.680693864822388
sep_k3_d2,sep,0,3,CDK 2ec / n_min=15,3,1.0,14.318092823028564
sep_k3_d2,sep,0,3,CDK 2ec / n_min=40,3,1.0,6.53297758102417
sep_k3_d2,sep,2,3,CDK 2ec (default),3,0.9962429541292188,5.992371559143066
sep_k3_d2,sep,2,3,CDK 2ec / Gaussian null,3,0.9962429541292188,7.384573698043823
sep_k3_d2,sep,2,3,CDK 2ec / AD statistic,3,0.9962429541292188,5.679677248001099
sep_k3_d2,sep,2,3,CDK 2ec / no multiplicity corr.,3,0.9962429541292188,6.2721264362335205
sep_k3_d2,sep,2,3,CDK 2ec / n_min=15,3,0.9962429541292188,15.850334882736206
sep_k3_d2,sep,2,3,CDK 2ec / n_min=40,3,0.9962429541292188,7.029809236526489
sep_k3_d2,sep,3,3,CDK 2ec (default),3,1.0,6.065034627914429
sep_k3_d2,sep,3,3,CDK 2ec / Gaussian null,3,1.0,8.300138711929321
sep_k3_d2,sep,3,3,CDK 2ec / AD statistic,3,1.0,7.334995746612549
sep_k3_d2,sep,3,3,CDK 2ec / no multiplicity corr.,3,1.0,7.152305364608765
sep_k3_d2,sep,3,3,CDK 2ec / n_min=15,3,1.0,9.512147665023804
sep_k3_d2,sep,3,3,CDK 2ec / n_min=40,3,1.0,6.291698455810547
sep_k3_d2,sep,5,3,CDK 2ec (default),3,1.0,6.686671733856201
sep_k3_d2,sep,5,3,CDK 2ec / Gaussian null,3,1.0,8.835859775543213
sep_k3_d2,sep,5,3,CDK 2ec / AD statistic,3,1.0,7.236509561538696
sep_k3_d2,sep,5,3,CDK 2ec / no multiplicity corr.,3,1.0,6.519138813018799
sep_k3_d2,sep,5,3,CDK 2ec / n_min=15,3,1.0,9.345413446426392
sep_k3_d2,sep,5,3,CDK 2ec / n_min=40,3,1.0,5.709523677825928
sep_k3_d2,sep,4,3,CDK 2ec (default),3,1.0,6.398610591888428
sep_k3_d2,sep,4,3,CDK 2ec / Gaussian null,3,1.0,8.958918333053589
sep_k3_d2,sep,4,3,CDK 2ec / AD statistic,3,1.0,6.171786785125732
sep_k3_d2,sep,4,3,CDK 2ec / no multiplicity corr.,3,1.0,6.40842080116272
sep_k3_d2,sep,4,3,CDK 2ec / n_min=15,3,1.0,13.7931809425354
sep_k3_d2,sep,4,3,CDK 2ec / n_min=40,3,1.0,6.3223936557769775
sep_k3_d2,sep,7,3,CDK 2ec (default),3,1.0,7.553738594055176
sep_k3_d2,sep,7,3,CDK 2ec / Gaussian null,3,1.0,9.172774076461792
sep_k3_d2,sep,7,3,CDK 2ec / AD statistic,3,1.0,6.9420037269592285
sep_k3_d2,sep,7,3,CDK 2ec / no multiplicity corr.,4,0.8692857920917905,6.816842794418335
sep_k3_d2,sep,7,3,CDK 2ec / n_min=15,3,1.0,10.850374460220335
sep_k3_d2,sep,7,3,CDK 2ec / n_min=40,3,1.0,6.643924951553345
sep_k3_d2,sep,6,3,CDK 2ec (default),3,1.0,7.68697452545166
sep_k3_d2,sep,6,3,CDK 2ec / Gaussian null,3,1.0,10.239386320114136
sep_k3_d2,sep,6,3,CDK 2ec / AD statistic,3,1.0,7.282894134521484
sep_k3_d2,sep,6,3,CDK 2ec / no multiplicity corr.,3,1.0,7.095066070556641
sep_k3_d2,sep,6,3,CDK 2ec / n_min=15,3,1.0,13.536019802093506
sep_k3_d2,sep,6,3,CDK 2ec / n_min=40,3,1.0,6.709829330444336
sep_k3_d2,sep,9,3,CDK 2ec (default),3,1.0,6.324036598205566
sep_k3_d2,sep,9,3,CDK 2ec / Gaussian null,3,1.0,9.116207361221312
sep_k3_d2,sep,9,3,CDK 2ec / AD statistic,3,1.0,5.890376567840576
sep_k3_d2,sep,9,3,CDK 2ec / no multiplicity corr.,3,1.0,5.870725631713867
sep_k3_d2,sep,9,3,CDK 2ec / n_min=15,3,1.0,9.208043336868286
sep_k3_d2,sep,9,3,CDK 2ec / n_min=40,3,1.0,6.877641439437866
sep_k3_d2,sep,8,3,CDK 2ec (default),3,1.0,8.523898839950562
sep_k3_d2,sep,8,3,CDK 2ec / Gaussian null,3,1.0,9.919352293014526
sep_k3_d2,sep,8,3,CDK 2ec / AD statistic,3,1.0,8.039990186691284
sep_k3_d2,sep,8,3,CDK 2ec / no multiplicity corr.,3,1.0,7.665412187576294
sep_k3_d2,sep,8,3,CDK 2ec / n_min=15,3,1.0,14.295135498046877
sep_k3_d2,sep,8,3,CDK 2ec / n_min=40,3,1.0,6.812888860702515
sep_k3_d10,sep,0,3,CDK 2ec (default),3,1.0,8.603212356567383
sep_k3_d10,sep,0,3,CDK 2ec / Gaussian null,3,1.0,5.406121969223023
sep_k3_d10,sep,0,3,CDK 2ec / AD statistic,3,1.0,8.277255058288574
sep_k3_d10,sep,0,3,CDK 2ec / no multiplicity corr.,3,1.0,8.582553625106812
sep_k3_d10,sep,0,3,CDK 2ec / n_min=15,3,1.0,6.374537944793701
sep_k3_d10,sep,0,3,CDK 2ec / n_min=40,3,1.0,8.691400289535522
sep_k3_d10,sep,1,3,CDK 2ec (default),3,1.0,6.588016033172607
sep_k3_d10,sep,1,3,CDK 2ec / Gaussian null,3,1.0,4.716063022613525
sep_k3_d10,sep,1,3,CDK 2ec / AD statistic,3,1.0,6.535867929458618
sep_k3_d10,sep,1,3,CDK 2ec / no multiplicity corr.,3,1.0,6.39589262008667
sep_k3_d10,sep,1,3,CDK 2ec / n_min=15,3,1.0,6.136087417602539
sep_k3_d10,sep,1,3,CDK 2ec / n_min=40,3,1.0,8.65685510635376
sep_k3_d10,sep,2,3,CDK 2ec (default),3,1.0,6.263109445571899
sep_k3_d10,sep,2,3,CDK 2ec / Gaussian null,3,1.0,4.765424966812134
sep_k3_d10,sep,2,3,CDK 2ec / AD statistic,3,1.0,7.124146938323975
sep_k3_d10,sep,2,3,CDK 2ec / no multiplicity corr.,3,1.0,6.244665145874023
sep_k3_d10,sep,2,3,CDK 2ec / n_min=15,3,1.0,5.086325645446777
sep_k3_d10,sep,2,3,CDK 2ec / n_min=40,3,1.0,7.458746194839477
sep_k3_d10,sep,3,3,CDK 2ec (default),3,1.0,7.03436541557312
sep_k3_d10,sep,3,3,CDK 2ec / Gaussian null,3,1.0,5.666427373886108
sep_k3_d10,sep,3,3,CDK 2ec / AD statistic,3,1.0,5.489959716796875
sep_k3_d10,sep,3,3,CDK 2ec / no multiplicity corr.,3,1.0,7.065202713012695
sep_k3_d10,sep,3,3,CDK 2ec / n_min=15,3,1.0,3.887895584106445
sep_k3_d10,sep,3,3,CDK 2ec / n_min=40,3,1.0,8.34290075302124
sep_k3_d10,sep,5,3,CDK 2ec (default),3,1.0,4.427869319915772
sep_k3_d10,sep,5,3,CDK 2ec / Gaussian null,3,1.0,3.649271488189697
sep_k3_d10,sep,5,3,CDK 2ec / AD statistic,3,1.0,4.785162448883057
sep_k3_d10,sep,5,3,CDK 2ec / no multiplicity corr.,3,1.0,4.606242656707764
sep_k3_d10,sep,5,3,CDK 2ec / n_min=15,3,1.0,4.466506004333496
sep_k3_d10,sep,5,3,CDK 2ec / n_min=40,3,1.0,8.142717599868774
sep_k3_d10,sep,4,3,CDK 2ec (default),3,1.0,5.141167163848877
sep_k3_d10,sep,4,3,CDK 2ec / Gaussian null,3,1.0,5.436421155929565
sep_k3_d10,sep,4,3,CDK 2ec / AD statistic,3,1.0,5.4739274978637695
sep_k3_d10,sep,4,3,CDK 2ec / no multiplicity corr.,3,1.0,4.93449330329895
sep_k3_d10,sep,4,3,CDK 2ec / n_min=15,3,1.0,6.332109212875366
sep_k3_d10,sep,4,3,CDK 2ec / n_min=40,3,1.0,7.33513879776001
sep_k3_d10,sep,6,3,CDK 2ec (default),3,1.0,4.364372491836548
sep_k3_d10,sep,6,3,CDK 2ec / Gaussian null,3,1.0,4.304419279098511
sep_k3_d10,sep,6,3,CDK 2ec / AD statistic,3,1.0,4.180727958679199
sep_k3_d10,sep,6,3,CDK 2ec / no multiplicity corr.,3,1.0,4.221573352813721
sep_k3_d10,sep,6,3,CDK 2ec / n_min=15,3,1.0,5.7965898513793945
sep_k3_d10,sep,6,3,CDK 2ec / n_min=40,3,1.0,6.995171546936035
sep_k3_d10,sep,7,3,CDK 2ec (default),3,1.0,4.313452243804932
sep_k3_d10,sep,7,3,CDK 2ec / Gaussian null,3,1.0,3.8325037956237793
sep_k3_d10,sep,7,3,CDK 2ec / AD statistic,3,1.0,5.418819427490234
sep_k3_d10,sep,7,3,CDK 2ec / no multiplicity corr.,3,1.0,4.415032863616943
sep_k3_d10,sep,7,3,CDK 2ec / n_min=15,3,1.0,6.682729721069336
sep_k3_d10,sep,7,3,CDK 2ec / n_min=40,3,1.0,6.938029527664185
sep_k3_d10,sep,8,3,CDK 2ec (default),3,1.0,5.451420068740845
sep_k3_d10,sep,8,3,CDK 2ec / Gaussian null,3,1.0,3.967263221740722
sep_k3_d10,sep,8,3,CDK 2ec / AD statistic,3,1.0,4.951414585113525
sep_k3_d10,sep,8,3,CDK 2ec / no multiplicity corr.,3,1.0,5.661766529083252
sep_k3_d10,sep,8,3,CDK 2ec / n_min=15,3,1.0,6.357638359069824
sep_k3_d10,sep,8,3,CDK 2ec / n_min=40,3,1.0,6.832944631576538
sep_k3_d10,sep,9,3,CDK 2ec (default),3,0.9962500118508788,5.711145639419556
sep_k3_d10,sep,9,3,CDK 2ec / Gaussian null,3,0.9962500118508788,4.205710411071777
sep_k3_d10,sep,9,3,CDK 2ec / AD statistic,3,0.9962500118508788,6.5640504360198975
sep_k3_d10,sep,9,3,CDK 2ec / no multiplicity corr.,3,0.9962500118508788,6.099642276763916
sep_k3_d10,sep,9,3,CDK 2ec / n_min=15,3,0.9962500118508788,7.557396650314331
sep_k3_d10,sep,9,3,CDK 2ec / n_min=40,3,0.9962500118508788,9.448061227798462
sep_k3_d50,sep,0,3,CDK 2ec (default),3,1.0,5.983254671096802
sep_k3_d50,sep,0,3,CDK 2ec / Gaussian null,3,1.0,4.7226643562316895
sep_k3_d50,sep,0,3,CDK 2ec / AD statistic,3,1.0,12.044472217559814
sep_k3_d50,sep,0,3,CDK 2ec / no multiplicity corr.,3,1.0,6.950282573699951
sep_k3_d50,sep,0,3,CDK 2ec / n_min=15,3,1.0,7.145534992218018
sep_k3_d50,sep,0,3,CDK 2ec / n_min=40,3,1.0,14.47147297859192
sep_k3_d50,sep,1,3,CDK 2ec (default),3,1.0,5.905624866485596
sep_k3_d50,sep,1,3,CDK 2ec / Gaussian null,3,1.0,3.309170722961426
sep_k3_d50,sep,1,3,CDK 2ec / AD statistic,3,1.0,15.351676940917969
sep_k3_d50,sep,1,3,CDK 2ec / no multiplicity corr.,3,1.0,6.2035956382751465
sep_k3_d50,sep,1,3,CDK 2ec / n_min=15,3,1.0,6.156956672668457
sep_k3_d50,sep,1,3,CDK 2ec / n_min=40,3,1.0,13.482163906097412
sep_k3_d50,sep,2,3,CDK 2ec (default),3,1.0,4.782425165176392
sep_k3_d50,sep,2,3,CDK 2ec / Gaussian null,3,1.0,3.054128170013428
sep_k3_d50,sep,2,3,CDK 2ec / AD statistic,3,1.0,18.975229263305664
sep_k3_d50,sep,2,3,CDK 2ec / no multiplicity corr.,3,1.0,5.567133903503418
sep_k3_d50,sep,2,3,CDK 2ec / n_min=15,3,1.0,6.90586256980896
sep_k3_d50,sep,2,3,CDK 2ec / n_min=40,3,1.0,13.200568914413452
sep_k3_d50,sep,3,3,CDK 2ec (default),3,1.0,10.302017211914062
sep_k3_d50,sep,3,3,CDK 2ec / Gaussian null,3,1.0,10.493319749832152
sep_k3_d50,sep,3,3,CDK 2ec / AD statistic,3,1.0,17.708837747573853
sep_k3_d50,sep,3,3,CDK 2ec / no multiplicity corr.,3,1.0,11.447056531906128
sep_k3_d50,sep,3,3,CDK 2ec / n_min=15,3,1.0,7.962123394012451
sep_k3_d50,sep,3,3,CDK 2ec / n_min=40,3,1.0,15.11040210723877
sep_k3_d50,sep,4,3,CDK 2ec (default),3,1.0,4.408261299133301
sep_k3_d50,sep,4,3,CDK 2ec / Gaussian null,3,1.0,3.835612535476685
sep_k3_d50,sep,4,3,CDK 2ec / AD statistic,3,1.0,12.104753732681274
sep_k3_d50,sep,4,3,CDK 2ec / no multiplicity corr.,3,1.0,4.817452907562256
sep_k3_d50,sep,4,3,CDK 2ec / n_min=15,3,1.0,8.697845697402954
sep_k3_d50,sep,4,3,CDK 2ec / n_min=40,3,1.0,11.282461166381836
sep_k3_d50,sep,5,3,CDK 2ec (default),3,1.0,7.241570472717285
sep_k3_d50,sep,5,3,CDK 2ec / Gaussian null,3,1.0,3.485949993133545
sep_k3_d50,sep,5,3,CDK 2ec / AD statistic,3,1.0,15.701698303222656
sep_k3_d50,sep,5,3,CDK 2ec / no multiplicity corr.,3,1.0,4.920028924942017
sep_k3_d50,sep,5,3,CDK 2ec / n_min=15,3,1.0,6.883031845092773
sep_k3_d50,sep,5,3,CDK 2ec / n_min=40,3,1.0,16.053386688232422
sep_k3_d50,sep,6,3,CDK 2ec (default),3,1.0,10.146561861038208
sep_k3_d50,sep,6,3,CDK 2ec / Gaussian null,3,1.0,11.068082094192505
sep_k3_d50,sep,6,3,CDK 2ec / AD statistic,3,1.0,14.643089294433594
sep_k3_d50,sep,6,3,CDK 2ec / no multiplicity corr.,3,1.0,9.839782953262327
sep_k3_d50,sep,6,3,CDK 2ec / n_min=15,3,1.0,6.3935301303863525
sep_k3_d50,sep,6,3,CDK 2ec / n_min=40,3,1.0,10.942018032073976
sep_k3_d50,sep,8,3,CDK 2ec (default),3,1.0,4.019775629043579
sep_k3_d50,sep,8,3,CDK 2ec / Gaussian null,3,1.0,2.878265619277954
sep_k3_d50,sep,8,3,CDK 2ec / AD statistic,3,1.0,12.575175285339355
sep_k3_d50,sep,8,3,CDK 2ec / no multiplicity corr.,3,1.0,4.112699508666992
sep_k3_d50,sep,8,3,CDK 2ec / n_min=15,3,1.0,8.382731437683105
sep_k3_d50,sep,8,3,CDK 2ec / n_min=40,3,1.0,13.4040846824646
sep_k3_d50,sep,7,3,CDK 2ec (default),3,1.0,10.258801221847534
sep_k3_d50,sep,7,3,CDK 2ec / Gaussian null,3,1.0,9.5552499294281
sep_k3_d50,sep,7,3,CDK 2ec / AD statistic,3,1.0,19.346882820129395
sep_k3_d50,sep,7,3,CDK 2ec / no multiplicity corr.,3,1.0,10.210647344589232
sep_k3_d50,sep,7,3,CDK 2ec / n_min=15,3,1.0,7.768571615219116
sep_k3_d50,sep,7,3,CDK 2ec / n_min=40,3,1.0,15.230375051498411
sep_k3_d50,sep,9,3,CDK 2ec (default),3,1.0,7.650479078292847
sep_k3_d50,sep,9,3,CDK 2ec / Gaussian null,3,1.0,6.068327903747559
sep_k3_d50,sep,9,3,CDK 2ec / AD statistic,3,1.0,14.033206224441528
sep_k3_d50,sep,9,3,CDK 2ec / no multiplicity corr.,3,1.0,8.55297327041626
sep_k3_d50,sep,9,3,CDK 2ec / n_min=15,3,1.0,5.406518936157227
sep_k3_d50,sep,9,3,CDK 2ec / n_min=40,3,1.0,11.68252158164978
sep_k5_d50,sep,1,5,CDK 2ec (default),5,1.0,11.358673572540283
sep_k5_d50,sep,1,5,CDK 2ec / Gaussian null,5,1.0,7.847413301467895
sep_k5_d50,sep,1,5,CDK 2ec / AD statistic,5,1.0,17.71993136405945
sep_k5_d50,sep,1,5,CDK 2ec / no multiplicity corr.,5,1.0,10.177098989486694
sep_k5_d50,sep,1,5,CDK 2ec / n_min=15,5,1.0,4.666682958602905
sep_k5_d50,sep,1,5,CDK 2ec / n_min=40,5,1.0,11.618019104003906
sep_k5_d50,sep,0,5,CDK 2ec (default),5,0.9844251718430678,11.229778051376345
sep_k5_d50,sep,0,5,CDK 2ec / Gaussian null,4,0.7736565619957738,7.267746210098267
sep_k5_d50,sep,0,5,CDK 2ec / AD statistic,5,0.9844251718430678,14.903481721878052
sep_k5_d50,sep,0,5,CDK 2ec / no multiplicity corr.,5,0.9844251718430678,10.64777445793152
sep_k5_d50,sep,0,5,CDK 2ec / n_min=15,5,0.9844251718430678,9.789663314819336
sep_k5_d50,sep,0,5,CDK 2ec / n_min=40,5,0.9054948725837636,13.139068603515623
sep_k5_d50,sep,3,5,CDK 2ec (default),5,1.0,9.683927059173584
sep_k5_d50,sep,3,5,CDK 2ec / Gaussian null,5,1.0,7.096822261810303
sep_k5_d50,sep,3,5,CDK 2ec / AD statistic,5,1.0,13.332702159881592
sep_k5_d50,sep,3,5,CDK 2ec / no multiplicity corr.,5,1.0,10.290521383285522
sep_k5_d50,sep,3,5,CDK 2ec / n_min=15,5,1.0,5.80933952331543
sep_k5_d50,sep,3,5,CDK 2ec / n_min=40,5,1.0,12.770501136779783
sep_k5_d50,sep,2,5,CDK 2ec (default),5,0.9968691099886756,11.315014600753784
sep_k5_d50,sep,2,5,CDK 2ec / Gaussian null,5,0.9968691099886756,8.146621465682983
sep_k5_d50,sep,2,5,CDK 2ec / AD statistic,5,0.9968691099886756,15.169416427612305
sep_k5_d50,sep,2,5,CDK 2ec / no multiplicity corr.,5,0.9968691099886756,11.829018354415894
sep_k5_d50,sep,2,5,CDK 2ec / n_min=15,5,0.9968691099886756,6.313367605209351
sep_k5_d50,sep,2,5,CDK 2ec / n_min=40,5,0.9968691099886756,11.376889944076538
sep_k5_d50,sep,4,5,CDK 2ec (default),5,0.9968691099886756,10.832226991653442
sep_k5_d50,sep,4,5,CDK 2ec / Gaussian null,5,0.9968691099886756,10.594349145889282
sep_k5_d50,sep,4,5,CDK 2ec / AD statistic,5,0.9968691099886756,13.512072801589966
sep_k5_d50,sep,4,5,CDK 2ec / no multiplicity corr.,5,0.9968691099886756,11.470802307128906
sep_k5_d50,sep,4,5,CDK 2ec / n_min=15,5,0.9968691099886756,3.216986894607544
sep_k5_d50,sep,4,5,CDK 2ec / n_min=40,5,0.9968691099886756,11.14547610282898
sep_k5_d50,sep,5,5,CDK 2ec (default),5,0.9968691099886756,11.146604537963867
sep_k5_d50,sep,5,5,CDK 2ec / Gaussian null,4,0.7802187580066238,11.413715839385986
sep_k5_d50,sep,5,5,CDK 2ec / AD statistic,5,0.9968691099886756,15.570566415786743
sep_k5_d50,sep,5,5,CDK 2ec / no multiplicity corr.,5,0.9968691099886756,12.804919004440308
sep_k5_d50,sep,5,5,CDK 2ec / n_min=15,5,0.9968691099886756,5.80100679397583
sep_k5_d50,sep,5,5,CDK 2ec / n_min=40,5,0.9968691099886756,12.615400075912476
sep_k5_d50,sep,6,5,CDK 2ec (default),5,1.0,11.389353275299072
sep_k5_d50,sep,6,5,CDK 2ec / Gaussian null,5,1.0,9.4538094997406
sep_k5_d50,sep,6,5,CDK 2ec / AD statistic,5,1.0,14.168571710586548
sep_k5_d50,sep,6,5,CDK 2ec / no multiplicity corr.,5,1.0,11.71351933479309
sep_k5_d50,sep,6,5,CDK 2ec / n_min=15,5,1.0,5.755712270736694
sep_k5_d50,sep,6,5,CDK 2ec / n_min=40,5,1.0,13.1584792137146
sep_k5_d50,sep,7,5,CDK 2ec (default),5,1.0,10.87536597251892
sep_k5_d50,sep,7,5,CDK 2ec / Gaussian null,4,0.7817536192297186,11.098324060440063
sep_k5_d50,sep,7,5,CDK 2ec / AD statistic,5,1.0,16.66955852508545
sep_k5_d50,sep,7,5,CDK 2ec / no multiplicity corr.,5,1.0,11.826316118240356
sep_k5_d50,sep,7,5,CDK 2ec / n_min=15,5,1.0,4.720848798751831
sep_k5_d50,sep,7,5,CDK 2ec / n_min=40,5,1.0,14.022659301757812
sep_k5_d50,sep,8,5,CDK 2ec (default),5,1.0,9.579001665115356
sep_k5_d50,sep,8,5,CDK 2ec / Gaussian null,4,0.7817536192297186,8.212710618972778
sep_k5_d50,sep,8,5,CDK 2ec / AD statistic,5,1.0,14.592712163925173
sep_k5_d50,sep,8,5,CDK 2ec / no multiplicity corr.,5,1.0,9.63855481147766
sep_k5_d50,sep,8,5,CDK 2ec / n_min=15,5,1.0,3.670397520065308
sep_k5_d50,sep,8,5,CDK 2ec / n_min=40,5,1.0,15.7048921585083
sep_k5_d50,sep,9,5,CDK 2ec (default),5,0.9968691099886756,9.943955183029177
sep_k5_d50,sep,9,5,CDK 2ec / Gaussian null,5,0.9968691099886756,10.677638053894045
sep_k5_d50,sep,9,5,CDK 2ec / AD statistic,5,0.9968691099886756,14.53120732307434
sep_k5_d50,sep,9,5,CDK 2ec / no multiplicity corr.,5,0.9968691099886756,11.432228326797484
sep_k5_d50,sep,9,5,CDK 2ec / n_min=15,5,0.9968691099886756,6.767935276031494
sep_k5_d50,sep,9,5,CDK 2ec / n_min=40,5,0.9968691099886756,10.380711793899536
sep_k10_d2,sep,0,10,CDK 2ec (default),10,0.980889937821814,6.745075702667236
sep_k10_d2,sep,0,10,CDK 2ec / Gaussian null,10,0.980889937821814,7.326810598373413
sep_k10_d2,sep,0,10,CDK 2ec / AD statistic,10,0.980889937821814,8.344343900680542
sep_k10_d2,sep,0,10,CDK 2ec / no multiplicity corr.,10,0.980889937821814,5.779699087142944
sep_k10_d2,sep,0,10,CDK 2ec / n_min=15,10,0.980889937821814,6.159137487411499
sep_k10_d2,sep,0,10,CDK 2ec / n_min=40,10,0.980889937821814,4.568863153457642
sep_k10_d2,sep,1,10,CDK 2ec (default),10,0.9809936219731816,5.867074489593506
sep_k10_d2,sep,1,10,CDK 2ec / Gaussian null,10,0.9809936219731816,7.164668083190918
sep_k10_d2,sep,1,10,CDK 2ec / AD statistic,10,0.9809936219731816,8.751306533813477
sep_k10_d2,sep,1,10,CDK 2ec / no multiplicity corr.,10,0.9809936219731816,5.977815866470337
sep_k10_d2,sep,1,10,CDK 2ec / n_min=15,10,0.9809936219731816,6.185420513153076
sep_k10_d2,sep,1,10,CDK 2ec / n_min=40,10,0.9079494419881812,5.005847692489624
sep_k10_d2,sep,2,10,CDK 2ec (default),10,0.978234940587205,5.808137655258179
sep_k10_d2,sep,2,10,CDK 2ec / Gaussian null,10,0.978234940587205,6.816544771194458
sep_k10_d2,sep,2,10,CDK 2ec / AD statistic,10,0.978234940587205,9.202439308166504
sep_k10_d2,sep,2,10,CDK 2ec / no multiplicity corr.,10,0.978234940587205,6.602714538574219
sep_k10_d2,sep,2,10,CDK 2ec / n_min=15,10,0.978234940587205,6.161935091018677
sep_k10_d2,sep,2,10,CDK 2ec / n_min=40,10,0.978234940587205,5.026917219161987
sep_k10_d2,sep,3,10,CDK 2ec (default),10,0.9944164284049488,6.696043968200684
sep_k10_d2,sep,3,10,CDK 2ec / Gaussian null,11,0.9656203061329232,7.204336404800415
sep_k10_d2,sep,3,10,CDK 2ec / AD statistic,10,0.9944164284049488,9.17746925354004
sep_k10_d2,sep,3,10,CDK 2ec / no multiplicity corr.,10,0.9944164284049488,6.023169755935669
sep_k10_d2,sep,3,10,CDK 2ec / n_min=15,10,0.9944164284049488,7.189721584320068
sep_k10_d2,sep,3,10,CDK 2ec / n_min=40,10,0.9944164284049488,4.650300979614258
sep_k10_d2,sep,4,10,CDK 2ec (default),10,0.99445170151717,5.796045780181885
sep_k10_d2,sep,4,10,CDK 2ec / Gaussian null,11,0.9681313954909552,7.169808387756348
sep_k10_d2,sep,4,10,CDK 2ec / AD statistic,11,0.9681313954909552,8.5742826461792
sep_k10_d2,sep,4,10,CDK 2ec / no multiplicity corr.,10,0.99445170151717,5.877197265625
sep_k10_d2,sep,4,10,CDK 2ec / n_min=15,11,0.9681313954909552,6.178892374038696
sep_k10_d2,sep,4,10,CDK 2ec / n_min=40,10,0.9252494955560256,5.186369180679321
sep_k10_d2,sep,5,10,CDK 2ec (default),10,0.9888338005509576,5.319540977478027
sep_k10_d2,sep,5,10,CDK 2ec / Gaussian null,10,0.9888338005509576,6.393728971481323
sep_k10_d2,sep,5,10,CDK 2ec / AD statistic,10,0.9888338005509576,8.08809494972229
sep_k10_d2,sep,5,10,CDK 2ec / no multiplicity corr.,10,0.9888338005509576,5.602876424789429
sep_k10_d2,sep,5,10,CDK 2ec / n_min=15,10,0.9888338005509576,6.135927438735962
sep_k10_d2,sep,5,10,CDK 2ec / n_min=40,10,0.9888338005509576,4.601764917373657
sep_k10_d2,sep,6,10,CDK 2ec (default),10,0.9916252324538936,6.377249956130981
sep_k10_d2,sep,6,10,CDK 2ec / Gaussian null,10,0.9916252324538936,6.648813247680664
sep_k10_d2,sep,6,10,CDK 2ec / AD statistic,10,0.9916252324538936,8.996550559997559
sep_k10_d2,sep,6,10,CDK 2ec / no multiplicity corr.,10,0.9916252324538936,6.410558223724365
sep_k10_d2,sep,6,10,CDK 2ec / n_min=15,10,0.9916252324538936,5.893846750259399
sep_k10_d2,sep,6,10,CDK 2ec / n_min=40,10,0.9916252324538936,4.887884378433228
sep_k10_d2,sep,7,10,CDK 2ec (default),10,0.959886315293953,5.25717306137085
sep_k10_d2,sep,7,10,CDK 2ec / Gaussian null,10,0.959886315293953,6.49705696105957
sep_k10_d2,sep,7,10,CDK 2ec / AD statistic,10,0.959886315293953,7.590588092803955
sep_k10_d2,sep,7,10,CDK 2ec / no multiplicity corr.,10,0.959886315293953,5.599692344665527
sep_k10_d2,sep,7,10,CDK 2ec / n_min=15,10,0.959886315293953,5.435358047485352
sep_k10_d2,sep,7,10,CDK 2ec / n_min=40,10,0.959886315293953,4.990465402603149
sep_k10_d2,sep,8,10,CDK 2ec (default),10,0.986254676133838,5.660891771316528
sep_k10_d2,sep,8,10,CDK 2ec / Gaussian null,10,0.986254676133838,6.375691652297974
sep_k10_d2,sep,8,10,CDK 2ec / AD statistic,10,0.986254676133838,8.44064211845398
sep_k10_d2,sep,8,10,CDK 2ec / no multiplicity corr.,10,0.986254676133838,5.80137038230896
sep_k10_d2,sep,8,10,CDK 2ec / n_min=15,10,0.986254676133838,6.268707275390625
sep_k10_d2,sep,8,10,CDK 2ec / n_min=40,10,0.986254676133838,5.057493448257446
sep_k10_d2,sep,9,10,CDK 2ec (default),10,0.9482438441230044,5.970974445343018
sep_k10_d2,sep,9,10,CDK 2ec / Gaussian null,10,0.9482438441230044,6.468288660049439
sep_k10_d2,sep,9,10,CDK 2ec / AD statistic,10,0.9482438441230044,8.263948202133179
sep_k10_d2,sep,9,10,CDK 2ec / no multiplicity corr.,10,0.9482438441230044,5.774396657943726
sep_k10_d2,sep,9,10,CDK 2ec / n_min=15,10,0.9482438441230044,6.381483554840088
sep_k10_d2,sep,9,10,CDK 2ec / n_min=40,10,0.9482438441230044,5.017505407333374
sep_k10_d10,sep,1,10,CDK 2ec (default),10,0.9861647593691866,7.013440132141113
sep_k10_d10,sep,1,10,CDK 2ec / Gaussian null,10,0.9861647593691866,7.74251914024353
sep_k10_d10,sep,1,10,CDK 2ec / AD statistic,10,0.9861647593691866,10.809378623962402
sep_k10_d10,sep,1,10,CDK 2ec / no multiplicity corr.,10,0.9861647593691866,6.923562526702881
sep_k10_d10,sep,1,10,CDK 2ec / n_min=15,10,0.9861647593691866,7.150564193725586
sep_k10_d10,sep,1,10,CDK 2ec / n_min=40,10,0.9861647593691866,5.835326671600342
sep_k10_d10,sep,0,10,CDK 2ec (default),10,0.9646751971144224,7.440083503723144
sep_k10_d10,sep,0,10,CDK 2ec / Gaussian null,10,0.9646751971144224,8.12999415397644
sep_k10_d10,sep,0,10,CDK 2ec / AD statistic,10,0.9646751971144224,11.38426160812378
sep_k10_d10,sep,0,10,CDK 2ec / no multiplicity corr.,10,0.9646751971144224,7.616814136505127
sep_k10_d10,sep,0,10,CDK 2ec / n_min=15,10,0.9646751971144224,6.988129854202271
sep_k10_d10,sep,0,10,CDK 2ec / n_min=40,10,0.9646751971144224,5.737293243408203
sep_k10_d10,sep,2,10,CDK 2ec (default),10,0.9452503589318512,6.782441139221191
sep_k10_d10,sep,2,10,CDK 2ec / Gaussian null,10,0.9452503589318512,6.58526086807251
sep_k10_d10,sep,2,10,CDK 2ec / AD statistic,10,0.9452503589318512,9.524972438812256
sep_k10_d10,sep,2,10,CDK 2ec / no multiplicity corr.,10,0.9452503589318512,6.914819240570068
sep_k10_d10,sep,2,10,CDK 2ec / n_min=15,11,0.9317007356963216,7.470823526382446
sep_k10_d10,sep,2,10,CDK 2ec / n_min=40,11,0.9194378867733852,6.2421181201934814
sep_k10_d10,sep,3,10,CDK 2ec (default),10,0.9888334859883282,7.4356818199157715
sep_k10_d10,sep,3,10,CDK 2ec / Gaussian null,10,0.9888334859883282,7.685858011245727
sep_k10_d10,sep,3,10,CDK 2ec / AD statistic,10,0.9888334859883282,10.15953493118286
sep_k10_d10,sep,3,10,CDK 2ec / no multiplicity corr.,10,0.9888334859883282,7.38597846031189
sep_k10_d10,sep,3,10,CDK 2ec / n_min=15,11,0.96385194324907,6.992779970169067
sep_k10_d10,sep,3,10,CDK 2ec / n_min=40,10,0.9155491391100724,6.655910491943359
sep_k10_d10,sep,4,10,CDK 2ec (default),10,0.9645639758359328,7.752787828445435
sep_k10_d10,sep,4,10,CDK 2ec / Gaussian null,10,0.9645639758359328,7.72979211807251
sep_k10_d10,sep,4,10,CDK 2ec / AD statistic,11,0.940406641527352,10.739925146102903
sep_k10_d10,sep,4,10,CDK 2ec / no multiplicity corr.,10,0.9645639758359328,7.345574617385864
sep_k10_d10,sep,4,10,CDK 2ec / n_min=15,11,0.940406641527352,7.022977352142334
sep_k10_d10,sep,4,10,CDK 2ec / n_min=40,9,0.834613167220464,6.611656427383423
sep_k10_d10,sep,5,10,CDK 2ec (default),10,0.9750698796165536,7.863856315612793
sep_k10_d10,sep,5,10,CDK 2ec / Gaussian null,10,0.9750698796165536,7.82061767578125
sep_k10_d10,sep,5,10,CDK 2ec / AD statistic,10,0.9750698796165536,10.710448026657104
sep_k10_d10,sep,5,10,CDK 2ec / no multiplicity corr.,10,0.9750698796165536,7.483886003494263
sep_k10_d10,sep,5,10,CDK 2ec / n_min=15,10,0.9750182659280509,6.579488754272461
sep_k10_d10,sep,5,10,CDK 2ec / n_min=40,11,0.9471691310593598,6.8933045864105225
sep_k10_d10,sep,6,10,CDK 2ec (default),10,0.9645730424865624,7.095911741256714
sep_k10_d10,sep,6,10,CDK 2ec / Gaussian null,10,0.9645730424865624,6.9175426959991455
sep_k10_d10,sep,6,10,CDK 2ec / AD statistic,10,0.9645730424865624,9.889665603637695
sep_k10_d10,sep,6,10,CDK 2ec / no multiplicity corr.,10,0.9645730424865624,6.888369083404541
sep_k10_d10,sep,6,10,CDK 2ec / n_min=15,10,0.9645730424865624,7.127952337265015
sep_k10_d10,sep,6,10,CDK 2ec / n_min=40,10,0.9645730424865624,6.102359294891357
sep_k10_d10,sep,7,10,CDK 2ec (default),10,0.9944339084006838,6.667042255401611
sep_k10_d10,sep,7,10,CDK 2ec / Gaussian null,10,0.9944339084006838,7.3765997886657715
sep_k10_d10,sep,7,10,CDK 2ec / AD statistic,10,0.9944339084006838,9.8142352104187
sep_k10_d10,sep,7,10,CDK 2ec / no multiplicity corr.,10,0.9944339084006838,6.694368839263916
sep_k10_d10,sep,7,10,CDK 2ec / n_min=15,10,0.9944339084006838,6.913488864898682
sep_k10_d10,sep,7,10,CDK 2ec / n_min=40,10,0.9944339084006838,6.478927373886108
sep_k10_d10,sep,8,10,CDK 2ec (default),10,0.9377773797224233,7.5836780071258545
sep_k10_d10,sep,8,10,CDK 2ec / Gaussian null,10,0.9377773797224233,7.711199283599853
sep_k10_d10,sep,8,10,CDK 2ec / AD statistic,10,0.9377773797224233,10.181148290634155
sep_k10_d10,sep,8,10,CDK 2ec / no multiplicity corr.,10,0.9377773797224233,7.226297855377197
sep_k10_d10,sep,8,10,CDK 2ec / n_min=15,10,0.9377773797224233,8.161505460739136
sep_k10_d10,sep,8,10,CDK 2ec / n_min=40,10,0.9378107327489386,7.190000772476196
sep_k10_d10,sep,9,10,CDK 2ec (default),11,0.9478471026221912,8.488970279693604
sep_k10_d10,sep,9,10,CDK 2ec / Gaussian null,10,0.9749157581526792,8.166443824768066
sep_k10_d10,sep,9,10,CDK 2ec / AD statistic,10,0.9749157581526792,11.146657466888428
sep_k10_d10,sep,9,10,CDK 2ec / no multiplicity corr.,11,0.9478471026221912,7.569591999053955
sep_k10_d10,sep,9,10,CDK 2ec / n_min=15,10,0.9749501600299094,6.577986717224121
sep_k10_d10,sep,9,10,CDK 2ec / n_min=40,10,0.9696171069956318,7.203186988830566
sep_k10_d50,sep,0,10,CDK 2ec (default),10,0.9722647583904148,17.428283214569092
sep_k10_d50,sep,0,10,CDK 2ec / Gaussian null,9,0.8749489504668821,12.00200057029724
sep_k10_d50,sep,0,10,CDK 2ec / AD statistic,11,0.9442050256320212,19.922870874404907
sep_k10_d50,sep,0,10,CDK 2ec / no multiplicity corr.,10,0.9722647583904148,16.434083700180054
sep_k10_d50,sep,0,10,CDK 2ec / n_min=15,10,0.9695794323852992,14.050874948501589
sep_k10_d50,sep,0,10,CDK 2ec / n_min=40,10,0.9695794323852992,14.55587887763977
sep_k10_d50,sep,1,10,CDK 2ec (default),10,0.983373833429038,18.139790534973145
sep_k10_d50,sep,1,10,CDK 2ec / Gaussian null,10,0.983373833429038,12.449962615966797
sep_k10_d50,sep,1,10,CDK 2ec / AD statistic,11,0.9557587116426252,20.929121494293213
sep_k10_d50,sep,1,10,CDK 2ec / no multiplicity corr.,10,0.983373833429038,16.876790523529053
sep_k10_d50,sep,1,10,CDK 2ec / n_min=15,10,0.9834258031021728,17.164239645004272
sep_k10_d50,sep,1,10,CDK 2ec / n_min=40,10,0.983373833429038,15.400505781173706
sep_k10_d50,sep,2,10,CDK 2ec (default),10,0.9617582384384438,14.63554310798645
sep_k10_d50,sep,2,10,CDK 2ec / Gaussian null,10,0.9617582384384438,11.569101572036743
sep_k10_d50,sep,2,10,CDK 2ec / AD statistic,11,0.936538894622202,17.607365608215332
sep_k10_d50,sep,2,10,CDK 2ec / no multiplicity corr.,10,0.9617582384384438,15.180778980255129
sep_k10_d50,sep,2,10,CDK 2ec / n_min=15,9,0.864482024305375,14.86219882965088
sep_k10_d50,sep,2,10,CDK 2ec / n_min=40,10,0.9617582384384438,13.355814218521118
sep_k10_d50,sep,3,10,CDK 2ec (default),10,0.986112673962375,14.069318294525146
sep_k10_d50,sep,3,10,CDK 2ec / Gaussian null,7,0.5552624220504137,11.331841945648192
sep_k10_d50,sep,3,10,CDK 2ec / AD statistic,10,0.986112673962375,19.74966549873352
sep_k10_d50,sep,3,10,CDK 2ec / no multiplicity corr.,10,0.986112673962375,14.966317176818848
sep_k10_d50,sep,3,10,CDK 2ec / n_min=15,10,0.986112673962375,15.366308212280272
sep_k10_d50,sep,3,10,CDK 2ec / n_min=40,10,0.986112673962375,14.063806533813477
sep_k10_d50,sep,4,10,CDK 2ec (default),10,0.916183943920004,15.080749034881592
sep_k10_d50,sep,4,10,CDK 2ec / Gaussian null,9,0.8217856263543095,13.29432463645935
sep_k10_d50,sep,4,10,CDK 2ec / AD statistic,10,0.916183943920004,15.826303482055664
sep_k10_d50,sep,4,10,CDK 2ec / no multiplicity corr.,10,0.916183943920004,15.946901559829712
sep_k10_d50,sep,4,10,CDK 2ec / n_min=15,10,0.9159719797283126,15.683127641677856
sep_k10_d50,sep,4,10,CDK 2ec / n_min=40,10,0.9170370886584605,15.783430576324465
sep_k10_d50,sep,5,10,CDK 2ec (default),11,0.9475353460002484,18.01973605155945
sep_k10_d50,sep,5,10,CDK 2ec / Gaussian null,9,0.8718796390946231,14.972967863082886
sep_k10_d50,sep,5,10,CDK 2ec / AD statistic,10,0.9726704236212524,23.340801239013672
sep_k10_d50,sep,5,10,CDK 2ec / no multiplicity corr.,11,0.9475353460002484,18.678189039230347
sep_k10_d50,sep,5,10,CDK 2ec / n_min=15,11,0.9441980792418422,15.654048919677734
sep_k10_d50,sep,5,10,CDK 2ec / n_min=40,10,0.8920924057621855,18.110685110092163
sep_k10_d50,sep,6,10,CDK 2ec (default),10,0.9805842371673612,18.40723562240601
sep_k10_d50,sep,6,10,CDK 2ec / Gaussian null,9,0.8837561442521156,14.40170407295227
sep_k10_d50,sep,6,10,CDK 2ec / AD statistic,11,0.954547084292806,19.87608766555786
sep_k10_d50,sep,6,10,CDK 2ec / no multiplicity corr.,10,0.9805842371673612,17.12044620513916
sep_k10_d50,sep,6,10,CDK 2ec / n_min=15,10,0.9806015189081332,16.603628873825073
sep_k10_d50,sep,6,10,CDK 2ec / n_min=40,10,0.9805842371673612,16.95151948928833
sep_k10_d50,sep,7,10,CDK 2ec (default),10,0.9944164284049488,16.042935132980347
sep_k10_d50,sep,7,10,CDK 2ec / Gaussian null,10,0.9944164284049488,14.398286819458008
sep_k10_d50,sep,7,10,CDK 2ec / AD statistic,10,0.9944164284049488,19.32534646987915
sep_k10_d50,sep,7,10,CDK 2ec / no multiplicity corr.,10,0.9944164284049488,16.505751371383667
sep_k10_d50,sep,7,10,CDK 2ec / n_min=15,10,0.9944164284049488,15.562451362609863
sep_k10_d50,sep,7,10,CDK 2ec / n_min=40,10,0.9944164284049488,15.65756130218506
sep_k10_d50,sep,8,10,CDK 2ec (default),10,0.9806868468351588,17.80755925178528
sep_k10_d50,sep,8,10,CDK 2ec / Gaussian null,8,0.7177831573184127,15.120515823364258
sep_k10_d50,sep,8,10,CDK 2ec / AD statistic,11,0.9530339457829036,20.81721591949463
sep_k10_d50,sep,8,10,CDK 2ec / no multiplicity corr.,10,0.9806868468351588,17.02065134048462
sep_k10_d50,sep,8,10,CDK 2ec / n_min=15,10,0.9806868468351588,17.029367685317993
sep_k10_d50,sep,8,10,CDK 2ec / n_min=40,10,0.9806522770552756,15.370004415512083
sep_k10_d50,sep,9,10,CDK 2ec (default),10,0.9833743017712336,17.256867170333862
sep_k10_d50,sep,9,10,CDK 2ec / Gaussian null,10,0.9833743017712336,14.258905410766602
sep_k10_d50,sep,9,10,CDK 2ec / AD statistic,12,0.9291403834068238,22.101410388946533
sep_k10_d50,sep,9,10,CDK 2ec / no multiplicity corr.,10,0.9833743017712336,17.95559787750244
sep_k10_d50,sep,9,10,CDK 2ec / n_min=15,10,0.9833743017712336,13.98147463798523
sep_k10_d50,sep,9,10,CDK 2ec / n_min=40,10,0.9833743017712336,15.625157594680786
sep_k20_d2,sep,0,20,CDK 2ec (default),19,0.8612442420915888,7.579027414321899
sep_k20_d2,sep,0,20,CDK 2ec / Gaussian null,19,0.8612442420915888,8.287534713745117
sep_k20_d2,sep,0,20,CDK 2ec / AD statistic,19,0.8612442420915888,11.117863178253174
sep_k20_d2,sep,0,20,CDK 2ec / no multiplicity corr.,19,0.8612442420915888,6.718686103820801
sep_k20_d2,sep,0,20,CDK 2ec / n_min=15,20,0.9120192960198644,7.309844017028809
sep_k20_d2,sep,0,20,CDK 2ec / n_min=40,16,0.7527281778250382,6.45653510093689
sep_k20_d2,sep,1,20,CDK 2ec (default),20,0.8771597141195844,7.399732828140259
sep_k20_d2,sep,1,20,CDK 2ec / Gaussian null,20,0.8771597141195844,7.638857364654541
sep_k20_d2,sep,1,20,CDK 2ec / AD statistic,20,0.8771597141195844,10.110374212265016
sep_k20_d2,sep,1,20,CDK 2ec / no multiplicity corr.,20,0.8771597141195844,7.168423414230347
sep_k20_d2,sep,1,20,CDK 2ec / n_min=15,20,0.9129194817094246,8.101582527160645
sep_k20_d2,sep,1,20,CDK 2ec / n_min=40,10,0.4059815115416334,5.652759790420532
sep_k20_d2,sep,2,20,CDK 2ec (default),18,0.767110406337196,6.6444993019104
sep_k20_d2,sep,2,20,CDK 2ec / Gaussian null,19,0.8438648944301996,7.929393529891968
sep_k20_d2,sep,2,20,CDK 2ec / AD statistic,18,0.767110406337196,9.752849578857422
sep_k20_d2,sep,2,20,CDK 2ec / no multiplicity corr.,18,0.767110406337196,6.59125566482544
sep_k20_d2,sep,2,20,CDK 2ec / n_min=15,20,0.9055053814848568,7.455389499664307
sep_k20_d2,sep,2,20,CDK 2ec / n_min=40,10,0.5212883459273739,5.370063066482544
sep_k20_d2,sep,3,20,CDK 2ec (default),19,0.7996218644550459,6.761546611785889
sep_k20_d2,sep,3,20,CDK 2ec / Gaussian null,19,0.7996218644550459,7.495184898376465
sep_k20_d2,sep,3,20,CDK 2ec / AD statistic,19,0.7996218644550459,9.534401655197144
sep_k20_d2,sep,3,20,CDK 2ec / no multiplicity corr.,19,0.7996218644550459,6.460765361785889
sep_k20_d2,sep,3,20,CDK 2ec / n_min=15,20,0.8244728825156847,8.074833631515503
sep_k20_d2,sep,3,20,CDK 2ec / n_min=40,14,0.6072043880979455,6.383014440536499
sep_k20_d2,sep,4,20,CDK 2ec (default),20,0.9419494733174704,6.613986492156982
sep_k20_d2,sep,4,20,CDK 2ec / Gaussian null,20,0.9419494733174704,7.743723630905151
sep_k20_d2,sep,4,20,CDK 2ec / AD statistic,20,0.9419494733174704,9.99417781829834
sep_k20_d2,sep,4,20,CDK 2ec / no multiplicity corr.,20,0.9419494733174704,7.255724668502808
sep_k20_d2,sep,4,20,CDK 2ec / n_min=15,20,0.8864080644394766,8.193138360977173
sep_k20_d2,sep,4,20,CDK 2ec / n_min=40,14,0.6945386562429686,6.147338151931763
sep_k20_d2,sep,5,20,CDK 2ec (default),18,0.8252562367835836,6.280413389205933
sep_k20_d2,sep,5,20,CDK 2ec / Gaussian null,18,0.8252562367835836,7.901899099349976
sep_k20_d2,sep,5,20,CDK 2ec / AD statistic,17,0.7574029530268128,9.679085493087769
sep_k20_d2,sep,5,20,CDK 2ec / no multiplicity corr.,18,0.8252562367835836,6.646780490875244
sep_k20_d2,sep,5,20,CDK 2ec / n_min=15,21,0.939996104092497,7.660626173019409
sep_k20_d2,sep,5,20,CDK 2ec / n_min=40,14,0.6366808293114438,5.237707853317261
sep_k20_d2,sep,6,20,CDK 2ec (default),20,0.9533891221390204,6.756444215774536
sep_k20_d2,sep,6,20,CDK 2ec / Gaussian null,20,0.9533891221390204,7.41701865196228
sep_k20_d2,sep,6,20,CDK 2ec / AD statistic,20,0.9533891221390204,10.29076886177063
sep_k20_d2,sep,6,20,CDK 2ec / no multiplicity corr.,20,0.9533891221390204,6.861978769302368
sep_k20_d2,sep,6,20,CDK 2ec / n_min=15,20,0.9210750526507304,7.654062747955322
sep_k20_d2,sep,6,20,CDK 2ec / n_min=40,10,0.331928263629411,5.352561473846436
sep_k20_d2,sep,7,20,CDK 2ec (default),19,0.8855364813927687,6.4466612339019775
sep_k20_d2,sep,7,20,CDK 2ec / Gaussian null,19,0.8855364813927687,7.164586544036865
sep_k20_d2,sep,7,20,CDK 2ec / AD statistic,19,0.8855364813927687,9.712362051010132
sep_k20_d2,sep,7,20,CDK 2ec / no multiplicity corr.,19,0.8855364813927687,6.893303155899048
sep_k20_d2,sep,7,20,CDK 2ec / n_min=15,19,0.8942592244521315,8.20559048652649
sep_k20_d2,sep,7,20,CDK 2ec / n_min=40,14,0.5939219648668701,6.459964036941528
sep_k20_d2,sep,8,20,CDK 2ec (default),19,0.8035783804950786,6.902208089828491
sep_k20_d2,sep,8,20,CDK 2ec / Gaussian null,19,0.8035783804950786,7.53943943977356
sep_k20_d2,sep,8,20,CDK 2ec / AD statistic,18,0.7324484530320069,9.562113761901855
sep_k20_d2,sep,8,20,CDK 2ec / no multiplicity corr.,19,0.8035783804950786,6.469717502593994
sep_k20_d2,sep,8,20,CDK 2ec / n_min=15,22,0.8667534127980054,8.09675669670105
sep_k20_d2,sep,8,20,CDK 2ec / n_min=40,12,0.5153093260877967,6.089613437652588
sep_k20_d2,sep,9,20,CDK 2ec (default),19,0.8582112764003852,6.54163932800293
sep_k20_d2,sep,9,20,CDK 2ec / Gaussian null,19,0.8582112764003852,7.431979656219482
sep_k20_d2,sep,9,20,CDK 2ec / AD statistic,19,0.8582112764003852,10.164770603179932
sep_k20_d2,sep,9,20,CDK 2ec / no multiplicity corr.,19,0.8582112764003852,7.070547580718994
sep_k20_d2,sep,9,20,CDK 2ec / n_min=15,20,0.9168770325248404,7.978281736373901
sep_k20_d2,sep,9,20,CDK 2ec / n_min=40,11,0.339669039959636,5.35741138458252
sep_k20_d10,sep,0,20,CDK 2ec (default),20,0.9088436801594809,15.45848298072815
sep_k20_d10,sep,0,20,CDK 2ec / Gaussian null,20,0.9088436801594809,14.236563205718994
sep_k20_d10,sep,0,20,CDK 2ec / AD statistic,20,0.9088436801594809,20.122570991516113
sep_k20_d10,sep,0,20,CDK 2ec / no multiplicity corr.,20,0.9088436801594809,15.041608572006226
sep_k20_d10,sep,0,20,CDK 2ec / n_min=15,20,0.9091776030459711,15.61733102798462
sep_k20_d10,sep,0,20,CDK 2ec / n_min=40,10,0.49194829031168974,13.185878038406372
sep_k20_d10,sep,1,20,CDK 2ec (default),19,0.8431069759323546,15.552233457565308
sep_k20_d10,sep,1,20,CDK 2ec / Gaussian null,19,0.8431069759323546,16.024177074432373
sep_k20_d10,sep,1,20,CDK 2ec / AD statistic,18,0.7821561990562153,21.127214431762695
sep_k20_d10,sep,1,20,CDK 2ec / no multiplicity corr.,19,0.8431069759323546,15.857942342758179
sep_k20_d10,sep,1,20,CDK 2ec / n_min=15,21,0.8906955369894719,17.92324137687683
sep_k20_d10,sep,1,20,CDK 2ec / n_min=40,11,0.447610532619045,14.272170305252075
sep_k20_d10,sep,2,20,CDK 2ec (default),20,0.8884165446827014,14.770560026168823
sep_k20_d10,sep,2,20,CDK 2ec / Gaussian null,20,0.8884165446827014,14.792654991149902
sep_k20_d10,sep,2,20,CDK 2ec / AD statistic,20,0.8884165446827014,20.929835557937622
sep_k20_d10,sep,2,20,CDK 2ec / no multiplicity corr.,20,0.8884165446827014,15.79441213607788
sep_k20_d10,sep,2,20,CDK 2ec / n_min=15,20,0.8881251161842202,16.881535530090332
sep_k20_d10,sep,2,20,CDK 2ec / n_min=40,13,0.5624612863795124,14.2759850025177
sep_k20_d10,sep,3,20,CDK 2ec (default),20,0.8995357712564676,14.811723470687866
sep_k20_d10,sep,3,20,CDK 2ec / Gaussian null,20,0.8995357712564676,13.984631061553955
sep_k20_d10,sep,3,20,CDK 2ec / AD statistic,20,0.8995357712564676,20.815155506134033
sep_k20_d10,sep,3,20,CDK 2ec / no multiplicity corr.,20,0.8995357712564676,17.30432939529419
sep_k20_d10,sep,3,20,CDK 2ec / n_min=15,21,0.8895105947009183,19.316203594207764
sep_k20_d10,sep,3,20,CDK 2ec / n_min=40,12,0.5447967103772142,13.987927436828613
sep_k20_d10,sep,4,20,CDK 2ec (default),20,0.9079098829052921,13.82743215560913
sep_k20_d10,sep,4,20,CDK 2ec / Gaussian null,20,0.9079098829052921,14.457243919372559
sep_k20_d10,sep,4,20,CDK 2ec / AD statistic,20,0.9079098829052921,20.384212255477905
sep_k20_d10,sep,4,20,CDK 2ec / no multiplicity corr.,20,0.9079098829052921,14.871151447296143
sep_k20_d10,sep,4,20,CDK 2ec / n_min=15,20,0.9108849588716543,17.708264350891113
sep_k20_d10,sep,4,20,CDK 2ec / n_min=40,11,0.30923547649796185,13.253812789916992
sep_k20_d10,sep,5,20,CDK 2ec (default),20,0.895114120722118,14.433970928192139
sep_k20_d10,sep,5,20,CDK 2ec / Gaussian null,20,0.895114120722118,14.70982313156128
sep_k20_d10,sep,5,20,CDK 2ec / AD statistic,20,0.895114120722118,21.05788278579712
sep_k20_d10,sep,5,20,CDK 2ec / no multiplicity corr.,20,0.895114120722118,14.38559627532959
sep_k20_d10,sep,5,20,CDK 2ec / n_min=15,20,0.8934492700820839,17.329172134399414
sep_k20_d10,sep,5,20,CDK 2ec / n_min=40,8,0.44409741449785906,10.294823408126831
sep_k20_d10,sep,7,20,CDK 2ec (default),20,0.9461296602649545,13.061082601547241
sep_k20_d10,sep,7,20,CDK 2ec / Gaussian null,20,0.9461296602649545,12.988456010818481
sep_k20_d10,sep,7,20,CDK 2ec / AD statistic,20,0.9461296602649545,17.623798847198486
sep_k20_d10,sep,7,20,CDK 2ec / no multiplicity corr.,20,0.9461296602649545,12.962162971496582
sep_k20_d10,sep,7,20,CDK 2ec / n_min=15,20,0.9462257057907176,13.998555183410645
sep_k20_d10,sep,7,20,CDK 2ec / n_min=40,11,0.49468920229587415,11.971912384033203
sep_k20_d10,sep,6,20,CDK 2ec (default),19,0.8304664525309785,16.533661603927612
sep_k20_d10,sep,6,20,CDK 2ec / Gaussian null,19,0.8304664525309785,15.80548095703125
sep_k20_d10,sep,6,20,CDK 2ec / AD statistic,19,0.8304664525309785,21.289110898971558
sep_k20_d10,sep,6,20,CDK 2ec / no multiplicity corr.,19,0.8304664525309785,16.54410219192505
sep_k20_d10,sep,6,20,CDK 2ec / n_min=15,22,0.8633647404939959,16.38975477218628
sep_k20_d10,sep,6,20,CDK 2ec / n_min=40,12,0.5145086629038494,14.391434907913208
sep_k20_d10,sep,8,20,CDK 2ec (default),20,0.911881736085006,13.706693649291992
sep_k20_d10,sep,8,20,CDK 2ec / Gaussian null,20,0.911881736085006,13.556443929672241
sep_k20_d10,sep,8,20,CDK 2ec / AD statistic,20,0.911881736085006,18.470725059509277
sep_k20_d10,sep,8,20,CDK 2ec / no multiplicity corr.,20,0.911881736085006,13.04953908920288
sep_k20_d10,sep,8,20,CDK 2ec / n_min=15,20,0.911881736085006,16.17868447303772
sep_k20_d10,sep,8,20,CDK 2ec / n_min=40,12,0.5156729591625999,13.677396774291992
sep_k20_d10,sep,9,20,CDK 2ec (default),20,0.8765330328579171,15.484987020492554
sep_k20_d10,sep,9,20,CDK 2ec / Gaussian null,20,0.8765330328579171,15.56215763092041
sep_k20_d10,sep,9,20,CDK 2ec / AD statistic,20,0.8765330328579171,19.3710196018219
sep_k20_d10,sep,9,20,CDK 2ec / no multiplicity corr.,20,0.8765330328579171,15.007914304733276
sep_k20_d10,sep,9,20,CDK 2ec / n_min=15,20,0.876206443489963,16.75233483314514
sep_k20_d10,sep,9,20,CDK 2ec / n_min=40,17,0.7820512490502397,15.998692035675049
sep_k20_d50,sep,0,20,CDK 2ec (default),20,0.886580150769292,23.053095817565918
sep_k20_d50,sep,0,20,CDK 2ec / Gaussian null,15,0.6303220656098041,21.234875202178955
sep_k20_d50,sep,0,20,CDK 2ec / AD statistic,20,0.886580150769292,27.325562000274658
sep_k20_d50,sep,0,20,CDK 2ec / no multiplicity corr.,20,0.886580150769292,24.5740807056427
sep_k20_d50,sep,0,20,CDK 2ec / n_min=15,20,0.8871128392559787,26.96253490447998
sep_k20_d50,sep,0,20,CDK 2ec / n_min=40,9,0.3993434193782983,26.06412410736084
sep_k20_d50,sep,1,20,CDK 2ec (default),19,0.8171833923307001,26.857096672058105
sep_k20_d50,sep,1,20,CDK 2ec / Gaussian null,13,0.3435958502714045,24.639439344406128
sep_k20_d50,sep,1,20,CDK 2ec / AD statistic,19,0.8171833923307001,33.49929451942444
sep_k20_d50,sep,1,20,CDK 2ec / no multiplicity corr.,19,0.8171833923307001,28.27060866355896
sep_k20_d50,sep,1,20,CDK 2ec / n_min=15,20,0.7909882044681679,28.855981826782227
sep_k20_d50,sep,1,20,CDK 2ec / n_min=40,7,0.2604551857951859,19.477030754089355
sep_k20_d50,sep,2,20,CDK 2ec (default),20,0.8598903517968962,24.328566551208496
sep_k20_d50,sep,2,20,CDK 2ec / Gaussian null,13,0.3692833798467344,21.893001079559326
sep_k20_d50,sep,2,20,CDK 2ec / AD statistic,20,0.8598903517968962,29.443953275680542
sep_k20_d50,sep,2,20,CDK 2ec / no multiplicity corr.,20,0.8598903517968962,24.122103691101074
sep_k20_d50,sep,2,20,CDK 2ec / n_min=15,20,0.8829707629340801,27.991796731948853
sep_k20_d50,sep,2,20,CDK 2ec / n_min=40,12,0.5655545589022857,28.576874017715454
sep_k20_d50,sep,3,20,CDK 2ec (default),20,0.8918924659393194,27.703887939453125
sep_k20_d50,sep,3,20,CDK 2ec / Gaussian null,15,0.6313200812047307,23.76596999168396
sep_k20_d50,sep,3,20,CDK 2ec / AD statistic,20,0.8918924659393194,33.3729031085968
sep_k20_d50,sep,3,20,CDK 2ec / no multiplicity corr.,20,0.8918924659393194,27.630730867385864
sep_k20_d50,sep,3,20,CDK 2ec / n_min=15,21,0.8828931535966283,29.628071069717407
sep_k20_d50,sep,3,20,CDK 2ec / n_min=40,12,0.5040289476878526,27.480758666992188
sep_k20_d50,sep,4,20,CDK 2ec (default),19,0.8470883898108316,29.7042338848114
sep_k20_d50,sep,4,20,CDK 2ec / Gaussian null,12,0.4401842756640507,24.795132875442505
sep_k20_d50,sep,4,20,CDK 2ec / AD statistic,19,0.8470883898108316,32.14281988143921
sep_k20_d50,sep,4,20,CDK 2ec / no multiplicity corr.,19,0.8470883898108316,28.275636434555054
sep_k20_d50,sep,4,20,CDK 2ec / n_min=15,19,0.8170350104360539,28.051626682281494
sep_k20_d50,sep,4,20,CDK 2ec / n_min=40,16,0.7023137088901751,29.166640758514404
sep_k20_d50,sep,5,20,CDK 2ec (default),20,0.8667735111107172,26.117091417312622
sep_k20_d50,sep,5,20,CDK 2ec / Gaussian null,14,0.5660176804744482,22.46378755569458
sep_k20_d50,sep,5,20,CDK 2ec / AD statistic,20,0.8667735111107172,32.20553660392761
sep_k20_d50,sep,5,20,CDK 2ec / no multiplicity corr.,20,0.8667735111107172,26.81730604171753
sep_k20_d50,sep,5,20,CDK 2ec / n_min=15,22,0.8499008513673091,28.577086210250854
sep_k20_d50,sep,5,20,CDK 2ec / n_min=40,10,0.3856714764981044,27.230663299560547
sep_k20_d50,sep,6,20,CDK 2ec (default),20,0.853019391147012,26.82366418838501
sep_k20_d50,sep,6,20,CDK 2ec / Gaussian null,14,0.5881314179782783,23.307793378829956
sep_k20_d50,sep,6,20,CDK 2ec / AD statistic,20,0.853019391147012,31.44221544265747
sep_k20_d50,sep,6,20,CDK 2ec / no multiplicity corr.,20,0.853019391147012,27.21001434326172
sep_k20_d50,sep,6,20,CDK 2ec / n_min=15,18,0.7022539600183635,28.17436957359314
sep_k20_d50,sep,6,20,CDK 2ec / n_min=40,13,0.5856023891153459,28.75674080848694
sep_k20_d50,sep,7,20,CDK 2ec (default),18,0.8158315913782702,25.782533645629883
sep_k20_d50,sep,7,20,CDK 2ec / Gaussian null,15,0.5487142183775003,24.608560800552368
sep_k20_d50,sep,7,20,CDK 2ec / AD statistic,18,0.8158315913782702,30.894583702087402
sep_k20_d50,sep,7,20,CDK 2ec / no multiplicity corr.,18,0.8158315913782702,26.80938982963562
sep_k20_d50,sep,7,20,CDK 2ec / n_min=15,19,0.7582826814138345,28.162700653076172
sep_k20_d50,sep,7,20,CDK 2ec / n_min=40,11,0.4880652553625422,26.565796375274658
sep_k20_d50,sep,8,20,CDK 2ec (default),20,0.8160344905638403,28.92068600654602
sep_k20_d50,sep,8,20,CDK 2ec / Gaussian null,4,0.03694476055761201,25.548317909240723
sep_k20_d50,sep,8,20,CDK 2ec / AD statistic,20,0.8160344905638403,33.0987343788147
sep_k20_d50,sep,8,20,CDK 2ec / no multiplicity corr.,20,0.8160344905638403,30.023186922073364
sep_k20_d50,sep,8,20,CDK 2ec / n_min=15,21,0.824450417089124,31.123091459274292
sep_k20_d50,sep,8,20,CDK 2ec / n_min=40,12,0.39815441975674626,31.484246969223022
sep_k20_d50,sep,9,20,CDK 2ec (default),18,0.7958407496077998,28.502976894378662
sep_k20_d50,sep,9,20,CDK 2ec / Gaussian null,14,0.4602106812956681,26.697038412094116
sep_k20_d50,sep,9,20,CDK 2ec / AD statistic,18,0.7958407496077998,34.50109624862671
sep_k20_d50,sep,9,20,CDK 2ec / no multiplicity corr.,18,0.7958407496077998,30.914171934127808
sep_k20_d50,sep,9,20,CDK 2ec / n_min=15,20,0.9171167529799527,28.036560535430908
sep_k20_d50,sep,9,20,CDK 2ec / n_min=40,14,0.60683754070927,30.863486289978027
overlap_s6.0,overlap,0,5,CDK 2ec (default),5,0.984444616051696,6.572418928146362
overlap_s6.0,overlap,0,5,CDK 2ec / Gaussian null,5,0.984444616051696,8.222849607467651
overlap_s6.0,overlap,0,5,CDK 2ec / AD statistic,5,0.984444616051696,8.219578266143799
overlap_s6.0,overlap,0,5,CDK 2ec / no multiplicity corr.,5,0.984444616051696,6.664399147033691
overlap_s6.0,overlap,0,5,CDK 2ec / n_min=15,5,0.984444616051696,8.092318534851074
overlap_s6.0,overlap,0,5,CDK 2ec / n_min=40,5,0.984444616051696,6.5753233432769775
overlap_s6.0,overlap,1,5,CDK 2ec (default),5,0.9404896074356037,6.167381048202515
overlap_s6.0,overlap,1,5,CDK 2ec / Gaussian null,5,0.9404896074356037,6.52343487739563
overlap_s6.0,overlap,1,5,CDK 2ec / AD statistic,5,0.9404896074356037,8.011221885681152
overlap_s6.0,overlap,1,5,CDK 2ec / no multiplicity corr.,5,0.9404896074356037,6.166358947753906
overlap_s6.0,overlap,1,5,CDK 2ec / n_min=15,5,0.9845440356963782,7.678464889526367
overlap_s6.0,overlap,1,5,CDK 2ec / n_min=40,5,0.9404896074356037,5.942178964614868
overlap_s6.0,overlap,2,5,CDK 2ec (default),5,0.9783828090746228,6.475062131881714
overlap_s6.0,overlap,2,5,CDK 2ec / Gaussian null,5,0.9783828090746228,8.084213018417358
overlap_s6.0,overlap,2,5,CDK 2ec / AD statistic,5,0.9783828090746228,8.52987790107727
overlap_s6.0,overlap,2,5,CDK 2ec / no multiplicity corr.,5,0.9783828090746228,6.61783242225647
overlap_s6.0,overlap,2,5,CDK 2ec / n_min=15,5,0.9783828090746228,8.25322961807251
overlap_s6.0,overlap,2,5,CDK 2ec / n_min=40,5,0.9783828090746228,6.330645799636841
overlap_s6.0,overlap,3,5,CDK 2ec (default),5,0.9722165478813642,5.958613157272339
overlap_s6.0,overlap,3,5,CDK 2ec / Gaussian null,5,0.9722165478813642,7.010338306427002
overlap_s6.0,overlap,3,5,CDK 2ec / AD statistic,5,0.9722165478813642,8.403772115707397
overlap_s6.0,overlap,3,5,CDK 2ec / no multiplicity corr.,5,0.9722165478813642,6.147765159606934
overlap_s6.0,overlap,3,5,CDK 2ec / n_min=15,5,0.9722165478813642,7.878687858581543
overlap_s6.0,overlap,3,5,CDK 2ec / n_min=40,5,0.9722165478813642,6.234993934631348
overlap_s6.0,overlap,4,5,CDK 2ec (default),5,0.9813429124706873,5.4805192947387695
overlap_s6.0,overlap,4,5,CDK 2ec / Gaussian null,5,0.9813429124706873,6.087469816207886
overlap_s6.0,overlap,4,5,CDK 2ec / AD statistic,5,0.9813429124706873,7.346648931503296
overlap_s6.0,overlap,4,5,CDK 2ec / no multiplicity corr.,5,0.9813429124706873,5.82014274597168
overlap_s6.0,overlap,4,5,CDK 2ec / n_min=15,5,0.9813429124706873,7.5224645137786865
overlap_s6.0,overlap,4,5,CDK 2ec / n_min=40,5,0.9054788428749452,5.789954662322998
overlap_s6.0,overlap,5,5,CDK 2ec (default),5,0.9783404878750162,6.537949562072754
overlap_s6.0,overlap,5,5,CDK 2ec / Gaussian null,5,0.9783404878750162,7.644179344177246
overlap_s6.0,overlap,5,5,CDK 2ec / AD statistic,5,0.9783404878750162,7.960651397705078
overlap_s6.0,overlap,5,5,CDK 2ec / no multiplicity corr.,5,0.9783404878750162,5.998788595199585
overlap_s6.0,overlap,5,5,CDK 2ec / n_min=15,5,0.9783404878750162,6.15045952796936
overlap_s6.0,overlap,5,5,CDK 2ec / n_min=40,5,0.9783404878750162,6.5656983852386475
overlap_s6.0,overlap,6,5,CDK 2ec (default),5,0.9906466993024384,5.483299732208252
overlap_s6.0,overlap,6,5,CDK 2ec / Gaussian null,5,0.9906466993024384,6.346362352371216
overlap_s6.0,overlap,6,5,CDK 2ec / AD statistic,5,0.9906466993024384,7.454374313354492
overlap_s6.0,overlap,6,5,CDK 2ec / no multiplicity corr.,5,0.9906466993024384,5.494819402694702
overlap_s6.0,overlap,6,5,CDK 2ec / n_min=15,5,0.9906466993024384,6.419652462005615
overlap_s6.0,overlap,6,5,CDK 2ec / n_min=40,5,0.9906466993024384,5.545804500579834
overlap_s6.0,overlap,7,5,CDK 2ec (default),5,0.969156764567439,5.313060998916626
overlap_s6.0,overlap,7,5,CDK 2ec / Gaussian null,5,0.969156764567439,7.248151063919067
overlap_s6.0,overlap,7,5,CDK 2ec / AD statistic,5,0.969156764567439,6.901808500289917
overlap_s6.0,overlap,7,5,CDK 2ec / no multiplicity corr.,5,0.969156764567439,5.342607736587524
overlap_s6.0,overlap,7,5,CDK 2ec / n_min=15,4,0.7729153709280687,7.263035774230957
overlap_s6.0,overlap,7,5,CDK 2ec / n_min=40,5,0.969156764567439,5.698388338088989
overlap_s6.0,overlap,8,5,CDK 2ec (default),5,0.984385177791463,5.859047889709473
overlap_s6.0,overlap,8,5,CDK 2ec / Gaussian null,5,0.984385177791463,7.160757541656494
overlap_s6.0,overlap,8,5,CDK 2ec / AD statistic,5,0.984385177791463,7.346908807754517
overlap_s6.0,overlap,8,5,CDK 2ec / no multiplicity corr.,5,0.984385177791463,6.079314947128296
overlap_s6.0,overlap,8,5,CDK 2ec / n_min=15,5,0.984385177791463,7.367157936096191
overlap_s6.0,overlap,8,5,CDK 2ec / n_min=40,5,0.9187787537926564,5.565351486206055
overlap_s6.0,overlap,9,5,CDK 2ec (default),5,0.9875953157730175,5.725239992141724
overlap_s6.0,overlap,9,5,CDK 2ec / Gaussian null,5,0.9875953157730175,6.3078742027282715
overlap_s6.0,overlap,9,5,CDK 2ec / AD statistic,5,0.9875953157730175,7.215270757675171
overlap_s6.0,overlap,9,5,CDK 2ec / no multiplicity corr.,5,0.9875953157730175,5.607606410980225
overlap_s6.0,overlap,9,5,CDK 2ec / n_min=15,5,0.9875953157730175,6.552380800247192
overlap_s6.0,overlap,9,5,CDK 2ec / n_min=40,5,0.9875953157730175,5.224642753601074
overlap_s4.0,overlap,0,5,CDK 2ec (default),5,0.8043797937712228,6.047222852706909
overlap_s4.0,overlap,0,5,CDK 2ec / Gaussian null,5,0.8043797937712228,8.029388666152954
overlap_s4.0,overlap,0,5,CDK 2ec / AD statistic,3,0.43236327199064506,7.58372688293457
overlap_s4.0,overlap,0,5,CDK 2ec / no multiplicity corr.,5,0.8043797937712228,6.433992862701416
overlap_s4.0,overlap,0,5,CDK 2ec / n_min=15,1,0.0,7.453848123550415
overlap_s4.0,overlap,0,5,CDK 2ec / n_min=40,5,0.8043797937712228,6.530539035797119
overlap_s4.0,overlap,1,5,CDK 2ec (default),5,0.885279472123872,6.21024751663208
overlap_s4.0,overlap,1,5,CDK 2ec / Gaussian null,5,0.885279472123872,8.07641887664795
overlap_s4.0,overlap,1,5,CDK 2ec / AD statistic,4,0.6725936280154994,7.623207092285156
overlap_s4.0,overlap,1,5,CDK 2ec / no multiplicity corr.,5,0.885279472123872,6.218204975128174
overlap_s4.0,overlap,1,5,CDK 2ec / n_min=15,3,0.4328760147051776,7.506906270980835
overlap_s4.0,overlap,1,5,CDK 2ec / n_min=40,5,0.8312092152098957,6.396241664886475
overlap_s4.0,overlap,2,5,CDK 2ec (default),5,0.8875472222959921,5.412511110305786
overlap_s4.0,overlap,2,5,CDK 2ec / Gaussian null,5,0.8875472222959921,6.760539770126343
overlap_s4.0,overlap,2,5,CDK 2ec / AD statistic,3,0.4349842337718274,6.909186601638794
overlap_s4.0,overlap,2,5,CDK 2ec / no multiplicity corr.,5,0.8875472222959921,5.690296411514282
overlap_s4.0,overlap,2,5,CDK 2ec / n_min=15,3,0.5633337697754967,6.894390821456909
overlap_s4.0,overlap,2,5,CDK 2ec / n_min=40,5,0.8875472222959921,6.267145872116089
overlap_s4.0,overlap,3,5,CDK 2ec (default),4,0.684592113149095,6.578801155090332
overlap_s4.0,overlap,3,5,CDK 2ec / Gaussian null,5,0.8333070830599499,8.721201658248901
overlap_s4.0,overlap,3,5,CDK 2ec / AD statistic,2,0.18692524985330294,7.326998710632324
overlap_s4.0,overlap,3,5,CDK 2ec / no multiplicity corr.,5,0.8333070830599499,6.645935773849487
overlap_s4.0,overlap,3,5,CDK 2ec / n_min=15,4,0.6810176756056306,7.7862913608551025
overlap_s4.0,overlap,3,5,CDK 2ec / n_min=40,4,0.6107778919458052,7.252753734588623
overlap_s4.0,overlap,4,5,CDK 2ec (default),3,0.4646246670421142,6.848277807235718
overlap_s4.0,overlap,4,5,CDK 2ec / Gaussian null,3,0.4646246670421142,7.415728330612183
overlap_s4.0,overlap,4,5,CDK 2ec / AD statistic,3,0.4646246670421142,7.85441780090332
overlap_s4.0,overlap,4,5,CDK 2ec / no multiplicity corr.,3,0.4646246670421142,6.779266357421875
overlap_s4.0,overlap,4,5,CDK 2ec / n_min=15,3,0.45139239062962283,8.529804944992065
overlap_s4.0,overlap,4,5,CDK 2ec / n_min=40,4,0.7195180051423893,7.092619180679321
overlap_s4.0,overlap,5,5,CDK 2ec (default),5,0.8608292628054057,6.567409515380859
overlap_s4.0,overlap,5,5,CDK 2ec / Gaussian null,4,0.6890359616871223,7.682701349258423
overlap_s4.0,overlap,5,5,CDK 2ec / AD statistic,2,0.3582130247030477,8.058340787887573
overlap_s4.0,overlap,5,5,CDK 2ec / no multiplicity corr.,5,0.8608292628054057,6.190066337585449
overlap_s4.0,overlap,5,5,CDK 2ec / n_min=15,2,0.1990651742003874,9.553959369659424
overlap_s4.0,overlap,5,5,CDK 2ec / n_min=40,5,0.8608292628054057,6.359465837478638
overlap_s4.0,overlap,6,5,CDK 2ec (default),4,0.4033580828186124,7.163653373718262
overlap_s4.0,overlap,6,5,CDK 2ec / Gaussian null,4,0.4033580828186124,9.034907817840576
overlap_s4.0,overlap,6,5,CDK 2ec / AD statistic,1,0.0,8.13864541053772
overlap_s4.0,overlap,6,5,CDK 2ec / no multiplicity corr.,4,0.4033580828186124,6.7964928150177
overlap_s4.0,overlap,6,5,CDK 2ec / n_min=15,2,0.002217556822272076,8.651388168334961
overlap_s4.0,overlap,6,5,CDK 2ec / n_min=40,5,0.7406251708751046,6.273372650146484
overlap_s4.0,overlap,7,5,CDK 2ec (default),5,0.8262353727701115,6.190244436264038
overlap_s4.0,overlap,7,5,CDK 2ec / Gaussian null,5,0.8262353727701115,6.591806650161743
overlap_s4.0,overlap,7,5,CDK 2ec / AD statistic,2,0.17844859226180093,7.529919147491455
overlap_s4.0,overlap,7,5,CDK 2ec / no multiplicity corr.,5,0.8262353727701115,6.391958713531494
overlap_s4.0,overlap,7,5,CDK 2ec / n_min=15,2,0.20670628881211328,8.991489887237549
overlap_s4.0,overlap,7,5,CDK 2ec / n_min=40,5,0.8262353727701115,5.857150077819824
overlap_s4.0,overlap,8,5,CDK 2ec (default),4,0.6626392559370443,5.833598613739014
overlap_s4.0,overlap,8,5,CDK 2ec / Gaussian null,4,0.6546676100136678,7.766968011856079
overlap_s4.0,overlap,8,5,CDK 2ec / AD statistic,2,0.31578232751572294,7.9099602699279785
overlap_s4.0,overlap,8,5,CDK 2ec / no multiplicity corr.,4,0.6626392559370443,5.786355495452881
overlap_s4.0,overlap,8,5,CDK 2ec / n_min=15,2,0.1751792006676558,7.7252678871154785
overlap_s4.0,overlap,8,5,CDK 2ec / n_min=40,3,0.39797915723456073,5.758112907409668
overlap_s4.0,overlap,9,5,CDK 2ec (default),5,0.9074034406511199,6.178957939147949
overlap_s4.0,overlap,9,5,CDK 2ec / Gaussian null,5,0.9074034406511199,7.1376190185546875
overlap_s4.0,overlap,9,5,CDK 2ec / AD statistic,3,0.4626370441798118,6.810884475708008
overlap_s4.0,overlap,9,5,CDK 2ec / no multiplicity corr.,5,0.9074034406511199,6.022749423980713
overlap_s4.0,overlap,9,5,CDK 2ec / n_min=15,2,0.17346060497727478,7.444026470184326
overlap_s4.0,overlap,9,5,CDK 2ec / n_min=40,5,0.9074034406511199,5.966401100158691
overlap_s3.0,overlap,0,5,CDK 2ec (default),1,0.0,6.436015844345093
overlap_s3.0,overlap,0,5,CDK 2ec / Gaussian null,3,0.46498173984426006,7.95802640914917
overlap_s3.0,overlap,0,5,CDK 2ec / AD statistic,1,0.0,7.964001655578613
overlap_s3.0,overlap,0,5,CDK 2ec / no multiplicity corr.,1,0.0,6.432862758636475
overlap_s3.0,overlap,0,5,CDK 2ec / n_min=15,1,0.0,7.372097730636597
overlap_s3.0,overlap,0,5,CDK 2ec / n_min=40,2,0.13533626086428008,5.908227443695068
overlap_s3.0,overlap,1,5,CDK 2ec (default),2,0.13921993827963197,7.121901035308838
overlap_s3.0,overlap,1,5,CDK 2ec / Gaussian null,1,0.0,8.276301622390747
overlap_s3.0,overlap,1,5,CDK 2ec / AD statistic,1,0.0,7.319650650024414
overlap_s3.0,overlap,1,5,CDK 2ec / no multiplicity corr.,4,0.46553038103864625,7.258853912353516
overlap_s3.0,overlap,1,5,CDK 2ec / n_min=15,1,0.0,8.594693899154663
overlap_s3.0,overlap,1,5,CDK 2ec / n_min=40,3,0.2511831835211732,6.309816360473633
overlap_s3.0,overlap,2,5,CDK 2ec (default),1,0.0,6.824344158172607
overlap_s3.0,overlap,2,5,CDK 2ec / Gaussian null,1,0.0,8.717844724655151
overlap_s3.0,overlap,2,5,CDK 2ec / AD statistic,1,0.0,8.150689601898193
overlap_s3.0,overlap,2,5,CDK 2ec / no multiplicity corr.,2,0.13773229059156103,6.505218505859375
overlap_s3.0,overlap,2,5,CDK 2ec / n_min=15,1,0.0,7.876142501831055
overlap_s3.0,overlap,2,5,CDK 2ec / n_min=40,3,0.1839772715775048,6.62202525138855
overlap_s3.0,overlap,3,5,CDK 2ec (default),1,0.0,6.493048906326294
overlap_s3.0,overlap,3,5,CDK 2ec / Gaussian null,2,0.11404363253893342,8.166126728057861
overlap_s3.0,overlap,3,5,CDK 2ec / AD statistic,1,0.0,7.395785093307495
overlap_s3.0,overlap,3,5,CDK 2ec / no multiplicity corr.,1,0.0,6.293359041213989
overlap_s3.0,overlap,3,5,CDK 2ec / n_min=15,1,0.0,8.76778507232666
overlap_s3.0,overlap,3,5,CDK 2ec / n_min=40,2,0.29748213507365207,6.3673365116119385
overlap_s3.0,overlap,4,5,CDK 2ec (default),3,0.35255203048236233,6.132520437240601
overlap_s3.0,overlap,4,5,CDK 2ec / Gaussian null,3,0.35255203048236233,7.8365678787231445
overlap_s3.0,overlap,4,5,CDK 2ec / AD statistic,1,0.0,7.433068513870239
overlap_s3.0,overlap,4,5,CDK 2ec / no multiplicity corr.,4,0.5496465979108013,6.568866014480591
overlap_s3.0,overlap,4,5,CDK 2ec / n_min=15,1,0.0,7.840948104858398
overlap_s3.0,overlap,4,5,CDK 2ec / n_min=40,2,0.13880908376651907,6.248545169830322
overlap_s3.0,overlap,5,5,CDK 2ec (default),1,0.0,6.847386121749878
overlap_s3.0,overlap,5,5,CDK 2ec / Gaussian null,2,0.17058909049805024,9.071120023727417
overlap_s3.0,overlap,5,5,CDK 2ec / AD statistic,1,0.0,7.569753885269165
overlap_s3.0,overlap,5,5,CDK 2ec / no multiplicity corr.,2,0.17058909049805024,6.8685126304626465
overlap_s3.0,overlap,5,5,CDK 2ec / n_min=15,1,0.0,7.801751375198364
overlap_s3.0,overlap,5,5,CDK 2ec / n_min=40,1,0.0,6.123239755630493
overlap_s3.0,overlap,6,5,CDK 2ec (default),1,0.0,7.193241119384766
overlap_s3.0,overlap,6,5,CDK 2ec / Gaussian null,1,0.0,9.393445491790771
overlap_s3.0,overlap,6,5,CDK 2ec / AD statistic,1,0.0,7.120534181594849
overlap_s3.0,overlap,6,5,CDK 2ec / no multiplicity corr.,1,0.0,7.304503440856934
overlap_s3.0,overlap,6,5,CDK 2ec / n_min=15,1,0.0,8.589173555374146
overlap_s3.0,overlap,6,5,CDK 2ec / n_min=40,1,0.0,6.125716924667358
overlap_s3.0,overlap,7,5,CDK 2ec (default),1,0.0,5.670849323272705
overlap_s3.0,overlap,7,5,CDK 2ec / Gaussian null,1,0.0,7.819152355194092
overlap_s3.0,overlap,7,5,CDK 2ec / AD statistic,1,0.0,6.613980531692505
overlap_s3.0,overlap,7,5,CDK 2ec / no multiplicity corr.,3,0.497199485627058,5.692251205444336
overlap_s3.0,overlap,7,5,CDK 2ec / n_min=15,1,0.0,9.033756971359253
overlap_s3.0,overlap,7,5,CDK 2ec / n_min=40,2,0.29718884044271016,5.336240291595459
overlap_s3.0,overlap,8,5,CDK 2ec (default),1,0.0,6.215749263763428
overlap_s3.0,overlap,8,5,CDK 2ec / Gaussian null,2,0.14703167803713132,8.890023708343506
overlap_s3.0,overlap,8,5,CDK 2ec / AD statistic,1,0.0,7.2277421951293945
overlap_s3.0,overlap,8,5,CDK 2ec / no multiplicity corr.,2,0.14703167803713132,6.2315545082092285
overlap_s3.0,overlap,8,5,CDK 2ec / n_min=15,1,0.0,8.482895851135254
overlap_s3.0,overlap,8,5,CDK 2ec / n_min=40,1,0.0,5.539583921432495
overlap_s3.0,overlap,9,5,CDK 2ec (default),1,0.0,6.149378061294556
overlap_s3.0,overlap,9,5,CDK 2ec / Gaussian null,2,0.14229811910245127,7.73675012588501
overlap_s3.0,overlap,9,5,CDK 2ec / AD statistic,1,0.0,6.51397442817688
overlap_s3.0,overlap,9,5,CDK 2ec / no multiplicity corr.,2,0.26940103748621025,5.924078464508057
overlap_s3.0,overlap,9,5,CDK 2ec / n_min=15,1,0.0,7.876628875732422
overlap_s3.0,overlap,9,5,CDK 2ec / n_min=40,2,0.16936354736244946,6.569988489151001
overlap_s2.0,overlap,0,5,CDK 2ec (default),1,0.0,6.348829984664917
overlap_s2.0,overlap,0,5,CDK 2ec / Gaussian null,1,0.0,8.628170013427734
overlap_s2.0,overlap,0,5,CDK 2ec / AD statistic,1,0.0,6.006838321685791
overlap_s2.0,overlap,0,5,CDK 2ec / no multiplicity corr.,1,0.0,6.636172533035278
overlap_s2.0,overlap,0,5,CDK 2ec / n_min=15,1,0.0,8.494150638580322
overlap_s2.0,overlap,0,5,CDK 2ec / n_min=40,1,0.0,4.843796491622925
overlap_s2.0,overlap,1,5,CDK 2ec (default),1,0.0,6.468339204788208
overlap_s2.0,overlap,1,5,CDK 2ec / Gaussian null,1,0.0,9.152620792388916
overlap_s2.0,overlap,1,5,CDK 2ec / AD statistic,1,0.0,7.142827749252319
overlap_s2.0,overlap,1,5,CDK 2ec / no multiplicity corr.,1,0.0,6.124540090560913
overlap_s2.0,overlap,1,5,CDK 2ec / n_min=15,1,0.0,8.382836818695068
overlap_s2.0,overlap,1,5,CDK 2ec / n_min=40,1,0.0,5.235159873962402
overlap_s2.0,overlap,2,5,CDK 2ec (default),1,0.0,5.7937400341033936
overlap_s2.0,overlap,2,5,CDK 2ec / Gaussian null,1,0.0,8.607588768005371
overlap_s2.0,overlap,2,5,CDK 2ec / AD statistic,1,0.0,6.766587972640991
overlap_s2.0,overlap,2,5,CDK 2ec / no multiplicity corr.,1,0.0,5.862092018127441
overlap_s2.0,overlap,2,5,CDK 2ec / n_min=15,1,0.0,8.179535865783691
overlap_s2.0,overlap,2,5,CDK 2ec / n_min=40,1,0.0,5.291861057281494
overlap_s2.0,overlap,3,5,CDK 2ec (default),1,0.0,8.475885391235352
overlap_s2.0,overlap,3,5,CDK 2ec / Gaussian null,2,0.27853690038002793,8.65132761001587
overlap_s2.0,overlap,3,5,CDK 2ec / AD statistic,1,0.0,7.953701734542847
overlap_s2.0,overlap,3,5,CDK 2ec / no multiplicity corr.,6,0.39419112018876284,8.311914205551147
overlap_s2.0,overlap,3,5,CDK 2ec / n_min=15,1,0.0,8.652706861495972
overlap_s2.0,overlap,3,5,CDK 2ec / n_min=40,2,0.27853690038002793,6.219266891479492
overlap_s2.0,overlap,4,5,CDK 2ec (default),1,0.0,7.765841722488403
overlap_s2.0,overlap,4,5,CDK 2ec / Gaussian null,1,0.0,10.23920488357544
overlap_s2.0,overlap,4,5,CDK 2ec / AD statistic,1,0.0,8.053155422210693
overlap_s2.0,overlap,4,5,CDK 2ec / no multiplicity corr.,1,0.0,7.579718589782715
overlap_s2.0,overlap,4,5,CDK 2ec / n_min=15,1,0.0,10.36467957496643
overlap_s2.0,overlap,4,5,CDK 2ec / n_min=40,2,0.16590943815623033,5.754324674606323
overlap_s2.0,overlap,5,5,CDK 2ec (default),1,0.0,8.751970529556274
overlap_s2.0,overlap,5,5,CDK 2ec / Gaussian null,1,0.0,9.081315040588379
overlap_s2.0,overlap,5,5,CDK 2ec / AD statistic,1,0.0,8.210278034210205
overlap_s2.0,overlap,5,5,CDK 2ec / no multiplicity corr.,2,0.24756321468674009,8.197336673736572
overlap_s2.0,overlap,5,5,CDK 2ec / n_min=15,1,0.0,8.199493169784546
overlap_s2.0,overlap,5,5,CDK 2ec / n_min=40,1,0.0,4.893596887588501
overlap_s2.0,overlap,6,5,CDK 2ec (default),1,0.0,6.482423543930054
overlap_s2.0,overlap,6,5,CDK 2ec / Gaussian null,1,0.0,8.777796506881714
overlap_s2.0,overlap,6,5,CDK 2ec / AD statistic,1,0.0,8.459964036941528
overlap_s2.0,overlap,6,5,CDK 2ec / no multiplicity corr.,1,0.0,6.399069786071777
overlap_s2.0,overlap,6,5,CDK 2ec / n_min=15,1,0.0,7.753275156021118
overlap_s2.0,overlap,6,5,CDK 2ec / n_min=40,1,0.0,5.287715196609497
overlap_s2.0,overlap,7,5,CDK 2ec (default),1,0.0,6.150573492050171
overlap_s2.0,overlap,7,5,CDK 2ec / Gaussian null,1,0.0,8.967980861663818
overlap_s2.0,overlap,7,5,CDK 2ec / AD statistic,1,0.0,5.888723373413086
overlap_s2.0,overlap,7,5,CDK 2ec / no multiplicity corr.,1,0.0,5.83377742767334
overlap_s2.0,overlap,7,5,CDK 2ec / n_min=15,1,0.0,7.668769598007202
overlap_s2.0,overlap,7,5,CDK 2ec / n_min=40,1,0.0,4.30889630317688
overlap_s2.0,overlap,8,5,CDK 2ec (default),1,0.0,6.376957178115845
overlap_s2.0,overlap,8,5,CDK 2ec / Gaussian null,1,0.0,8.246218919754028
overlap_s2.0,overlap,8,5,CDK 2ec / AD statistic,1,0.0,6.328912258148193
overlap_s2.0,overlap,8,5,CDK 2ec / no multiplicity corr.,1,0.0,6.422711372375488
overlap_s2.0,overlap,8,5,CDK 2ec / n_min=15,1,0.0,9.513034582138062
overlap_s2.0,overlap,8,5,CDK 2ec / n_min=40,1,0.0,5.107673168182373
overlap_s2.0,overlap,9,5,CDK 2ec (default),1,0.0,6.841097831726074
overlap_s2.0,overlap,9,5,CDK 2ec / Gaussian null,2,0.002424436524409913,9.145661354064941
overlap_s2.0,overlap,9,5,CDK 2ec / AD statistic,1,0.0,7.4204020500183105
overlap_s2.0,overlap,9,5,CDK 2ec / no multiplicity corr.,3,0.1467386439660744,7.507721185684204
overlap_s2.0,overlap,9,5,CDK 2ec / n_min=15,1,0.0,11.463890552520752
overlap_s2.0,overlap,9,5,CDK 2ec / n_min=40,2,0.062479271125477596,8.334298372268677
nongauss_t3,nongauss,0,5,CDK 2ec (default),5,0.9906666593459081,5.912201881408691
nongauss_t3,nongauss,0,5,CDK 2ec / Gaussian null,6,0.9274156342009681,6.773784637451172
nongauss_t3,nongauss,0,5,CDK 2ec / AD statistic,5,0.9906666593459081,7.7089574337005615
nongauss_t3,nongauss,0,5,CDK 2ec / no multiplicity corr.,5,0.9906666593459081,5.6879003047943115
nongauss_t3,nongauss,0,5,CDK 2ec / n_min=15,5,0.9906666593459081,7.276564836502075
nongauss_t3,nongauss,0,5,CDK 2ec / n_min=40,5,0.9906666593459081,5.220733404159546
nongauss_t3,nongauss,1,5,CDK 2ec (default),6,0.9545754207957321,6.557290077209473
nongauss_t3,nongauss,1,5,CDK 2ec / Gaussian null,5,0.9844438807915686,6.8858232498168945
nongauss_t3,nongauss,1,5,CDK 2ec / AD statistic,6,0.9545754207957321,8.790182828903198
nongauss_t3,nongauss,1,5,CDK 2ec / no multiplicity corr.,6,0.9545754207957321,6.632070302963257
nongauss_t3,nongauss,1,5,CDK 2ec / n_min=15,6,0.9545754207957321,7.183154106140137
nongauss_t3,nongauss,1,5,CDK 2ec / n_min=40,5,0.9844438807915686,5.510376930236816
nongauss_t3,nongauss,2,5,CDK 2ec (default),5,0.9844145291180962,5.986919403076172
nongauss_t3,nongauss,2,5,CDK 2ec / Gaussian null,5,0.9844145291180962,6.73176908493042
nongauss_t3,nongauss,2,5,CDK 2ec / AD statistic,6,0.9251813555114771,9.190974473953247
nongauss_t3,nongauss,2,5,CDK 2ec / no multiplicity corr.,5,0.9844145291180962,5.905745506286621
nongauss_t3,nongauss,2,5,CDK 2ec / n_min=15,6,0.9657091628605756,7.83547830581665
nongauss_t3,nongauss,2,5,CDK 2ec / n_min=40,5,0.9844145291180962,6.558721542358398
nongauss_t3,nongauss,3,5,CDK 2ec (default),6,0.9332097305451303,7.17258620262146
nongauss_t3,nongauss,3,5,CDK 2ec / Gaussian null,5,0.9968691099886755,7.31850004196167
nongauss_t3,nongauss,3,5,CDK 2ec / AD statistic,5,0.9968691099886755,9.528787612915039
nongauss_t3,nongauss,3,5,CDK 2ec / no multiplicity corr.,6,0.9332097305451303,7.441026210784912
nongauss_t3,nongauss,3,5,CDK 2ec / n_min=15,5,0.9968691099886755,6.496532440185547
nongauss_t3,nongauss,3,5,CDK 2ec / n_min=40,5,0.9968691099886755,6.933320045471191
nongauss_t3,nongauss,4,5,CDK 2ec (default),5,0.9968691099886755,6.302430629730225
nongauss_t3,nongauss,4,5,CDK 2ec / Gaussian null,5,0.9968691099886755,7.087134599685669
nongauss_t3,nongauss,4,5,CDK 2ec / AD statistic,6,0.9386136615416975,10.161825895309448
nongauss_t3,nongauss,4,5,CDK 2ec / no multiplicity corr.,5,0.9968691099886755,6.554573059082031
nongauss_t3,nongauss,4,5,CDK 2ec / n_min=15,6,0.9422715876310894,6.63079047203064
nongauss_t3,nongauss,4,5,CDK 2ec / n_min=40,5,0.9968691099886755,5.350004196166992
nongauss_t3,nongauss,5,5,CDK 2ec (default),5,0.9515019001770266,5.704373121261597
nongauss_t3,nongauss,5,5,CDK 2ec / Gaussian null,5,0.9515019001770266,6.114932060241699
nongauss_t3,nongauss,5,5,CDK 2ec / AD statistic,5,0.9515019001770266,7.970505237579346
nongauss_t3,nongauss,5,5,CDK 2ec / no multiplicity corr.,5,0.9515019001770266,5.90035080909729
nongauss_t3,nongauss,5,5,CDK 2ec / n_min=15,5,0.9515019001770266,6.02823281288147
nongauss_t3,nongauss,5,5,CDK 2ec / n_min=40,5,0.9515019001770266,5.33681058883667
nongauss_t3,nongauss,6,5,CDK 2ec (default),5,0.984385177791463,6.013235569000244
nongauss_t3,nongauss,6,5,CDK 2ec / Gaussian null,5,0.984385177791463,6.061962366104126
nongauss_t3,nongauss,6,5,CDK 2ec / AD statistic,5,0.984385177791463,8.748225450515747
nongauss_t3,nongauss,6,5,CDK 2ec / no multiplicity corr.,5,0.984385177791463,6.297169923782349
nongauss_t3,nongauss,6,5,CDK 2ec / n_min=15,5,0.984385177791463,6.154498815536499
nongauss_t3,nongauss,6,5,CDK 2ec / n_min=40,5,0.984385177791463,5.308730125427246
nongauss_t3,nongauss,7,5,CDK 2ec (default),5,0.9874967342362952,6.127692222595215
nongauss_t3,nongauss,7,5,CDK 2ec / Gaussian null,5,0.9874967342362952,6.807025671005249
nongauss_t3,nongauss,7,5,CDK 2ec / AD statistic,5,0.9874967342362952,7.574718475341797
nongauss_t3,nongauss,7,5,CDK 2ec / no multiplicity corr.,5,0.9874967342362952,6.150703191757202
nongauss_t3,nongauss,7,5,CDK 2ec / n_min=15,5,0.9874967342362952,6.293723106384277
nongauss_t3,nongauss,7,5,CDK 2ec / n_min=40,5,0.9874967342362952,5.743067026138306
nongauss_t3,nongauss,8,5,CDK 2ec (default),5,1.0,7.289661169052124
nongauss_t3,nongauss,8,5,CDK 2ec / Gaussian null,5,1.0,7.829854965209961
nongauss_t3,nongauss,8,5,CDK 2ec / AD statistic,5,1.0,10.225088596343994
nongauss_t3,nongauss,8,5,CDK 2ec / no multiplicity corr.,5,1.0,6.941349029541016
nongauss_t3,nongauss,8,5,CDK 2ec / n_min=15,5,1.0,7.062772750854492
nongauss_t3,nongauss,8,5,CDK 2ec / n_min=40,5,1.0,5.993824243545532
nongauss_t3,nongauss,9,5,CDK 2ec (default),5,0.9875359909576884,6.180073499679565
nongauss_t3,nongauss,9,5,CDK 2ec / Gaussian null,5,0.9875359909576884,6.410245180130005
nongauss_t3,nongauss,9,5,CDK 2ec / AD statistic,5,0.9875359909576884,8.994142532348633
nongauss_t3,nongauss,9,5,CDK 2ec / no multiplicity corr.,5,0.9875359909576884,6.111279726028442
nongauss_t3,nongauss,9,5,CDK 2ec / n_min=15,5,0.9875359909576884,6.106357574462891
nongauss_t3,nongauss,9,5,CDK 2ec / n_min=40,5,0.9875359909576884,5.700980186462402
nongauss_uniform,nongauss,0,5,CDK 2ec (default),5,1.0,7.007829666137695
nongauss_uniform,nongauss,0,5,CDK 2ec / Gaussian null,5,1.0,8.954147338867188
nongauss_uniform,nongauss,0,5,CDK 2ec / AD statistic,5,1.0,8.903019428253174
nongauss_uniform,nongauss,0,5,CDK 2ec / no multiplicity corr.,5,1.0,7.268265008926392
nongauss_uniform,nongauss,0,5,CDK 2ec / n_min=15,5,1.0,9.253595352172852
nongauss_uniform,nongauss,0,5,CDK 2ec / n_min=40,5,1.0,6.19108772277832
nongauss_uniform,nongauss,1,5,CDK 2ec (default),5,1.0,7.88370680809021
nongauss_uniform,nongauss,1,5,CDK 2ec / Gaussian null,6,0.9429885413572903,10.428433179855347
nongauss_uniform,nongauss,1,5,CDK 2ec / AD statistic,5,1.0,11.049072027206421
nongauss_uniform,nongauss,1,5,CDK 2ec / no multiplicity corr.,5,1.0,7.433664083480835
nongauss_uniform,nongauss,1,5,CDK 2ec / n_min=15,5,1.0,10.095994710922241
nongauss_uniform,nongauss,1,5,CDK 2ec / n_min=40,5,1.0,5.978139162063599
nongauss_uniform,nongauss,2,5,CDK 2ec (default),5,1.0,6.674814224243164
nongauss_uniform,nongauss,2,5,CDK 2ec / Gaussian null,5,1.0,9.269458055496216
nongauss_uniform,nongauss,2,5,CDK 2ec / AD statistic,5,1.0,9.51016879081726
nongauss_uniform,nongauss,2,5,CDK 2ec / no multiplicity corr.,5,1.0,6.504901885986328
nongauss_uniform,nongauss,2,5,CDK 2ec / n_min=15,5,1.0,9.725999593734741
nongauss_uniform,nongauss,2,5,CDK 2ec / n_min=40,5,1.0,6.629172325134277
nongauss_uniform,nongauss,3,5,CDK 2ec (default),5,0.9551570868253528,8.016140937805176
nongauss_uniform,nongauss,3,5,CDK 2ec / Gaussian null,6,0.9109145342907835,9.751122951507568
nongauss_uniform,nongauss,3,5,CDK 2ec / AD statistic,5,0.9551570868253528,10.564821243286133
nongauss_uniform,nongauss,3,5,CDK 2ec / no multiplicity corr.,5,0.9551570868253528,7.632013320922852
nongauss_uniform,nongauss,3,5,CDK 2ec / n_min=15,5,1.0,9.195408821105957
nongauss_uniform,nongauss,3,5,CDK 2ec / n_min=40,5,0.8684067183880664,5.902288436889648
nongauss_uniform,nongauss,4,5,CDK 2ec (default),5,1.0,7.5040671825408936
nongauss_uniform,nongauss,4,5,CDK 2ec / Gaussian null,6,0.9550000090839337,9.788335800170898
nongauss_uniform,nongauss,4,5,CDK 2ec / AD statistic,5,1.0,9.15023922920227
nongauss_uniform,nongauss,4,5,CDK 2ec / no multiplicity corr.,6,0.9413174132466237,7.397077560424805
nongauss_uniform,nongauss,4,5,CDK 2ec / n_min=15,5,1.0,9.278673887252808
nongauss_uniform,nongauss,4,5,CDK 2ec / n_min=40,5,1.0,7.1068243980407715
nongauss_uniform,nongauss,5,5,CDK 2ec (default),5,1.0,7.534123420715332
nongauss_uniform,nongauss,5,5,CDK 2ec / Gaussian null,5,1.0,10.094761371612549
nongauss_uniform,nongauss,5,5,CDK 2ec / AD statistic,5,1.0,10.333990573883057
nongauss_uniform,nongauss,5,5,CDK 2ec / no multiplicity corr.,6,0.9483477861556479,7.213573455810547
nongauss_uniform,nongauss,5,5,CDK 2ec / n_min=15,5,1.0,10.640475988388062
nongauss_uniform,nongauss,5,5,CDK 2ec / n_min=40,5,1.0,6.730562210083008
nongauss_uniform,nongauss,6,5,CDK 2ec (default),5,1.0,7.320674657821655
nongauss_uniform,nongauss,6,5,CDK 2ec / Gaussian null,5,1.0,9.585196733474731
nongauss_uniform,nongauss,6,5,CDK 2ec / AD statistic,5,1.0,9.13100552558899
nongauss_uniform,nongauss,6,5,CDK 2ec / no multiplicity corr.,5,1.0,7.396667242050171
nongauss_uniform,nongauss,6,5,CDK 2ec / n_min=15,5,1.0,10.44059157371521
nongauss_uniform,nongauss,6,5,CDK 2ec / n_min=40,5,1.0,5.955573081970215
nongauss_uniform,nongauss,7,5,CDK 2ec (default),5,1.0,7.2173144817352295
nongauss_uniform,nongauss,7,5,CDK 2ec / Gaussian null,8,0.8402915647350987,9.626537561416626
nongauss_uniform,nongauss,7,5,CDK 2ec / AD statistic,5,1.0,9.569193601608276
nongauss_uniform,nongauss,7,5,CDK 2ec / no multiplicity corr.,5,1.0,7.122793436050415
nongauss_uniform,nongauss,7,5,CDK 2ec / n_min=15,5,1.0,9.672085046768188
nongauss_uniform,nongauss,7,5,CDK 2ec / n_min=40,5,1.0,6.4076972007751465
nongauss_uniform,nongauss,8,5,CDK 2ec (default),5,1.0,7.522188663482666
nongauss_uniform,nongauss,8,5,CDK 2ec / Gaussian null,5,1.0,9.233378410339355
nongauss_uniform,nongauss,8,5,CDK 2ec / AD statistic,5,1.0,10.25628662109375
nongauss_uniform,nongauss,8,5,CDK 2ec / no multiplicity corr.,5,1.0,7.498392105102539
nongauss_uniform,nongauss,8,5,CDK 2ec / n_min=15,5,1.0,9.262289762496948
nongauss_uniform,nongauss,8,5,CDK 2ec / n_min=40,5,1.0,6.132667303085327
nongauss_mixed,nongauss,0,5,CDK 2ec (default),5,0.9968691099886755,6.398546457290649
nongauss_mixed,nongauss,0,5,CDK 2ec / Gaussian null,5,0.9968691099886755,7.632706880569458
nongauss_mixed,nongauss,0,5,CDK 2ec / AD statistic,5,0.9968691099886755,8.712458610534668
nongauss_mixed,nongauss,0,5,CDK 2ec / no multiplicity corr.,5,0.9968691099886755,6.1397624015808105
nongauss_mixed,nongauss,0,5,CDK 2ec / n_min=15,5,0.9968691099886755,7.020028591156006
nongauss_mixed,nongauss,0,5,CDK 2ec / n_min=40,5,0.9968691099886755,6.003409385681152
nongauss_uniform,nongauss,9,5,CDK 2ec (default),5,1.0,7.947276830673218
nongauss_uniform,nongauss,9,5,CDK 2ec / Gaussian null,7,0.8656648038359737,10.994765520095825
nongauss_uniform,nongauss,9,5,CDK 2ec / AD statistic,5,1.0,11.329193353652954
nongauss_uniform,nongauss,9,5,CDK 2ec / no multiplicity corr.,6,0.9347274899409335,8.755264282226562
nongauss_uniform,nongauss,9,5,CDK 2ec / n_min=15,5,1.0,11.042930841445923
nongauss_uniform,nongauss,9,5,CDK 2ec / n_min=40,5,1.0,7.868753910064697
nongauss_mixed,nongauss,1,5,CDK 2ec (default),5,0.972461845853068,6.144953966140747
nongauss_mixed,nongauss,1,5,CDK 2ec / Gaussian null,6,0.9190219104870987,7.6570725440979
nongauss_mixed,nongauss,1,5,CDK 2ec / AD statistic,5,0.972461845853068,8.42647409439087
nongauss_mixed,nongauss,1,5,CDK 2ec / no multiplicity corr.,5,0.972461845853068,5.7837231159210205
nongauss_mixed,nongauss,1,5,CDK 2ec / n_min=15,5,0.972461845853068,6.995541334152222
nongauss_mixed,nongauss,1,5,CDK 2ec / n_min=40,5,0.972461845853068,6.095294713973999
nongauss_mixed,nongauss,2,5,CDK 2ec (default),6,0.9266300847734658,6.175936937332153
nongauss_mixed,nongauss,2,5,CDK 2ec / Gaussian null,5,0.9906271808867675,7.05016565322876
nongauss_mixed,nongauss,2,5,CDK 2ec / AD statistic,5,0.9906271808867675,8.330261468887329
nongauss_mixed,nongauss,2,5,CDK 2ec / no multiplicity corr.,6,0.9266300847734658,6.319262981414795
nongauss_mixed,nongauss,2,5,CDK 2ec / n_min=15,5,0.9906271808867675,6.029637575149536
nongauss_mixed,nongauss,2,5,CDK 2ec / n_min=40,5,0.9906271808867675,5.533444881439209
nongauss_mixed,nongauss,3,5,CDK 2ec (default),5,0.9937579600246279,5.378859519958496
nongauss_mixed,nongauss,3,5,CDK 2ec / Gaussian null,5,0.9937579600246279,7.435931921005249
nongauss_mixed,nongauss,3,5,CDK 2ec / AD statistic,5,0.9937579600246279,7.798535585403442
nongauss_mixed,nongauss,3,5,CDK 2ec / no multiplicity corr.,5,0.9937579600246279,5.875910043716431
nongauss_mixed,nongauss,3,5,CDK 2ec / n_min=15,5,0.9937579600246279,7.129941463470459
nongauss_mixed,nongauss,3,5,CDK 2ec / n_min=40,6,0.930831804312831,4.876384496688843
nongauss_mixed,nongauss,4,5,CDK 2ec (default),5,0.9725416274279405,5.3498334884643555
nongauss_mixed,nongauss,4,5,CDK 2ec / Gaussian null,5,0.9725416274279405,6.4008824825286865
nongauss_mixed,nongauss,4,5,CDK 2ec / AD statistic,5,0.9725416274279405,7.174806118011475
nongauss_mixed,nongauss,4,5,CDK 2ec / no multiplicity corr.,5,0.9725416274279405,5.430837869644165
nongauss_mixed,nongauss,4,5,CDK 2ec / n_min=15,5,0.9725416274279405,6.744194746017456
nongauss_mixed,nongauss,4,5,CDK 2ec / n_min=40,5,0.9725416274279405,5.402934312820435
nongauss_mixed,nongauss,5,5,CDK 2ec (default),5,1.0,6.000993013381958
nongauss_mixed,nongauss,5,5,CDK 2ec / Gaussian null,5,1.0,7.5910844802856445
nongauss_mixed,nongauss,5,5,CDK 2ec / AD statistic,5,1.0,9.333911418914795
nongauss_mixed,nongauss,5,5,CDK 2ec / no multiplicity corr.,5,1.0,6.44740891456604
nongauss_mixed,nongauss,5,5,CDK 2ec / n_min=15,6,0.9429885413572903,8.247504711151123
nongauss_mixed,nongauss,5,5,CDK 2ec / n_min=40,5,1.0,6.9356772899627686
nongauss_mixed,nongauss,6,5,CDK 2ec (default),5,1.0,5.466575384140015
nongauss_mixed,nongauss,6,5,CDK 2ec / Gaussian null,6,0.9523557162264612,7.578768968582153
nongauss_mixed,nongauss,6,5,CDK 2ec / AD statistic,5,1.0,7.787307262420654
nongauss_mixed,nongauss,6,5,CDK 2ec / no multiplicity corr.,5,1.0,5.820671796798706
nongauss_mixed,nongauss,6,5,CDK 2ec / n_min=15,5,1.0,8.038236856460571
nongauss_mixed,nongauss,6,5,CDK 2ec / n_min=40,5,1.0,6.352124452590942
nongauss_mixed,nongauss,8,5,CDK 2ec (default),5,0.9845044162845311,6.192849636077881
nongauss_mixed,nongauss,8,5,CDK 2ec / Gaussian null,5,0.9845044162845311,7.186553955078125
nongauss_mixed,nongauss,8,5,CDK 2ec / AD statistic,5,0.9845044162845311,9.118168830871582
nongauss_mixed,nongauss,8,5,CDK 2ec / no multiplicity corr.,5,0.9845044162845311,6.580382347106934
nongauss_mixed,nongauss,8,5,CDK 2ec / n_min=15,5,0.9845044162845311,6.901496410369873
nongauss_mixed,nongauss,8,5,CDK 2ec / n_min=40,5,0.9845044162845311,6.156621217727661
nongauss_mixed,nongauss,7,5,CDK 2ec (default),5,0.9968691099886755,5.937343120574951
nongauss_mixed,nongauss,7,5,CDK 2ec / Gaussian null,5,0.9968691099886755,8.074634075164795
nongauss_mixed,nongauss,7,5,CDK 2ec / AD statistic,5,0.9968691099886755,8.396559238433838
nongauss_mixed,nongauss,7,5,CDK 2ec / no multiplicity corr.,5,0.9968691099886755,6.197393178939819
nongauss_mixed,nongauss,7,5,CDK 2ec / n_min=15,5,0.9968691099886755,9.112299919128418
nongauss_mixed,nongauss,7,5,CDK 2ec / n_min=40,5,0.9968691099886755,6.369235515594482
nongauss_skew,nongauss,0,5,CDK 2ec (default),6,0.9475807033572363,7.162174701690674
nongauss_skew,nongauss,0,5,CDK 2ec / Gaussian null,6,0.9475807033572363,7.832942724227905
nongauss_skew,nongauss,0,5,CDK 2ec / AD statistic,7,0.9065208324608229,9.49695110321045
nongauss_skew,nongauss,0,5,CDK 2ec / no multiplicity corr.,6,0.9475807033572363,7.094741344451904
nongauss_skew,nongauss,0,5,CDK 2ec / n_min=15,5,0.9844647950001386,7.910719633102417
nongauss_skew,nongauss,0,5,CDK 2ec / n_min=40,5,0.9844647950001386,3.9394166469573975
nongauss_mixed,nongauss,9,5,CDK 2ec (default),5,0.9844647950001386,6.980370998382568
nongauss_mixed,nongauss,9,5,CDK 2ec / Gaussian null,5,0.9844647950001386,8.190839052200317
nongauss_mixed,nongauss,9,5,CDK 2ec / AD statistic,6,0.9402040255413473,9.478675842285156
nongauss_mixed,nongauss,9,5,CDK 2ec / no multiplicity corr.,6,0.9402040255413473,6.716142892837524
nongauss_mixed,nongauss,9,5,CDK 2ec / n_min=15,5,0.9844647950001386,8.241852283477783
nongauss_mixed,nongauss,9,5,CDK 2ec / n_min=40,5,0.9844647950001386,5.848905086517334
nongauss_skew,nongauss,1,5,CDK 2ec (default),5,1.0,6.507874965667725
nongauss_skew,nongauss,1,5,CDK 2ec / Gaussian null,6,0.9429885413572903,7.782925367355347
nongauss_skew,nongauss,1,5,CDK 2ec / AD statistic,6,0.9429885413572903,10.055663347244263
nongauss_skew,nongauss,1,5,CDK 2ec / no multiplicity corr.,6,0.9461850913763284,7.165921449661255
nongauss_skew,nongauss,1,5,CDK 2ec / n_min=15,6,0.9673346592179846,9.194078207015991
nongauss_skew,nongauss,1,5,CDK 2ec / n_min=40,5,1.0,4.860645771026611
nongauss_skew,nongauss,2,5,CDK 2ec (default),6,0.9364218256618193,7.153688430786133
nongauss_skew,nongauss,2,5,CDK 2ec / Gaussian null,9,0.771745268053486,8.987133264541626
nongauss_skew,nongauss,2,5,CDK 2ec / AD statistic,7,0.8804393552603436,11.288580417633057
nongauss_skew,nongauss,2,5,CDK 2ec / no multiplicity corr.,6,0.9364218256618193,7.090340852737427
nongauss_skew,nongauss,2,5,CDK 2ec / n_min=15,7,0.8734767683410346,7.843076467514038
nongauss_skew,nongauss,2,5,CDK 2ec / n_min=40,6,0.9364218256618193,5.3900110721588135
nongauss_skew,nongauss,3,5,CDK 2ec (default),6,0.9435766013901896,7.698050022125244
nongauss_skew,nongauss,3,5,CDK 2ec / Gaussian null,9,0.7948977693558607,9.236029624938965
nongauss_skew,nongauss,3,5,CDK 2ec / AD statistic,6,0.9435766013901896,11.868292570114136
nongauss_skew,nongauss,3,5,CDK 2ec / no multiplicity corr.,6,0.9435766013901896,8.657353162765503
nongauss_skew,nongauss,3,5,CDK 2ec / n_min=15,5,0.9937579600246279,8.804542779922485
nongauss_skew,nongauss,3,5,CDK 2ec / n_min=40,6,0.9435766013901896,6.490723371505737
nongauss_skew,nongauss,4,5,CDK 2ec (default),5,0.9906173109804156,7.30578875541687
nongauss_skew,nongauss,4,5,CDK 2ec / Gaussian null,9,0.810922181671815,9.589790105819702
nongauss_skew,nongauss,4,5,CDK 2ec / AD statistic,7,0.8806824377222732,13.344592571258545
nongauss_skew,nongauss,4,5,CDK 2ec / no multiplicity corr.,5,0.9906173109804156,8.437864303588867
nongauss_skew,nongauss,4,5,CDK 2ec / n_min=15,5,0.9906173109804156,8.853242874145508
nongauss_skew,nongauss,4,5,CDK 2ec / n_min=40,5,0.9906173109804156,5.184814453125
nongauss_skew,nongauss,5,5,CDK 2ec (default),5,1.0,7.547640800476074
nongauss_skew,nongauss,5,5,CDK 2ec / Gaussian null,8,0.8322132173091267,8.91097640991211
nongauss_skew,nongauss,5,5,CDK 2ec / AD statistic,8,0.8322132173091267,11.405015230178833
nongauss_skew,nongauss,5,5,CDK 2ec / no multiplicity corr.,7,0.9004654232326645,7.702883958816528
nongauss_skew,nongauss,5,5,CDK 2ec / n_min=15,5,1.0,8.190221309661865
nongauss_skew,nongauss,5,5,CDK 2ec / n_min=40,5,1.0,5.478687524795532
nongauss_skew,nongauss,6,5,CDK 2ec (default),8,0.853449111375226,7.964578866958618
nongauss_skew,nongauss,6,5,CDK 2ec / Gaussian null,7,0.89143734848287,9.381470441818237
nongauss_skew,nongauss,6,5,CDK 2ec / AD statistic,7,0.89143734848287,11.453717708587646
nongauss_skew,nongauss,6,5,CDK 2ec / no multiplicity corr.,8,0.853449111375226,7.8527350425720215
nongauss_skew,nongauss,6,5,CDK 2ec / n_min=15,6,0.9279571855725547,9.125216960906982
nongauss_skew,nongauss,6,5,CDK 2ec / n_min=40,6,0.9279571855725547,6.657794713973999
nongauss_skew,nongauss,7,5,CDK 2ec (default),6,0.9662011947790693,7.1500537395477295
nongauss_skew,nongauss,7,5,CDK 2ec / Gaussian null,7,0.9165693884519013,8.369432210922241
nongauss_skew,nongauss,7,5,CDK 2ec / AD statistic,6,0.9662011947790693,9.790482759475708
nongauss_skew,nongauss,7,5,CDK 2ec / no multiplicity corr.,6,0.9662011947790693,7.590977430343628
nongauss_skew,nongauss,7,5,CDK 2ec / n_min=15,6,0.9662011947790693,8.375208377838135
nongauss_skew,nongauss,7,5,CDK 2ec / n_min=40,5,1.0,4.069356679916382
nongauss_skew,nongauss,8,5,CDK 2ec (default),7,0.8393624132020464,6.7536821365356445
nongauss_skew,nongauss,8,5,CDK 2ec / Gaussian null,6,0.9022152105107945,7.1861138343811035
nongauss_skew,nongauss,8,5,CDK 2ec / AD statistic,5,0.9548751829339958,8.552711486816406
nongauss_skew,nongauss,8,5,CDK 2ec / no multiplicity corr.,9,0.8087463400735522,7.070468187332153
nongauss_skew,nongauss,8,5,CDK 2ec / n_min=15,7,0.8712520985675095,8.759418249130249
nongauss_skew,nongauss,8,5,CDK 2ec / n_min=40,5,0.9548751829339958,4.582515239715576
nongauss_skew,nongauss,9,5,CDK 2ec (default),5,0.9580022035212857,6.849367380142212
nongauss_skew,nongauss,9,5,CDK 2ec / Gaussian null,6,0.9058869192897809,8.607457876205444
nongauss_skew,nongauss,9,5,CDK 2ec / AD statistic,7,0.8643702056691546,10.08389163017273
nongauss_skew,nongauss,9,5,CDK 2ec / no multiplicity corr.,6,0.9189416945653325,7.349768161773682
nongauss_skew,nongauss,9,5,CDK 2ec / n_min=15,6,0.9189416945653325,8.040513038635254
nongauss_skew,nongauss,9,5,CDK 2ec / n_min=40,6,0.9058869192897809,5.3185131549835205
nongauss_t3_d10,nongauss,0,5,CDK 2ec (default),6,0.9332670899453707,8.618848323822021
nongauss_t3_d10,nongauss,0,5,CDK 2ec / Gaussian null,5,0.9968691099886755,8.623207569122314
nongauss_t3_d10,nongauss,0,5,CDK 2ec / AD statistic,6,0.9332670899453707,11.31143593788147
nongauss_t3_d10,nongauss,0,5,CDK 2ec / no multiplicity corr.,6,0.9332670899453707,9.091017961502075
nongauss_t3_d10,nongauss,0,5,CDK 2ec / n_min=15,5,0.9968691099886755,6.817934513092041
nongauss_t3_d10,nongauss,0,5,CDK 2ec / n_min=40,5,0.9968691099886755,8.5047025680542
nongauss_t3_d10,nongauss,1,5,CDK 2ec (default),6,0.9262101467586455,8.867461681365967
nongauss_t3_d10,nongauss,1,5,CDK 2ec / Gaussian null,5,0.9906370506764907,8.323328256607056
nongauss_t3_d10,nongauss,1,5,CDK 2ec / AD statistic,6,0.9262101467586455,11.268195867538452
nongauss_t3_d10,nongauss,1,5,CDK 2ec / no multiplicity corr.,6,0.9262101467586455,8.843292474746704
nongauss_t3_d10,nongauss,1,5,CDK 2ec / n_min=15,5,0.9906370506764907,8.06401515007019
nongauss_t3_d10,nongauss,1,5,CDK 2ec / n_min=40,5,0.9906370506764907,9.453810214996338
nongauss_t3_d10,nongauss,2,5,CDK 2ec (default),5,1.0,8.491676330566406
nongauss_t3_d10,nongauss,2,5,CDK 2ec / Gaussian null,5,1.0,8.631450414657593
nongauss_t3_d10,nongauss,2,5,CDK 2ec / AD statistic,5,1.0,9.63638424873352
nongauss_t3_d10,nongauss,2,5,CDK 2ec / no multiplicity corr.,5,1.0,8.57845664024353
nongauss_t3_d10,nongauss,2,5,CDK 2ec / n_min=15,4,0.7817536192297186,8.054668664932251
nongauss_t3_d10,nongauss,2,5,CDK 2ec / n_min=40,5,1.0,9.002261400222778
nongauss_t3_d10,nongauss,3,5,CDK 2ec (default),5,0.9875259556813485,8.137363910675049
nongauss_t3_d10,nongauss,3,5,CDK 2ec / Gaussian null,5,0.9875259556813485,8.082657098770142
nongauss_t3_d10,nongauss,3,5,CDK 2ec / AD statistic,6,0.9466637276372153,10.101096391677856
nongauss_t3_d10,nongauss,3,5,CDK 2ec / no multiplicity corr.,5,0.9875259556813485,7.948293447494507
nongauss_t3_d10,nongauss,3,5,CDK 2ec / n_min=15,6,0.9311397120422007,8.790817975997925
nongauss_t3_d10,nongauss,3,5,CDK 2ec / n_min=40,5,0.9875259556813485,8.623474359512329
nongauss_t3_d10,nongauss,4,5,CDK 2ec (default),5,1.0,8.668697834014893
nongauss_t3_d10,nongauss,4,5,CDK 2ec / Gaussian null,5,1.0,8.201879978179932
nongauss_t3_d10,nongauss,4,5,CDK 2ec / AD statistic,5,1.0,10.758306741714478
nongauss_t3_d10,nongauss,4,5,CDK 2ec / no multiplicity corr.,6,0.9353951098555107,8.038366794586182
nongauss_t3_d10,nongauss,4,5,CDK 2ec / n_min=15,5,1.0,7.052265882492065
nongauss_t3_d10,nongauss,4,5,CDK 2ec / n_min=40,6,0.9353951098555107,9.023531675338745
nongauss_t3_d10,nongauss,5,5,CDK 2ec (default),5,0.9968691099886755,9.722565650939941
nongauss_t3_d10,nongauss,5,5,CDK 2ec / Gaussian null,5,0.9968691099886755,9.030909299850464
nongauss_t3_d10,nongauss,5,5,CDK 2ec / AD statistic,5,0.9968691099886755,10.74470591545105
nongauss_t3_d10,nongauss,5,5,CDK 2ec / no multiplicity corr.,5,0.9968691099886755,9.31320834159851
nongauss_t3_d10,nongauss,5,5,CDK 2ec / n_min=15,5,0.9968691099886755,8.946024179458618
nongauss_t3_d10,nongauss,5,5,CDK 2ec / n_min=40,5,0.9968691099886755,8.828290939331055
nongauss_t3_d10,nongauss,6,5,CDK 2ec (default),5,0.9968691099886755,8.12071180343628
nongauss_t3_d10,nongauss,6,5,CDK 2ec / Gaussian null,5,0.9968691099886755,8.144627094268799
nongauss_t3_d10,nongauss,6,5,CDK 2ec / AD statistic,6,0.9316332782841157,9.524848699569702
nongauss_t3_d10,nongauss,6,5,CDK 2ec / no multiplicity corr.,5,0.9968691099886755,8.40368914604187
nongauss_t3_d10,nongauss,6,5,CDK 2ec / n_min=15,6,0.9316332782841157,8.572567462921143
nongauss_t3_d10,nongauss,6,5,CDK 2ec / n_min=40,5,0.9968691099886755,8.552710771560669
nongauss_t3_d10,nongauss,7,5,CDK 2ec (default),5,0.9968691099886755,8.974434852600098
nongauss_t3_d10,nongauss,7,5,CDK 2ec / Gaussian null,5,0.9968691099886755,9.897946119308472
nongauss_t3_d10,nongauss,7,5,CDK 2ec / AD statistic,7,0.8855456604023118,12.960868120193481
nongauss_t3_d10,nongauss,7,5,CDK 2ec / no multiplicity corr.,5,0.9968691099886755,8.986698865890503
nongauss_t3_d10,nongauss,7,5,CDK 2ec / n_min=15,5,0.9968691099886755,6.308809518814087
nongauss_t3_d10,nongauss,7,5,CDK 2ec / n_min=40,5,0.9968691099886755,9.476144790649414
nongauss_t3_d10,nongauss,8,5,CDK 2ec (default),5,0.9968691099886755,9.00229787826538
nongauss_t3_d10,nongauss,8,5,CDK 2ec / Gaussian null,5,0.9968691099886755,9.238919496536255
nongauss_t3_d10,nongauss,8,5,CDK 2ec / AD statistic,5,0.9968691099886755,11.186619758605957
nongauss_t3_d10,nongauss,8,5,CDK 2ec / no multiplicity corr.,5,0.9968691099886755,8.828279733657837
nongauss_t3_d10,nongauss,8,5,CDK 2ec / n_min=15,5,0.9968691099886755,8.116970777511597
nongauss_t3_d10,nongauss,8,5,CDK 2ec / n_min=40,5,0.9968691099886755,8.387886047363281
null_gaussian_d2,null,0,1,CDK 2ec (default),1,1.0,5.491123676300049
null_gaussian_d2,null,0,1,CDK 2ec / Gaussian null,1,1.0,6.532581329345703
null_gaussian_d2,null,0,1,CDK 2ec / AD statistic,1,1.0,6.280762672424316
null_gaussian_d2,null,0,1,CDK 2ec / no multiplicity corr.,1,1.0,5.203210115432739
null_gaussian_d2,null,0,1,CDK 2ec / n_min=15,1,1.0,7.201233863830566
null_gaussian_d2,null,0,1,CDK 2ec / n_min=40,1,1.0,5.13147759437561
nongauss_t3_d10,nongauss,9,5,CDK 2ec (default),6,0.9495033964571772,11.176854610443115
nongauss_t3_d10,nongauss,9,5,CDK 2ec / Gaussian null,6,0.931957244561114,10.039512634277344
nongauss_t3_d10,nongauss,9,5,CDK 2ec / AD statistic,6,0.9312894797174276,12.363316535949707
nongauss_t3_d10,nongauss,9,5,CDK 2ec / no multiplicity corr.,6,0.9495033964571772,10.615570068359375
nongauss_t3_d10,nongauss,9,5,CDK 2ec / n_min=15,5,0.9937480346795808,9.902324676513672
nongauss_t3_d10,nongauss,9,5,CDK 2ec / n_min=40,5,0.9937480346795808,9.17958688735962
null_gaussian_d2,null,1,1,CDK 2ec (default),1,1.0,4.197721004486084
null_gaussian_d2,null,1,1,CDK 2ec / Gaussian null,1,1.0,6.294562101364136
null_gaussian_d2,null,1,1,CDK 2ec / AD statistic,1,1.0,5.80158257484436
null_gaussian_d2,null,1,1,CDK 2ec / no multiplicity corr.,1,1.0,4.433623313903809
null_gaussian_d2,null,1,1,CDK 2ec / n_min=15,1,1.0,6.9729084968566895
null_gaussian_d2,null,1,1,CDK 2ec / n_min=40,1,1.0,3.801154136657715
null_gaussian_d2,null,2,1,CDK 2ec (default),1,1.0,5.229403018951416
null_gaussian_d2,null,2,1,CDK 2ec / Gaussian null,2,0.0,7.207707643508911
null_gaussian_d2,null,2,1,CDK 2ec / AD statistic,1,1.0,6.35109281539917
null_gaussian_d2,null,2,1,CDK 2ec / no multiplicity corr.,1,1.0,5.468410015106201
null_gaussian_d2,null,2,1,CDK 2ec / n_min=15,1,1.0,7.58852744102478
null_gaussian_d2,null,2,1,CDK 2ec / n_min=40,1,1.0,4.907738208770752
null_gaussian_d2,null,3,1,CDK 2ec (default),1,1.0,4.551146745681763
null_gaussian_d2,null,3,1,CDK 2ec / Gaussian null,1,1.0,7.534970760345459
null_gaussian_d2,null,3,1,CDK 2ec / AD statistic,1,1.0,5.605528354644775
null_gaussian_d2,null,3,1,CDK 2ec / no multiplicity corr.,1,1.0,4.899280548095703
null_gaussian_d2,null,3,1,CDK 2ec / n_min=15,1,1.0,7.768880128860474
null_gaussian_d2,null,3,1,CDK 2ec / n_min=40,1,1.0,3.92303204536438
null_gaussian_d2,null,5,1,CDK 2ec (default),1,1.0,5.982657432556152
null_gaussian_d2,null,5,1,CDK 2ec / Gaussian null,1,1.0,7.504239797592163
null_gaussian_d2,null,5,1,CDK 2ec / AD statistic,1,1.0,6.629306077957153
null_gaussian_d2,null,5,1,CDK 2ec / no multiplicity corr.,2,0.0,6.149933099746704
null_gaussian_d2,null,5,1,CDK 2ec / n_min=15,1,1.0,6.626351594924927
null_gaussian_d2,null,5,1,CDK 2ec / n_min=40,1,1.0,2.631007671356201
null_gaussian_d2,null,4,1,CDK 2ec (default),1,1.0,5.564621448516846
null_gaussian_d2,null,4,1,CDK 2ec / Gaussian null,3,0.0,7.7736029624938965
null_gaussian_d2,null,4,1,CDK 2ec / AD statistic,1,1.0,7.191918611526489
null_gaussian_d2,null,4,1,CDK 2ec / no multiplicity corr.,2,0.0,5.733083724975586
null_gaussian_d2,null,4,1,CDK 2ec / n_min=15,1,1.0,7.453805446624756
null_gaussian_d2,null,4,1,CDK 2ec / n_min=40,1,1.0,5.017151355743408
null_gaussian_d2,null,6,1,CDK 2ec (default),1,1.0,5.310672283172607
null_gaussian_d2,null,6,1,CDK 2ec / Gaussian null,1,1.0,7.053931474685669
null_gaussian_d2,null,6,1,CDK 2ec / AD statistic,1,1.0,6.41540002822876
null_gaussian_d2,null,6,1,CDK 2ec / no multiplicity corr.,1,1.0,5.093867063522339
null_gaussian_d2,null,6,1,CDK 2ec / n_min=15,1,1.0,6.543946027755737
null_gaussian_d2,null,6,1,CDK 2ec / n_min=40,1,1.0,3.3019766807556152
null_gaussian_d2,null,7,1,CDK 2ec (default),1,1.0,6.108571767807007
null_gaussian_d2,null,7,1,CDK 2ec / Gaussian null,2,0.0,7.7635815143585205
null_gaussian_d2,null,7,1,CDK 2ec / AD statistic,1,1.0,6.059875249862671
null_gaussian_d2,null,7,1,CDK 2ec / no multiplicity corr.,2,0.0,5.970134735107422
null_gaussian_d2,null,7,1,CDK 2ec / n_min=15,1,1.0,7.634100437164307
null_gaussian_d2,null,7,1,CDK 2ec / n_min=40,1,1.0,3.48930025100708
null_gaussian_d2,null,8,1,CDK 2ec (default),1,1.0,5.161776781082153
null_gaussian_d2,null,8,1,CDK 2ec / Gaussian null,1,1.0,7.346555948257446
null_gaussian_d2,null,8,1,CDK 2ec / AD statistic,1,1.0,5.482330799102783
null_gaussian_d2,null,8,1,CDK 2ec / no multiplicity corr.,1,1.0,5.3763017654418945
null_gaussian_d2,null,8,1,CDK 2ec / n_min=15,1,1.0,5.854114294052124
null_gaussian_d2,null,8,1,CDK 2ec / n_min=40,1,1.0,3.016368865966797
null_gaussian_d2,null,9,1,CDK 2ec (default),1,1.0,4.382880926132202
null_gaussian_d2,null,9,1,CDK 2ec / Gaussian null,1,1.0,6.388843774795532
null_gaussian_d2,null,9,1,CDK 2ec / AD statistic,1,1.0,4.970794439315796
null_gaussian_d2,null,9,1,CDK 2ec / no multiplicity corr.,1,1.0,4.364049911499023
null_gaussian_d2,null,9,1,CDK 2ec / n_min=15,1,1.0,6.975925445556641
null_gaussian_d2,null,9,1,CDK 2ec / n_min=40,1,1.0,3.851043939590454
null_gaussian_d10,null,0,1,CDK 2ec (default),1,1.0,4.581159353256226
null_gaussian_d10,null,0,1,CDK 2ec / Gaussian null,1,1.0,3.133214235305786
null_gaussian_d10,null,0,1,CDK 2ec / AD statistic,1,1.0,3.180807113647461
null_gaussian_d10,null,0,1,CDK 2ec / no multiplicity corr.,1,1.0,4.432084560394287
null_gaussian_d10,null,0,1,CDK 2ec / n_min=15,1,1.0,2.972151517868042
null_gaussian_d10,null,0,1,CDK 2ec / n_min=40,1,1.0,4.278362274169922
null_gaussian_d10,null,1,1,CDK 2ec (default),1,1.0,4.919053316116333
null_gaussian_d10,null,1,1,CDK 2ec / Gaussian null,1,1.0,3.701882839202881
null_gaussian_d10,null,1,1,CDK 2ec / AD statistic,1,1.0,3.7085673809051514
null_gaussian_d10,null,1,1,CDK 2ec / no multiplicity corr.,1,1.0,4.822334289550781
null_gaussian_d10,null,1,1,CDK 2ec / n_min=15,1,1.0,2.7693984508514404
null_gaussian_d10,null,1,1,CDK 2ec / n_min=40,1,1.0,3.8432493209838867
null_gaussian_d10,null,2,1,CDK 2ec (default),1,1.0,3.887993812561035
null_gaussian_d10,null,2,1,CDK 2ec / Gaussian null,1,1.0,3.0764355659484863
null_gaussian_d10,null,2,1,CDK 2ec / AD statistic,1,1.0,3.9562623500823975
null_gaussian_d10,null,2,1,CDK 2ec / no multiplicity corr.,1,1.0,4.061671257019043
null_gaussian_d10,null,2,1,CDK 2ec / n_min=15,1,1.0,2.9511356353759766
null_gaussian_d10,null,2,1,CDK 2ec / n_min=40,1,1.0,3.1973867416381836
null_gaussian_d10,null,3,1,CDK 2ec (default),1,1.0,4.607569932937622
null_gaussian_d10,null,3,1,CDK 2ec / Gaussian null,1,1.0,2.8578779697418213
null_gaussian_d10,null,3,1,CDK 2ec / AD statistic,1,1.0,4.35483193397522
null_gaussian_d10,null,3,1,CDK 2ec / no multiplicity corr.,1,1.0,4.456431150436401
null_gaussian_d10,null,3,1,CDK 2ec / n_min=15,1,1.0,3.377746343612671
null_gaussian_d10,null,3,1,CDK 2ec / n_min=40,1,1.0,4.769887447357178
null_gaussian_d10,null,4,1,CDK 2ec (default),1,1.0,4.129090785980225
null_gaussian_d10,null,4,1,CDK 2ec / Gaussian null,1,1.0,3.6275553703308105
null_gaussian_d10,null,4,1,CDK 2ec / AD statistic,1,1.0,2.9691436290740967
null_gaussian_d10,null,4,1,CDK 2ec / no multiplicity corr.,1,1.0,4.189589738845825
null_gaussian_d10,null,4,1,CDK 2ec / n_min=15,1,1.0,3.0635147094726562
null_gaussian_d10,null,4,1,CDK 2ec / n_min=40,1,1.0,4.405486583709717
null_gaussian_d10,null,5,1,CDK 2ec (default),1,1.0,4.019476890563965
null_gaussian_d10,null,5,1,CDK 2ec / Gaussian null,1,1.0,2.6899197101593018
null_gaussian_d10,null,5,1,CDK 2ec / AD statistic,1,1.0,2.093961000442505
null_gaussian_d10,null,5,1,CDK 2ec / no multiplicity corr.,1,1.0,3.998361349105835
null_gaussian_d10,null,5,1,CDK 2ec / n_min=15,1,1.0,3.0190203189849854
null_gaussian_d10,null,5,1,CDK 2ec / n_min=40,1,1.0,2.7776947021484375
null_gaussian_d10,null,6,1,CDK 2ec (default),1,1.0,3.690335512161255
null_gaussian_d10,null,6,1,CDK 2ec / Gaussian null,1,1.0,2.0619304180145264
null_gaussian_d10,null,6,1,CDK 2ec / AD statistic,1,1.0,2.251404285430908
null_gaussian_d10,null,6,1,CDK 2ec / no multiplicity corr.,1,1.0,3.7271008491516113
null_gaussian_d10,null,6,1,CDK 2ec / n_min=15,1,1.0,4.534240961074829
null_gaussian_d10,null,6,1,CDK 2ec / n_min=40,1,1.0,4.9287848472595215
null_gaussian_d10,null,7,1,CDK 2ec (default),1,1.0,4.082865476608276
null_gaussian_d10,null,7,1,CDK 2ec / Gaussian null,1,1.0,2.9051120281219482
null_gaussian_d10,null,7,1,CDK 2ec / AD statistic,1,1.0,3.0254499912261963
null_gaussian_d10,null,7,1,CDK 2ec / no multiplicity corr.,1,1.0,3.8670709133148193
null_gaussian_d10,null,7,1,CDK 2ec / n_min=15,1,1.0,2.113157033920288
null_gaussian_d10,null,7,1,CDK 2ec / n_min=40,1,1.0,3.230128049850464
null_gaussian_d10,null,8,1,CDK 2ec (default),1,1.0,3.238576650619507
null_gaussian_d10,null,8,1,CDK 2ec / Gaussian null,1,1.0,1.8137662410736084
null_gaussian_d10,null,8,1,CDK 2ec / AD statistic,1,1.0,3.128582239151001
null_gaussian_d10,null,8,1,CDK 2ec / no multiplicity corr.,1,1.0,3.2750351428985596
null_gaussian_d10,null,8,1,CDK 2ec / n_min=15,1,1.0,2.562654733657837
null_gaussian_d10,null,8,1,CDK 2ec / n_min=40,1,1.0,2.8133091926574707
null_gaussian_d10,null,9,1,CDK 2ec (default),1,1.0,3.8429031372070312
null_gaussian_d10,null,9,1,CDK 2ec / Gaussian null,1,1.0,2.1017680168151855
null_gaussian_d10,null,9,1,CDK 2ec / AD statistic,1,1.0,3.5326883792877197
null_gaussian_d10,null,9,1,CDK 2ec / no multiplicity corr.,1,1.0,3.8078410625457764
null_gaussian_d10,null,9,1,CDK 2ec / n_min=15,1,1.0,3.215876817703247
null_gaussian_d10,null,9,1,CDK 2ec / n_min=40,1,1.0,3.85536527633667
null_uniform_d2,null,0,1,CDK 2ec (default),1,1.0,4.974768877029419
null_uniform_d2,null,0,1,CDK 2ec / Gaussian null,2,0.0,7.063827753067017
null_uniform_d2,null,0,1,CDK 2ec / AD statistic,1,1.0,6.737493515014648
null_uniform_d2,null,0,1,CDK 2ec / no multiplicity corr.,2,0.0,5.338984727859497
null_uniform_d2,null,0,1,CDK 2ec / n_min=15,1,1.0,7.301594257354736
null_uniform_d2,null,0,1,CDK 2ec / n_min=40,1,1.0,3.685589075088501
null_uniform_d2,null,1,1,CDK 2ec (default),1,1.0,4.741419315338135
null_uniform_d2,null,1,1,CDK 2ec / Gaussian null,1,1.0,6.652322769165039
null_uniform_d2,null,1,1,CDK 2ec / AD statistic,1,1.0,5.9307661056518555
null_uniform_d2,null,1,1,CDK 2ec / no multiplicity corr.,1,1.0,4.831199407577515
null_uniform_d2,null,1,1,CDK 2ec / n_min=15,1,1.0,6.835235834121704
null_uniform_d2,null,1,1,CDK 2ec / n_min=40,1,1.0,4.48609185218811
null_uniform_d2,null,2,1,CDK 2ec (default),1,1.0,5.838288307189941
null_uniform_d2,null,2,1,CDK 2ec / Gaussian null,1,1.0,7.971120119094849
null_uniform_d2,null,2,1,CDK 2ec / AD statistic,1,1.0,8.090781450271606
null_uniform_d2,null,2,1,CDK 2ec / no multiplicity corr.,1,1.0,6.196562051773071
null_uniform_d2,null,2,1,CDK 2ec / n_min=15,1,1.0,7.549196243286133
null_uniform_d2,null,2,1,CDK 2ec / n_min=40,2,0.0,5.0558812618255615
null_uniform_d2,null,3,1,CDK 2ec (default),1,1.0,5.666990280151367
null_uniform_d2,null,3,1,CDK 2ec / Gaussian null,2,0.0,8.308015823364258
null_uniform_d2,null,3,1,CDK 2ec / AD statistic,1,1.0,7.822844505310059
null_uniform_d2,null,3,1,CDK 2ec / no multiplicity corr.,2,0.0,5.660701513290405
null_uniform_d2,null,3,1,CDK 2ec / n_min=15,1,1.0,6.083774566650391
null_uniform_d2,null,3,1,CDK 2ec / n_min=40,1,1.0,4.994054079055786
null_uniform_d2,null,4,1,CDK 2ec (default),1,1.0,5.563504934310913
null_uniform_d2,null,4,1,CDK 2ec / Gaussian null,2,0.0,6.843578100204468
null_uniform_d2,null,4,1,CDK 2ec / AD statistic,1,1.0,5.858558416366577
null_uniform_d2,null,4,1,CDK 2ec / no multiplicity corr.,3,0.0,5.4588847160339355
null_uniform_d2,null,4,1,CDK 2ec / n_min=15,1,1.0,6.528807640075684
null_uniform_d2,null,4,1,CDK 2ec / n_min=40,1,1.0,4.343479633331299
null_uniform_d2,null,5,1,CDK 2ec (default),1,1.0,5.2225661277771
null_uniform_d2,null,5,1,CDK 2ec / Gaussian null,1,1.0,7.4447314739227295
null_uniform_d2,null,5,1,CDK 2ec / AD statistic,1,1.0,6.3667731285095215
null_uniform_d2,null,5,1,CDK 2ec / no multiplicity corr.,1,1.0,5.419898509979248
null_uniform_d2,null,5,1,CDK 2ec / n_min=15,1,1.0,7.235595941543579
null_uniform_d2,null,5,1,CDK 2ec / n_min=40,1,1.0,5.125807285308838
null_uniform_d2,null,6,1,CDK 2ec (default),1,1.0,4.915755748748779
null_uniform_d2,null,6,1,CDK 2ec / Gaussian null,1,1.0,7.257656574249268
null_uniform_d2,null,6,1,CDK 2ec / AD statistic,1,1.0,6.403715133666992
null_uniform_d2,null,6,1,CDK 2ec / no multiplicity corr.,1,1.0,4.811551094055176
null_uniform_d2,null,6,1,CDK 2ec / n_min=15,1,1.0,5.772881746292114
null_uniform_d2,null,6,1,CDK 2ec / n_min=40,1,1.0,3.629451036453247
null_uniform_d2,null,7,1,CDK 2ec (default),1,1.0,5.025844097137451
null_uniform_d2,null,7,1,CDK 2ec / Gaussian null,3,0.0,7.195796489715576
null_uniform_d2,null,7,1,CDK 2ec / AD statistic,1,1.0,6.785159587860107
null_uniform_d2,null,7,1,CDK 2ec / no multiplicity corr.,1,1.0,4.860917806625366
null_uniform_d2,null,7,1,CDK 2ec / n_min=15,1,1.0,6.482314825057983
null_uniform_d2,null,7,1,CDK 2ec / n_min=40,2,0.0,5.359585285186768
null_uniform_d2,null,8,1,CDK 2ec (default),1,1.0,5.415637254714966
null_uniform_d2,null,8,1,CDK 2ec / Gaussian null,2,0.0,7.289243459701538
null_uniform_d2,null,8,1,CDK 2ec / AD statistic,1,1.0,6.624175786972046
null_uniform_d2,null,8,1,CDK 2ec / no multiplicity corr.,1,1.0,5.88934588432312
null_uniform_d2,null,8,1,CDK 2ec / n_min=15,1,1.0,7.624411106109619
null_uniform_d2,null,8,1,CDK 2ec / n_min=40,1,1.0,4.718608856201172
null_uniform_d2,null,9,1,CDK 2ec (default),1,1.0,6.136560678482056
null_uniform_d2,null,9,1,CDK 2ec / Gaussian null,3,0.0,7.66225266456604
null_uniform_d2,null,9,1,CDK 2ec / AD statistic,1,1.0,6.243572473526001
null_uniform_d2,null,9,1,CDK 2ec / no multiplicity corr.,3,0.0,6.319713354110718
null_uniform_d2,null,9,1,CDK 2ec / n_min=15,1,1.0,7.743153810501099
null_uniform_d2,null,9,1,CDK 2ec / n_min=40,1,1.0,4.756897211074829
null_uniform_d10,null,0,1,CDK 2ec (default),1,1.0,4.865524530410767
null_uniform_d10,null,0,1,CDK 2ec / Gaussian null,1,1.0,3.224926710128784
null_uniform_d10,null,0,1,CDK 2ec / AD statistic,1,1.0,6.385963439941406
null_uniform_d10,null,0,1,CDK 2ec / no multiplicity corr.,1,1.0,4.749252080917358
null_uniform_d10,null,0,1,CDK 2ec / n_min=15,1,1.0,4.470637559890747
null_uniform_d10,null,0,1,CDK 2ec / n_min=40,1,1.0,5.824185848236084
null_uniform_d10,null,1,1,CDK 2ec (default),1,1.0,3.876877784729004
null_uniform_d10,null,1,1,CDK 2ec / Gaussian null,1,1.0,2.935481071472168
null_uniform_d10,null,1,1,CDK 2ec / AD statistic,1,1.0,3.876544952392578
null_uniform_d10,null,1,1,CDK 2ec / no multiplicity corr.,1,1.0,3.875180244445801
null_uniform_d10,null,1,1,CDK 2ec / n_min=15,1,1.0,3.8489272594451904
null_uniform_d10,null,1,1,CDK 2ec / n_min=40,1,1.0,4.83502459526062
null_uniform_d10,null,2,1,CDK 2ec (default),1,1.0,4.677748918533325
null_uniform_d10,null,2,1,CDK 2ec / Gaussian null,1,1.0,4.145632982254028
null_uniform_d10,null,2,1,CDK 2ec / AD statistic,1,1.0,5.241588592529297
null_uniform_d10,null,2,1,CDK 2ec / no multiplicity corr.,1,1.0,4.576315402984619
null_uniform_d10,null,2,1,CDK 2ec / n_min=15,1,1.0,3.8311150074005127
null_uniform_d10,null,2,1,CDK 2ec / n_min=40,1,1.0,5.189381122589111
null_uniform_d10,null,3,1,CDK 2ec (default),1,1.0,5.492137908935547
null_uniform_d10,null,3,1,CDK 2ec / Gaussian null,1,1.0,4.949741840362549
null_uniform_d10,null,3,1,CDK 2ec / AD statistic,1,1.0,5.2504754066467285
null_uniform_d10,null,3,1,CDK 2ec / no multiplicity corr.,1,1.0,5.748850584030151
null_uniform_d10,null,3,1,CDK 2ec / n_min=15,1,1.0,5.971158027648926
null_uniform_d10,null,3,1,CDK 2ec / n_min=40,1,1.0,4.6336750984191895
null_uniform_d10,null,4,1,CDK 2ec (default),1,1.0,5.426611661911011
null_uniform_d10,null,4,1,CDK 2ec / Gaussian null,1,1.0,3.6539809703826904
null_uniform_d10,null,4,1,CDK 2ec / AD statistic,1,1.0,6.31657600402832
null_uniform_d10,null,4,1,CDK 2ec / no multiplicity corr.,1,1.0,5.712432622909546
null_uniform_d10,null,4,1,CDK 2ec / n_min=15,1,1.0,5.026658296585083
null_uniform_d10,null,4,1,CDK 2ec / n_min=40,1,1.0,4.236406564712524
null_uniform_d10,null,5,1,CDK 2ec (default),1,1.0,7.439575433731079
null_uniform_d10,null,5,1,CDK 2ec / Gaussian null,1,1.0,4.597919702529907
null_uniform_d10,null,5,1,CDK 2ec / AD statistic,1,1.0,6.10954737663269
null_uniform_d10,null,5,1,CDK 2ec / no multiplicity corr.,1,1.0,7.657418966293335
null_uniform_d10,null,5,1,CDK 2ec / n_min=15,1,1.0,6.012623310089111
null_uniform_d10,null,5,1,CDK 2ec / n_min=40,1,1.0,6.159753799438477
null_uniform_d10,null,6,1,CDK 2ec (default),1,1.0,6.170472145080566
null_uniform_d10,null,6,1,CDK 2ec / Gaussian null,1,1.0,3.697570323944092
null_uniform_d10,null,6,1,CDK 2ec / AD statistic,1,1.0,4.8505473136901855
null_uniform_d10,null,6,1,CDK 2ec / no multiplicity corr.,1,1.0,5.890464544296265
null_uniform_d10,null,6,1,CDK 2ec / n_min=15,1,1.0,4.290764093399048
null_uniform_d10,null,6,1,CDK 2ec / n_min=40,1,1.0,4.974441051483154
null_uniform_d10,null,7,1,CDK 2ec (default),1,1.0,6.398582458496094
null_uniform_d10,null,7,1,CDK 2ec / Gaussian null,1,1.0,4.5526416301727295
null_uniform_d10,null,7,1,CDK 2ec / AD statistic,1,1.0,7.111846446990967
null_uniform_d10,null,7,1,CDK 2ec / no multiplicity corr.,1,1.0,6.3551025390625
null_uniform_d10,null,7,1,CDK 2ec / n_min=15,1,1.0,5.348836183547974
null_uniform_d10,null,7,1,CDK 2ec / n_min=40,1,1.0,5.556814193725586
null_uniform_d10,null,8,1,CDK 2ec (default),1,1.0,4.92896032333374
null_uniform_d10,null,8,1,CDK 2ec / Gaussian null,1,1.0,2.968470335006714
null_uniform_d10,null,8,1,CDK 2ec / AD statistic,1,1.0,5.262907028198242
null_uniform_d10,null,8,1,CDK 2ec / no multiplicity corr.,1,1.0,4.649454355239868
null_uniform_d10,null,8,1,CDK 2ec / n_min=15,1,1.0,3.9065425395965576
null_uniform_d10,null,8,1,CDK 2ec / n_min=40,1,1.0,3.8800225257873535
null_uniform_d10,null,9,1,CDK 2ec (default),1,1.0,4.742596864700317
null_uniform_d10,null,9,1,CDK 2ec / Gaussian null,1,1.0,4.0634026527404785
null_uniform_d10,null,9,1,CDK 2ec / AD statistic,1,1.0,5.1206207275390625
null_uniform_d10,null,9,1,CDK 2ec / no multiplicity corr.,1,1.0,4.748741626739502
null_uniform_d10,null,9,1,CDK 2ec / n_min=15,1,1.0,6.920061349868774
null_uniform_d10,null,9,1,CDK 2ec / n_min=40,1,1.0,3.592264413833618
null_t3_d2,null,1,1,CDK 2ec (default),1,1.0,0.002755880355834961
null_t3_d2,null,1,1,CDK 2ec / Gaussian null,1,1.0,0.00702214241027832
null_t3_d2,null,1,1,CDK 2ec / AD statistic,1,1.0,0.006939888000488281
null_t3_d2,null,1,1,CDK 2ec / no multiplicity corr.,1,1.0,0.0027189254760742188
null_t3_d2,null,1,1,CDK 2ec / n_min=15,1,1.0,0.0066187381744384766
null_t3_d2,null,1,1,CDK 2ec / n_min=40,1,1.0,0.0064504146575927734
null_t3_d2,null,0,1,CDK 2ec (default),2,0.0,5.2715888023376465
null_t3_d2,null,0,1,CDK 2ec / Gaussian null,1,1.0,6.466069936752319
null_t3_d2,null,0,1,CDK 2ec / AD statistic,4,0.0,7.634238958358765
null_t3_d2,null,0,1,CDK 2ec / no multiplicity corr.,2,0.0,5.055687665939331
null_t3_d2,null,0,1,CDK 2ec / n_min=15,2,0.0,7.478323698043823
null_t3_d2,null,0,1,CDK 2ec / n_min=40,1,1.0,4.70238733291626
null_t3_d2,null,2,1,CDK 2ec (default),1,1.0,4.535911560058594
null_t3_d2,null,2,1,CDK 2ec / Gaussian null,3,0.0,7.038490295410156
null_t3_d2,null,2,1,CDK 2ec / AD statistic,1,1.0,7.217007637023926
null_t3_d2,null,2,1,CDK 2ec / no multiplicity corr.,2,0.0,4.72553277015686
null_t3_d2,null,2,1,CDK 2ec / n_min=15,2,0.0,7.6730616092681885
null_t3_d2,null,2,1,CDK 2ec / n_min=40,3,0.0,2.601897716522217
null_t3_d2,null,3,1,CDK 2ec (default),1,1.0,4.4076902866363525
null_t3_d2,null,3,1,CDK 2ec / Gaussian null,1,1.0,6.344151258468628
null_t3_d2,null,3,1,CDK 2ec / AD statistic,2,0.0,7.931828022003174
null_t3_d2,null,3,1,CDK 2ec / no multiplicity corr.,1,1.0,4.4796202182769775
null_t3_d2,null,3,1,CDK 2ec / n_min=15,1,1.0,8.28926968574524
null_t3_d2,null,3,1,CDK 2ec / n_min=40,2,0.0,4.1535656452178955
null_t3_d2,null,4,1,CDK 2ec (default),1,1.0,3.7124810218811035
null_t3_d2,null,4,1,CDK 2ec / Gaussian null,2,0.0,4.15498685836792
null_t3_d2,null,4,1,CDK 2ec / AD statistic,2,0.0,5.331781387329102
null_t3_d2,null,4,1,CDK 2ec / no multiplicity corr.,1,1.0,3.520312547683716
null_t3_d2,null,4,1,CDK 2ec / n_min=15,1,1.0,8.23168420791626
null_t3_d2,null,4,1,CDK 2ec / n_min=40,1,1.0,2.717623233795166
null_t3_d2,null,5,1,CDK 2ec (default),1,1.0,3.4158380031585693
null_t3_d2,null,5,1,CDK 2ec / Gaussian null,1,1.0,3.9548234939575195
null_t3_d2,null,5,1,CDK 2ec / AD statistic,1,1.0,4.311097145080566
null_t3_d2,null,5,1,CDK 2ec / no multiplicity corr.,2,0.0,3.3948230743408203
null_t3_d2,null,5,1,CDK 2ec / n_min=15,2,0.0,7.023681640625
null_t3_d2,null,5,1,CDK 2ec / n_min=40,1,1.0,2.1914334297180176
null_t3_d2,null,6,1,CDK 2ec (default),1,1.0,1.9706149101257324
null_t3_d2,null,6,1,CDK 2ec / Gaussian null,1,1.0,2.653017044067383
null_t3_d2,null,6,1,CDK 2ec / AD statistic,1,1.0,3.2208521366119385
null_t3_d2,null,6,1,CDK 2ec / no multiplicity corr.,1,1.0,1.9288811683654785
null_t3_d2,null,6,1,CDK 2ec / n_min=15,2,0.0,6.788308620452881
null_t3_d2,null,6,1,CDK 2ec / n_min=40,1,1.0,2.0946085453033447
null_t3_d2,null,7,1,CDK 2ec (default),1,1.0,3.7812113761901855
null_t3_d2,null,7,1,CDK 2ec / Gaussian null,2,0.0,4.461787700653076
null_t3_d2,null,7,1,CDK 2ec / AD statistic,2,0.0,4.281893968582153
null_t3_d2,null,7,1,CDK 2ec / no multiplicity corr.,1,1.0,3.791808605194092
null_t3_d2,null,7,1,CDK 2ec / n_min=15,2,0.0,6.501530170440674
null_t3_d2,null,7,1,CDK 2ec / n_min=40,1,1.0,1.360945701599121
null_t3_d2,null,8,1,CDK 2ec (default),2,0.0,3.6325442790985107
null_t3_d2,null,8,1,CDK 2ec / Gaussian null,2,0.0,5.50463604927063
null_t3_d2,null,8,1,CDK 2ec / AD statistic,2,0.0,5.233801603317261
null_t3_d2,null,8,1,CDK 2ec / no multiplicity corr.,2,0.0,3.8297479152679443
null_t3_d2,null,8,1,CDK 2ec / n_min=15,2,0.0,5.264270544052124
null_t3_d2,null,8,1,CDK 2ec / n_min=40,1,1.0,2.3951103687286377
null_t3_d10,null,0,1,CDK 2ec (default),1,1.0,1.5108003616333008
null_t3_d10,null,0,1,CDK 2ec / Gaussian null,1,1.0,1.8529284000396729
null_t3_d10,null,0,1,CDK 2ec / AD statistic,2,0.0,3.7986936569213867
null_t3_d10,null,0,1,CDK 2ec / no multiplicity corr.,1,1.0,1.5607914924621582
null_t3_d10,null,0,1,CDK 2ec / n_min=15,1,1.0,2.9162402153015137
null_t3_d10,null,0,1,CDK 2ec / n_min=40,1,1.0,0.8455061912536621
null_t3_d10,null,1,1,CDK 2ec (default),1,1.0,0.7956404685974121
null_t3_d10,null,1,1,CDK 2ec / Gaussian null,1,1.0,0.9551074504852295
null_t3_d10,null,1,1,CDK 2ec / AD statistic,2,0.0,1.441866397857666
null_t3_d10,null,1,1,CDK 2ec / no multiplicity corr.,1,1.0,0.7900187969207764
null_t3_d10,null,1,1,CDK 2ec / n_min=15,1,1.0,1.7629961967468262
null_t3_d10,null,1,1,CDK 2ec / n_min=40,1,1.0,0.829592227935791
null_t3_d2,null,9,1,CDK 2ec (default),3,0.0,5.335123062133789
null_t3_d2,null,9,1,CDK 2ec / Gaussian null,4,0.0,6.45438027381897
null_t3_d2,null,9,1,CDK 2ec / AD statistic,5,0.0,7.405776500701904
null_t3_d2,null,9,1,CDK 2ec / no multiplicity corr.,3,0.0,5.2458953857421875
null_t3_d2,null,9,1,CDK 2ec / n_min=15,2,0.0,6.994731664657593
null_t3_d2,null,9,1,CDK 2ec / n_min=40,1,1.0,1.6743009090423584
null_t3_d10,null,3,1,CDK 2ec (default),1,1.0,0.004556417465209961
null_t3_d10,null,3,1,CDK 2ec / Gaussian null,1,1.0,0.0038945674896240234
null_t3_d10,null,3,1,CDK 2ec / AD statistic,1,1.0,0.004076480865478516
null_t3_d10,null,3,1,CDK 2ec / no multiplicity corr.,1,1.0,0.0038175582885742188
null_t3_d10,null,3,1,CDK 2ec / n_min=15,1,1.0,0.003976345062255859
null_t3_d10,null,3,1,CDK 2ec / n_min=40,1,1.0,0.005349636077880859
null_t3_d10,null,4,1,CDK 2ec (default),1,1.0,0.6714920997619629
null_t3_d10,null,4,1,CDK 2ec / Gaussian null,1,1.0,2.812687635421753
null_t3_d10,null,4,1,CDK 2ec / AD statistic,1,1.0,2.550751209259033
null_t3_d10,null,4,1,CDK 2ec / no multiplicity corr.,1,1.0,0.6835927963256836
null_t3_d10,null,4,1,CDK 2ec / n_min=15,1,1.0,2.9329116344451904
null_t3_d10,null,4,1,CDK 2ec / n_min=40,1,1.0,0.6463663578033447
null_t3_d10,null,5,1,CDK 2ec (default),1,1.0,0.0059413909912109375
null_t3_d10,null,5,1,CDK 2ec / Gaussian null,1,1.0,0.006035804748535156
null_t3_d10,null,5,1,CDK 2ec / AD statistic,1,1.0,0.005713462829589844
null_t3_d10,null,5,1,CDK 2ec / no multiplicity corr.,1,1.0,0.006182432174682617
null_t3_d10,null,5,1,CDK 2ec / n_min=15,1,1.0,0.0058362483978271484
null_t3_d10,null,5,1,CDK 2ec / n_min=40,1,1.0,0.005867958068847656
null_t3_d10,null,2,1,CDK 2ec (default),1,1.0,3.5351083278656006
null_t3_d10,null,2,1,CDK 2ec / Gaussian null,2,0.0,4.30667519569397
null_t3_d10,null,2,1,CDK 2ec / AD statistic,1,1.0,5.583662033081055
null_t3_d10,null,2,1,CDK 2ec / no multiplicity corr.,1,1.0,3.4312846660614014
null_t3_d10,null,2,1,CDK 2ec / n_min=15,1,1.0,3.8924646377563477
null_t3_d10,null,2,1,CDK 2ec / n_min=40,1,1.0,2.182023763656616
null_t3_d10,null,6,1,CDK 2ec (default),1,1.0,2.2476491928100586
null_t3_d10,null,6,1,CDK 2ec / Gaussian null,1,1.0,1.3062193393707275
null_t3_d10,null,6,1,CDK 2ec / AD statistic,1,1.0,2.3409016132354736
null_t3_d10,null,6,1,CDK 2ec / no multiplicity corr.,1,1.0,2.180356979370117
null_t3_d10,null,6,1,CDK 2ec / n_min=15,1,1.0,2.435427665710449
null_t3_d10,null,6,1,CDK 2ec / n_min=40,1,1.0,3.2035250663757324
null_t3_d10,null,8,1,CDK 2ec (default),1,1.0,0.0054073333740234375
null_t3_d10,null,8,1,CDK 2ec / Gaussian null,1,1.0,0.00536036491394043
null_t3_d10,null,8,1,CDK 2ec / AD statistic,1,1.0,0.005199909210205078
null_t3_d10,null,8,1,CDK 2ec / no multiplicity corr.,1,1.0,0.005232810974121094
null_t3_d10,null,8,1,CDK 2ec / n_min=15,1,1.0,0.005249738693237305
null_t3_d10,null,8,1,CDK 2ec / n_min=40,1,1.0,0.0053446292877197266
null_t3_d10,null,7,1,CDK 2ec (default),1,1.0,2.0091958045959473
null_t3_d10,null,7,1,CDK 2ec / Gaussian null,1,1.0,5.0522472858428955
null_t3_d10,null,7,1,CDK 2ec / AD statistic,1,1.0,6.051042795181274
null_t3_d10,null,7,1,CDK 2ec / no multiplicity corr.,1,1.0,1.9808940887451172
null_t3_d10,null,7,1,CDK 2ec / n_min=15,1,1.0,2.33345103263855
null_t3_d10,null,7,1,CDK 2ec / n_min=40,1,1.0,2.8107311725616455
null_t3_d10,null,9,1,CDK 2ec (default),1,1.0,1.7390623092651367
null_t3_d10,null,9,1,CDK 2ec / Gaussian null,1,1.0,3.2148613929748535
null_t3_d10,null,9,1,CDK 2ec / AD statistic,1,1.0,4.476724863052368
null_t3_d10,null,9,1,CDK 2ec / no multiplicity corr.,1,1.0,1.698535442352295
null_t3_d10,null,9,1,CDK 2ec / n_min=15,1,1.0,3.5170583724975586
null_t3_d10,null,9,1,CDK 2ec / n_min=40,1,1.0,4.709895372390747
null_aniso_d2,null,0,1,CDK 2ec (default),1,1.0,5.553936004638672
null_aniso_d2,null,0,1,CDK 2ec / Gaussian null,2,0.0,6.595726728439331
null_aniso_d2,null,0,1,CDK 2ec / AD statistic,2,0.0,6.675287961959839
null_aniso_d2,null,0,1,CDK 2ec / no multiplicity corr.,1,1.0,5.286514520645142
null_aniso_d2,null,0,1,CDK 2ec / n_min=15,1,1.0,6.7847912311553955
null_aniso_d2,null,0,1,CDK 2ec / n_min=40,2,0.0,4.643739461898804
null_aniso_d2,null,1,1,CDK 2ec (default),1,1.0,6.655857801437378
null_aniso_d2,null,1,1,CDK 2ec / Gaussian null,1,1.0,6.700884819030762
null_aniso_d2,null,1,1,CDK 2ec / AD statistic,1,1.0,7.076966762542725
null_aniso_d2,null,1,1,CDK 2ec / no multiplicity corr.,3,0.0,6.568370580673218
null_aniso_d2,null,1,1,CDK 2ec / n_min=15,2,0.0,7.099167346954346
null_aniso_d2,null,1,1,CDK 2ec / n_min=40,5,0.0,4.728917598724365
null_aniso_d2,null,2,1,CDK 2ec (default),1,1.0,4.255666971206665
null_aniso_d2,null,2,1,CDK 2ec / Gaussian null,1,1.0,5.785189867019653
null_aniso_d2,null,2,1,CDK 2ec / AD statistic,1,1.0,6.792346954345703
null_aniso_d2,null,2,1,CDK 2ec / no multiplicity corr.,1,1.0,4.480291366577148
null_aniso_d2,null,2,1,CDK 2ec / n_min=15,2,0.0,7.369692802429199
null_aniso_d2,null,2,1,CDK 2ec / n_min=40,1,1.0,4.5754594802856445
null_aniso_d2,null,3,1,CDK 2ec (default),1,1.0,4.3764808177948
null_aniso_d2,null,3,1,CDK 2ec / Gaussian null,1,1.0,5.719614744186401
null_aniso_d2,null,3,1,CDK 2ec / AD statistic,1,1.0,6.123780250549316
null_aniso_d2,null,3,1,CDK 2ec / no multiplicity corr.,1,1.0,4.084242820739746
null_aniso_d2,null,3,1,CDK 2ec / n_min=15,2,0.0,6.052806377410889
null_aniso_d2,null,3,1,CDK 2ec / n_min=40,3,0.0,5.375624418258667
null_aniso_d2,null,4,1,CDK 2ec (default),1,1.0,5.380072832107544
null_aniso_d2,null,4,1,CDK 2ec / Gaussian null,1,1.0,6.726048946380615
null_aniso_d2,null,4,1,CDK 2ec / AD statistic,1,1.0,6.517283916473389
null_aniso_d2,null,4,1,CDK 2ec / no multiplicity corr.,2,0.0,5.1311094760894775
null_aniso_d2,null,4,1,CDK 2ec / n_min=15,1,1.0,6.120355844497681
null_aniso_d2,null,4,1,CDK 2ec / n_min=40,1,1.0,3.7209508419036865
null_aniso_d2,null,5,1,CDK 2ec (default),1,1.0,5.834408283233643
null_aniso_d2,null,5,1,CDK 2ec / Gaussian null,1,1.0,6.140978097915649
null_aniso_d2,null,5,1,CDK 2ec / AD statistic,1,1.0,6.801298379898071
null_aniso_d2,null,5,1,CDK 2ec / no multiplicity corr.,1,1.0,5.678456783294678
null_aniso_d2,null,5,1,CDK 2ec / n_min=15,1,1.0,7.219971418380737
null_aniso_d2,null,5,1,CDK 2ec / n_min=40,2,0.0,5.649796485900879
null_aniso_d2,null,6,1,CDK 2ec (default),1,1.0,4.3253819942474365
null_aniso_d2,null,6,1,CDK 2ec / Gaussian null,1,1.0,5.493908643722534
null_aniso_d2,null,6,1,CDK 2ec / AD statistic,1,1.0,6.4822046756744385
null_aniso_d2,null,6,1,CDK 2ec / no multiplicity corr.,1,1.0,4.7119972705841064
null_aniso_d2,null,6,1,CDK 2ec / n_min=15,2,0.0,7.455503940582275
null_aniso_d2,null,6,1,CDK 2ec / n_min=40,3,0.0,4.93189811706543
null_aniso_d2,null,7,1,CDK 2ec (default),1,1.0,5.586333513259888
null_aniso_d2,null,7,1,CDK 2ec / Gaussian null,3,0.0,7.171679973602295
null_aniso_d2,null,7,1,CDK 2ec / AD statistic,2,0.0,6.721440076828003
null_aniso_d2,null,7,1,CDK 2ec / no multiplicity corr.,1,1.0,5.605456829071045
null_aniso_d2,null,7,1,CDK 2ec / n_min=15,1,1.0,7.11676549911499
null_aniso_d2,null,7,1,CDK 2ec / n_min=40,1,1.0,4.948659181594849
null_aniso_d2,null,8,1,CDK 2ec (default),1,1.0,4.843593120574951
null_aniso_d2,null,8,1,CDK 2ec / Gaussian null,2,0.0,6.484355211257935
null_aniso_d2,null,8,1,CDK 2ec / AD statistic,1,1.0,6.40308403968811
null_aniso_d2,null,8,1,CDK 2ec / no multiplicity corr.,1,1.0,4.865588426589966
null_aniso_d2,null,8,1,CDK 2ec / n_min=15,1,1.0,6.932234287261963
null_aniso_d2,null,8,1,CDK 2ec / n_min=40,1,1.0,4.368340492248535
null_aniso_d2,null,9,1,CDK 2ec (default),1,1.0,5.621615171432495
null_aniso_d2,null,9,1,CDK 2ec / Gaussian null,1,1.0,7.409606218338013
null_aniso_d2,null,9,1,CDK 2ec / AD statistic,1,1.0,6.590102672576904
null_aniso_d2,null,9,1,CDK 2ec / no multiplicity corr.,1,1.0,5.765358209609985
null_aniso_d2,null,9,1,CDK 2ec / n_min=15,2,0.0,7.909878730773926
null_aniso_d2,null,9,1,CDK 2ec / n_min=40,1,1.0,5.942404508590698
null_aniso_d10,null,0,1,CDK 2ec (default),1,1.0,3.5459911823272705
null_aniso_d10,null,0,1,CDK 2ec / Gaussian null,1,1.0,4.310125827789307
null_aniso_d10,null,0,1,CDK 2ec / AD statistic,1,1.0,3.1738405227661133
null_aniso_d10,null,0,1,CDK 2ec / no multiplicity corr.,1,1.0,3.993419647216797
null_aniso_d10,null,0,1,CDK 2ec / n_min=15,1,1.0,5.192045211791992
null_aniso_d10,null,0,1,CDK 2ec / n_min=40,1,1.0,2.962611198425293
null_aniso_d10,null,1,1,CDK 2ec (default),1,1.0,5.329451560974121
null_aniso_d10,null,1,1,CDK 2ec / Gaussian null,1,1.0,5.313495397567749
null_aniso_d10,null,1,1,CDK 2ec / AD statistic,1,1.0,3.8975911140441895
null_aniso_d10,null,1,1,CDK 2ec / no multiplicity corr.,1,1.0,5.087763547897339
null_aniso_d10,null,1,1,CDK 2ec / n_min=15,1,1.0,4.870168924331665
null_aniso_d10,null,1,1,CDK 2ec / n_min=40,1,1.0,2.4269051551818848
null_aniso_d10,null,2,1,CDK 2ec (default),1,1.0,5.09633469581604
null_aniso_d10,null,2,1,CDK 2ec / Gaussian null,1,1.0,4.15163779258728
null_aniso_d10,null,2,1,CDK 2ec / AD statistic,1,1.0,3.654348850250244
null_aniso_d10,null,2,1,CDK 2ec / no multiplicity corr.,1,1.0,4.996919393539429
null_aniso_d10,null,2,1,CDK 2ec / n_min=15,1,1.0,4.070193290710449
null_aniso_d10,null,2,1,CDK 2ec / n_min=40,1,1.0,3.688284397125244
null_aniso_d10,null,4,1,CDK 2ec (default),1,1.0,5.12996506690979
null_aniso_d10,null,4,1,CDK 2ec / Gaussian null,1,1.0,4.979260444641113
null_aniso_d10,null,4,1,CDK 2ec / AD statistic,1,1.0,3.7209675312042236
null_aniso_d10,null,4,1,CDK 2ec / no multiplicity corr.,1,1.0,5.208636283874512
null_aniso_d10,null,4,1,CDK 2ec / n_min=15,1,1.0,7.091444492340088
null_aniso_d10,null,4,1,CDK 2ec / n_min=40,1,1.0,3.2706828117370605
null_aniso_d10,null,3,1,CDK 2ec (default),1,1.0,5.0418713092803955
null_aniso_d10,null,3,1,CDK 2ec / Gaussian null,1,1.0,5.690165042877197
null_aniso_d10,null,3,1,CDK 2ec / AD statistic,1,1.0,5.3789684772491455
null_aniso_d10,null,3,1,CDK 2ec / no multiplicity corr.,1,1.0,4.944221019744873
null_aniso_d10,null,3,1,CDK 2ec / n_min=15,1,1.0,7.963708877563477
null_aniso_d10,null,3,1,CDK 2ec / n_min=40,1,1.0,6.071205139160156
null_aniso_d10,null,6,1,CDK 2ec (default),1,1.0,4.0434300899505615
null_aniso_d10,null,6,1,CDK 2ec / Gaussian null,1,1.0,4.3504369258880615
null_aniso_d10,null,6,1,CDK 2ec / AD statistic,1,1.0,3.818143606185913
null_aniso_d10,null,6,1,CDK 2ec / no multiplicity corr.,1,1.0,4.10041618347168
null_aniso_d10,null,6,1,CDK 2ec / n_min=15,1,1.0,4.618276596069336
null_aniso_d10,null,6,1,CDK 2ec / n_min=40,1,1.0,1.9740800857543945
null_aniso_d10,null,5,1,CDK 2ec (default),1,1.0,4.9453349113464355
null_aniso_d10,null,5,1,CDK 2ec / Gaussian null,1,1.0,5.041246652603149
null_aniso_d10,null,5,1,CDK 2ec / AD statistic,1,1.0,4.470631837844849
null_aniso_d10,null,5,1,CDK 2ec / no multiplicity corr.,1,1.0,4.883701324462891
null_aniso_d10,null,5,1,CDK 2ec / n_min=15,1,1.0,5.018576383590698
null_aniso_d10,null,5,1,CDK 2ec / n_min=40,1,1.0,3.9894609451293945
null_aniso_d10,null,8,1,CDK 2ec (default),1,1.0,4.789555549621582
null_aniso_d10,null,8,1,CDK 2ec / Gaussian null,1,1.0,4.895602464675903
null_aniso_d10,null,8,1,CDK 2ec / AD statistic,1,1.0,2.4144983291625977
null_aniso_d10,null,8,1,CDK 2ec / no multiplicity corr.,1,1.0,4.845472574234009
null_aniso_d10,null,8,1,CDK 2ec / n_min=15,1,1.0,5.313793420791626
null_aniso_d10,null,8,1,CDK 2ec / n_min=40,1,1.0,5.323127269744873
null_aniso_d10,null,7,1,CDK 2ec (default),1,1.0,4.88476037979126
null_aniso_d10,null,7,1,CDK 2ec / Gaussian null,1,1.0,4.419668912887573
null_aniso_d10,null,7,1,CDK 2ec / AD statistic,1,1.0,3.9594080448150635
null_aniso_d10,null,7,1,CDK 2ec / no multiplicity corr.,1,1.0,5.2499237060546875
null_aniso_d10,null,7,1,CDK 2ec / n_min=15,1,1.0,4.564456939697266
null_aniso_d10,null,7,1,CDK 2ec / n_min=40,1,1.0,5.382150411605835
null_aniso_d10,null,9,1,CDK 2ec (default),1,1.0,5.283722162246704
null_aniso_d10,null,9,1,CDK 2ec / Gaussian null,1,1.0,5.076557397842407
null_aniso_d10,null,9,1,CDK 2ec / AD statistic,1,1.0,4.59555196762085
null_aniso_d10,null,9,1,CDK 2ec / no multiplicity corr.,1,1.0,5.205430507659912
null_aniso_d10,null,9,1,CDK 2ec / n_min=15,1,1.0,4.563747406005859
null_aniso_d10,null,9,1,CDK 2ec / n_min=40,1,1.0,4.0793068408966064
