dataset,family,rep,n,d,true_k,method,k_hat,runtime,n_tests,k_init,conf_lo,conf_hi,sep_evidence,p_median,ARI,AMI,NMI
sep_k2_d2,sep,1,800,2,2,CDK knn+2ec,2,4.690976142883301,52,21,2,2,0.28846153846153844,0.38461538461538464,1.0,1.0,1.0
sep_k2_d2,sep,0,800,2,2,CDK knn+2ec,2,5.181710720062256,44,18,2,3,0.4090909090909091,0.05,1.0,1.0,1.0
sep_k2_d2,sep,2,800,2,2,CDK knn+2ec,3,4.5300140380859375,47,19,2,3,0.40425531914893614,0.095,0.939144206126726,0.9200446375817923,0.9201787941782873
sep_k2_d2,sep,3,800,2,2,CDK knn+2ec,2,4.097493886947632,41,17,2,2,0.36585365853658536,0.135,1.0,1.0,1.0
sep_k2_d2,sep,5,800,2,2,CDK knn+2ec,2,4.193149089813232,47,19,2,2,0.425531914893617,0.055,1.0,1.0,1.0
sep_k2_d2,sep,4,800,2,2,CDK knn+2ec,2,5.864501476287842,48,19,2,2,0.5,0.015,1.0,1.0,1.0
sep_k2_d2,sep,6,800,2,2,CDK knn+2ec,2,4.678380489349365,39,16,2,3,0.5128205128205128,0.01,1.0,1.0,1.0
sep_k2_d2,sep,7,800,2,2,CDK knn+2ec,2,4.752516508102417,54,21,2,2,0.37037037037037035,0.2121153846153846,1.0,1.0,1.0
sep_k2_d2,sep,8,800,2,2,CDK knn+2ec,2,4.489664554595947,42,17,2,3,0.47619047619047616,0.0175,1.0,1.0,1.0
sep_k2_d2,sep,9,800,2,2,CDK knn+2ec,2,4.223654747009277,38,16,2,3,0.3157894736842105,0.09,1.0,1.0,1.0
sep_k2_d2,sep,10,800,2,2,CDK knn+2ec,2,3.9597604274749756,38,16,2,2,0.39473684210526316,0.125,1.0,1.0,1.0
sep_k2_d2,sep,11,800,2,2,CDK knn+2ec,2,3.5634143352508545,42,17,2,2,0.38095238095238093,0.2628205128205128,1.0,1.0,1.0
sep_k2_d2,sep,12,800,2,2,CDK knn+2ec,2,4.4161412715911865,55,22,2,3,0.2909090909090909,0.38461538461538464,1.0,1.0,1.0
sep_k2_d2,sep,13,800,2,2,CDK knn+2ec,2,3.5259647369384766,41,17,2,2,0.3902439024390244,0.26666666666666666,1.0,1.0,1.0
sep_k2_d2,sep,15,800,2,2,CDK knn+2ec,2,4.056695938110352,50,20,2,2,0.32,0.2669683257918552,1.0,1.0,1.0
sep_k2_d2,sep,14,800,2,2,CDK knn+2ec,2,5.516050577163696,52,20,2,5,0.36538461538461536,0.045,1.0,1.0,1.0
sep_k2_d2,sep,16,800,2,2,CDK knn+2ec,2,3.9717671871185303,39,16,2,2,0.41025641025641024,0.175,1.0,1.0,1.0
sep_k2_d2,sep,17,800,2,2,CDK knn+2ec,2,5.297505140304565,54,22,2,2,0.37037037037037035,0.06,1.0,1.0,1.0
sep_k2_d2,sep,18,800,2,2,CDK knn+2ec,2,4.738842487335205,46,18,2,3,0.3695652173913043,0.060000000000000005,1.0,1.0,1.0
sep_k2_d2,sep,19,800,2,2,CDK knn+2ec,2,3.584307909011841,38,16,2,2,0.34210526315789475,0.2196153846153846,1.0,1.0,1.0
sep_k2_d10,sep,0,800,10,2,CDK knn+2ec,2,2.662031412124634,50,21,2,2,0.0,0.5769230769230769,1.0,1.0,1.0
sep_k2_d10,sep,1,800,10,2,CDK knn+2ec,2,3.4060118198394775,49,21,2,2,0.061224489795918366,0.6538461538461539,1.0,1.0,1.0
sep_k2_d10,sep,2,800,10,2,CDK knn+2ec,2,3.8826987743377686,41,17,2,2,0.07317073170731707,0.5384615384615384,1.0,1.0,1.0
sep_k2_d10,sep,3,800,10,2,CDK knn+2ec,2,3.4950318336486816,44,19,2,2,0.045454545454545456,0.8461538461538461,1.0,1.0,1.0
sep_k2_d10,sep,5,800,10,2,CDK knn+2ec,2,2.186147928237915,45,20,2,2,0.0,0.7307692307692307,1.0,1.0,1.0
sep_k2_d10,sep,4,800,10,2,CDK knn+2ec,2,4.167179822921753,52,21,2,2,0.057692307692307696,0.6153846153846154,1.0,1.0,1.0
sep_k2_d10,sep,7,800,10,2,CDK knn+2ec,2,2.3468635082244873,42,19,2,2,0.023809523809523808,0.7307692307692307,1.0,1.0,1.0
sep_k2_d10,sep,6,800,10,2,CDK knn+2ec,2,2.565892457962036,51,22,2,2,0.0196078431372549,0.8846153846153846,1.0,1.0,1.0
sep_k2_d10,sep,9,800,10,2,CDK knn+2ec,2,2.842327117919922,50,21,2,2,0.04,0.7307692307692307,1.0,1.0,1.0
sep_k2_d10,sep,8,800,10,2,CDK knn+2ec,2,4.211316108703613,42,18,2,2,0.07142857142857142,0.5961538461538461,1.0,1.0,1.0
sep_k2_d10,sep,10,800,10,2,CDK knn+2ec,2,3.8819189071655273,47,20,2,2,0.0851063829787234,0.6923076923076923,1.0,1.0,1.0
sep_k2_d10,sep,11,800,10,2,CDK knn+2ec,2,3.1856577396392822,43,19,2,2,0.023255813953488372,0.6923076923076923,1.0,1.0,1.0
sep_k2_d10,sep,12,800,10,2,CDK knn+2ec,2,3.3077750205993652,47,19,2,2,0.0425531914893617,0.8076923076923077,1.0,1.0,1.0
sep_k2_d10,sep,13,800,10,2,CDK knn+2ec,2,3.94787859916687,48,20,2,2,0.0625,0.4807692307692308,1.0,1.0,1.0
sep_k2_d10,sep,14,800,10,2,CDK knn+2ec,2,4.0448150634765625,45,19,2,2,0.08888888888888889,0.46153846153846156,1.0,1.0,1.0
sep_k2_d10,sep,15,800,10,2,CDK knn+2ec,2,3.0497868061065674,46,20,2,2,0.043478260869565216,0.7307692307692307,1.0,1.0,1.0
sep_k2_d10,sep,17,800,10,2,CDK knn+2ec,2,3.242067813873291,42,18,2,2,0.047619047619047616,0.5769230769230769,1.0,1.0,1.0
sep_k2_d10,sep,16,800,10,2,CDK knn+2ec,2,4.1007561683654785,47,20,2,2,0.0851063829787234,0.7307692307692307,1.0,1.0,1.0
sep_k2_d10,sep,18,800,10,2,CDK knn+2ec,2,3.958513021469116,43,19,2,2,0.09302325581395349,0.8076923076923077,1.0,1.0,1.0
sep_k2_d10,sep,19,800,10,2,CDK knn+2ec,2,4.634340763092041,46,19,2,2,0.10869565217391304,0.4807692307692308,1.0,1.0,1.0
sep_k2_d50,sep,0,800,50,2,CDK knn+2ec,2,5.2101662158966064,33,14,2,2,0.030303030303030304,1.0,1.0,1.0,1.0
sep_k2_d50,sep,1,800,50,2,CDK knn+2ec,2,5.6645348072052,45,18,2,2,0.0,1.0,1.0,1.0,1.0
sep_k2_d50,sep,2,800,50,2,CDK knn+2ec,2,5.578275918960571,36,15,2,2,0.0,1.0,1.0,1.0,1.0
sep_k2_d50,sep,3,800,50,2,CDK knn+2ec,2,4.232134819030762,44,18,2,2,0.0,1.0,1.0,1.0,1.0
sep_k2_d50,sep,5,800,50,2,CDK knn+2ec,2,5.149861574172974,48,18,2,2,0.0,1.0,1.0,1.0,1.0
sep_k2_d50,sep,4,800,50,2,CDK knn+2ec,2,5.647009611129761,36,15,2,2,0.0,1.0,1.0,1.0,1.0
sep_k2_d50,sep,6,800,50,2,CDK knn+2ec,2,4.810750961303711,40,16,2,2,0.025,1.0,1.0,1.0,1.0
sep_k2_d50,sep,7,800,50,2,CDK knn+2ec,2,5.315955877304077,43,17,2,2,0.023255813953488372,1.0,1.0,1.0,1.0
sep_k2_d50,sep,8,800,50,2,CDK knn+2ec,2,4.584700345993042,46,18,2,2,0.0,1.0,1.0,1.0,1.0
sep_k2_d50,sep,9,800,50,2,CDK knn+2ec,2,4.101189851760864,31,13,2,2,0.0,1.0,1.0,1.0,1.0
sep_k2_d50,sep,10,800,50,2,CDK knn+2ec,2,4.435253858566284,41,17,2,2,0.0,1.0,1.0,1.0,1.0
sep_k2_d50,sep,11,800,50,2,CDK knn+2ec,2,4.394025564193726,41,17,2,2,0.0,1.0,1.0,1.0,1.0
sep_k2_d50,sep,13,800,50,2,CDK knn+2ec,2,4.500174283981323,48,19,2,2,0.0,1.0,1.0,1.0,1.0
sep_k2_d50,sep,12,800,50,2,CDK knn+2ec,2,4.811835050582886,46,18,2,2,0.0,1.0,1.0,1.0,1.0
sep_k2_d50,sep,14,800,50,2,CDK knn+2ec,2,4.406794309616089,45,18,2,2,0.0,1.0,1.0,1.0,1.0
sep_k2_d50,sep,15,800,50,2,CDK knn+2ec,2,4.360524415969849,44,18,2,2,0.0,1.0,1.0,1.0,1.0
sep_k2_d50,sep,16,800,50,2,CDK knn+2ec,2,4.1369757652282715,34,14,2,2,0.0,1.0,1.0,1.0,1.0
sep_k2_d50,sep,17,800,50,2,CDK knn+2ec,2,4.526628494262695,44,18,2,2,0.0,1.0,1.0,1.0,1.0
sep_k2_d50,sep,18,800,50,2,CDK knn+2ec,2,5.370664358139038,40,17,2,2,0.0,1.0,1.0,1.0,1.0
sep_k2_d50,sep,19,800,50,2,CDK knn+2ec,2,5.598289251327515,42,17,2,2,0.0,1.0,1.0,1.0,1.0
sep_k3_d2,sep,0,800,2,3,CDK knn+2ec,3,3.5839297771453857,34,15,3,3,0.4411764705882353,0.0875,1.0,1.0,1.0
sep_k3_d2,sep,1,800,2,3,CDK knn+2ec,3,3.054187774658203,30,15,3,3,0.3333333333333333,0.23961538461538462,1.0,1.0,1.0
sep_k3_d2,sep,2,800,2,3,CDK knn+2ec,3,2.8969273567199707,30,14,3,3,0.43333333333333335,0.16153225806451613,0.9962429541292189,0.9924878588475724,0.9925050108706743
sep_k3_d2,sep,3,800,2,3,CDK knn+2ec,3,3.1557579040527344,36,17,3,3,0.3333333333333333,0.4423076923076923,1.0,1.0,1.0
sep_k3_d2,sep,4,800,2,3,CDK knn+2ec,3,3.545548677444458,34,16,3,3,0.35294117647058826,0.18,1.0,1.0,1.0
sep_k3_d2,sep,5,800,2,3,CDK knn+2ec,3,3.7878639698028564,36,16,3,3,0.2777777777777778,0.1275,1.0,1.0,1.0
sep_k3_d2,sep,6,800,2,3,CDK knn+2ec,3,4.69132137298584,40,18,3,3,0.325,0.22833333333333333,1.0,1.0,1.0
sep_k3_d2,sep,7,800,2,3,CDK knn+2ec,3,4.270298719406128,34,15,3,4,0.4117647058823529,0.025,1.0,1.0,1.0
sep_k3_d2,sep,9,800,2,3,CDK knn+2ec,3,3.0884804725646973,33,16,3,3,0.3333333333333333,0.2535211267605634,1.0,1.0,1.0
sep_k3_d2,sep,8,800,2,3,CDK knn+2ec,3,4.020662069320679,40,18,3,3,0.4,0.1025,1.0,1.0,1.0
sep_k3_d2,sep,11,800,2,3,CDK knn+2ec,3,2.7756052017211914,37,17,3,3,0.2972972972972973,0.38461538461538464,1.0,1.0,1.0
sep_k3_d2,sep,10,800,2,3,CDK knn+2ec,3,3.794666290283203,37,16,3,3,0.2972972972972973,0.19,1.0,1.0,1.0
sep_k3_d2,sep,12,800,2,3,CDK knn+2ec,3,3.6004490852355957,34,16,3,4,0.38235294117647056,0.11249999999999999,1.0,1.0,1.0
sep_k3_d2,sep,13,800,2,3,CDK knn+2ec,3,3.1441421508789062,33,15,3,3,0.3939393939393939,0.2545454545454545,1.0,1.0,1.0
sep_k3_d2,sep,14,800,2,3,CDK knn+2ec,3,3.132390022277832,36,17,3,4,0.3611111111111111,0.3213399503722084,1.0,1.0,1.0
sep_k3_d2,sep,15,800,2,3,CDK knn+2ec,3,3.7795827388763428,40,18,3,3,0.4,0.135,1.0,1.0,1.0
sep_k3_d2,sep,16,800,2,3,CDK knn+2ec,3,3.86061429977417,44,19,3,3,0.3181818181818182,0.1325,1.0,1.0,1.0
sep_k3_d2,sep,17,800,2,3,CDK knn+2ec,3,3.805725336074829,36,17,3,3,0.3611111111111111,0.055,1.0,1.0,1.0
sep_k3_d2,sep,19,800,2,3,CDK knn+2ec,3,2.7923433780670166,36,17,3,3,0.3333333333333333,0.28846153846153844,1.0,1.0,1.0
sep_k3_d2,sep,18,800,2,3,CDK knn+2ec,3,4.182754993438721,34,15,3,5,0.47058823529411764,0.037500000000000006,1.0,1.0,1.0
sep_k3_d10,sep,1,800,10,3,CDK knn+2ec,3,3.3642611503601074,43,19,3,3,0.09302325581395349,0.8076923076923077,1.0,1.0,1.0
sep_k3_d10,sep,0,800,10,3,CDK knn+2ec,3,4.340169668197632,46,20,3,3,0.13043478260869565,0.5384615384615384,1.0,1.0,1.0
sep_k3_d10,sep,2,800,10,3,CDK knn+2ec,3,3.282325029373169,46,20,3,3,0.06521739130434782,0.75,1.0,1.0,1.0
sep_k3_d10,sep,3,800,10,3,CDK knn+2ec,3,3.761659622192383,39,18,3,3,0.1282051282051282,0.6923076923076923,1.0,1.0,1.0
sep_k3_d10,sep,4,800,10,3,CDK knn+2ec,3,2.8138327598571777,39,18,3,3,0.02564102564102564,0.8076923076923077,1.0,1.0,1.0
sep_k3_d10,sep,5,800,10,3,CDK knn+2ec,3,2.352252244949341,36,17,3,3,0.0,0.6923076923076923,1.0,1.0,1.0
sep_k3_d10,sep,6,800,10,3,CDK knn+2ec,3,2.4349617958068848,41,19,3,3,0.024390243902439025,0.7307692307692307,1.0,1.0,1.0
sep_k3_d10,sep,7,800,10,3,CDK knn+2ec,3,2.620112657546997,40,19,3,3,0.025,0.8076923076923077,1.0,1.0,1.0
sep_k3_d10,sep,8,800,10,3,CDK knn+2ec,3,3.5193560123443604,43,20,3,3,0.023255813953488372,0.7307692307692307,1.0,1.0,1.0
sep_k3_d10,sep,9,800,10,3,CDK knn+2ec,3,3.8900985717773438,42,19,3,3,0.09523809523809523,0.5961538461538461,0.9962500118508789,0.9924899863753236,0.9925071335780613
sep_k3_d10,sep,10,800,10,3,CDK knn+2ec,3,3.3335084915161133,46,21,3,3,0.021739130434782608,0.6923076923076923,1.0,1.0,1.0
sep_k3_d10,sep,11,800,10,3,CDK knn+2ec,3,3.033346176147461,41,19,3,3,0.024390243902439025,0.8076923076923077,1.0,1.0,1.0
sep_k3_d10,sep,13,800,10,3,CDK knn+2ec,3,2.440974473953247,38,18,3,3,0.02631578947368421,0.6730769230769231,1.0,1.0,1.0
sep_k3_d10,sep,12,800,10,3,CDK knn+2ec,3,2.9877424240112305,41,19,3,3,0.04878048780487805,0.7307692307692307,1.0,1.0,1.0
sep_k3_d10,sep,14,800,10,3,CDK knn+2ec,3,2.367748260498047,42,19,3,3,0.023809523809523808,0.6346153846153846,1.0,1.0,1.0
sep_k3_d10,sep,15,800,10,3,CDK knn+2ec,3,2.584324359893799,38,18,3,3,0.02631578947368421,0.75,1.0,1.0,1.0
sep_k3_d10,sep,17,800,10,3,CDK knn+2ec,3,3.061837673187256,44,20,3,3,0.06818181818181818,0.8461538461538461,1.0,1.0,1.0
sep_k3_d10,sep,16,800,10,3,CDK knn+2ec,3,3.6756343841552734,40,18,3,3,0.075,0.6923076923076923,1.0,1.0,1.0
sep_k3_d10,sep,18,800,10,3,CDK knn+2ec,3,3.93491792678833,47,21,3,3,0.0851063829787234,0.5384615384615384,1.0,1.0,1.0
sep_k3_d10,sep,19,800,10,3,CDK knn+2ec,3,4.286098003387451,45,20,3,3,0.08888888888888889,0.7692307692307693,1.0,1.0,1.0
sep_k3_d50,sep,1,800,50,3,CDK knn+2ec,3,4.9721362590789795,38,17,3,3,0.0,1.0,1.0,1.0,1.0
sep_k3_d50,sep,0,800,50,3,CDK knn+2ec,3,6.144455909729004,34,15,3,3,0.11764705882352941,1.0,1.0,1.0,1.0
sep_k3_d50,sep,2,800,50,3,CDK knn+2ec,3,3.504387140274048,44,19,3,3,0.0,1.0,1.0,1.0,1.0
sep_k3_d50,sep,4,800,50,3,CDK knn+2ec,3,2.967865467071533,34,16,3,3,0.0,1.0,1.0,1.0,1.0
sep_k3_d50,sep,3,800,50,3,CDK knn+2ec,3,8.74254322052002,33,14,3,3,0.21212121212121213,1.0,1.0,1.0,1.0
sep_k3_d50,sep,5,800,50,3,CDK knn+2ec,3,3.3402516841888428,49,21,3,3,0.0,1.0,1.0,1.0,1.0
sep_k3_d50,sep,7,800,50,3,CDK knn+2ec,3,6.373280763626099,34,14,3,3,0.23529411764705882,1.0,1.0,1.0,1.0
sep_k3_d50,sep,6,800,50,3,CDK knn+2ec,3,7.010319948196411,34,14,3,3,0.20588235294117646,1.0,1.0,1.0,1.0
sep_k3_d50,sep,8,800,50,3,CDK knn+2ec,3,3.9888620376586914,33,16,3,3,0.0,1.0,1.0,1.0,1.0
sep_k3_d50,sep,10,800,50,3,CDK knn+2ec,3,3.2327473163604736,37,17,3,3,0.0,1.0,1.0,1.0,1.0
sep_k3_d50,sep,9,800,50,3,CDK knn+2ec,3,7.804004430770874,37,15,3,3,0.1891891891891892,0.9615384615384616,1.0,1.0,1.0
sep_k3_d50,sep,11,800,50,3,CDK knn+2ec,3,8.922993421554565,37,15,3,3,0.16216216216216217,1.0,1.0,1.0,1.0
sep_k3_d50,sep,12,800,50,3,CDK knn+2ec,3,8.461277723312378,42,17,3,3,0.14285714285714285,1.0,1.0,1.0,1.0
sep_k3_d50,sep,14,800,50,3,CDK knn+2ec,3,5.814812660217285,37,16,3,3,0.13513513513513514,1.0,1.0,1.0,1.0
sep_k3_d50,sep,15,800,50,3,CDK knn+2ec,3,3.6470582485198975,41,18,3,3,0.0,1.0,1.0,1.0,1.0
sep_k3_d50,sep,13,800,50,3,CDK knn+2ec,3,10.253242015838623,23,10,3,3,0.4782608695652174,0.9230769230769231,1.0,1.0,1.0
sep_k3_d50,sep,16,800,50,3,CDK knn+2ec,3,3.6703569889068604,38,17,3,3,0.0,1.0,1.0,1.0,1.0
sep_k3_d50,sep,18,800,50,3,CDK knn+2ec,3,3.2115466594696045,40,18,3,3,0.0,1.0,1.0,1.0,1.0
sep_k3_d50,sep,17,800,50,3,CDK knn+2ec,3,7.453657627105713,30,13,3,3,0.26666666666666666,0.9615384615384616,1.0,1.0,1.0
sep_k3_d50,sep,19,800,50,3,CDK knn+2ec,3,2.858013868331909,43,19,3,3,0.0,1.0,0.992514192108457,0.9865608248555884,0.9865915100544773
sep_k5_d2,sep,0,800,2,5,CDK knn+2ec,5,4.937952756881714,40,17,5,5,0.525,0.0075,0.981463313194489,0.9778120282951852,0.9779509584621134
sep_k5_d2,sep,1,800,2,5,CDK knn+2ec,5,4.229525566101074,38,16,5,5,0.5263157894736842,0.005,0.9785020843697608,0.9774081107654076,0.9775495765461263
sep_k5_d2,sep,2,800,2,5,CDK knn+2ec,5,4.481012582778931,41,17,5,5,0.5121951219512195,0.005,1.0,1.0,1.0
sep_k5_d2,sep,3,800,2,5,CDK knn+2ec,5,4.564672470092773,41,17,5,5,0.5365853658536586,0.01,0.9439888565124597,0.9535035360357291,0.9537949207327177
sep_k5_d2,sep,4,800,2,5,CDK knn+2ec,5,3.9257283210754395,41,17,5,5,0.5365853658536586,0.005,0.9814335452659734,0.9769473183246515,0.9770916617948454
sep_k5_d2,sep,5,800,2,5,CDK knn+2ec,5,3.9278011322021484,47,20,5,5,0.46808510638297873,0.035,0.9968691099886755,0.9952518682725184,0.9952815964482751
sep_k5_d2,sep,6,800,2,5,CDK knn+2ec,5,4.158456802368164,37,16,5,5,0.4864864864864865,0.015,0.9754419259620173,0.9726764159108316,0.9728475141848425
sep_k5_d2,sep,7,800,2,5,CDK knn+2ec,6,5.4806201457977295,42,17,6,6,0.5952380952380952,0.005,0.9338678775569438,0.9463079154861678,0.9467133764714105
sep_k5_d2,sep,8,800,2,5,CDK knn+2ec,5,7.903850793838501,39,16,5,5,0.5384615384615384,0.005,0.9725416274279405,0.972720590339078,0.9728914224124162
sep_k5_d2,sep,9,800,2,5,CDK knn+2ec,5,7.809890508651733,46,20,5,5,0.43478260869565216,0.027500000000000004,1.0,1.0,1.0
sep_k5_d2,sep,10,800,2,5,CDK knn+2ec,5,5.736163854598999,39,16,5,5,0.5128205128205128,0.01,0.9666634632932005,0.9683831935991778,0.9685812080867381
sep_k5_d2,sep,11,800,2,5,CDK knn+2ec,5,4.3202126026153564,39,16,5,5,0.5641025641025641,0.005,0.95776093899856,0.9579674143464034,0.9582306975692456
sep_k5_d2,sep,12,800,2,5,CDK knn+2ec,5,3.9354562759399414,44,19,5,5,0.4772727272727273,0.0975,0.9968691099886755,0.9952518682725183,0.995281596448275
sep_k5_d2,sep,13,800,2,5,CDK knn+2ec,5,3.694338083267212,41,17,5,5,0.4878048780487805,0.05,0.9845044162845311,0.9806025317275346,0.98072398601518
sep_k5_d2,sep,14,800,2,5,CDK knn+2ec,5,4.196394205093384,39,16,5,5,0.5128205128205128,0.005,0.9875656538910945,0.9835904399933479,0.9836931838387913
sep_k5_d2,sep,15,800,2,5,CDK knn+2ec,5,4.758253335952759,35,13,5,5,0.6857142857142857,0.005,0.9783613943088488,0.9722141073052825,0.9723880853194892
sep_k5_d2,sep,16,800,2,5,CDK knn+2ec,5,4.325343370437622,45,19,5,5,0.4444444444444444,0.04,0.9875656538910945,0.9835904399933479,0.9836931838387913
sep_k5_d2,sep,17,800,2,5,CDK knn+2ec,5,4.262470722198486,36,15,5,6,0.5277777777777778,0.005,0.9302780139572704,0.9424532845490241,0.9428140996269602
sep_k5_d2,sep,18,800,2,5,CDK knn+2ec,5,4.324954509735107,43,18,5,5,0.4883720930232558,0.02,1.0,1.0,1.0
sep_k5_d2,sep,19,800,2,5,CDK knn+2ec,5,4.433790445327759,34,14,5,5,0.5588235294117647,0.005,0.9783828090746228,0.9737009594749088,0.9738656337408039
sep_k5_d10,sep,0,800,10,5,CDK knn+2ec,5,5.6199610233306885,46,19,5,5,0.43478260869565216,0.135,0.9968691099886755,0.9952518682725183,0.995281596448275
sep_k5_d10,sep,1,800,10,5,CDK knn+2ec,5,5.396931171417236,44,17,5,5,0.5227272727272727,0.005,0.9968691099886755,0.9952518682725183,0.995281596448275
sep_k5_d10,sep,2,800,10,5,CDK knn+2ec,5,4.043577194213867,46,20,5,5,0.34782608695652173,0.3846153846153846,0.9968691099886755,0.9952518682725183,0.995281596448275
sep_k5_d10,sep,3,800,10,5,CDK knn+2ec,5,4.6831395626068115,46,18,5,5,0.45652173913043476,0.2530769230769231,0.9691923778047782,0.9588448709633653,0.9591025469291182
sep_k5_d10,sep,4,800,10,5,CDK knn+2ec,5,4.501672267913818,45,18,5,5,0.4444444444444444,0.4230769230769231,0.9968691099886755,0.9952518682725183,0.995281596448275
sep_k5_d10,sep,5,800,10,5,CDK knn+2ec,5,4.390450477600098,48,20,5,5,0.3958333333333333,0.2586618876941458,0.9937579600246279,0.9915871831020886,0.9916398563708724
sep_k5_d10,sep,6,800,10,5,CDK knn+2ec,5,4.434905529022217,49,21,5,5,0.30612244897959184,0.5,0.9874866982641379,0.9820882917734481,0.9822004391620147
sep_k5_d10,sep,7,800,10,5,CDK knn+2ec,5,5.921349287033081,46,19,5,5,0.391304347826087,0.14500000000000002,1.0,1.0,1.0
sep_k5_d10,sep,8,800,10,5,CDK knn+2ec,5,4.84828519821167,49,22,5,5,0.2857142857142857,0.38461538461538464,0.9906666593459081,0.9883314061298462,0.9884044649935745
sep_k5_d10,sep,9,800,10,5,CDK knn+2ec,5,5.08466649055481,40,16,5,5,0.5,0.0275,0.9663573126730648,0.960444945595832,0.9606926392468654
sep_k5_d10,sep,10,800,10,5,CDK knn+2ec,5,3.888092517852783,50,22,5,5,0.3,0.75,0.9906271808867675,0.9868389844155382,0.9869213867182499
sep_k5_d10,sep,11,800,10,5,CDK knn+2ec,5,3.729558229446411,47,19,5,5,0.40425531914893614,0.6153846153846154,0.9937480346795808,0.9905061789482672,0.9905656200078304
sep_k5_d10,sep,12,800,10,5,CDK knn+2ec,5,5.185542106628418,39,15,5,5,0.5384615384615384,0.005,0.9814136993941059,0.9777998574287763,0.9779388619877611
sep_k5_d10,sep,13,800,10,5,CDK knn+2ec,5,4.714916229248047,41,17,5,5,0.4878048780487805,0.015,0.990646920349587,0.986843850651261,0.9869262229118854
sep_k5_d10,sep,14,800,10,5,CDK knn+2ec,5,4.611019134521484,40,17,5,5,0.475,0.095,0.9968691099886755,0.9952518682725183,0.995281596448275
sep_k5_d10,sep,15,800,10,5,CDK knn+2ec,5,4.72025465965271,49,20,5,5,0.3673469387755102,0.38461538461538464,0.975267096514509,0.965733297546151,0.9659478428067834
sep_k5_d10,sep,16,800,10,5,CDK knn+2ec,5,5.085865259170532,48,20,5,5,0.4166666666666667,0.13999999999999999,0.9937579600246279,0.9915871831020887,0.9916398563708725
sep_k5_d10,sep,17,800,10,5,CDK knn+2ec,5,4.0393147468566895,47,19,5,5,0.425531914893617,0.34615384615384615,1.0,1.0,1.0
sep_k5_d10,sep,18,800,10,5,CDK knn+2ec,5,4.189042568206787,39,16,5,5,0.4358974358974359,0.6153846153846154,0.9844831391365741,0.9788548232979921,0.9789872144721318
sep_k5_d10,sep,19,800,10,5,CDK knn+2ec,5,4.887606859207153,49,21,5,5,0.32653061224489793,0.6923076923076923,0.9968691099886755,0.9952518682725183,0.995281596448275
sep_k5_d50,sep,0,800,50,5,CDK knn+2ec,5,10.091344594955444,43,17,5,5,0.5116279069767442,0.005,0.9844251718430678,0.9799182901852591,0.980044026150531
sep_k5_d50,sep,1,800,50,5,CDK knn+2ec,5,10.533260107040405,42,17,5,5,0.47619047619047616,0.7884615384615385,1.0,1.0,1.0
sep_k5_d50,sep,2,800,50,5,CDK knn+2ec,5,10.674018621444702,39,16,5,5,0.5128205128205128,0.005,0.9968691099886755,0.9952518682725183,0.995281596448275
sep_k5_d50,sep,3,800,50,5,CDK knn+2ec,5,10.200864553451538,45,18,5,5,0.4666666666666667,0.8846153846153846,1.0,1.0,1.0
sep_k5_d50,sep,4,800,50,5,CDK knn+2ec,5,11.774234056472778,29,12,5,5,0.6896551724137931,0.005,0.9968691099886755,0.9952518682725183,0.995281596448275
sep_k5_d50,sep,5,800,50,5,CDK knn+2ec,5,12.704999208450317,38,14,5,5,0.6052631578947368,0.005,0.9968691099886755,0.9952518682725183,0.995281596448275
sep_k5_d50,sep,6,800,50,5,CDK knn+2ec,5,15.653738737106323,44,16,5,5,0.5909090909090909,0.005,1.0,1.0,1.0
sep_k5_d50,sep,7,800,50,5,CDK knn+2ec,5,16.876625061035156,37,14,5,5,0.5945945945945946,0.005,1.0,1.0,1.0
sep_k5_d50,sep,8,800,50,5,CDK knn+2ec,5,11.52989387512207,45,18,5,5,0.4666666666666667,0.9230769230769231,1.0,1.0,1.0
sep_k5_d50,sep,9,800,50,5,CDK knn+2ec,5,12.45435619354248,35,14,5,5,0.5428571428571428,0.005,0.9968691099886755,0.9952518682725183,0.995281596448275
sep_k5_d50,sep,10,800,50,5,CDK knn+2ec,5,8.052745342254639,46,20,5,5,0.32608695652173914,1.0,1.0,1.0,1.0
sep_k5_d50,sep,12,800,50,5,CDK knn+2ec,5,7.672565937042236,48,20,5,5,0.375,1.0,0.9968691099886755,0.9952518682725183,0.995281596448275
sep_k5_d50,sep,11,800,50,5,CDK knn+2ec,5,11.634263038635254,38,16,5,5,0.42105263157894735,1.0,0.9937480346795808,0.9905061789482672,0.9905656200078304
sep_k5_d50,sep,13,800,50,5,CDK knn+2ec,5,13.409905910491943,29,11,5,5,0.7241379310344828,0.005,1.0,1.0,1.0
sep_k5_d50,sep,14,800,50,5,CDK knn+2ec,5,14.269170761108398,37,13,5,5,0.6216216216216216,0.005,1.0,1.0,1.0
sep_k5_d50,sep,15,800,50,5,CDK knn+2ec,5,9.788516283035278,41,17,5,5,0.4878048780487805,0.8076923076923077,1.0,1.0,1.0
sep_k5_d50,sep,16,800,50,5,CDK knn+2ec,5,11.059701681137085,32,14,5,5,0.40625,0.9807692307692308,0.9968691099886755,0.9952518682725184,0.9952815964482751
sep_k5_d50,sep,17,800,50,5,CDK knn+2ec,5,14.155830383300781,35,14,5,5,0.6,0.005,1.0,1.0,1.0
sep_k5_d50,sep,18,800,50,5,CDK knn+2ec,5,19.25167727470398,39,15,5,5,0.5641025641025641,0.005,1.0,1.0,1.0
sep_k5_d50,sep,19,800,50,5,CDK knn+2ec,5,16.416862964630127,47,20,5,5,0.3404255319148936,0.9615384615384616,1.0,1.0,1.0
sep_k10_d2,sep,0,800,2,10,CDK knn+2ec,10,12.549193620681763,47,19,10,10,0.8085106382978723,0.005,0.9808899378218139,0.9850267171260859,0.9853654558991948
sep_k10_d2,sep,1,800,2,10,CDK knn+2ec,10,12.663862228393555,49,19,10,10,0.7959183673469388,0.005,0.9809936219731817,0.9850469854986889,0.9853852568249435
sep_k10_d2,sep,2,800,2,10,CDK knn+2ec,10,12.752020835876465,47,18,10,10,0.8085106382978723,0.005,0.978234940587205,0.9805980113941294,0.9810369056695135
sep_k10_d2,sep,3,800,2,10,CDK knn+2ec,10,12.247935056686401,52,20,10,10,0.8076923076923077,0.005,0.9944164284049487,0.9940212980624569,0.9941565274494993
sep_k10_d2,sep,4,800,2,10,CDK knn+2ec,10,11.389250993728638,50,20,10,10,0.8,0.005,0.9944517015171701,0.9947913446469437,0.9949091578370609
sep_k10_d2,sep,5,800,2,10,CDK knn+2ec,10,11.063764333724976,45,18,10,10,0.8222222222222222,0.005,0.9888338005509576,0.988805629826583,0.9890588370269919
sep_k10_d2,sep,6,800,2,10,CDK knn+2ec,10,12.001975297927856,51,19,10,10,0.8235294117647058,0.005,0.9916252324538937,0.9917950719698342,0.9919806596341608
sep_k10_d2,sep,7,800,2,10,CDK knn+2ec,10,10.426787614822388,41,17,10,10,0.8292682926829268,0.005,0.959886315293953,0.9677653589218228,0.9684947149348115
sep_k10_d2,sep,8,800,2,10,CDK knn+2ec,10,10.81681752204895,46,19,10,10,0.8043478260869565,0.005,0.9862546761338381,0.9881334750550141,0.9884018973843361
sep_k10_d2,sep,9,800,2,10,CDK knn+2ec,10,11.19689416885376,44,19,10,10,0.7954545454545454,0.005,0.9482438441230044,0.9632187626817152,0.9640515503532505
sep_k10_d2,sep,10,800,2,10,CDK knn+2ec,10,9.679236888885498,36,15,10,10,0.8611111111111112,0.005,0.9275872699890225,0.9521808610471583,0.9532642550181601
sep_k10_d2,sep,11,800,2,10,CDK knn+2ec,10,10.894259452819824,47,19,10,10,0.8085106382978723,0.005,0.980812181146235,0.9829453195327273,0.9833310951529012
sep_k10_d2,sep,12,800,2,10,CDK knn+2ec,10,11.067985773086548,49,19,10,10,0.8163265306122449,0.005,0.9890457178955094,0.991123014258148,0.9913238118727026
sep_k10_d2,sep,13,800,2,10,CDK knn+2ec,10,10.307594299316406,39,17,10,10,0.8205128205128205,0.005,0.9497753825304734,0.9618121892613508,0.9626766324127141
sep_k10_d2,sep,14,800,2,10,CDK knn+2ec,10,11.42195987701416,47,19,10,10,0.8085106382978723,0.005,0.97566398047625,0.9798804341504667,0.9803356218586545
sep_k10_d2,sep,15,800,2,10,CDK knn+2ec,10,11.651491403579712,49,20,10,10,0.7959183673469388,0.005,0.9944517015171701,0.9947913446469435,0.9949091578370607
sep_k10_d2,sep,16,800,2,10,CDK knn+2ec,10,11.575864553451538,48,19,10,10,0.8125,0.005,1.0,1.0,1.0
sep_k10_d2,sep,17,800,2,10,CDK knn+2ec,10,10.592219591140747,47,20,10,10,0.7872340425531915,0.005,0.9834262700001635,0.9836246773270622,0.9839950735398645
sep_k10_d2,sep,18,800,2,10,CDK knn+2ec,10,11.305996656417847,47,20,10,10,0.7872340425531915,0.005,0.9944164284049487,0.9940212980624569,0.9941565274494993
sep_k10_d2,sep,19,800,2,10,CDK knn+2ec,10,12.208766222000122,52,21,10,10,0.7692307692307693,0.005,0.9916601118438279,0.9918019440178278,0.991987374544139
sep_k10_d10,sep,0,800,10,10,CDK knn+2ec,10,14.172572135925293,50,18,10,10,0.84,0.005,0.9646751971144223,0.9680122488237677,0.9687360373086565
sep_k10_d10,sep,1,800,10,10,CDK knn+2ec,10,14.118997812271118,50,19,10,10,0.82,0.005,0.9861647593691866,0.9858407535611322,0.9861610208248738
sep_k10_d10,sep,2,800,10,10,CDK knn+2ec,10,14.08921480178833,44,18,10,10,0.8181818181818182,0.005,0.9452503589318512,0.9480157155907185,0.9491918872971222
sep_k10_d10,sep,3,800,10,10,CDK knn+2ec,10,14.929943084716797,52,19,10,10,0.8269230769230769,0.005,0.9888334859883282,0.9880425153854764,0.988312981112255
sep_k10_d10,sep,4,800,10,10,CDK knn+2ec,10,14.820475816726685,51,19,10,10,0.8235294117647058,0.005,0.9645639758359328,0.9675109699497509,0.9682460553010561
sep_k10_d10,sep,5,800,10,10,CDK knn+2ec,10,15.273282051086426,49,17,10,10,0.8571428571428571,0.005,0.9750698796165537,0.9746597727946119,0.9752329530799493
sep_k10_d10,sep,6,800,10,10,CDK knn+2ec,10,13.784909725189209,43,17,10,10,0.8372093023255814,0.005,0.9645730424865625,0.9672328254017554,0.9679741376612655
sep_k10_d10,sep,7,800,10,10,CDK knn+2ec,10,13.580338954925537,52,20,10,10,0.8076923076923077,0.005,0.9944339084006838,0.9940247905501669,0.9941599403020662
sep_k10_d10,sep,8,800,10,10,CDK knn+2ec,10,14.473745584487915,36,14,10,10,0.8888888888888888,0.005,0.9377773797224231,0.9427067921661783,0.9440028352044817
sep_k10_d10,sep,9,800,10,10,CDK knn+2ec,11,15.93552279472351,53,19,11,11,0.8301886792452831,0.005,0.9478471026221911,0.9603821565183753,0.9613695939642013
sep_k10_d10,sep,10,800,10,10,CDK knn+2ec,10,13.487021446228027,42,17,10,10,0.8333333333333334,0.005,0.9468930931084713,0.959562900905756,0.9604783067575977
sep_k10_d10,sep,11,800,10,10,CDK knn+2ec,10,14.465997219085693,45,17,10,10,0.8444444444444444,0.005,0.9326779828829709,0.9482120316187805,0.9493854172060017
sep_k10_d10,sep,12,800,10,10,CDK knn+2ec,10,13.741421699523926,46,18,10,10,0.8260869565217391,0.005,0.9860945297213144,0.9858266892802633,0.9861472745935543
sep_k10_d10,sep,13,800,10,10,CDK knn+2ec,10,14.803953170776367,51,19,10,10,0.8235294117647058,0.005,0.9861134563240254,0.9865931551488436,0.9868964139459577
sep_k10_d10,sep,14,800,10,10,CDK knn+2ec,10,14.753573656082153,56,21,10,10,0.8035714285714286,0.005,0.9751134049413833,0.9754295670075556,0.9759853996197081
sep_k10_d10,sep,15,800,10,10,CDK knn+2ec,11,15.909013986587524,42,15,10,11,0.9047619047619048,0.005,0.8803217223001585,0.9227990113133985,0.9247312852761137
sep_k10_d10,sep,16,800,10,10,CDK knn+2ec,10,14.816884756088257,46,17,10,10,0.8478260869565217,0.005,0.9723380906282834,0.9727268906003408,0.9733438448084194
sep_k10_d10,sep,17,800,10,10,CDK knn+2ec,10,14.539596557617188,35,14,10,10,0.8857142857142857,0.005,0.9093586746779182,0.9301550315536149,0.9317382009225971
sep_k10_d10,sep,18,800,10,10,CDK knn+2ec,10,15.971469163894653,50,18,10,10,0.84,0.005,0.9752703147761753,0.9775720185394035,0.9780793762250535
sep_k10_d10,sep,19,800,10,10,CDK knn+2ec,10,17.107659578323364,51,19,10,10,0.8235294117647058,0.005,0.9694758295936788,0.9697234398408606,0.9704083249729105
sep_k10_d50,sep,0,800,50,10,CDK knn+2ec,10,32.49729681015015,43,15,10,10,0.8837209302325582,0.005,0.9722647583904148,0.9734764376749288,0.974076411876276
sep_k10_d50,sep,1,800,50,10,CDK knn+2ec,10,35.15264940261841,50,18,10,10,0.84,0.005,0.9833738334290381,0.9828512672919903,0.9832391591059496
sep_k10_d50,sep,2,800,50,10,CDK knn+2ec,10,29.84813904762268,41,16,10,10,0.8536585365853658,0.005,0.9617582384384438,0.9671071253522786,0.9678513481000558
sep_k10_d50,sep,3,800,50,10,CDK knn+2ec,10,29.89154553413391,48,19,10,10,0.8125,0.005,0.986112673962375,0.9865930825626984,0.9868963372470476
sep_k10_d50,sep,4,800,50,10,CDK knn+2ec,10,31.255200386047363,41,16,10,10,0.8536585365853658,0.005,0.9161839439200041,0.9345376818606921,0.936020566223567
sep_k10_d50,sep,5,800,50,10,CDK knn+2ec,11,37.90132141113281,52,18,11,11,0.8653846153846154,0.005,0.9475353460002485,0.9610092350153054,0.9619829290637394
sep_k10_d50,sep,6,800,50,10,CDK knn+2ec,10,33.53320860862732,43,16,10,10,0.8372093023255814,0.005,0.9805842371673613,0.9816712696036,0.9820858658193174
sep_k10_d50,sep,7,800,50,10,CDK knn+2ec,10,32.300055503845215,39,14,10,10,0.8974358974358975,0.005,0.9944164284049487,0.9940212980624569,0.9941565274494993
sep_k10_d50,sep,8,800,50,10,CDK knn+2ec,10,34.22152400016785,51,18,10,10,0.8431372549019608,0.005,0.9806868468351589,0.979882973279767,0.9803379992679171
sep_k10_d50,sep,9,800,50,10,CDK knn+2ec,10,34.364548683166504,47,17,10,10,0.851063829787234,0.005,0.9833743017712335,0.9838978281614245,0.9842620509912415
sep_k10_d50,sep,10,800,50,10,CDK knn+2ec,10,33.466930627822876,42,16,10,10,0.8571428571428571,0.005,0.9572104637621898,0.9680453739708679,0.9687685444548193
sep_k10_d50,sep,11,800,50,10,CDK knn+2ec,10,30.557029962539673,43,17,10,10,0.813953488372093,0.005,0.9642059829334558,0.9656173004157379,0.9663950417383615
sep_k10_d50,sep,12,800,50,10,CDK knn+2ec,10,31.129324674606323,43,17,10,10,0.8372093023255814,0.005,0.944923621157856,0.9559864281142915,0.9569827618850688
sep_k10_d50,sep,13,800,50,10,CDK knn+2ec,11,33.09952187538147,43,16,11,11,0.8837209302325582,0.005,0.9406820435591217,0.9565747898969675,0.9576557127187536
sep_k10_d50,sep,14,800,50,10,CDK knn+2ec,10,30.724956512451172,47,18,10,10,0.8297872340425532,0.005,0.9806339018184044,0.9791094361036882,0.9795819565008894
sep_k10_d50,sep,15,800,50,10,CDK knn+2ec,10,35.568623065948486,49,18,10,10,0.8163265306122449,0.005,0.9754051837016242,0.9770024528280998,0.9775226550316239
sep_k10_d50,sep,16,800,50,10,CDK knn+2ec,10,32.25416374206543,45,16,10,10,0.8444444444444444,0.005,0.9451877037803565,0.9482911142522874,0.949460976255534
sep_k10_d50,sep,17,800,50,10,CDK knn+2ec,10,31.957719802856445,47,16,10,10,0.851063829787234,0.005,0.9751035898293231,0.9739040996749171,0.9744943614962699
sep_k10_d50,sep,18,800,50,10,CDK knn+2ec,10,35.969775438308716,46,16,10,10,0.8695652173913043,0.005,0.9806550018149846,0.9798756205884185,0.9803308397193298
sep_k20_d2,sep,0,800,2,20,CDK knn+2ec,19,9.182998895645142,46,19,19,19,1.0,0.005,0.8612442420915888,0.9221326272490205,0.9285850247494637
sep_k10_d50,sep,19,800,50,10,CDK knn+2ec,10,22.0666446685791,47,18,10,10,0.8085106382978723,0.005,0.9860953131382468,0.9858266630397869,0.9861472550997905
sep_k20_d2,sep,1,800,2,20,CDK knn+2ec,20,7.5863165855407715,48,20,20,20,1.0,0.005,0.8771597141195844,0.9422671460018097,0.9473071692320042
sep_k20_d2,sep,2,800,2,20,CDK knn+2ec,18,7.277904510498047,47,19,18,18,0.9787234042553191,0.005,0.767110406337196,0.8993574402609705,0.90735940932932
sep_k20_d2,sep,3,800,2,20,CDK knn+2ec,19,6.758619070053101,46,19,19,19,1.0,0.005,0.7996218644550459,0.8886380982874339,0.8978833740009592
sep_k20_d2,sep,4,800,2,20,CDK knn+2ec,20,6.828217029571533,47,20,20,20,1.0,0.005,0.9419494733174704,0.9661975069573947,0.969139812781553
sep_k20_d2,sep,5,800,2,20,CDK knn+2ec,18,6.466637372970581,43,18,18,18,1.0,0.005,0.8252562367835836,0.918767361592852,0.9251601728578875
sep_k20_d2,sep,6,800,2,20,CDK knn+2ec,20,6.89254093170166,49,20,20,20,1.0,0.005,0.9533891221390203,0.9662035564646713,0.9691439991309526
sep_k20_d2,sep,7,800,2,20,CDK knn+2ec,19,6.435168504714966,45,19,19,19,1.0,0.005,0.8855364813927687,0.9357002981478288,0.9410277416438895
sep_k20_d2,sep,8,800,2,20,CDK knn+2ec,19,6.785915851593018,46,19,19,19,1.0,0.005,0.8035783804950786,0.9020910385752534,0.9102238605271411
sep_k20_d2,sep,9,800,2,20,CDK knn+2ec,19,7.775061130523682,46,19,19,19,1.0,0.005,0.8582112764003852,0.9293536696400101,0.9352105015287093
sep_k20_d2,sep,10,800,2,20,CDK knn+2ec,20,10.144822597503662,49,20,20,20,1.0,0.005,0.928199586345498,0.9571210517290188,0.9608536193999451
sep_k20_d2,sep,11,800,2,20,CDK knn+2ec,19,13.35433578491211,46,19,19,19,1.0,0.005,0.8831415393155119,0.9402838038808307,0.9452349704238285
sep_k20_d2,sep,12,800,2,20,CDK knn+2ec,20,13.3937509059906,47,20,20,20,1.0,0.005,0.9373176360664811,0.9603398814473421,0.9637914899279038
sep_k20_d2,sep,13,800,2,20,CDK knn+2ec,20,13.492226123809814,48,20,20,20,1.0,0.005,0.9085412126466075,0.9481520808715107,0.9526675226673014
sep_k20_d2,sep,14,800,2,20,CDK knn+2ec,19,13.513031244277954,46,19,19,19,1.0,0.005,0.8593589007623094,0.918785649072486,0.9255072425863893
sep_k20_d2,sep,15,800,2,20,CDK knn+2ec,19,14.096722841262817,47,20,19,19,0.9787234042553191,0.005,0.758077507581664,0.8893268306592099,0.8986032779173463
sep_k20_d2,sep,16,800,2,20,CDK knn+2ec,19,13.76397442817688,44,19,19,19,1.0,0.005,0.8086946234248733,0.9016599589874931,0.9098197435475421
sep_k20_d2,sep,17,800,2,20,CDK knn+2ec,20,13.649626970291138,47,20,20,20,1.0,0.005,0.950667637477592,0.9651448808102323,0.968177468894688
sep_k20_d2,sep,18,800,2,20,CDK knn+2ec,20,13.622030019760132,47,20,20,20,1.0,0.005,0.9335593785239861,0.9551364328150354,0.9590409579942475
sep_k20_d2,sep,19,800,2,20,CDK knn+2ec,20,13.435961484909058,47,20,20,20,1.0,0.005,0.8898914600644175,0.9329970831152583,0.9388322425982171
sep_k20_d10,sep,0,800,10,20,CDK knn+2ec,20,19.664207220077515,53,20,20,20,1.0,0.005,0.9088436801594809,0.9308684118868938,0.9368843611520632
sep_k20_d10,sep,1,800,10,20,CDK knn+2ec,19,20.526004552841187,53,19,19,19,1.0,0.005,0.8431069759323546,0.9162535979789113,0.9232004066385734
sep_k20_d10,sep,2,800,10,20,CDK knn+2ec,20,20.030003786087036,55,20,20,20,1.0,0.005,0.8884165446827014,0.9272567090288231,0.9335895358274382
sep_k20_d10,sep,3,800,10,20,CDK knn+2ec,20,19.295317888259888,53,20,20,20,1.0,0.005,0.8995357712564676,0.9262059198688185,0.9326284820461359
sep_k20_d10,sep,4,800,10,20,CDK knn+2ec,20,18.680510759353638,53,20,20,20,1.0,0.005,0.9079098829052921,0.9406464799043163,0.9458135326912834
sep_k20_d10,sep,5,800,10,20,CDK knn+2ec,20,18.908869743347168,54,20,20,20,1.0,0.005,0.895114120722118,0.9320985946977435,0.9380094875096523
sep_k20_d10,sep,6,800,10,20,CDK knn+2ec,19,22.13718605041504,55,19,19,19,1.0,0.005,0.8304664525309785,0.8965085403855824,0.9050877192993002
sep_k20_d10,sep,7,800,10,20,CDK knn+2ec,20,16.49885368347168,50,20,20,20,1.0,0.005,0.9461296602649545,0.9636021062228224,0.966768974346694
sep_k20_d10,sep,8,800,10,20,CDK knn+2ec,20,17.045578479766846,50,20,20,20,1.0,0.005,0.911881736085006,0.9367486496034106,0.9422536525612375
sep_k20_d10,sep,9,800,10,20,CDK knn+2ec,20,19.10676860809326,54,20,20,20,1.0,0.005,0.8765330328579171,0.9203642830759773,0.9272989083005508
sep_k20_d10,sep,10,800,10,20,CDK knn+2ec,18,19.50133752822876,48,18,18,18,1.0,0.005,0.8084051978550034,0.8947430690638432,0.9030206564407938
sep_k20_d10,sep,11,800,10,20,CDK knn+2ec,19,20.327118158340454,52,19,19,19,1.0,0.005,0.8518350242478042,0.9145660858802902,0.9216592894157359
sep_k20_d10,sep,12,800,10,20,CDK knn+2ec,20,18.844850540161133,54,20,20,20,1.0,0.005,0.861159989785249,0.9169068789357574,0.9241489594213969
sep_k20_d10,sep,13,800,10,20,CDK knn+2ec,20,16.933842182159424,49,20,20,20,1.0,0.005,0.9333912510556427,0.9513628716486863,0.9555947279474952
sep_k20_d10,sep,14,800,10,20,CDK knn+2ec,20,18.638555765151978,53,20,20,20,1.0,0.005,0.909273364242082,0.9340475205890658,0.9397868019165316
sep_k20_d10,sep,15,800,10,20,CDK knn+2ec,19,18.881879806518555,51,19,19,19,1.0,0.005,0.8463787495363271,0.920189190303422,0.9268145276466025
sep_k20_d10,sep,16,800,10,20,CDK knn+2ec,19,19.304430723190308,51,19,19,19,1.0,0.005,0.8725762935405903,0.925954535409248,0.9320945407184433
sep_k20_d10,sep,17,800,10,20,CDK knn+2ec,19,19.588449478149414,53,19,19,19,1.0,0.005,0.8966524962855662,0.9444343095032277,0.9490404935360227
sep_k20_d10,sep,18,800,10,20,CDK knn+2ec,19,19.369458436965942,51,19,19,19,1.0,0.005,0.799302399403811,0.8774260108235519,0.8875919530539609
sep_k20_d10,sep,19,800,10,20,CDK knn+2ec,20,18.92882227897644,53,20,20,20,1.0,0.005,0.9205506183567302,0.9449068833797956,0.9497019949319593
sep_k20_d50,sep,0,800,50,20,CDK knn+2ec,20,38.173030853271484,54,20,20,20,1.0,0.005,0.886580150769292,0.917959862227661,0.925102479900868
sep_k20_d50,sep,1,800,50,20,CDK knn+2ec,19,45.20902705192566,58,19,19,19,1.0,0.005,0.8171833923307001,0.8897796452641583,0.898917176289058
sep_k20_d50,sep,2,800,50,20,CDK knn+2ec,20,40.45700144767761,55,20,20,20,1.0,0.005,0.8598903517968962,0.9121554883089625,0.9198084491059271
sep_k20_d50,sep,3,800,50,20,CDK knn+2ec,20,44.18673300743103,61,20,20,20,1.0,0.005,0.8918924659393194,0.917811256821916,0.924963660280205
sep_k20_d50,sep,4,800,50,20,CDK knn+2ec,19,46.30813789367676,60,19,19,19,1.0,0.005,0.8470883898108316,0.9016504391337544,0.9097956709072783
sep_k20_d50,sep,5,800,50,20,CDK knn+2ec,20,43.50516939163208,59,20,20,20,1.0,0.005,0.8667735111107172,0.9119671428082053,0.9196340244495836
sep_k20_d50,sep,6,800,50,20,CDK knn+2ec,20,45.31996417045593,58,20,20,20,1.0,0.005,0.853019391147012,0.9079929486252759,0.9160109297619665
sep_k20_d50,sep,7,800,50,20,CDK knn+2ec,18,44.395230770111084,53,18,18,18,1.0,0.005,0.8158315913782702,0.8861561156982316,0.8951038152285153
sep_k20_d50,sep,8,800,50,20,CDK knn+2ec,20,47.353750228881836,65,20,20,20,1.0,0.005,0.8160344905638403,0.884018226760977,0.8941337882501735
sep_k20_d50,sep,9,800,50,20,CDK knn+2ec,18,48.41976976394653,61,19,18,19,0.9836065573770492,0.005,0.7958407496077998,0.9059874038315804,0.9134369417104152
sep_k20_d50,sep,10,800,50,20,CDK knn+2ec,20,45.57185506820679,58,20,20,20,1.0,0.005,0.8666961624715507,0.9068241148626649,0.9149395011775968
sep_k20_d50,sep,11,800,50,20,CDK knn+2ec,20,45.969128370285034,61,20,20,20,1.0,0.005,0.8622528613914052,0.9128645248084497,0.9204592515557288
sep_k20_d50,sep,12,800,50,20,CDK knn+2ec,20,45.338868856430054,62,20,20,20,1.0,0.005,0.8863536313283632,0.9182417357330286,0.9253580816511557
sep_k20_d50,sep,13,800,50,20,CDK knn+2ec,20,41.51772356033325,58,20,20,20,1.0,0.005,0.8924160957742686,0.927199796551255,0.9335383003405258
sep_k20_d50,sep,14,800,50,20,CDK knn+2ec,19,42.67418146133423,62,19,19,19,1.0,0.005,0.8266618404777636,0.8899809773359523,0.8991077018379415
sep_k20_d50,sep,15,800,50,20,CDK knn+2ec,19,36.46992325782776,58,19,19,19,1.0,0.005,0.8094130751165075,0.8856325928383193,0.8951142918267422
sep_k20_d50,sep,16,800,50,20,CDK knn+2ec,19,23.129441738128662,59,19,19,19,1.0,0.005,0.8478821772825612,0.9093508962272266,0.9168621716159762
sep_k20_d50,sep,17,800,50,20,CDK knn+2ec,20,22.411818265914917,59,20,20,20,1.0,0.005,0.9009057371997322,0.9258988856471193,0.9323467459910065
sep_k20_d50,sep,18,800,50,20,CDK knn+2ec,20,23.55740785598755,60,20,20,20,1.0,0.005,0.9040114705792721,0.9329538836824444,0.9387902167186334
sep_k20_d50,sep,19,800,50,20,CDK knn+2ec,20,25.91659140586853,64,20,20,20,1.0,0.005,0.8169421731959456,0.8821539599294319,0.8924250484443063
overlap_s6.0,overlap,0,800,2,5,CDK knn+2ec,5,5.4572532176971436,42,18,5,5,0.5,0.0125,0.984444616051696,0.9784405911667833,0.9785755786589211
overlap_s6.0,overlap,1,800,2,5,CDK knn+2ec,5,4.737039089202881,37,15,5,5,0.5675675675675675,0.005,0.9404896074356037,0.9432421195646719,0.9435977824489933
overlap_s6.0,overlap,2,800,2,5,CDK knn+2ec,5,4.903528690338135,44,18,5,5,0.5681818181818182,0.005,0.9783828090746228,0.9737009594749086,0.9738656337408038
overlap_s6.0,overlap,3,800,2,5,CDK knn+2ec,5,4.236117124557495,41,17,5,5,0.5365853658536586,0.005,0.9722165478813642,0.9642301525517978,0.9644541153451637
overlap_s6.0,overlap,4,800,2,5,CDK knn+2ec,5,4.106599807739258,44,19,5,5,0.5,0.0275,0.9813429124706873,0.9726214138421163,0.9727928345196065
overlap_s6.0,overlap,5,800,2,5,CDK knn+2ec,5,4.385482311248779,45,19,5,5,0.4444444444444444,0.025,0.9783404878750162,0.9711310479477238,0.9713118027343506
overlap_s6.0,overlap,6,800,2,5,CDK knn+2ec,5,3.835094690322876,41,18,5,5,0.4878048780487805,0.045,0.9906466993024384,0.9868439181866433,0.9869262891785979
overlap_s6.0,overlap,7,800,2,5,CDK knn+2ec,5,4.012453079223633,43,19,5,5,0.4186046511627907,0.2692307692307692,0.969156764567439,0.9614337376217043,0.9616752169463846
overlap_s6.0,overlap,8,800,2,5,CDK knn+2ec,5,4.075095176696777,47,21,5,5,0.3617021276595745,0.075,0.984385177791463,0.9762689403034951,0.9764175226034119
overlap_s6.0,overlap,9,800,2,5,CDK knn+2ec,5,4.353922128677368,47,20,5,5,0.44680851063829785,0.045,0.9875953157730175,0.9853411519308972,0.9854329348806473
overlap_s6.0,overlap,10,800,2,5,CDK knn+2ec,5,4.7855141162872314,39,15,5,5,0.6410256410256411,0.005,0.9255842634435988,0.9218353223517167,0.9223251089237037
overlap_s6.0,overlap,12,800,2,5,CDK knn+2ec,5,3.837495803833008,46,20,5,5,0.45652173913043476,0.18107142857142855,1.0,1.0,1.0
overlap_s6.0,overlap,11,800,2,5,CDK knn+2ec,5,4.689707279205322,43,19,5,5,0.46511627906976744,0.03,0.990646920349587,0.986843850651261,0.9869262229118854
overlap_s6.0,overlap,13,800,2,5,CDK knn+2ec,5,4.572734355926514,46,20,5,5,0.45652173913043476,0.03,0.9725416274279405,0.972720590339078,0.9728914224124162
overlap_s6.0,overlap,14,800,2,5,CDK knn+2ec,5,4.360839605331421,45,20,5,5,0.4,0.03,0.9813618804655009,0.9726265925686137,0.9727979781817103
overlap_s6.0,overlap,15,800,2,5,CDK knn+2ec,5,4.309222459793091,44,19,5,5,0.5681818181818182,0.005,0.9755116186410642,0.9750153976053437,0.9751718520750207
overlap_s6.0,overlap,16,800,2,5,CDK knn+2ec,5,5.085131406784058,30,12,5,5,0.6666666666666666,0.005,0.9100042871923724,0.9186484237724893,0.9191587277919512
overlap_s6.0,overlap,17,800,2,5,CDK knn+2ec,5,4.614307641983032,41,16,5,5,0.5609756097560976,0.005,0.9605415645187662,0.9574284580501807,0.9576950762870559
overlap_s6.0,overlap,18,800,2,5,CDK knn+2ec,5,4.527364253997803,45,20,5,5,0.4666666666666667,0.045,0.9968691099886755,0.9952518682725184,0.9952815964482751
overlap_s6.0,overlap,19,800,2,5,CDK knn+2ec,5,4.828537940979004,47,21,5,5,0.3617021276595745,0.07,0.9429232158408346,0.9390370955624945,0.9394189748033323
overlap_s4.0,overlap,0,800,2,5,CDK knn+2ec,5,5.322550058364868,43,18,5,5,0.4883720930232558,0.03,0.8043797937712228,0.8033353560597074,0.8045700754158044
overlap_s4.0,overlap,1,800,2,5,CDK knn+2ec,5,4.735342025756836,45,19,4,5,0.5333333333333333,0.01,0.885279472123872,0.8671395326333303,0.8679716926010009
overlap_s4.0,overlap,2,800,2,5,CDK knn+2ec,5,4.025327682495117,46,20,5,5,0.41304347826086957,0.28076923076923077,0.8875472222959921,0.8609780640833911,0.8618486611227474
overlap_s4.0,overlap,3,800,2,5,CDK knn+2ec,4,4.499507665634155,46,20,3,5,0.41304347826086957,0.045,0.684592113149095,0.7790462845697108,0.7801814232091144
overlap_s4.0,overlap,4,800,2,5,CDK knn+2ec,3,4.468408584594727,44,18,3,3,0.4772727272727273,0.02,0.4646246670421142,0.6720367052582819,0.6733133332255362
overlap_s4.0,overlap,5,800,2,5,CDK knn+2ec,5,4.347407102584839,44,19,5,5,0.5,0.0125,0.8608292628054057,0.8575736903028034,0.8584663380692148
overlap_s4.0,overlap,6,800,2,5,CDK knn+2ec,4,4.791783332824707,46,19,4,5,0.4782608695652174,0.015,0.4033580828186124,0.6169610541337844,0.6191181841065886
overlap_s4.0,overlap,7,800,2,5,CDK knn+2ec,5,4.174507141113281,44,19,5,5,0.4772727272727273,0.08750000000000001,0.8262353727701115,0.8466350593921753,0.8475994765129061
overlap_s4.0,overlap,8,800,2,5,CDK knn+2ec,4,4.01734185218811,48,21,4,4,0.4791666666666667,0.155,0.6626392559370443,0.7369413913608523,0.7382933498033906
overlap_s4.0,overlap,9,800,2,5,CDK knn+2ec,5,3.9915714263916016,45,20,5,5,0.4666666666666667,0.04,0.9074034406511199,0.9009987821497049,0.9016188486841646
overlap_s4.0,overlap,10,800,2,5,CDK knn+2ec,5,3.6154346466064453,44,19,4,5,0.4772727272727273,0.0375,0.8759394697349042,0.8554763459823226,0.8563815751560793
overlap_s4.0,overlap,11,800,2,5,CDK knn+2ec,4,3.621399402618408,40,18,4,4,0.45,0.0775,0.6708926006868594,0.7543760560334409,0.7556365818197133
overlap_s4.0,overlap,12,800,2,5,CDK knn+2ec,5,4.257115840911865,43,18,5,5,0.5348837209302325,0.01,0.8944164288765066,0.8759500965965406,0.8767268788775485
overlap_s4.0,overlap,13,800,2,5,CDK knn+2ec,2,3.7546184062957764,45,19,2,3,0.4,0.04,0.1924751887452008,0.43483953337683096,0.4361949695131635
overlap_s4.0,overlap,14,800,2,5,CDK knn+2ec,4,4.394973516464233,46,20,3,4,0.391304347826087,0.055,0.37995677641910974,0.6034518033535953,0.6056766933987615
overlap_s4.0,overlap,15,800,2,5,CDK knn+2ec,4,4.126380681991577,44,19,2,4,0.45454545454545453,0.03,0.7136244444199649,0.8058100691655242,0.8068085484855992
overlap_s4.0,overlap,16,800,2,5,CDK knn+2ec,4,4.4958555698394775,45,19,3,5,0.5111111111111111,0.01,0.6750015356203818,0.7671633538468452,0.7683619623837583
overlap_s4.0,overlap,17,800,2,5,CDK knn+2ec,3,5.161306142807007,44,18,3,6,0.5454545454545454,0.005,0.41870961064445045,0.6378524077612951,0.6392793641829916
overlap_s4.0,overlap,18,800,2,5,CDK knn+2ec,4,4.685127258300781,39,16,4,5,0.5897435897435898,0.005,0.7169322460444563,0.8192458899208727,0.8201759471049285
overlap_s4.0,overlap,19,800,2,5,CDK knn+2ec,4,4.437301874160767,41,18,4,4,0.5121951219512195,0.01,0.6501247714527943,0.7433282017470562,0.7446484164702057
overlap_s3.0,overlap,0,800,2,5,CDK knn+2ec,1,4.772950172424316,46,19,1,1,0.45652173913043476,0.02,0.0,0.0,0.0
overlap_s3.0,overlap,1,800,2,5,CDK knn+2ec,2,5.26680064201355,49,22,1,5,0.3877551020408163,0.06,0.13921993827963197,0.30155860348257313,0.30323978384873845
overlap_s3.0,overlap,2,800,2,5,CDK knn+2ec,1,5.031932830810547,52,22,1,3,0.34615384615384615,0.0875,0.0,0.0,0.0
overlap_s3.0,overlap,3,800,2,5,CDK knn+2ec,1,4.428314685821533,46,20,1,2,0.34782608695652173,0.085,0.0,0.0,0.0
overlap_s3.0,overlap,4,800,2,5,CDK knn+2ec,3,4.217133522033691,46,20,2,4,0.3695652173913043,0.052500000000000005,0.35255203048236233,0.5161963593985291,0.5181032682215698
overlap_s3.0,overlap,5,800,2,5,CDK knn+2ec,1,4.710595607757568,49,20,1,2,0.3673469387755102,0.055,0.0,0.0,0.0
overlap_s3.0,overlap,6,800,2,5,CDK knn+2ec,1,5.023356676101685,48,19,1,1,0.4166666666666667,0.07250000000000001,0.0,0.0,0.0
overlap_s3.0,overlap,7,800,2,5,CDK knn+2ec,1,3.9673068523406982,46,20,1,3,0.34782608695652173,0.3269230769230769,0.0,0.0,0.0
overlap_s3.0,overlap,8,800,2,5,CDK knn+2ec,1,4.4470624923706055,43,19,1,2,0.32558139534883723,0.115,0.0,0.0,0.0
overlap_s3.0,overlap,9,800,2,5,CDK knn+2ec,1,4.46659255027771,44,19,1,4,0.3181818181818182,0.065,0.0,0.0,0.0
overlap_s3.0,overlap,10,800,2,5,CDK knn+2ec,1,4.35392427444458,45,19,1,3,0.4444444444444444,0.03,0.0,0.0,0.0
overlap_s3.0,overlap,11,800,2,5,CDK knn+2ec,1,4.4544079303741455,51,21,1,3,0.35294117647058826,0.075,0.0,0.0,0.0
overlap_s3.0,overlap,12,800,2,5,CDK knn+2ec,2,3.988530158996582,44,19,2,2,0.38636363636363635,0.0675,0.15787141572652272,0.345590104728233,0.3471638552014591
overlap_s3.0,overlap,13,800,2,5,CDK knn+2ec,1,5.1773154735565186,46,20,1,3,0.30434782608695654,0.0625,0.0,0.0,0.0
overlap_s3.0,overlap,14,800,2,5,CDK knn+2ec,1,5.319066286087036,49,20,1,3,0.3673469387755102,0.04,0.0,0.0,0.0
overlap_s3.0,overlap,15,800,2,5,CDK knn+2ec,1,4.614676475524902,46,19,1,1,0.3695652173913043,0.14,0.0,0.0,0.0
overlap_s3.0,overlap,16,800,2,5,CDK knn+2ec,1,5.06291651725769,50,20,1,2,0.42,0.055,0.0,0.0,0.0
overlap_s3.0,overlap,17,800,2,5,CDK knn+2ec,2,4.433063745498657,44,19,2,3,0.4090909090909091,0.065,0.12258534494119715,0.3133555399261495,0.3150448836407565
overlap_s3.0,overlap,18,800,2,5,CDK knn+2ec,1,5.210671901702881,51,20,1,2,0.39215686274509803,0.06,0.0,0.0,0.0
overlap_s3.0,overlap,19,800,2,5,CDK knn+2ec,2,4.231823921203613,46,20,1,4,0.391304347826087,0.18461538461538463,0.2878828440261563,0.38841924488976354,0.38976069898765414
overlap_s2.0,overlap,0,800,2,5,CDK knn+2ec,1,4.633026838302612,46,18,1,1,0.391304347826087,0.135,0.0,0.0,0.0
overlap_s2.0,overlap,1,800,2,5,CDK knn+2ec,1,4.524876832962036,49,20,1,1,0.3673469387755102,0.07,0.0,0.0,0.0
overlap_s2.0,overlap,2,800,2,5,CDK knn+2ec,1,4.077432870864868,47,20,1,1,0.40425531914893614,0.12,0.0,0.0,0.0
overlap_s2.0,overlap,3,800,2,5,CDK knn+2ec,1,5.359567642211914,47,19,1,6,0.425531914893617,0.02,0.0,0.0,0.0
overlap_s2.0,overlap,4,800,2,5,CDK knn+2ec,1,5.156580448150635,50,20,1,3,0.42,0.05,0.0,0.0,0.0
overlap_s2.0,overlap,5,800,2,5,CDK knn+2ec,1,5.707292556762695,52,20,1,2,0.40384615384615385,0.03,0.0,0.0,0.0
overlap_s2.0,overlap,6,800,2,5,CDK knn+2ec,1,4.657943964004517,51,20,1,1,0.39215686274509803,0.125,0.0,0.0,0.0
overlap_s2.0,overlap,7,800,2,5,CDK knn+2ec,1,4.123523712158203,51,20,1,1,0.2549019607843137,0.3076923076923077,0.0,0.0,0.0
overlap_s2.0,overlap,8,800,2,5,CDK knn+2ec,1,4.299562931060791,44,19,1,1,0.20454545454545456,0.08499999999999999,0.0,0.0,0.0
overlap_s2.0,overlap,9,800,2,5,CDK knn+2ec,1,4.815863370895386,44,17,1,3,0.38636363636363635,0.042499999999999996,0.0,0.0,0.0
overlap_s2.0,overlap,10,800,2,5,CDK knn+2ec,1,4.634704113006592,50,20,1,3,0.36,0.11499999999999999,0.0,0.0,0.0
overlap_s2.0,overlap,11,800,2,5,CDK knn+2ec,1,4.8429319858551025,50,20,1,2,0.38,0.1525,0.0,0.0,0.0
overlap_s2.0,overlap,12,800,2,5,CDK knn+2ec,1,5.365203380584717,51,20,1,2,0.3137254901960784,0.065,0.0,0.0,0.0
overlap_s2.0,overlap,13,800,2,5,CDK knn+2ec,1,4.205403804779053,42,17,1,1,0.38095238095238093,0.11750000000000001,0.0,0.0,0.0
overlap_s2.0,overlap,14,800,2,5,CDK knn+2ec,1,5.346035480499268,49,19,1,2,0.40816326530612246,0.055,0.0,0.0,0.0
overlap_s2.0,overlap,15,800,2,5,CDK knn+2ec,1,4.937771558761597,53,22,1,1,0.3018867924528302,0.105,0.0,0.0,0.0
overlap_s2.0,overlap,16,800,2,5,CDK knn+2ec,1,5.987793684005737,55,21,1,1,0.2727272727272727,0.085,0.0,0.0,0.0
overlap_s2.0,overlap,17,800,2,5,CDK knn+2ec,1,4.989276885986328,51,20,1,2,0.39215686274509803,0.045,0.0,0.0,0.0
overlap_s2.0,overlap,18,800,2,5,CDK knn+2ec,1,4.70171332359314,50,20,1,1,0.4,0.08499999999999999,0.0,0.0,0.0
overlap_s2.0,overlap,19,800,2,5,CDK knn+2ec,1,4.501940488815308,50,20,1,1,0.34,0.23107142857142854,0.0,0.0,0.0
unbal_r5,unbalanced,1,897,2,5,CDK knn+2ec,5,5.088939666748047,51,21,5,5,0.5098039215686274,0.01,0.9967924595287926,0.9950577416593008,0.9950883546671669
unbal_r5,unbalanced,0,897,2,5,CDK knn+2ec,5,5.9675538539886475,60,23,5,6,0.5166666666666667,0.01,0.9975276177224729,0.995213461800537,0.9952430958132771
unbal_r5,unbalanced,2,897,2,5,CDK knn+2ec,5,5.295908451080322,35,13,5,5,0.6,0.005,0.9747586127532313,0.9567282649299349,0.9569986462093102
unbal_r5,unbalanced,3,897,2,5,CDK knn+2ec,5,5.691194295883179,43,16,5,5,0.6046511627906976,0.005,0.9863870804197234,0.9745740552826166,0.9747322401651508
unbal_r5,unbalanced,5,897,2,5,CDK knn+2ec,5,4.96943473815918,47,19,5,5,0.5106382978723404,0.005,0.9936017094518451,0.9911788771901188,0.9912335343526539
unbal_r5,unbalanced,4,897,2,5,CDK knn+2ec,5,6.153262615203857,58,22,5,5,0.46551724137931033,0.015,1.0,1.0,1.0
unbal_r5,unbalanced,6,897,2,5,CDK knn+2ec,5,4.501207113265991,46,19,5,5,0.5,0.01,0.9936017094518451,0.9911788771901188,0.9912335343526539
unbal_r5,unbalanced,7,897,2,5,CDK knn+2ec,6,4.955058574676514,47,19,5,6,0.5106382978723404,0.01,0.9287517531688592,0.9453570078632408,0.9457686252047954
unbal_r5,unbalanced,8,897,2,5,CDK knn+2ec,5,4.711159706115723,36,15,5,5,0.5555555555555556,0.005,0.9792334623681296,0.9757591187916419,0.9759101543054847
unbal_r5,unbalanced,9,897,2,5,CDK knn+2ec,5,4.663702011108398,43,18,5,5,0.5116279069767442,0.01,1.0,1.0,1.0
unbal_r5,unbalanced,10,897,2,5,CDK knn+2ec,5,5.337882041931152,56,22,5,5,0.44642857142857145,0.03,1.0,1.0,1.0
unbal_r5,unbalanced,11,897,2,5,CDK knn+2ec,5,4.855248928070068,48,19,5,5,0.5,0.034999999999999996,1.0,1.0,1.0
unbal_r5,unbalanced,13,897,2,5,CDK knn+2ec,5,5.1202006340026855,44,18,5,5,0.5227272727272727,0.005,0.9946515281515963,0.9904252906538686,0.9904845987002159
unbal_r5,unbalanced,12,897,2,5,CDK knn+2ec,5,5.864933967590332,52,21,5,6,0.5384615384615384,0.01,0.9930029688737623,0.9845690421416482,0.9846644143744849
unbal_r5,unbalanced,15,897,2,5,CDK knn+2ec,5,4.561852693557739,49,20,5,5,0.4489795918367347,0.065,0.9989065747947903,0.9958369234501876,0.9958627077114272
unbal_r5,unbalanced,14,897,2,5,CDK knn+2ec,5,5.22887396812439,52,21,5,5,0.4807692307692308,0.0275,1.0,1.0,1.0
unbal_r5,unbalanced,17,897,2,5,CDK knn+2ec,5,4.785578489303589,39,15,5,5,0.5384615384615384,0.005,0.9635852911569085,0.9537437282202222,0.9540342954404203
unbal_r5,unbalanced,16,897,2,5,CDK knn+2ec,5,5.413031339645386,54,22,5,5,0.46296296296296297,0.0375,1.0,1.0,1.0
unbal_r5,unbalanced,19,897,2,5,CDK knn+2ec,5,4.001452207565308,23,9,5,5,0.7391304347826086,0.005,0.957011331730589,0.9438232897624649,0.9441740886312755
unbal_r5,unbalanced,18,897,2,5,CDK knn+2ec,5,4.647867202758789,43,17,5,5,0.4883720930232558,0.015,0.9797671071559324,0.9578889938455435,0.9581518542583668
unbal_r20,unbalanced,1,898,2,5,CDK knn+2ec,4,4.105874538421631,37,15,4,4,0.5135135135135135,0.01,0.9829385199576768,0.9578100614557843,0.9580604799471484
unbal_r20,unbalanced,0,898,2,5,CDK knn+2ec,5,4.851741313934326,39,16,5,5,0.5641025641025641,0.005,0.9861928474741584,0.9731131617918772,0.9733250470467455
unbal_r20,unbalanced,2,898,2,5,CDK knn+2ec,4,5.428655385971069,51,20,4,4,0.43137254901960786,0.06,0.9821551585060867,0.9588893084221052,0.9591350632225549
unbal_r20,unbalanced,3,898,2,5,CDK knn+2ec,4,5.504951000213623,53,20,4,4,0.41509433962264153,0.05,0.9798701633148513,0.9577617687908464,0.9580146216427743
unbal_r20,unbalanced,4,898,2,5,CDK knn+2ec,4,4.161081075668335,19,8,4,4,0.6842105263157895,0.005,0.9391467308943922,0.9450903081277795,0.945424969245946
unbal_r20,unbalanced,5,898,2,5,CDK knn+2ec,4,5.709695100784302,45,16,4,4,0.5333333333333333,0.005,0.9779344006303461,0.9491181555917944,0.949423659646351
unbal_r20,unbalanced,6,898,2,5,CDK knn+2ec,5,5.944151401519775,40,14,5,6,0.625,0.005,0.6565691930880952,0.8236153358481605,0.8248398197980943
unbal_r20,unbalanced,7,898,2,5,CDK knn+2ec,5,6.475201845169067,53,20,5,5,0.4716981132075472,0.03,0.9949111684626611,0.9723591062294036,0.9725762966479838
unbal_r20,unbalanced,8,898,2,5,CDK knn+2ec,4,5.707147836685181,48,18,4,4,0.5,0.01,0.9851560883897568,0.9611791546062061,0.961411210823618
unbal_r20,unbalanced,9,898,2,5,CDK knn+2ec,5,5.794057607650757,55,21,5,5,0.4909090909090909,0.015,1.0,1.0,1.0
unbal_r20,unbalanced,10,898,2,5,CDK knn+2ec,4,5.429045915603638,51,20,4,5,0.5098039215686274,0.01,0.9877182422516623,0.9635740843123639,0.9637897843853866
unbal_r20,unbalanced,11,898,2,5,CDK knn+2ec,5,5.860559463500977,57,22,5,5,0.45614035087719296,0.015,1.0,1.0,1.0
unbal_r20,unbalanced,12,898,2,5,CDK knn+2ec,5,5.703222274780273,50,18,5,5,0.56,0.005,0.9983356387454547,0.9913546219416293,0.9914225444527544
unbal_r20,unbalanced,13,898,2,5,CDK knn+2ec,5,6.006536483764648,54,21,5,6,0.48148148148148145,0.025,1.0,1.0,1.0
unbal_r20,unbalanced,14,898,2,5,CDK knn+2ec,5,5.2288336753845215,55,21,5,5,0.45454545454545453,0.025,0.9934360783840961,0.9716439356576092,0.9718670525690778
unbal_r20,unbalanced,15,898,2,5,CDK knn+2ec,5,4.969495058059692,52,21,5,5,0.46153846153846156,0.115,0.9986111693637285,0.9920086569015222,0.9920714263411293
unbal_r20,unbalanced,16,898,2,5,CDK knn+2ec,5,6.297515630722046,56,21,5,7,0.5178571428571429,0.0075,0.9937420200623376,0.9892403578720863,0.9893251092455763
unbal_r20,unbalanced,17,898,2,5,CDK knn+2ec,5,5.649977445602417,62,25,5,5,0.41935483870967744,0.045,0.9971662800165679,0.9943247203870014,0.9943694096827815
unbal_r20,unbalanced,18,898,2,5,CDK knn+2ec,5,6.076223850250244,53,20,5,5,0.5094339622641509,0.01,0.9964503372246284,0.9899490438449347,0.9900281558368957
unbal_r20,unbalanced,19,898,2,5,CDK knn+2ec,5,4.548584938049316,42,17,5,5,0.5,0.0125,0.9859701626681331,0.9791632204273145,0.9793281767506089
unbal_r100,unbalanced,0,923,2,5,CDK knn+2ec,5,6.336526870727539,58,22,5,5,0.5862068965517241,0.005,1.0,1.0,1.0
unbal_r100,unbalanced,1,923,2,5,CDK knn+2ec,5,6.818027019500732,66,23,5,6,0.48484848484848486,0.015,1.0,1.0,1.0
unbal_r100,unbalanced,2,923,2,5,CDK knn+2ec,4,5.902611970901489,52,19,4,4,0.38461538461538464,0.0925,0.9800252111704576,0.9405574216334979,0.9410020617621672
unbal_r100,unbalanced,3,923,2,5,CDK knn+2ec,5,5.875802278518677,57,23,5,6,0.38596491228070173,0.065,0.905509030025002,0.9074444743402588,0.908297411385687
unbal_r100,unbalanced,4,923,2,5,CDK knn+2ec,5,6.899945497512817,65,24,5,5,0.5384615384615384,0.005,1.0,1.0,1.0
unbal_r100,unbalanced,5,923,2,5,CDK knn+2ec,4,5.877164602279663,50,19,4,4,0.48,0.02,0.987389509104404,0.9596152034858989,0.9599127135988615
unbal_r100,unbalanced,7,923,2,5,CDK knn+2ec,4,3.2658603191375732,17,7,4,4,0.7058823529411765,0.005,0.9633677945991127,0.9364072232366424,0.936882030333528
unbal_r100,unbalanced,6,923,2,5,CDK knn+2ec,5,6.132301568984985,63,24,5,5,0.42857142857142855,0.135,0.9933816139412952,0.9594738217664095,0.9598655851674768
unbal_r100,unbalanced,9,923,2,5,CDK knn+2ec,4,2.522042989730835,10,4,4,4,0.9,0.005,0.9224308702354466,0.8949876420405974,0.8957953400892567
unbal_r100,unbalanced,8,923,2,5,CDK knn+2ec,5,6.8703367710113525,59,22,5,5,0.4915254237288136,0.02,1.0,1.0,1.0
unbal_r100,unbalanced,10,923,2,5,CDK knn+2ec,4,5.584108352661133,56,22,4,4,0.375,0.0875,0.9961503685440247,0.974563942003253,0.9747509861253522
unbal_r100,unbalanced,11,923,2,5,CDK knn+2ec,4,5.964198589324951,55,21,4,4,0.41818181818181815,0.035,0.993753211699267,0.9541712705400925,0.9545087710176452
unbal_r100,unbalanced,12,923,2,5,CDK knn+2ec,4,3.152522325515747,18,7,4,4,0.7222222222222222,0.005,0.9793344041917101,0.9473316021462392,0.9477225380416293
unbal_r100,unbalanced,13,923,2,5,CDK knn+2ec,4,2.436593532562256,10,5,4,4,0.9,0.005,0.933163703248909,0.9283293039003693,0.9288755850751531
unbal_r100,unbalanced,14,923,2,5,CDK knn+2ec,4,2.307884693145752,10,5,4,4,0.9,0.005,0.9427448847162514,0.9242928423882805,0.9248677970725472
unbal_r100,unbalanced,16,923,2,5,CDK knn+2ec,4,5.067440748214722,46,17,4,4,0.4782608695652174,0.0175,0.9798325736561067,0.9551566205862791,0.955489439019111
unbal_r100,unbalanced,15,923,2,5,CDK knn+2ec,4,6.02827525138855,44,17,4,4,0.5,0.0125,0.9818156967945894,0.942687695047688,0.9431113141914265
unbal_r100,unbalanced,17,923,2,5,CDK knn+2ec,4,3.0655155181884766,20,8,4,4,0.65,0.005,0.9312758218419133,0.9302040797593651,0.9307364659848332
unbal_r100,unbalanced,18,923,2,5,CDK knn+2ec,5,6.768206596374512,63,23,5,6,0.47619047619047616,0.015,1.0,1.0,1.0
unbal_r100,unbalanced,19,923,2,5,CDK knn+2ec,5,6.09826135635376,41,15,5,6,0.6341463414634146,0.005,0.6487166767959763,0.7796864213724238,0.7815056314873112
uvar_r3,unequal_var,0,800,2,4,CDK knn+2ec,4,3.6279470920562744,40,18,4,4,0.4,0.060000000000000005,0.9769414116552734,0.9698292909504862,0.9699523658562559
uvar_r3,unequal_var,1,800,2,4,CDK knn+2ec,4,3.8106024265289307,41,18,4,4,0.34146341463414637,0.15,0.9834813714326988,0.978773242140614,0.9788598309318988
uvar_r3,unequal_var,2,800,2,4,CDK knn+2ec,4,4.175668954849243,29,12,4,4,0.5862068965517241,0.005,0.9153699636034507,0.9164696115103741,0.9168108109467032
uvar_r3,unequal_var,3,800,2,4,CDK knn+2ec,4,3.5054831504821777,37,16,4,4,0.4864864864864865,0.035,0.9575882841441937,0.9480204598932317,0.9482325473906914
uvar_r3,unequal_var,4,800,2,4,CDK knn+2ec,4,4.053194284439087,34,15,4,5,0.4411764705882353,0.03,0.9539051178488012,0.9424970072438664,0.9427316176092929
uvar_r3,unequal_var,5,800,2,4,CDK knn+2ec,4,3.730982542037964,32,14,4,4,0.46875,0.0275,0.8991600529395977,0.8916376969871755,0.8920804688747312
uvar_r3,unequal_var,6,800,2,4,CDK knn+2ec,4,4.159066677093506,31,13,4,4,0.5161290322580645,0.01,0.9444194742792902,0.9282770123099178,0.9285696777957752
uvar_r3,unequal_var,7,800,2,4,CDK knn+2ec,4,3.9045655727386475,38,16,4,4,0.4473684210526316,0.13,0.970352596183018,0.9589907499538789,0.9591580439797198
uvar_r3,unequal_var,8,800,2,4,CDK knn+2ec,4,4.7367424964904785,44,19,4,4,0.36363636363636365,0.06,0.9358132365008365,0.9279101296609902,0.9282043021303638
uvar_r3,unequal_var,9,800,2,4,CDK knn+2ec,4,4.3141090869903564,40,18,4,5,0.375,0.11499999999999999,0.9477892275589217,0.9319751395397753,0.9322526429016205
uvar_r3,unequal_var,10,800,2,4,CDK knn+2ec,4,3.6080245971679688,30,13,4,4,0.4666666666666667,0.37115384615384617,0.9671762484557062,0.9580551275443696,0.9582262429406073
uvar_r3,unequal_var,11,800,2,4,CDK knn+2ec,4,3.957730531692505,38,16,4,4,0.42105263157894735,0.055,0.9801856768887659,0.9730822484341566,0.9731920510522937
uvar_r3,unequal_var,12,800,2,4,CDK knn+2ec,4,4.371091365814209,40,18,4,4,0.425,0.0325,0.9834813714326988,0.978773242140614,0.9788598309318988
uvar_r3,unequal_var,13,800,2,4,CDK knn+2ec,4,3.95329213142395,39,17,4,5,0.4358974358974359,0.105,0.954411759151077,0.9423507054892992,0.942585927789952
uvar_r3,unequal_var,14,800,2,4,CDK knn+2ec,4,4.108488321304321,37,16,4,4,0.5135135135135135,0.01,0.9768894836172729,0.9681146121075885,0.9682446762424162
uvar_r3,unequal_var,15,800,2,4,CDK knn+2ec,4,3.8785505294799805,27,12,4,4,0.48148148148148145,0.04,0.9134720102475722,0.9055384882436315,0.9059242275629896
uvar_r3,unequal_var,16,800,2,4,CDK knn+2ec,4,4.176960706710815,36,15,4,4,0.5555555555555556,0.005,0.9352917371663527,0.918816014310853,0.9191472853751993
uvar_r3,unequal_var,17,800,2,4,CDK knn+2ec,4,4.028412580490112,32,14,4,4,0.40625,0.042499999999999996,0.9094489680087616,0.9126651186023818,0.9130219806796019
uvar_r3,unequal_var,19,800,2,4,CDK knn+2ec,4,4.085735559463501,33,13,4,4,0.5454545454545454,0.005,0.9508730307101211,0.9376046504100777,0.9378592060350427
uvar_r3,unequal_var,18,800,2,4,CDK knn+2ec,4,4.32802414894104,34,15,4,4,0.4411764705882353,0.025,0.9419717623817395,0.9349727311491487,0.935238055617104
uvar_r10,unequal_var,0,800,2,4,CDK knn+2ec,3,4.1571044921875,35,14,3,4,0.45714285714285713,0.02,0.6361725227981844,0.7029757451320939,0.7038845455378796
uvar_r10,unequal_var,1,800,2,4,CDK knn+2ec,3,5.091843605041504,41,15,3,4,0.4878048780487805,0.015,0.6139949714729505,0.6804568527288444,0.6814379887229178
uvar_r10,unequal_var,3,800,2,4,CDK knn+2ec,2,3.4984631538391113,35,14,2,2,0.2571428571428571,0.2692307692307692,0.3069637873556881,0.4481940451248023,0.4492371295677415
uvar_r10,unequal_var,2,800,2,4,CDK knn+2ec,3,4.725005388259888,34,13,3,3,0.5294117647058824,0.0075,0.4966579027001238,0.6254909618404032,0.6266821973136192
uvar_r10,unequal_var,4,800,2,4,CDK knn+2ec,4,4.630323171615601,26,11,3,4,0.6538461538461539,0.005,0.7075295481511515,0.6947324435289268,0.6959828843165357
uvar_r10,unequal_var,5,800,2,4,CDK knn+2ec,3,4.973570108413696,43,17,2,3,0.5116279069767442,0.01,0.6399946247797653,0.7035147147675458,0.7044262229686961
uvar_r10,unequal_var,7,800,2,4,CDK knn+2ec,3,4.666047096252441,35,14,3,4,0.6,0.005,0.6240848124533974,0.68012844787656,0.6811092607873052
uvar_r10,unequal_var,6,800,2,4,CDK knn+2ec,3,5.129393815994263,37,14,3,4,0.6216216216216216,0.005,0.5564767775625605,0.6226590022044224,0.6238238805140032
uvar_r10,unequal_var,8,800,2,4,CDK knn+2ec,3,4.166391134262085,29,11,2,4,0.6206896551724138,0.005,0.45432825285237444,0.58529716521194,0.5866281985516281
uvar_r10,unequal_var,9,800,2,4,CDK knn+2ec,2,4.514040231704712,33,13,2,3,0.5454545454545454,0.01,0.3129087749228234,0.4793473622856668,0.48032884064460407
uvar_r10,unequal_var,10,800,2,4,CDK knn+2ec,2,5.339040994644165,41,16,2,5,0.5121951219512195,0.01,0.3115634886510167,0.46867094818277405,0.46967646564258686
uvar_r10,unequal_var,11,800,2,4,CDK knn+2ec,3,4.989122152328491,37,14,3,4,0.5675675675675675,0.005,0.5399351697523999,0.5986973629433634,0.5999334474988608
uvar_r10,unequal_var,13,800,2,4,CDK knn+2ec,3,4.2971038818359375,36,14,3,3,0.3888888888888889,0.037500000000000006,0.6272099076458523,0.6923463670817943,0.6932869564444195
uvar_r10,unequal_var,12,800,2,4,CDK knn+2ec,4,4.99491548538208,23,9,4,4,0.6521739130434783,0.005,0.7106328839413941,0.727721831133844,0.7288477252434716
uvar_r10,unequal_var,14,800,2,4,CDK knn+2ec,4,4.652256965637207,35,13,3,4,0.5142857142857142,0.01,0.6500168985646204,0.678083333991158,0.6794381792619184
uvar_r10,unequal_var,15,800,2,4,CDK knn+2ec,5,4.7967023849487305,27,10,4,6,0.6666666666666666,0.005,0.5709760958203992,0.6499120904663961,0.6517705696816538
uvar_r10,unequal_var,16,800,2,4,CDK knn+2ec,3,4.0427892208099365,30,12,3,3,0.4666666666666667,0.04,0.6324115934012259,0.6994211408685662,0.7003414732629869
uvar_r10,unequal_var,17,800,2,4,CDK knn+2ec,3,5.414887428283691,39,15,3,6,0.5384615384615384,0.005,0.5718068197173102,0.6474547785897764,0.6485433104274851
uvar_r10,unequal_var,18,800,2,4,CDK knn+2ec,4,4.887239217758179,43,18,3,5,0.4418604651162791,0.025,0.6890091979024207,0.7215332089738407,0.7226988334807867
uvar_r10,unequal_var,19,800,2,4,CDK knn+2ec,3,4.431097507476807,20,8,3,3,0.65,0.005,0.4184382882800243,0.5481707390727459,0.5496344979969588
elong_c5,elongated,0,800,2,4,CDK knn+2ec,4,6.8101489543914795,50,19,3,9,0.7,0.005,0.5145760592781377,0.6691977408178093,0.670641255120252
elong_c5,elongated,1,800,2,4,CDK knn+2ec,11,6.785198450088501,47,18,9,13,0.851063829787234,0.005,0.4855003697016381,0.6150635509019639,0.6191720927401689
elong_c5,elongated,2,800,2,4,CDK knn+2ec,6,5.5457446575164795,45,19,6,8,0.6666666666666666,0.005,0.5370479442825732,0.6358692534301211,0.638200925201343
elong_c5,elongated,3,800,2,4,CDK knn+2ec,5,6.065168142318726,48,19,5,7,0.6875,0.005,0.6996866491227657,0.748256043330936,0.74956722494406
elong_c5,elongated,4,800,2,4,CDK knn+2ec,6,6.062192440032959,44,18,5,10,0.7045454545454546,0.005,0.5165272246510779,0.6250218855034771,0.6273770991224805
elong_c5,elongated,5,800,2,4,CDK knn+2ec,5,6.094388961791992,43,16,5,6,0.6744186046511628,0.005,0.4310206347580105,0.5865087204166991,0.5888045218344968
elong_c5,elongated,6,800,2,4,CDK knn+2ec,3,4.848237037658691,43,19,3,4,0.6046511627906976,0.005,0.3993290986880764,0.5170384833122091,0.5186947115114098
elong_c5,elongated,7,800,2,4,CDK knn+2ec,4,5.527168035507202,43,18,4,6,0.627906976744186,0.005,0.588454103038244,0.7433848853729328,0.7445079593724309
elong_c5,elongated,8,800,2,4,CDK knn+2ec,4,5.52096152305603,42,16,4,5,0.7142857142857143,0.005,0.7099671302091312,0.7512731517215877,0.7523011352614191
elong_c5,elongated,9,800,2,4,CDK knn+2ec,5,5.6312501430511475,44,19,5,6,0.6590909090909091,0.005,0.7812926045547601,0.7786874717403578,0.7798355753384523
elong_c5,elongated,10,800,2,4,CDK knn+2ec,6,6.144611120223999,49,19,4,11,0.7142857142857143,0.005,0.6538627498400823,0.732857053283487,0.7344791928476349
elong_c5,elongated,11,800,2,4,CDK knn+2ec,7,5.587429761886597,38,15,7,9,0.7631578947368421,0.005,0.6390627496829309,0.7034128078471288,0.7055486697584932
elong_c5,elongated,12,800,2,4,CDK knn+2ec,7,6.182285785675049,44,19,5,10,0.7272727272727273,0.005,0.48381712580319414,0.6250160355795971,0.6278874036938901
elong_c5,elongated,13,800,2,4,CDK knn+2ec,4,5.01300048828125,32,14,3,6,0.65625,0.005,0.47836146622223574,0.635507152570546,0.6371649045806456
elong_c5,elongated,14,800,2,4,CDK knn+2ec,3,5.9555792808532715,43,18,2,8,0.6046511627906976,0.005,0.30992126220768934,0.49632632383178776,0.49799980596251325
elong_c5,elongated,15,800,2,4,CDK knn+2ec,5,6.485306024551392,48,19,4,9,0.6875,0.005,0.6301516318130216,0.6862404591479925,0.6878683348220123
elong_c5,elongated,16,800,2,4,CDK knn+2ec,9,7.248552560806274,48,19,7,13,0.7916666666666666,0.005,0.5124251097435216,0.612656558496668,0.6160984838951529
elong_c5,elongated,17,800,2,4,CDK knn+2ec,5,5.691612243652344,40,18,5,10,0.65,0.005,0.4548180168377062,0.5613420904721493,0.5638448847095959
elong_c5,elongated,19,800,2,4,CDK knn+2ec,3,5.205016851425171,41,17,3,6,0.6097560975609756,0.005,0.3764107574178234,0.5203486135953892,0.5218969487579561
elong_c5,elongated,18,800,2,4,CDK knn+2ec,6,6.116492748260498,45,19,4,7,0.7111111111111111,0.005,0.6940968559586127,0.7180882090292372,0.7198506712981245
elong_c20,elongated,0,800,2,4,CDK knn+2ec,1,6.768594741821289,54,20,1,8,0.5925925925925926,0.005,0.0,0.0,0.0
elong_c20,elongated,1,800,2,4,CDK knn+2ec,5,6.304576396942139,48,19,3,9,0.6666666666666666,0.005,0.20990612351652135,0.3594455679326972,0.3634356898677731
elong_c20,elongated,2,800,2,4,CDK knn+2ec,2,5.683520317077637,47,18,1,7,0.5319148936170213,0.01,0.017299341672983044,0.09217348462594692,0.09416413385373161
elong_c20,elongated,3,800,2,4,CDK knn+2ec,5,6.420782804489136,52,18,5,7,0.7115384615384616,0.005,0.13937559140901784,0.2661876811857745,0.2702450565411313
elong_c20,elongated,4,800,2,4,CDK knn+2ec,6,6.2664477825164795,43,17,6,12,0.7441860465116279,0.005,0.11306298161779074,0.2772532131348553,0.28263995064901776
elong_c20,elongated,5,800,2,4,CDK knn+2ec,6,6.899708271026611,51,19,2,11,0.7058823529411765,0.005,0.18869970349159917,0.2805618590525913,0.28508310190761765
elong_c20,elongated,6,800,2,4,CDK knn+2ec,6,7.218011140823364,45,16,5,10,0.7555555555555555,0.005,0.18313267920597476,0.33197529470887227,0.3364954668835672
elong_c20,elongated,7,800,2,4,CDK knn+2ec,7,6.053056716918945,42,16,6,8,0.7619047619047619,0.005,0.19874730922677697,0.2972320032150754,0.30229097080588485
elong_c20,elongated,8,800,2,4,CDK knn+2ec,5,5.356502294540405,40,15,4,5,0.725,0.005,0.11982574630820689,0.29946361472894134,0.30359420406839466
elong_c20,elongated,9,800,2,4,CDK knn+2ec,5,6.3867247104644775,42,16,3,7,0.6904761904761905,0.005,0.20604688479351524,0.2950737593897553,0.29921833666619063
elong_c20,elongated,10,800,2,4,CDK knn+2ec,6,7.523546457290649,57,19,4,8,0.7543859649122807,0.005,0.23682003124032638,0.3874750871075086,0.3915671603894363
elong_c20,elongated,11,800,2,4,CDK knn+2ec,5,6.671654462814331,53,19,5,9,0.6981132075471698,0.005,0.11004378363075872,0.204736231978462,0.20961515339013395
elong_c20,elongated,12,800,2,4,CDK knn+2ec,7,7.007182359695435,48,18,7,10,0.7291666666666666,0.005,0.25277959909049397,0.38635742609268076,0.3911859027952422
elong_c20,elongated,13,800,2,4,CDK knn+2ec,5,6.780890941619873,54,20,4,8,0.6666666666666666,0.005,0.2303378197766137,0.3086757276896673,0.3124974597592607
elong_c20,elongated,14,800,2,4,CDK knn+2ec,4,5.834199905395508,42,15,4,5,0.6904761904761905,0.005,0.10945145042081489,0.20157874860565772,0.20503138204158555
elong_c20,elongated,15,800,2,4,CDK knn+2ec,8,7.779639482498169,59,20,8,13,0.7966101694915254,0.005,0.35597306758083325,0.47583003064920143,0.48002159519004883
elong_c20,elongated,16,800,2,4,CDK knn+2ec,4,5.49018931388855,46,17,3,6,0.6956521739130435,0.005,0.15196959710853064,0.2962607863570058,0.2994713618274985
elong_c20,elongated,17,800,2,4,CDK knn+2ec,7,5.579311847686768,40,16,7,10,0.775,0.005,0.19227094367209363,0.32550632178912137,0.330235040633715
elong_c20,elongated,18,800,2,4,CDK knn+2ec,8,7.046906232833862,51,19,3,12,0.7843137254901961,0.005,0.18648675748510707,0.3503578603719747,0.3557246738347941
elong_c20,elongated,19,800,2,4,CDK knn+2ec,5,6.7939677238464355,50,18,5,7,0.7,0.005,0.16794912851680496,0.3054129508576338,0.3092374892437407
nongauss_t3,nongauss,0,800,2,5,CDK knn+2ec,5,4.272321462631226,25,10,5,5,0.76,0.005,0.9906666593459081,0.9883314061298463,0.9884044649935746
nongauss_t3,nongauss,1,800,2,5,CDK knn+2ec,6,4.188064336776733,38,16,6,6,0.5263157894736842,0.0075,0.9545754207957321,0.9547657779555071,0.9551132161486064
nongauss_t3,nongauss,2,800,2,5,CDK knn+2ec,5,4.362910032272339,27,10,5,5,0.7037037037037037,0.005,0.9844145291180962,0.9773549263375825,0.9774967088185426
nongauss_t3,nongauss,3,800,2,5,CDK knn+2ec,6,5.008713960647583,35,13,6,6,0.7714285714285715,0.005,0.9332097305451303,0.9545131373957048,0.9548553739671534
nongauss_t3,nongauss,4,800,2,5,CDK knn+2ec,5,4.329981088638306,38,15,5,5,0.6578947368421053,0.005,0.9968691099886755,0.9952518682725183,0.995281596448275
nongauss_t3,nongauss,5,800,2,5,CDK knn+2ec,5,3.694125175476074,31,13,5,5,0.6129032258064516,0.005,0.9515019001770266,0.9539130037082585,0.9542017223998488
nongauss_t3,nongauss,6,800,2,5,CDK knn+2ec,5,4.129323482513428,27,11,5,5,0.6666666666666666,0.005,0.984385177791463,0.9762689403034948,0.9764175226034115
nongauss_t3,nongauss,7,800,2,5,CDK knn+2ec,5,4.559554100036621,31,13,5,5,0.5483870967741935,0.005,0.9874967342362952,0.9820906790845182,0.9822028123884863
nongauss_t3,nongauss,8,800,2,5,CDK knn+2ec,5,5.280949354171753,35,12,5,5,0.7142857142857143,0.005,1.0,1.0,1.0
nongauss_t3,nongauss,9,800,2,5,CDK knn+2ec,5,4.596373558044434,30,11,5,5,0.7,0.005,0.9875359909576884,0.9835831414780363,0.9836859302211457
nongauss_t3,nongauss,10,800,2,5,CDK knn+2ec,5,3.456479549407959,16,7,5,5,0.8125,0.005,0.9906662181794057,0.9868488828432564,0.9869312223284835
nongauss_t3,nongauss,11,800,2,5,CDK knn+2ec,5,4.669480323791504,29,12,5,6,0.6206896551724138,0.005,0.990646920349587,0.9868438506512609,0.9869262229118853
nongauss_t3,nongauss,12,800,2,5,CDK knn+2ec,5,3.8378541469573975,33,13,5,5,0.5757575757575758,0.005,0.9937579600246279,0.9915871831020886,0.9916398563708724
nongauss_t3,nongauss,13,800,2,5,CDK knn+2ec,5,3.8745102882385254,28,12,5,5,0.6785714285714286,0.005,0.9844251718430678,0.9799182901852591,0.980044026150531
nongauss_t3,nongauss,14,800,2,5,CDK knn+2ec,6,4.430032968521118,35,14,6,6,0.6857142857142857,0.005,0.9481953162510498,0.9531691033649942,0.9535281704194764
nongauss_t3,nongauss,15,800,2,5,CDK knn+2ec,5,4.21071195602417,24,9,5,5,0.75,0.005,0.978392749328417,0.9730780630540756,0.9732466380666448
nongauss_t3,nongauss,16,800,2,5,CDK knn+2ec,5,4.495431423187256,35,13,5,5,0.6571428571428571,0.005,0.9634304524815348,0.9610401366455705,0.9612841220016194
nongauss_t3,nongauss,17,800,2,5,CDK knn+2ec,5,4.110157489776611,32,13,5,5,0.59375,0.005,0.9634347710546107,0.9610383330721247,0.9612823426632611
nongauss_t3,nongauss,18,800,2,5,CDK knn+2ec,5,4.156922101974487,28,11,5,5,0.7142857142857143,0.005,0.9875162150845661,0.9820956053521009,0.9822077072442185
nongauss_t3,nongauss,19,800,2,5,CDK knn+2ec,5,4.2186198234558105,23,9,5,5,0.782608695652174,0.005,0.99063671875,0.9857629668115665,0.9858521050171825
nongauss_uniform,nongauss,0,800,2,5,CDK knn+2ec,5,5.093666076660156,46,20,5,5,0.5652173913043478,0.005,1.0,1.0,1.0
nongauss_uniform,nongauss,1,800,2,5,CDK knn+2ec,5,5.226799964904785,47,20,5,6,0.574468085106383,0.005,1.0,1.0,1.0
nongauss_uniform,nongauss,2,800,2,5,CDK knn+2ec,5,4.373373985290527,47,20,5,5,0.574468085106383,0.005,1.0,1.0,1.0
nongauss_uniform,nongauss,3,800,2,5,CDK knn+2ec,5,5.428240060806274,42,17,5,7,0.6428571428571429,0.005,0.9551570868253528,0.9605212443855387,0.9607685638729626
nongauss_uniform,nongauss,4,800,2,5,CDK knn+2ec,5,4.8748862743377686,46,19,5,6,0.5652173913043478,0.005,1.0,1.0,1.0
nongauss_uniform,nongauss,5,800,2,5,CDK knn+2ec,5,4.874464750289917,47,20,5,6,0.574468085106383,0.005,1.0,1.0,1.0
nongauss_uniform,nongauss,6,800,2,5,CDK knn+2ec,5,4.886662006378174,48,20,5,5,0.5,0.01,1.0,1.0,1.0
nongauss_uniform,nongauss,7,800,2,5,CDK knn+2ec,5,4.777470350265503,47,20,5,5,0.5531914893617021,0.005,1.0,1.0,1.0
nongauss_uniform,nongauss,8,800,2,5,CDK knn+2ec,5,5.626835823059082,47,20,5,5,0.5957446808510638,0.005,1.0,1.0,1.0
nongauss_uniform,nongauss,9,800,2,5,CDK knn+2ec,5,5.311733722686768,46,19,5,7,0.6086956521739131,0.005,1.0,1.0,1.0
nongauss_uniform,nongauss,10,800,2,5,CDK knn+2ec,5,5.473927736282349,46,19,5,5,0.5869565217391305,0.005,1.0,1.0,1.0
nongauss_uniform,nongauss,11,800,2,5,CDK knn+2ec,5,4.55210018157959,40,17,5,5,0.625,0.005,0.9695922097915319,0.970512764001192,0.9706974311541055
nongauss_uniform,nongauss,12,800,2,5,CDK knn+2ec,6,5.453877687454224,46,19,5,7,0.6521739130434783,0.005,0.9374265799984337,0.9595572472744804,0.9598618726441062
nongauss_uniform,nongauss,13,800,2,5,CDK knn+2ec,6,4.712563514709473,43,19,6,7,0.5581395348837209,0.005,0.9362421373860723,0.9590476517474763,0.9593559186418217
nongauss_uniform,nongauss,14,800,2,5,CDK knn+2ec,5,5.881510972976685,46,19,5,5,0.5869565217391305,0.005,0.9968691099886755,0.9952518682725183,0.995281596448275
nongauss_uniform,nongauss,15,800,2,5,CDK knn+2ec,5,5.2267844676971436,48,20,5,5,0.5833333333333334,0.005,1.0,1.0,1.0
nongauss_uniform,nongauss,16,800,2,5,CDK knn+2ec,5,5.663965940475464,46,20,5,5,0.5869565217391305,0.005,1.0,1.0,1.0
nongauss_uniform,nongauss,17,800,2,5,CDK knn+2ec,5,4.741804838180542,45,20,5,5,0.5555555555555556,0.005,1.0,1.0,1.0
nongauss_uniform,nongauss,19,800,2,5,CDK knn+2ec,5,5.647998571395874,40,17,5,5,0.6,0.005,0.9695922097915319,0.9705127640011919,0.9706974311541052
nongauss_uniform,nongauss,18,800,2,5,CDK knn+2ec,6,6.009776830673218,44,19,5,8,0.6136363636363636,0.005,0.9352361995722215,0.9586181980495605,0.9589295309327703
nongauss_mixed,nongauss,0,800,2,5,CDK knn+2ec,5,4.561267614364624,40,16,5,5,0.6,0.005,0.9968691099886755,0.9952518682725183,0.995281596448275
nongauss_mixed,nongauss,1,800,2,5,CDK knn+2ec,5,4.81446385383606,38,16,5,5,0.5263157894736842,0.005,0.972461845853068,0.9702859763163058,0.9704720509985918
nongauss_mixed,nongauss,2,800,2,5,CDK knn+2ec,6,4.342007875442505,37,15,6,6,0.5945945945945946,0.005,0.9266300847734658,0.9463395622222958,0.9467429929116805
nongauss_mixed,nongauss,3,800,2,5,CDK knn+2ec,5,4.223755121231079,45,20,5,5,0.4222222222222222,0.045,0.9937579600246279,0.9915871831020887,0.9916398563708725
nongauss_mixed,nongauss,4,800,2,5,CDK knn+2ec,5,3.76674222946167,38,17,5,5,0.4473684210526316,0.025,0.9725416274279405,0.972720590339078,0.9728914224124162
nongauss_mixed,nongauss,5,800,2,5,CDK knn+2ec,5,4.5419745445251465,46,19,5,5,0.5217391304347826,0.0075,1.0,1.0,1.0
nongauss_mixed,nongauss,6,800,2,5,CDK knn+2ec,5,4.009265899658203,38,17,5,5,0.5,0.02,1.0,1.0,1.0
nongauss_mixed,nongauss,7,800,2,5,CDK knn+2ec,5,4.572547435760498,40,16,5,5,0.55,0.005,0.9968691099886755,0.9952518682725184,0.9952815964482751
nongauss_mixed,nongauss,8,800,2,5,CDK knn+2ec,5,4.513391494750977,37,15,5,5,0.5675675675675675,0.005,0.9845044162845311,0.9806025317275346,0.98072398601518
nongauss_mixed,nongauss,9,800,2,5,CDK knn+2ec,5,4.570308208465576,44,18,5,6,0.5909090909090909,0.005,0.9844647950001386,0.9805927987493823,0.9807143127131976
nongauss_mixed,nongauss,10,800,2,5,CDK knn+2ec,5,4.285138845443726,38,16,5,5,0.5526315789473685,0.005,1.0,1.0,1.0
nongauss_mixed,nongauss,11,800,2,5,CDK knn+2ec,5,3.60703444480896,44,19,5,5,0.4318181818181818,0.2917771883289125,1.0,1.0,1.0
nongauss_mixed,nongauss,12,800,2,5,CDK knn+2ec,5,5.342271089553833,38,15,5,5,0.6052631578947368,0.005,0.9875064746028823,0.9820931652929028,0.9822052827434912
nongauss_mixed,nongauss,13,800,2,5,CDK knn+2ec,5,4.671700716018677,40,17,5,7,0.525,0.0075,0.9968691099886755,0.9952518682725183,0.995281596448275
nongauss_mixed,nongauss,14,800,2,5,CDK knn+2ec,6,4.474459648132324,35,14,6,7,0.6285714285714286,0.005,0.9318456361734647,0.9540008943256773,0.9543469407886876
nongauss_mixed,nongauss,15,800,2,5,CDK knn+2ec,5,4.533165693283081,43,18,5,6,0.5116279069767442,0.005,0.9968691099886755,0.9952518682725183,0.995281596448275
nongauss_mixed,nongauss,16,800,2,5,CDK knn+2ec,5,4.004714012145996,44,18,5,5,0.5227272727272727,0.005,0.9968691099886755,0.9952518682725183,0.995281596448275
nongauss_mixed,nongauss,17,800,2,5,CDK knn+2ec,5,4.011674404144287,38,16,5,5,0.5526315789473685,0.005,0.9937579600246279,0.9915871831020887,0.9916398563708725
nongauss_mixed,nongauss,18,800,2,5,CDK knn+2ec,5,4.435200929641724,44,18,5,5,0.5,0.022500000000000003,1.0,1.0,1.0
nongauss_mixed,nongauss,19,800,2,5,CDK knn+2ec,5,4.713594675064087,47,19,5,6,0.5531914893617021,0.005,0.9968691099886755,0.9952518682725183,0.995281596448275
nongauss_skew,nongauss,0,800,2,5,CDK knn+2ec,6,4.734931945800781,30,11,6,6,0.7666666666666667,0.005,0.9475807033572363,0.9509483935970743,0.9513243135483122
nongauss_skew,nongauss,1,800,2,5,CDK knn+2ec,5,5.05806040763855,33,13,5,6,0.696969696969697,0.005,1.0,1.0,1.0
nongauss_skew,nongauss,2,800,2,5,CDK knn+2ec,6,5.333882808685303,41,17,6,7,0.6097560975609756,0.005,0.9364218256618193,0.9472456633461255,0.9476463913296557
nongauss_skew,nongauss,3,800,2,5,CDK knn+2ec,6,5.726929426193237,41,17,6,7,0.6341463414634146,0.005,0.9435766013901896,0.9569304855408471,0.9572572223290342
nongauss_skew,nongauss,4,800,2,5,CDK knn+2ec,5,5.090187311172485,45,19,5,5,0.5777777777777777,0.005,0.9906173109804156,0.9857579733601333,0.9858471437422217
nongauss_skew,nongauss,5,800,2,5,CDK knn+2ec,5,5.0469160079956055,43,18,5,7,0.5348837209302325,0.005,1.0,1.0,1.0
nongauss_skew,nongauss,6,800,2,5,CDK knn+2ec,8,5.47187614440918,40,16,8,8,0.65,0.005,0.853449111375226,0.8940424722810157,0.8951161002753193
nongauss_skew,nongauss,7,800,2,5,CDK knn+2ec,6,5.199177980422974,38,16,6,7,0.6052631578947368,0.005,0.9662011947790693,0.9735743414139435,0.973777547511054
nongauss_skew,nongauss,8,800,2,5,CDK knn+2ec,7,4.815505027770996,27,11,6,9,0.7777777777777778,0.005,0.8393624132020464,0.888097975401005,0.8890790658735122
nongauss_skew,nongauss,9,800,2,5,CDK knn+2ec,5,5.03376579284668,39,17,5,7,0.5897435897435898,0.005,0.9580022035212857,0.9623984304315856,0.962633972514048
nongauss_skew,nongauss,10,800,2,5,CDK knn+2ec,5,4.857726097106934,21,9,5,6,0.7142857142857143,0.005,0.9604374088020079,0.9574051587695701,0.9576719045304273
nongauss_skew,nongauss,11,800,2,5,CDK knn+2ec,5,5.306670904159546,35,14,5,6,0.5714285714285714,0.005,0.9875656538910945,0.9835904399933479,0.9836931838387913
nongauss_skew,nongauss,12,800,2,5,CDK knn+2ec,6,5.3856353759765625,39,15,5,7,0.6666666666666666,0.005,0.9523557162264612,0.9663888177122864,0.9666442864851506
nongauss_skew,nongauss,13,800,2,5,CDK knn+2ec,6,5.846694231033325,51,23,5,7,0.45098039215686275,0.03,0.9491353162213726,0.9617927882007065,0.9620831907621856
nongauss_skew,nongauss,14,800,2,5,CDK knn+2ec,6,5.751851797103882,47,21,5,9,0.6170212765957447,0.005,0.9323232508061028,0.9542028737549821,0.954547487755274
nongauss_skew,nongauss,15,800,2,5,CDK knn+2ec,6,5.438167095184326,33,13,6,8,0.7575757575757576,0.005,0.9387562446359758,0.9450342064693558,0.9454536827900291
nongauss_skew,nongauss,16,800,2,5,CDK knn+2ec,7,4.99958348274231,29,12,6,9,0.7931034482758621,0.005,0.885084250930951,0.9212489839615738,0.9219439755718111
nongauss_skew,nongauss,17,800,2,5,CDK knn+2ec,5,4.465684413909912,32,14,5,7,0.59375,0.005,0.9845440356963782,0.9825483218796528,0.9826575939983835
nongauss_skew,nongauss,18,800,2,5,CDK knn+2ec,6,4.984350681304932,35,14,5,7,0.6285714285714286,0.005,0.9481261430441688,0.9564110941883531,0.9567445714275409
nongauss_skew,nongauss,19,800,2,5,CDK knn+2ec,7,5.872095108032227,35,13,7,10,0.8285714285714286,0.005,0.899373152094175,0.9337995843943405,0.9343848622296094
nongauss_t3_d10,nongauss,0,800,10,5,CDK knn+2ec,6,5.893270015716553,33,13,6,6,0.696969696969697,0.005,0.9332670899453707,0.9544953002234864,0.9548378306579981
nongauss_t3_d10,nongauss,1,800,10,5,CDK knn+2ec,6,6.28799295425415,39,15,6,6,0.6666666666666666,0.005,0.9262101467586455,0.945193821292715,0.9456059964152171
nongauss_t3_d10,nongauss,2,800,10,5,CDK knn+2ec,5,5.9387733936309814,21,8,5,5,0.8095238095238095,0.005,1.0,1.0,1.0
nongauss_t3_d10,nongauss,3,800,10,5,CDK knn+2ec,5,6.479116439819336,27,11,5,5,0.7037037037037037,0.005,0.9875259556813485,0.9820980915364135,0.9822101775754624
nongauss_t3_d10,nongauss,4,800,10,5,CDK knn+2ec,5,5.446857213973999,38,14,5,6,0.5526315789473685,0.005,1.0,1.0,1.0
nongauss_t3_d10,nongauss,5,800,10,5,CDK knn+2ec,5,7.020909070968628,30,11,5,5,0.7,0.005,0.9968691099886755,0.9952518682725183,0.995281596448275
nongauss_t3_d10,nongauss,6,800,10,5,CDK knn+2ec,5,5.93880558013916,19,8,5,5,0.7894736842105263,0.005,0.9968691099886755,0.9952518682725183,0.995281596448275
nongauss_t3_d10,nongauss,7,800,10,5,CDK knn+2ec,5,6.9748804569244385,34,13,5,5,0.7058823529411765,0.005,0.9968691099886755,0.9952518682725184,0.9952815964482751
nongauss_t3_d10,nongauss,8,800,10,5,CDK knn+2ec,5,6.220160007476807,27,10,5,5,0.7407407407407407,0.005,0.9968691099886755,0.9952518682725184,0.9952815964482751
nongauss_t3_d10,nongauss,10,800,10,5,CDK knn+2ec,5,5.778660774230957,37,14,5,5,0.6756756756756757,0.005,0.9937382569747051,0.9905037133434421,0.9905631699923133
nongauss_t3_d10,nongauss,9,800,10,5,CDK knn+2ec,6,7.562803506851196,33,13,6,6,0.7878787878787878,0.005,0.9495033964571772,0.9589425352217212,0.959255400946389
nongauss_t3_d10,nongauss,11,800,10,5,CDK knn+2ec,5,5.47857141494751,26,10,5,5,0.7692307692307693,0.005,0.9937481085578733,0.990506147772212,0.990565589332136
nongauss_t3_d10,nongauss,12,800,10,5,CDK knn+2ec,5,4.6557981967926025,23,10,5,5,0.6956521739130435,0.005,0.9906173109804156,0.9857579579733369,0.9858471284533301
nongauss_t3_d10,nongauss,13,800,10,5,CDK knn+2ec,5,5.513051271438599,34,13,5,5,0.6176470588235294,0.005,1.0,1.0,1.0
nongauss_t3_d10,nongauss,14,800,10,5,CDK knn+2ec,6,5.443243980407715,26,10,6,6,0.7307692307692307,0.005,0.9251345765464485,0.9414892908364021,0.9419301041970305
nongauss_t3_d10,nongauss,15,800,10,5,CDK knn+2ec,5,5.575934648513794,36,14,5,5,0.6388888888888888,0.005,0.9937382569747051,0.9905037133434424,0.9905631699923135
nongauss_t3_d10,nongauss,16,800,10,5,CDK knn+2ec,5,5.0227110385894775,18,8,5,5,0.7777777777777778,0.005,0.9906172001062978,0.9857580124243613,0.9858471821056417
nongauss_t3_d10,nongauss,18,800,10,5,CDK knn+2ec,4,5.1778905391693115,24,10,4,4,0.5833333333333334,0.005,0.777498125325736,0.8952073417182816,0.8957452940447088
nongauss_t3_d10,nongauss,17,800,10,5,CDK knn+2ec,5,6.408283948898315,39,14,5,5,0.717948717948718,0.005,0.9968691099886755,0.9952518682725184,0.9952815964482751
noise_10,noise,0,900,2,4,CDK knn+2ec,5,4.9688801765441895,27,11,5,5,0.6666666666666666,0.005,0.9215928695949668,0.9449547461387612,0.9452348808453426
nongauss_t3_d10,nongauss,19,800,10,5,CDK knn+2ec,5,6.498547554016113,37,14,5,5,0.6216216216216216,0.005,1.0,1.0,1.0
noise_10,noise,1,900,2,4,CDK knn+2ec,4,4.714990615844727,27,10,4,4,0.6296296296296297,0.005,1.0,1.0,1.0
noise_10,noise,2,900,2,4,CDK knn+2ec,6,5.087008476257324,38,16,6,6,0.5526315789473685,0.005,0.9484292155384509,0.9428871354184433,0.9432636894710001
noise_10,noise,3,900,2,4,CDK knn+2ec,4,3.6455345153808594,13,6,4,4,0.8461538461538461,0.005,0.9868399131660527,0.9803689328046041,0.9804480157687637
noise_10,noise,4,900,2,4,CDK knn+2ec,4,3.976457357406616,28,12,4,4,0.5357142857142857,0.005,0.970536695797528,0.9617446630847658,0.9618987909167295
noise_10,noise,6,900,2,4,CDK knn+2ec,4,3.5502805709838867,13,6,4,4,0.8461538461538461,0.005,1.0,1.0,1.0
noise_10,noise,5,900,2,4,CDK knn+2ec,5,4.87463641166687,28,11,5,5,0.7857142857142857,0.005,0.9136191708959911,0.9374340480394903,0.9377516270831413
noise_10,noise,8,900,2,4,CDK knn+2ec,4,3.187999725341797,10,5,4,4,0.9,0.005,1.0,1.0,1.0
noise_10,noise,7,900,2,4,CDK knn+2ec,4,4.166813611984253,28,12,4,4,0.5,0.0125,1.0,1.0,1.0
noise_10,noise,9,900,2,4,CDK knn+2ec,5,4.40236496925354,31,13,5,5,0.5806451612903226,0.005,0.9227732450023615,0.9455033466634049,0.9457808704944919
noise_10,noise,10,900,2,4,CDK knn+2ec,5,4.085862636566162,47,21,5,6,0.3404255319148936,0.2692307692307692,0.9156175537922502,0.942235448858248,0.9425284795683209
noise_10,noise,12,900,2,4,CDK knn+2ec,5,3.79849910736084,20,9,5,5,0.7,0.005,0.9204817355964362,0.9444418521410883,0.9447244250040363
noise_10,noise,11,900,2,4,CDK knn+2ec,4,4.264340877532959,32,13,4,4,0.5625,0.005,1.0,1.0,1.0
noise_10,noise,14,900,2,4,CDK knn+2ec,4,3.959378242492676,28,12,4,5,0.5357142857142857,0.005,1.0,1.0,1.0
noise_10,noise,13,900,2,4,CDK knn+2ec,4,4.3780694007873535,19,8,4,4,0.7368421052631579,0.005,1.0,1.0,1.0
noise_10,noise,15,900,2,4,CDK knn+2ec,4,4.282479524612427,23,9,4,4,0.6521739130434783,0.005,0.9967037647435848,0.9943571981018373,0.9943799295424158
noise_10,noise,16,900,2,4,CDK knn+2ec,4,4.702425956726074,31,13,4,4,0.3870967741935484,0.065,0.9772740560274898,0.9726782694795667,0.9727883457175153
noise_10,noise,17,900,2,4,CDK knn+2ec,4,4.123409271240234,28,12,4,4,0.5714285714285714,0.005,1.0,1.0,1.0
noise_10,noise,18,900,2,4,CDK knn+2ec,4,4.707486391067505,33,14,4,5,0.48484848484848486,0.075,0.9706830428437898,0.9613912977369348,0.9615468479387793
noise_10,noise,19,900,2,4,CDK knn+2ec,4,4.1408162117004395,35,15,4,4,0.5142857142857142,0.01,1.0,1.0,1.0
noise_30,noise,0,900,2,4,CDK knn+2ec,6,5.105160474777222,27,10,6,6,0.7777777777777778,0.005,0.9958056288513875,0.9938601801343723,0.9939039645993735
noise_30,noise,1,900,2,4,CDK knn+2ec,6,4.982991456985474,23,9,6,6,0.8260869565217391,0.005,0.9915255767212465,0.9861779129275087,0.9863030255819564
noise_30,noise,2,900,2,4,CDK knn+2ec,5,4.860020399093628,33,13,5,6,0.5757575757575758,0.005,0.9414007238600826,0.9547136234244432,0.9550143844788294
noise_30,noise,3,900,2,4,CDK knn+2ec,5,4.7737743854522705,42,17,5,6,0.5714285714285714,0.005,0.9609985345384021,0.9547425740428699,0.9550697593848056
noise_30,noise,4,900,2,4,CDK knn+2ec,5,5.899586915969849,44,18,3,8,0.5454545454545454,0.01,0.9583135753760629,0.9529989947688903,0.9533402462205944
noise_30,noise,5,900,2,4,CDK knn+2ec,8,5.306696653366089,32,14,8,9,0.75,0.005,0.9608645271593794,0.9506238106167292,0.951163980955004
noise_30,noise,6,900,2,4,CDK knn+2ec,8,5.2073893547058105,37,15,8,8,0.6486486486486487,0.005,0.9000170652895186,0.9249614854551648,0.925839071655132
noise_30,noise,7,900,2,4,CDK knn+2ec,4,4.438228607177734,35,15,4,4,0.5428571428571428,0.005,1.0,1.0,1.0
noise_30,noise,8,900,2,4,CDK knn+2ec,3,5.128147840499878,55,23,3,6,0.2545454545454545,0.095,0.3313355518177618,0.5754790270069972,0.5765229604136762
noise_30,noise,9,900,2,4,CDK knn+2ec,7,4.276976108551025,37,17,7,8,0.5945945945945946,0.005,0.9957649518020141,0.9930556540876451,0.9931133596104297
noise_30,noise,10,900,2,4,CDK knn+2ec,4,4.763585805892944,39,16,4,6,0.5384615384615384,0.01,1.0,1.0,1.0
noise_30,noise,11,900,2,4,CDK knn+2ec,7,5.972551345825195,45,19,7,9,0.6444444444444445,0.005,0.9306591952180244,0.9393610979171212,0.9399721798898912
noise_30,noise,12,900,2,4,CDK knn+2ec,7,4.957003116607666,41,18,7,7,0.5609756097560976,0.005,0.9748579717302228,0.9659893644343001,0.9663713952387951
noise_30,noise,13,900,2,4,CDK knn+2ec,5,5.287296533584595,37,15,4,7,0.5945945945945946,0.005,0.9780773276334656,0.9775399867446357,0.9776962905163755
noise_30,noise,14,900,2,4,CDK knn+2ec,5,4.387781858444214,33,14,5,5,0.5757575757575758,0.005,0.9873628491547921,0.9828704975413985,0.982959352904824
noise_30,noise,15,900,2,4,CDK knn+2ec,7,5.128790616989136,30,12,5,7,0.7666666666666667,0.005,0.9583072326902619,0.9463642555220363,0.9468601957313821
noise_30,noise,16,900,2,4,CDK knn+2ec,6,5.219084024429321,34,14,5,7,0.7058823529411765,0.005,0.9083087951786064,0.9341689802090136,0.9347261495157998
noise_30,noise,17,900,2,4,CDK knn+2ec,4,3.2650814056396484,10,4,4,4,1.0,0.005,0.9588502771504422,0.9567514397913078,0.9569758701949796
noise_30,noise,18,900,2,4,CDK knn+2ec,4,4.151827812194824,42,19,4,4,0.47619047619047616,0.03,1.0,1.0,1.0
noise_30,noise,19,900,2,4,CDK knn+2ec,5,5.985103368759155,28,10,5,6,0.7857142857142857,0.005,1.0,1.0,1.0
noise_50,noise,0,900,2,4,CDK knn+2ec,6,6.057265043258667,49,21,3,8,0.6122448979591837,0.005,0.9627577311458765,0.954576643726552,0.9551514785804747
noise_50,noise,1,900,2,4,CDK knn+2ec,6,5.461228609085083,35,15,5,8,0.6857142857142857,0.005,0.985327006196146,0.9797664473199031,0.979971627347086
noise_50,noise,2,900,2,4,CDK knn+2ec,4,6.1677565574646,48,19,4,9,0.5833333333333334,0.005,0.7097311460772141,0.8436262791678901,0.8449968937489334
noise_50,noise,3,900,2,4,CDK knn+2ec,8,5.879354238510132,45,18,7,9,0.7333333333333333,0.005,0.9537961397583753,0.9472243126577329,0.9478386243666644
noise_50,noise,4,900,2,4,CDK knn+2ec,4,5.84481406211853,52,21,3,6,0.5384615384615384,0.0075,0.3305370277363002,0.5748006831950069,0.5762682769441476
noise_50,noise,5,900,2,4,CDK knn+2ec,5,5.182430267333984,35,15,4,5,0.6,0.005,0.702767680595938,0.840230641111428,0.8415170919173682
noise_50,noise,6,900,2,4,CDK knn+2ec,7,5.2128472328186035,37,16,7,7,0.6486486486486487,0.005,0.920385960467007,0.9413668109951379,0.9420286873141545
noise_50,noise,7,900,2,4,CDK knn+2ec,1,4.9930806159973145,40,17,1,6,0.45,0.025,0.0,0.0,0.0
noise_50,noise,8,900,2,4,CDK knn+2ec,4,5.4447901248931885,45,19,4,5,0.5555555555555556,0.005,0.7014949940536835,0.8353577515590668,0.8368100160833422
noise_50,noise,9,900,2,4,CDK knn+2ec,2,4.7578229904174805,50,21,2,4,0.44,0.0525,0.3305370277363002,0.5748006831950069,0.5762682769441476
noise_50,noise,10,900,2,4,CDK knn+2ec,4,4.896529197692871,44,20,3,6,0.4318181818181818,0.0225,0.6936848694455696,0.7762518453362491,0.7779208594035468
noise_50,noise,11,900,2,4,CDK knn+2ec,6,6.354611873626709,46,19,4,8,0.6521739130434783,0.005,0.7812275980705728,0.8330073162018344,0.8346957389869077
noise_50,noise,12,900,2,4,CDK knn+2ec,5,5.868253707885742,46,19,3,7,0.5869565217391305,0.005,0.31048049900866553,0.5470257925851815,0.5534260820197495
noise_50,noise,13,900,2,4,CDK knn+2ec,4,6.192108869552612,54,22,3,7,0.46296296296296297,0.0225,0.4904451619306735,0.64917522197405,0.6525625868190863
noise_50,noise,14,900,2,4,CDK knn+2ec,8,6.126169681549072,48,20,6,10,0.7291666666666666,0.005,0.9012693999701121,0.9241079728661867,0.9251141629263109
noise_50,noise,15,900,2,4,CDK knn+2ec,4,5.981322765350342,53,23,3,6,0.4716981132075472,0.015,0.32793756098273796,0.5651051175071129,0.5696173002830903
noise_50,noise,16,900,2,4,CDK knn+2ec,4,6.442154884338379,52,23,2,8,0.5769230769230769,0.0075,0.6892647487111283,0.8129328159361668,0.8145493021153497
noise_50,noise,17,900,2,4,CDK knn+2ec,5,5.306606769561768,41,18,4,8,0.6097560975609756,0.005,0.628096110402698,0.798705790748993,0.8002763989572755
noise_50,noise,18,900,2,4,CDK knn+2ec,6,5.530577659606934,42,18,6,7,0.6190476190476191,0.005,0.9851127709209156,0.9766799949559176,0.9769164628867159
noise_50,noise,19,900,2,4,CDK knn+2ec,4,5.529146194458008,43,19,4,6,0.5348837209302325,0.01,0.707841903903496,0.8458048748493804,0.8466595480675253
nested_d2,nested,1,900,2,6,CDK knn+2ec,6,4.6776182651519775,54,23,6,6,0.46296296296296297,0.065,0.9946547792687578,0.9924865266838148,0.9925453129681759
nested_d2,nested,0,900,2,6,CDK knn+2ec,6,5.224564790725708,55,23,6,6,0.5272727272727272,0.005,0.992000189305803,0.9895962084495391,0.9896776094601148
nested_d2,nested,2,900,2,6,CDK knn+2ec,6,4.787196159362793,56,24,6,6,0.42857142857142855,0.05,0.9973273736639168,0.9962432711731919,0.9962726641888647
nested_d2,nested,3,900,2,6,CDK knn+2ec,6,4.926325798034668,53,22,6,6,0.49056603773584906,0.015,0.9867444477547551,0.9832887743689345,0.9834195258019798
nested_d2,nested,4,900,2,6,CDK knn+2ec,6,4.9593377113342285,57,24,6,6,0.45614035087719296,0.05,0.981453839434775,0.9778349581165684,0.978008384202495
nested_d2,nested,5,900,2,6,CDK knn+2ec,6,4.866203546524048,55,23,6,6,0.4909090909090909,0.025,1.0,1.0,1.0
nested_d2,nested,6,900,2,6,CDK knn+2ec,6,5.029801368713379,53,22,6,6,0.4716981132075472,0.02,0.992000189305803,0.9895962084495391,0.9896776094601148
nested_d2,nested,7,900,2,6,CDK knn+2ec,6,5.391040325164795,55,23,6,6,0.45454545454545453,0.04,0.9946725925925926,0.992490724793562,0.992549477970633
nested_d2,nested,8,900,2,6,CDK knn+2ec,6,5.187351703643799,48,20,6,6,0.5416666666666666,0.005,0.9893631895147522,0.9858478706459742,0.9859585985431146
nested_d2,nested,9,900,2,6,CDK knn+2ec,6,5.270904779434204,53,22,6,6,0.5094339622641509,0.01,0.9973273736639168,0.9962432711731919,0.9962726641888647
nested_d2,nested,10,900,2,6,CDK knn+2ec,6,5.015428781509399,57,24,6,6,0.45614035087719296,0.035,0.9920357522894643,0.9896046289742785,0.9896859633791744
nested_d2,nested,11,900,2,6,CDK knn+2ec,6,5.015588283538818,53,22,6,6,0.49056603773584906,0.055,0.9840731225151442,0.980925044444056,0.9810742944035873
nested_d2,nested,12,900,2,6,CDK knn+2ec,6,5.035295248031616,53,22,6,6,0.5471698113207547,0.005,1.0,1.0,1.0
nested_d2,nested,13,900,2,6,CDK knn+2ec,6,5.120567560195923,52,22,6,6,0.5,0.0125,0.9973273736639168,0.9962432711731919,0.9962726641888647
nested_d2,nested,14,900,2,6,CDK knn+2ec,6,5.039487600326538,55,23,6,6,0.4727272727272727,0.02,0.9893274355299279,0.9849772201696758,0.9850947601368569
nested_d2,nested,15,900,2,6,CDK knn+2ec,6,5.273129224777222,55,23,6,6,0.4727272727272727,0.02,0.9973273736639168,0.9962432711731919,0.9962726641888647
nested_d2,nested,16,900,2,6,CDK knn+2ec,6,5.065953254699707,55,23,6,6,0.45454545454545453,0.045,0.9973273736639168,0.9962432711731919,0.9962726641888647
nested_d2,nested,17,900,2,6,CDK knn+2ec,6,5.1114501953125,55,23,6,6,0.43636363636363634,0.035,0.9866729410669858,0.9820868549719632,0.9822270104240213
nested_d2,nested,18,900,2,6,CDK knn+2ec,6,5.470785856246948,54,23,6,6,0.46296296296296297,0.04,0.9919822168139506,0.9887297665317704,0.9888179463378379
nested_d2,nested,19,900,2,6,CDK knn+2ec,6,5.478103876113892,52,22,6,6,0.5192307692307693,0.01,0.9973273736639168,0.9962432711731919,0.9962726641888647
null_gaussian_d2,null,0,600,2,1,CDK knn+2ec,1,3.6527745723724365,36,14,1,1,0.4166666666666667,0.052500000000000005,1.0,1.0,1.0
null_gaussian_d2,null,1,600,2,1,CDK knn+2ec,1,2.9887917041778564,31,13,1,1,0.3548387096774194,0.11,1.0,1.0,1.0
null_gaussian_d2,null,3,600,2,1,CDK knn+2ec,1,3.2028303146362305,36,14,1,2,0.25,0.21634615384615385,1.0,1.0,1.0
null_gaussian_d2,null,2,600,2,1,CDK knn+2ec,1,3.6353068351745605,33,13,1,1,0.42424242424242425,0.07,1.0,1.0,1.0
null_gaussian_d2,null,4,600,2,1,CDK knn+2ec,1,3.756013870239258,38,14,1,2,0.4473684210526316,0.045,1.0,1.0,1.0
null_gaussian_d2,null,5,600,2,1,CDK knn+2ec,1,4.1231606006622314,42,16,1,2,0.2857142857142857,0.07250000000000001,1.0,1.0,1.0
null_gaussian_d2,null,6,600,2,1,CDK knn+2ec,1,3.6112663745880127,40,15,1,1,0.3,0.24384615384615385,1.0,1.0,1.0
null_gaussian_d2,null,7,600,2,1,CDK knn+2ec,1,4.0342302322387695,43,16,1,2,0.3023255813953488,0.12,1.0,1.0,1.0
null_gaussian_d2,null,8,600,2,1,CDK knn+2ec,1,3.8060736656188965,40,16,1,2,0.3,0.1375,1.0,1.0,1.0
null_gaussian_d2,null,9,600,2,1,CDK knn+2ec,1,3.1725916862487793,35,14,1,1,0.22857142857142856,0.2692307692307692,1.0,1.0,1.0
null_gaussian_d2,null,11,600,2,1,CDK knn+2ec,1,2.992418050765991,45,18,1,1,0.2222222222222222,0.4230769230769231,1.0,1.0,1.0
null_gaussian_d2,null,10,600,2,1,CDK knn+2ec,1,3.980614423751831,41,15,1,2,0.36585365853658536,0.125,1.0,1.0,1.0
null_gaussian_d2,null,12,600,2,1,CDK knn+2ec,1,3.8094146251678467,40,15,1,1,0.3,0.1075,1.0,1.0,1.0
null_gaussian_d2,null,13,600,2,1,CDK knn+2ec,1,3.9242618083953857,47,17,1,1,0.2978723404255319,0.195,1.0,1.0,1.0
null_gaussian_d2,null,14,600,2,1,CDK knn+2ec,1,4.528424024581909,44,16,1,1,0.38636363636363635,0.03,1.0,1.0,1.0
null_gaussian_d2,null,15,600,2,1,CDK knn+2ec,1,3.946988821029663,38,15,1,1,0.39473684210526316,0.0975,1.0,1.0,1.0
null_gaussian_d2,null,16,600,2,1,CDK knn+2ec,1,3.2822482585906982,38,15,1,1,0.2631578947368421,0.16,1.0,1.0,1.0
null_gaussian_d2,null,17,600,2,1,CDK knn+2ec,1,3.649847984313965,38,15,1,2,0.3157894736842105,0.0775,1.0,1.0,1.0
null_gaussian_d2,null,18,600,2,1,CDK knn+2ec,1,3.2391366958618164,37,14,1,1,0.2702702702702703,0.21,1.0,1.0,1.0
null_gaussian_d2,null,19,600,2,1,CDK knn+2ec,1,3.4556992053985596,32,12,1,1,0.25,0.15,1.0,1.0,1.0
null_gaussian_d10,null,0,600,10,1,CDK knn+2ec,1,2.8682641983032227,33,14,1,1,0.06060606060606061,0.5769230769230769,1.0,1.0,1.0
null_gaussian_d10,null,1,600,10,1,CDK knn+2ec,1,3.0835161209106445,39,15,1,1,0.0,0.46153846153846156,1.0,1.0,1.0
null_gaussian_d10,null,2,600,10,1,CDK knn+2ec,1,2.513214588165283,36,15,1,1,0.027777777777777776,0.5384615384615384,1.0,1.0,1.0
null_gaussian_d10,null,3,600,10,1,CDK knn+2ec,1,2.785109758377075,38,16,1,1,0.10526315789473684,0.6923076923076923,1.0,1.0,1.0
null_gaussian_d10,null,4,600,10,1,CDK knn+2ec,1,2.646087884902954,32,13,1,1,0.0,0.7307692307692307,1.0,1.0,1.0
null_gaussian_d10,null,5,600,10,1,CDK knn+2ec,1,2.6424968242645264,40,16,1,1,0.025,0.6923076923076923,1.0,1.0,1.0
null_gaussian_d10,null,6,600,10,1,CDK knn+2ec,1,2.5504329204559326,33,14,1,1,0.030303030303030304,0.5769230769230769,1.0,1.0,1.0
null_gaussian_d10,null,7,600,10,1,CDK knn+2ec,1,2.6870315074920654,34,14,1,1,0.029411764705882353,0.7692307692307693,1.0,1.0,1.0
null_gaussian_d10,null,8,600,10,1,CDK knn+2ec,1,2.3237016201019287,35,15,1,1,0.0,0.6538461538461539,1.0,1.0,1.0
null_gaussian_d10,null,10,600,10,1,CDK knn+2ec,1,1.627558946609497,37,16,1,1,0.0,0.7692307692307693,1.0,1.0,1.0
null_gaussian_d10,null,9,600,10,1,CDK knn+2ec,1,2.656179428100586,33,14,1,1,0.030303030303030304,0.5,1.0,1.0,1.0
null_gaussian_d10,null,12,600,10,1,CDK knn+2ec,1,1.749769687652588,30,14,1,1,0.0,0.5576923076923077,1.0,1.0,1.0
null_gaussian_d10,null,11,600,10,1,CDK knn+2ec,1,2.3029749393463135,35,15,1,1,0.0,0.7307692307692307,1.0,1.0,1.0
null_gaussian_d10,null,13,600,10,1,CDK knn+2ec,1,2.188999891281128,34,14,1,1,0.08823529411764706,0.5576923076923077,1.0,1.0,1.0
null_gaussian_d10,null,14,600,10,1,CDK knn+2ec,1,2.385850667953491,30,13,1,1,0.1,0.8269230769230769,1.0,1.0,1.0
null_gaussian_d10,null,16,600,10,1,CDK knn+2ec,1,2.3048157691955566,34,15,1,1,0.0,0.5769230769230769,1.0,1.0,1.0
null_gaussian_d10,null,15,600,10,1,CDK knn+2ec,1,3.044814109802246,38,15,1,1,0.02631578947368421,0.5769230769230769,1.0,1.0,1.0
null_gaussian_d10,null,17,600,10,1,CDK knn+2ec,1,2.491997718811035,31,14,1,1,0.06451612903225806,0.5769230769230769,1.0,1.0,1.0
null_gaussian_d10,null,18,600,10,1,CDK knn+2ec,1,3.5382397174835205,38,15,1,1,0.05263157894736842,0.40384615384615385,1.0,1.0,1.0
null_gaussian_d10,null,19,600,10,1,CDK knn+2ec,1,2.93467116355896,34,14,1,1,0.08823529411764706,0.75,1.0,1.0,1.0
null_uniform_d2,null,0,600,2,1,CDK knn+2ec,1,3.4095041751861572,35,15,1,2,0.4,0.06,1.0,1.0,1.0
null_uniform_d2,null,1,600,2,1,CDK knn+2ec,1,3.2266957759857178,33,14,1,2,0.5151515151515151,0.01,1.0,1.0,1.0
null_uniform_d2,null,2,600,2,1,CDK knn+2ec,1,3.874589681625366,41,17,1,2,0.3902439024390244,0.06,1.0,1.0,1.0
null_uniform_d2,null,3,600,2,1,CDK knn+2ec,1,3.7840964794158936,42,17,1,2,0.3333333333333333,0.11249999999999999,1.0,1.0,1.0
null_uniform_d2,null,4,600,2,1,CDK knn+2ec,1,3.893704891204834,33,14,1,3,0.42424242424242425,0.02,1.0,1.0,1.0
null_uniform_d2,null,5,600,2,1,CDK knn+2ec,1,3.7633237838745117,38,16,1,1,0.39473684210526316,0.06,1.0,1.0,1.0
null_uniform_d2,null,6,600,2,1,CDK knn+2ec,1,3.433260917663574,38,16,1,1,0.3684210526315789,0.125,1.0,1.0,1.0
null_uniform_d2,null,7,600,2,1,CDK knn+2ec,1,3.2822065353393555,33,14,1,2,0.48484848484848486,0.015,1.0,1.0,1.0
null_uniform_d2,null,8,600,2,1,CDK knn+2ec,1,3.489835739135742,37,15,1,2,0.3783783783783784,0.075,1.0,1.0,1.0
null_uniform_d2,null,9,600,2,1,CDK knn+2ec,1,3.955731153488159,32,13,1,4,0.5,0.0125,1.0,1.0,1.0
null_uniform_d2,null,10,600,2,1,CDK knn+2ec,1,3.373067855834961,37,15,1,2,0.40540540540540543,0.055,1.0,1.0,1.0
null_uniform_d2,null,11,600,2,1,CDK knn+2ec,1,2.9013166427612305,38,16,1,1,0.3157894736842105,0.26134615384615384,1.0,1.0,1.0
null_uniform_d2,null,12,600,2,1,CDK knn+2ec,1,3.5321907997131348,35,15,1,2,0.37142857142857144,0.03,1.0,1.0,1.0
null_uniform_d2,null,13,600,2,1,CDK knn+2ec,1,3.0598177909851074,37,15,1,1,0.3783783783783784,0.115,1.0,1.0,1.0
null_uniform_d2,null,14,600,2,1,CDK knn+2ec,1,3.017883539199829,36,15,1,2,0.3611111111111111,0.25211538461538463,1.0,1.0,1.0
null_uniform_d2,null,15,600,2,1,CDK knn+2ec,1,3.90242862701416,33,14,1,1,0.45454545454545453,0.03,1.0,1.0,1.0
null_uniform_d2,null,16,600,2,1,CDK knn+2ec,1,3.5282795429229736,42,17,1,1,0.35714285714285715,0.22592592592592592,1.0,1.0,1.0
null_uniform_d2,null,17,600,2,1,CDK knn+2ec,1,3.5875906944274902,39,16,1,2,0.3333333333333333,0.1,1.0,1.0,1.0
null_uniform_d2,null,18,600,2,1,CDK knn+2ec,1,3.6513402462005615,37,15,1,1,0.40540540540540543,0.09,1.0,1.0,1.0
null_uniform_d2,null,19,600,2,1,CDK knn+2ec,1,3.8064568042755127,40,16,1,1,0.4,0.0325,1.0,1.0,1.0
null_uniform_d10,null,0,600,10,1,CDK knn+2ec,1,3.0072901248931885,36,16,1,1,0.05555555555555555,0.46153846153846156,1.0,1.0,1.0
null_uniform_d10,null,1,600,10,1,CDK knn+2ec,1,2.5089094638824463,31,14,1,1,0.0967741935483871,0.5769230769230769,1.0,1.0,1.0
null_uniform_d10,null,2,600,10,1,CDK knn+2ec,1,2.806338310241699,33,14,1,1,0.06060606060606061,0.5384615384615384,1.0,1.0,1.0
null_uniform_d10,null,3,600,10,1,CDK knn+2ec,1,3.465653419494629,32,14,1,1,0.1875,0.4230769230769231,1.0,1.0,1.0
null_uniform_d10,null,4,600,10,1,CDK knn+2ec,1,3.457862138748169,40,17,1,1,0.025,0.34615384615384615,1.0,1.0,1.0
null_uniform_d10,null,5,600,10,1,CDK knn+2ec,1,4.745628833770752,33,14,1,1,0.24242424242424243,0.09,1.0,1.0,1.0
null_uniform_d10,null,6,600,10,1,CDK knn+2ec,1,3.5502867698669434,33,14,1,1,0.09090909090909091,0.2692307692307692,1.0,1.0,1.0
null_uniform_d10,null,8,600,10,1,CDK knn+2ec,1,2.9063069820404053,41,17,1,1,0.04878048780487805,0.5,1.0,1.0,1.0
null_uniform_d10,null,7,600,10,1,CDK knn+2ec,1,4.088531970977783,39,16,1,1,0.1794871794871795,0.25806451612903225,1.0,1.0,1.0
null_uniform_d10,null,9,600,10,1,CDK knn+2ec,1,2.8325798511505127,39,17,1,1,0.10256410256410256,0.46153846153846156,1.0,1.0,1.0
null_uniform_d10,null,10,600,10,1,CDK knn+2ec,1,3.5657691955566406,32,15,1,2,0.125,0.26884615384615385,1.0,1.0,1.0
null_uniform_d10,null,11,600,10,1,CDK knn+2ec,1,3.175940752029419,32,14,1,1,0.0625,0.3846153846153846,1.0,1.0,1.0
null_uniform_d10,null,12,600,10,1,CDK knn+2ec,1,3.260378360748291,37,15,1,1,0.05405405405405406,0.4230769230769231,1.0,1.0,1.0
null_uniform_d10,null,13,600,10,1,CDK knn+2ec,1,3.6721243858337402,30,13,1,1,0.2,0.25962962962962965,1.0,1.0,1.0
null_uniform_d10,null,14,600,10,1,CDK knn+2ec,1,4.48244047164917,37,16,1,2,0.24324324324324326,0.165,1.0,1.0,1.0
null_uniform_d10,null,15,600,10,1,CDK knn+2ec,1,3.1938412189483643,36,15,1,1,0.05555555555555555,0.3653846153846154,1.0,1.0,1.0
null_uniform_d10,null,16,600,10,1,CDK knn+2ec,1,2.8414146900177,40,17,1,1,0.15,0.38461538461538464,1.0,1.0,1.0
null_uniform_d10,null,17,600,10,1,CDK knn+2ec,1,3.645205020904541,33,14,1,1,0.12121212121212122,0.2692307692307692,1.0,1.0,1.0
null_uniform_d10,null,18,600,10,1,CDK knn+2ec,1,4.1224305629730225,36,15,1,1,0.1388888888888889,0.2692307692307692,1.0,1.0,1.0
null_uniform_d10,null,19,600,10,1,CDK knn+2ec,1,3.4263644218444824,39,16,1,1,0.02564102564102564,0.38461538461538464,1.0,1.0,1.0
null_t3_d2,null,1,600,2,1,CDK knn+2ec,1,0.0014955997467041016,0,1,1,1,0.0,,1.0,1.0,1.0
null_t3_d2,null,0,600,2,1,CDK knn+2ec,2,3.3538146018981934,26,9,2,2,0.5384615384615384,0.005,0.0,0.0,0.0
null_t3_d2,null,2,600,2,1,CDK knn+2ec,1,3.1557226181030273,25,9,1,2,0.48,0.02,1.0,1.0,1.0
null_t3_d2,null,4,600,2,1,CDK knn+2ec,1,2.513411045074463,17,7,1,1,0.5294117647058824,0.01,1.0,1.0,1.0
null_t3_d2,null,3,600,2,1,CDK knn+2ec,1,3.0214381217956543,28,10,1,1,0.39285714285714285,0.18,1.0,1.0,1.0
null_t3_d2,null,6,600,2,1,CDK knn+2ec,1,1.4331650733947754,10,4,1,1,0.4,1.0,1.0,1.0,1.0
null_t3_d2,null,5,600,2,1,CDK knn+2ec,1,2.475778818130493,22,8,1,2,0.4090909090909091,0.22384615384615386,1.0,1.0,1.0
null_t3_d2,null,7,600,2,1,CDK knn+2ec,1,2.781079053878784,18,7,1,1,0.4444444444444444,0.0425,1.0,1.0,1.0
null_t3_d2,null,8,600,2,1,CDK knn+2ec,2,2.397867441177368,26,9,1,2,0.34615384615384615,0.19477272727272726,0.0,0.0,0.0
null_t3_d2,null,9,600,2,1,CDK knn+2ec,3,3.791294574737549,26,10,3,3,0.5769230769230769,0.005,0.0,0.0,0.0
null_t3_d2,null,11,600,2,1,CDK knn+2ec,1,0.709883451461792,6,3,1,1,0.3333333333333333,1.0,1.0,1.0,1.0
null_t3_d2,null,10,600,2,1,CDK knn+2ec,2,3.9235339164733887,37,13,2,2,0.5675675675675675,0.005,0.0,0.0,0.0
null_t3_d2,null,12,600,2,1,CDK knn+2ec,1,1.9208989143371582,14,6,1,2,0.42857142857142855,0.2532692307692308,1.0,1.0,1.0
null_t3_d2,null,13,600,2,1,CDK knn+2ec,2,3.0161263942718506,23,9,1,2,0.6086956521739131,0.005,0.0,0.0,0.0
null_t3_d2,null,14,600,2,1,CDK knn+2ec,1,3.0750958919525146,22,8,1,2,0.5,0.015,1.0,1.0,1.0
null_t3_d2,null,15,600,2,1,CDK knn+2ec,2,3.4216928482055664,38,13,2,2,0.39473684210526316,0.07250000000000001,0.0,0.0,0.0
null_t3_d2,null,16,600,2,1,CDK knn+2ec,1,1.6392905712127686,10,4,1,1,0.4,0.1525,1.0,1.0,1.0
null_t3_d2,null,17,600,2,1,CDK knn+2ec,1,1.3309803009033203,10,4,1,1,0.3,0.9423076923076923,1.0,1.0,1.0
null_t3_d2,null,19,600,2,1,CDK knn+2ec,1,0.0014035701751708984,0,1,1,1,0.0,,1.0,1.0,1.0
null_t3_d10,null,0,600,10,1,CDK knn+2ec,1,1.0287089347839355,10,4,1,1,0.2,1.0,1.0,1.0,1.0
null_t3_d10,null,1,600,10,1,CDK knn+2ec,1,0.5712542533874512,3,2,1,1,0.3333333333333333,1.0,1.0,1.0,1.0
null_t3_d2,null,18,600,2,1,CDK knn+2ec,1,4.884093284606934,43,15,1,4,0.46511627906976744,0.015,1.0,1.0,1.0
null_t3_d10,null,3,600,10,1,CDK knn+2ec,1,0.0027267932891845703,0,1,1,1,0.0,,1.0,1.0,1.0
null_t3_d10,null,2,600,10,1,CDK knn+2ec,1,2.5004236698150635,23,9,1,1,0.17391304347826086,0.9615384615384616,1.0,1.0,1.0
null_t3_d10,null,5,600,10,1,CDK knn+2ec,1,0.005243539810180664,0,1,1,1,0.0,,1.0,1.0,1.0
null_t3_d10,null,4,600,10,1,CDK knn+2ec,1,0.5222139358520508,10,4,1,1,0.0,1.0,1.0,1.0,1.0
null_t3_d10,null,7,600,10,1,CDK knn+2ec,1,1.2842984199523926,28,10,1,1,0.10714285714285714,1.0,1.0,1.0,1.0
null_t3_d10,null,8,600,10,1,CDK knn+2ec,1,0.004536151885986328,0,1,1,1,0.0,,1.0,1.0,1.0
null_t3_d10,null,6,600,10,1,CDK knn+2ec,1,1.5732824802398682,10,4,1,1,0.2,1.0,1.0,1.0,1.0
null_t3_d10,null,9,600,10,1,CDK knn+2ec,1,1.1757299900054932,17,7,1,1,0.11764705882352941,1.0,1.0,1.0,1.0
null_t3_d10,null,10,600,10,1,CDK knn+2ec,1,1.0211093425750732,18,8,1,1,0.05555555555555555,1.0,1.0,1.0,1.0
null_t3_d10,null,11,600,10,1,CDK knn+2ec,1,1.4970245361328125,16,7,1,1,0.1875,1.0,1.0,1.0,1.0
null_t3_d10,null,12,600,10,1,CDK knn+2ec,1,2.058476448059082,20,8,1,1,0.3,1.0,1.0,1.0,1.0
null_t3_d10,null,14,600,10,1,CDK knn+2ec,1,0.6257755756378174,14,6,1,1,0.0,1.0,1.0,1.0,1.0
null_t3_d10,null,13,600,10,1,CDK knn+2ec,1,1.4504308700561523,16,7,1,1,0.0,1.0,1.0,1.0,1.0
null_t3_d10,null,15,600,10,1,CDK knn+2ec,1,0.9593782424926758,17,7,1,1,0.0,1.0,1.0,1.0,1.0
null_t3_d10,null,16,600,10,1,CDK knn+2ec,1,1.3630034923553467,18,7,1,1,0.05555555555555555,1.0,1.0,1.0,1.0
null_t3_d10,null,17,600,10,1,CDK knn+2ec,1,1.20707106590271,16,7,1,1,0.125,1.0,1.0,1.0,1.0
null_t3_d10,null,19,600,10,1,CDK knn+2ec,1,1.719759225845337,18,7,1,1,0.1111111111111111,1.0,1.0,1.0,1.0
null_t3_d10,null,18,600,10,1,CDK knn+2ec,1,4.069694519042969,26,9,1,2,0.46153846153846156,0.22903846153846152,1.0,1.0,1.0
null_aniso_d2,null,0,600,2,1,CDK knn+2ec,1,3.6439828872680664,39,16,1,2,0.46153846153846156,0.08,1.0,1.0,1.0
null_aniso_d2,null,1,600,2,1,CDK knn+2ec,1,4.522871971130371,38,15,1,4,0.5,0.0125,1.0,1.0,1.0
null_aniso_d2,null,2,600,2,1,CDK knn+2ec,1,3.0754776000976562,30,12,1,1,0.43333333333333335,0.125,1.0,1.0,1.0
null_aniso_d2,null,3,600,2,1,CDK knn+2ec,1,3.177372455596924,34,14,1,1,0.38235294117647056,0.22884615384615387,1.0,1.0,1.0
null_aniso_d2,null,4,600,2,1,CDK knn+2ec,1,3.820401191711426,37,15,1,2,0.35135135135135137,0.08,1.0,1.0,1.0
null_aniso_d2,null,5,600,2,1,CDK knn+2ec,1,4.176358461380005,39,16,1,2,0.4358974358974359,0.06,1.0,1.0,1.0
null_aniso_d2,null,6,600,2,1,CDK knn+2ec,1,3.2742598056793213,29,11,1,1,0.5172413793103449,0.01,1.0,1.0,1.0
null_aniso_d2,null,8,600,2,1,CDK knn+2ec,1,3.1843929290771484,33,14,1,1,0.5151515151515151,0.01,1.0,1.0,1.0
null_aniso_d2,null,7,600,2,1,CDK knn+2ec,1,3.752577066421509,38,15,1,2,0.5,0.025,1.0,1.0,1.0
null_aniso_d2,null,9,600,2,1,CDK knn+2ec,1,3.6509196758270264,40,16,1,1,0.4,0.052500000000000005,1.0,1.0,1.0
null_aniso_d2,null,10,600,2,1,CDK knn+2ec,1,3.3668324947357178,33,14,1,2,0.45454545454545453,0.02,1.0,1.0,1.0
null_aniso_d2,null,11,600,2,1,CDK knn+2ec,1,3.65852689743042,39,15,1,1,0.48717948717948717,0.015,1.0,1.0,1.0
null_aniso_d2,null,12,600,2,1,CDK knn+2ec,1,3.5408575534820557,31,12,1,1,0.5483870967741935,0.005,1.0,1.0,1.0
null_aniso_d2,null,14,600,2,1,CDK knn+2ec,1,3.3384006023406982,32,13,1,2,0.53125,0.01,1.0,1.0,1.0
null_aniso_d2,null,13,600,2,1,CDK knn+2ec,1,3.5077168941497803,34,14,1,2,0.47058823529411764,0.015,1.0,1.0,1.0
null_aniso_d2,null,15,600,2,1,CDK knn+2ec,2,3.5681326389312744,34,14,2,3,0.4117647058823529,0.055,0.0,0.0,0.0
null_aniso_d2,null,16,600,2,1,CDK knn+2ec,1,4.001579284667969,37,14,1,2,0.4864864864864865,0.02,1.0,1.0,1.0
null_aniso_d2,null,17,600,2,1,CDK knn+2ec,2,3.7352538108825684,30,12,2,3,0.6,0.005,0.0,0.0,0.0
null_aniso_d2,null,18,600,2,1,CDK knn+2ec,3,4.347185134887695,44,18,2,5,0.4772727272727273,0.0175,0.0,0.0,0.0
null_aniso_d2,null,19,600,2,1,CDK knn+2ec,2,3.312208652496338,30,12,1,3,0.6,0.005,0.0,0.0,0.0
null_aniso_d10,null,0,600,10,1,CDK knn+2ec,1,2.3231379985809326,36,15,1,1,0.1111111111111111,0.5,1.0,1.0,1.0
null_aniso_d10,null,1,600,10,1,CDK knn+2ec,1,3.4136693477630615,37,15,1,1,0.1891891891891892,0.5,1.0,1.0,1.0
null_aniso_d10,null,2,600,10,1,CDK knn+2ec,1,3.23044490814209,38,16,1,1,0.10526315789473684,0.3479020979020979,1.0,1.0,1.0
null_aniso_d10,null,4,600,10,1,CDK knn+2ec,1,3.33278489112854,31,13,1,1,0.1935483870967742,0.38461538461538464,1.0,1.0,1.0
null_aniso_d10,null,3,600,10,1,CDK knn+2ec,1,3.3982977867126465,41,16,1,1,0.1951219512195122,0.4230769230769231,1.0,1.0,1.0
null_aniso_d10,null,6,600,10,1,CDK knn+2ec,1,2.8430285453796387,36,14,1,1,0.08333333333333333,0.6923076923076923,1.0,1.0,1.0
null_aniso_d10,null,5,600,10,1,CDK knn+2ec,1,3.3635482788085938,33,14,1,1,0.21212121212121213,0.4230769230769231,1.0,1.0,1.0
null_aniso_d10,null,7,600,10,1,CDK knn+2ec,1,3.2013485431671143,31,14,1,1,0.06451612903225806,0.2692307692307692,1.0,1.0,1.0
null_aniso_d10,null,8,600,10,1,CDK knn+2ec,1,3.0332164764404297,34,14,1,1,0.17647058823529413,0.4230769230769231,1.0,1.0,1.0
null_aniso_d10,null,10,600,10,1,CDK knn+2ec,1,2.268172264099121,26,11,1,1,0.23076923076923078,0.4423076923076923,1.0,1.0,1.0
null_aniso_d10,null,9,600,10,1,CDK knn+2ec,1,3.4116218090057373,39,16,1,1,0.1282051282051282,0.4230769230769231,1.0,1.0,1.0
null_aniso_d10,null,12,600,10,1,CDK knn+2ec,1,2.1792633533477783,32,14,1,1,0.0625,0.5961538461538461,1.0,1.0,1.0
null_aniso_d10,null,11,600,10,1,CDK knn+2ec,1,3.185286521911621,31,13,1,2,0.22580645161290322,0.38461538461538464,1.0,1.0,1.0
null_aniso_d10,null,13,600,10,1,CDK knn+2ec,1,1.508707046508789,32,14,1,1,0.125,0.6730769230769231,1.0,1.0,1.0
null_aniso_d10,null,14,600,10,1,CDK knn+2ec,1,3.485515832901001,34,14,1,1,0.20588235294117646,0.38461538461538464,1.0,1.0,1.0
null_aniso_d10,null,15,600,10,1,CDK knn+2ec,1,4.043503046035767,34,14,1,1,0.29411764705882354,0.12,1.0,1.0,1.0
null_aniso_d10,null,16,600,10,1,CDK knn+2ec,1,2.7250988483428955,37,15,1,1,0.10810810810810811,0.5384615384615384,1.0,1.0,1.0
null_aniso_d10,null,18,600,10,1,CDK knn+2ec,1,3.3578989505767822,29,12,1,1,0.20689655172413793,0.2692307692307692,1.0,1.0,1.0
null_aniso_d10,null,17,600,10,1,CDK knn+2ec,1,4.453618049621582,40,16,1,1,0.225,0.16,1.0,1.0,1.0
Iris,real,0,150,4,3,CDK knn+2ec,2,0.45137619972229004,6,3,2,2,0.3333333333333333,0.5,0.5681159420289855,0.7315847607219573,0.7336804366512104
Iris,real,1,150,4,3,CDK knn+2ec,2,0.460726261138916,6,3,2,2,0.3333333333333333,0.4807692307692308,0.5681159420289855,0.7315847607219573,0.7336804366512104
Iris,real,2,150,4,3,CDK knn+2ec,2,0.6343464851379395,6,3,2,2,0.5,0.1371153846153846,0.5681159420289855,0.7315847607219573,0.7336804366512104
null_aniso_d10,null,19,600,10,1,CDK knn+2ec,1,2.0620973110198975,32,14,1,1,0.09375,0.7115384615384615,1.0,1.0,1.0
Iris,real,3,150,4,3,CDK knn+2ec,2,0.4712345600128174,6,3,2,2,0.3333333333333333,0.5769230769230769,0.5681159420289855,0.7315847607219573,0.7336804366512104
Iris,real,4,150,4,3,CDK knn+2ec,2,0.4736816883087158,6,3,2,2,0.3333333333333333,0.6346153846153846,0.5681159420289855,0.7315847607219573,0.7336804366512104
Iris,real,5,150,4,3,CDK knn+2ec,2,0.8981320858001709,10,4,2,2,0.5,0.19480769230769232,0.5681159420289855,0.7315847607219573,0.7336804366512104
Iris,real,6,150,4,3,CDK knn+2ec,2,0.8961648941040039,10,4,2,2,0.4,0.1357051282051282,0.5681159420289855,0.7315847607219573,0.7336804366512104
Iris,real,8,150,4,3,CDK knn+2ec,2,0.5087230205535889,6,3,2,2,0.3333333333333333,0.5576923076923077,0.5681159420289855,0.7315847607219573,0.7336804366512104
Iris,real,7,150,4,3,CDK knn+2ec,2,0.7918515205383301,6,3,2,2,0.3333333333333333,0.07500000000000001,0.5681159420289855,0.7315847607219573,0.7336804366512104
Iris,real,9,150,4,3,CDK knn+2ec,2,0.6613245010375977,6,3,2,2,0.3333333333333333,0.5975,0.5681159420289855,0.7315847607219573,0.7336804366512104
Wine,real,0,178,13,3,CDK knn+2ec,3,1.5158758163452148,10,4,3,3,0.7,0.005,0.9132811631904065,0.8736335139006144,0.8749617319420023
Wine,real,1,178,13,3,CDK knn+2ec,3,1.3423810005187988,6,3,3,3,0.8333333333333334,0.005,0.6201585324205922,0.7167517107041727,0.7197735144394726
Wine,real,2,178,13,3,CDK knn+2ec,3,1.4231007099151611,10,4,3,4,0.5,0.02,0.7061522803267194,0.7394114515975244,0.7421417676387967
Wine,real,3,178,13,3,CDK knn+2ec,2,1.5020382404327393,10,5,2,3,0.7,0.005,0.21724366898837974,0.3613076684326085,0.3658937378741047
Wine,real,4,178,13,3,CDK knn+2ec,3,1.6398847103118896,10,5,2,4,0.8,0.005,0.7852072670271559,0.7820283537429673,0.7843579525966777
Wine,real,5,178,13,3,CDK knn+2ec,3,1.2490465641021729,6,3,3,3,0.8333333333333334,0.005,0.6432077747162065,0.7048869057505933,0.7079972883290646
Wine,real,6,178,13,3,CDK knn+2ec,3,1.2792479991912842,10,4,2,3,0.6,0.0075,0.9296062769008537,0.8999994874600835,0.9010505064276644
Wine,real,7,178,13,3,CDK knn+2ec,3,1.1393442153930664,6,3,3,3,0.6666666666666666,0.005,0.6201585324205922,0.7167517107041727,0.7197735144394726
Wine,real,8,178,13,3,CDK knn+2ec,3,1.3810951709747314,10,4,3,3,0.6,0.005,0.8312800990128415,0.833334981160594,0.835099540332014
Wine,real,9,178,13,3,CDK knn+2ec,2,1.3851590156555176,10,4,2,3,0.5,0.0275,0.4931140539326468,0.6652867342663308,0.6675687267494955
Breast cancer,real,1,569,30,2,CDK knn+2ec,1,4.865512371063232,32,12,1,1,0.4375,0.045,0.0,0.0,0.0
Breast cancer,real,0,569,30,2,CDK knn+2ec,1,5.3550755977630615,25,10,1,1,0.48,0.035,0.0,0.0,0.0
Breast cancer,real,2,569,30,2,CDK knn+2ec,1,4.472626209259033,26,10,1,1,0.34615384615384615,0.16,0.0,0.0,0.0
Breast cancer,real,3,569,30,2,CDK knn+2ec,1,4.888530015945435,24,9,1,2,0.5416666666666666,0.0075,0.0,0.0,0.0
Breast cancer,real,5,569,30,2,CDK knn+2ec,1,3.803988456726074,28,11,1,1,0.35714285714285715,0.3076923076923077,0.0,0.0,0.0
Breast cancer,real,4,569,30,2,CDK knn+2ec,3,4.863006114959717,32,13,3,3,0.46875,0.0225,0.5965448416056665,0.49326136477070254,0.49442798156339124
Breast cancer,real,6,569,30,2,CDK knn+2ec,1,4.822373151779175,23,9,1,1,0.4782608695652174,0.035,0.0,0.0,0.0
Breast cancer,real,7,569,30,2,CDK knn+2ec,1,5.7017481327056885,29,11,1,1,0.3448275862068966,0.085,0.0,0.0,0.0
Breast cancer,real,8,569,30,2,CDK knn+2ec,1,4.685813903808594,35,13,1,2,0.34285714285714286,0.11,0.0,0.0,0.0
Breast cancer,real,9,569,30,2,CDK knn+2ec,1,4.959568738937378,25,10,1,3,0.28,0.055,0.0,0.0,0.0
Digits,real,1,1797,64,10,CDK knn+2ec,1,0.02278757095336914,0,1,1,1,0.0,,0.0,0.0,0.0
Digits,real,0,1797,64,10,CDK knn+2ec,1,20.14161705970764,38,13,1,2,0.5,0.015,0.0,0.0,0.0
Digits,real,2,1797,64,10,CDK knn+2ec,1,34.88142728805542,74,27,1,1,0.5,0.01,0.0,0.0,0.0
Digits,real,3,1797,64,10,CDK knn+2ec,9,37.40027046203613,100,35,8,14,0.62,0.005,0.07997633308999366,0.350366488411629,0.35829327879604667
Digits,real,4,1797,64,10,CDK knn+2ec,2,29.115530967712402,75,27,2,2,0.4266666666666667,0.055,0.00036777335108623783,0.017169115753760823,0.019417912793759297
Digits,real,5,1797,64,10,CDK knn+2ec,10,23.197030544281006,51,18,7,10,0.803921568627451,0.005,0.04580775139663747,0.2887857811946979,0.2990192997084995
Digits,real,6,1797,64,10,CDK knn+2ec,5,35.055440187454224,88,32,4,6,0.5795454545454546,0.005,0.014097583490999202,0.13165113426494557,0.1381220153385546
Digits,real,7,1797,64,10,CDK knn+2ec,2,24.999632358551025,59,22,2,3,0.5423728813559322,0.005,0.0026729666850832095,0.04770980712005135,0.049713837224828465
Digits,real,9,1797,64,10,CDK knn+2ec,1,0.013791561126708984,0,1,1,1,0.0,,0.0,0.0,0.0
Digits-700,real,0,700,64,10,CDK knn+2ec,1,8.749050617218018,16,7,1,1,0.25,1.0,0.0,0.0,0.0
Digits-700,real,1,700,64,10,CDK knn+2ec,1,0.011193990707397461,0,1,1,1,0.0,,0.0,0.0,0.0
Digits,real,8,1797,64,10,CDK knn+2ec,2,23.789637804031372,57,21,2,2,0.49122807017543857,0.03,0.00202996452887739,0.04043649774450226,0.04254191434170138
Digits-700,real,2,700,64,10,CDK knn+2ec,1,12.713871002197266,42,15,1,1,0.47619047619047616,0.30096153846153845,0.0,0.0,0.0
Digits-700,real,4,700,64,10,CDK knn+2ec,1,0.007208347320556641,0,1,1,1,0.0,,0.0,0.0,0.0
Digits-700,real,3,700,64,10,CDK knn+2ec,2,11.962087631225586,29,10,2,2,0.6551724137931034,0.005,0.016225706272867915,0.11461902683235689,0.11929694250204527
Digits-700,real,5,700,64,10,CDK knn+2ec,4,13.634858131408691,38,14,3,4,0.6842105263157895,0.005,0.11108573092745412,0.2909635855348065,0.30003167941488035
Digits-700,real,7,700,64,10,CDK knn+2ec,1,0.007215261459350586,0,1,1,1,0.0,,0.0,0.0,0.0
Digits-700,real,6,700,64,10,CDK knn+2ec,1,12.453726291656494,28,11,1,1,0.4642857142857143,0.0625,0.0,0.0,0.0
Digits-700,real,8,700,64,10,CDK knn+2ec,1,8.216676235198975,10,5,1,1,0.2,1.0,0.0,0.0,0.0
Digits-700,real,9,700,64,10,CDK knn+2ec,3,11.539366245269775,26,10,3,3,0.6153846153846154,0.005,0.04989091103495112,0.245385032907919,0.25258906377624646
Digits-0168,real,0,715,64,4,CDK knn+2ec,6,16.87622570991516,32,12,4,6,0.71875,0.005,0.6817057242808477,0.6922774330138651,0.6944650710551373
Digits-0168,real,1,715,64,4,CDK knn+2ec,2,13.530319213867188,33,13,1,3,0.6363636363636364,0.005,0.04124484854797593,0.15490076525133858,0.1569963258685713
Digits-0168,real,2,715,64,4,CDK knn+2ec,5,14.841063022613525,33,12,4,5,0.7575757575757576,0.005,0.16852538205412312,0.3168124582048193,0.3216426865082925
Digits-0168,real,3,715,64,4,CDK knn+2ec,1,12.41078519821167,20,8,1,1,0.45,0.025,0.0,0.0,0.0
Digits-0168,real,4,715,64,4,CDK knn+2ec,1,13.555525064468384,36,14,1,2,0.5277777777777778,0.005,0.0,0.0,0.0
Digits-0168,real,5,715,64,4,CDK knn+2ec,3,10.172239303588867,21,8,3,3,0.7142857142857143,0.005,0.0471596464792901,0.19290756230957323,0.19669889993252374
Digits-0168,real,6,715,64,4,CDK knn+2ec,2,15.058607339859009,26,10,2,4,0.5769230769230769,0.005,0.004835308038114409,0.06706298101199852,0.06968462784266903
Digits-0168,real,7,715,64,4,CDK knn+2ec,2,16.46416664123535,31,12,2,3,0.5806451612903226,0.005,0.00467223736898196,0.06148955561570816,0.06411522449662417
Digits-0168,real,8,715,64,4,CDK knn+2ec,3,14.969170570373535,37,14,3,4,0.6756756756756757,0.005,0.32397156425363655,0.528914523716228,0.530834414248075
Digits-0168,real,9,715,64,4,CDK knn+2ec,4,15.152576923370361,33,12,4,4,0.6363636363636364,0.005,0.3025086056442031,0.473159177345315,0.476027724999103
Digits-0to4,real,1,901,64,5,CDK knn+2ec,1,0.007608890533447266,0,1,1,1,0.0,,0.0,0.0,0.0
Digits-0to4,real,0,901,64,5,CDK knn+2ec,1,16.82292127609253,39,15,1,3,0.4358974358974359,0.065,0.0,0.0,0.0
Digits-0to4,real,3,901,64,5,CDK knn+2ec,1,0.006525278091430664,0,1,1,1,0.0,,0.0,0.0,0.0
Digits-0to4,real,2,901,64,5,CDK knn+2ec,2,18.02410078048706,37,14,2,2,0.5405405405405406,0.005,0.11086815385731993,0.3039162493905911,0.30545064744287054
Digits-0to4,real,4,901,64,5,CDK knn+2ec,3,21.73029351234436,29,12,3,3,0.5517241379310345,0.01,0.44964402599947045,0.631261562335513,0.6325199441166782
Digits-0to4,real,5,901,64,5,CDK knn+2ec,3,20.984461069107056,34,14,2,4,0.5882352941176471,0.0075,0.31089140347143024,0.4780422308858957,0.4800204886850346
Digits-0to4,real,6,901,64,5,CDK knn+2ec,4,21.936331272125244,30,12,4,5,0.7,0.005,0.3835982125778198,0.520085405910521,0.5224126561554144
Digits-0to4,real,7,901,64,5,CDK knn+2ec,2,21.323770761489868,33,13,2,3,0.5757575757575758,0.005,0.0032702057727598257,0.05104237227765379,0.05355994466028026
Digits-0to4,real,8,901,64,5,CDK knn+2ec,3,18.116790056228638,47,18,2,3,0.5106382978723404,0.01,0.2986668507397098,0.44934640198676806,0.45132550842328584
Digits-0to4,real,9,901,64,5,CDK knn+2ec,2,23.33738684654236,23,9,2,3,0.5652173913043478,0.005,0.008502796258066736,0.06538261598120577,0.06768804870717113
Digits-PCA10,real,0,1797,10,10,CDK knn+2ec,3,15.060142755508423,59,21,3,4,0.6101694915254238,0.005,0.004976608459712201,0.08432693266617233,0.08804697082392463
Digits-PCA10,real,2,1797,10,10,CDK knn+2ec,1,3.7894082069396973,14,6,1,1,0.5714285714285714,0.0075,0.0,0.0,0.0
Digits-PCA10,real,1,1797,10,10,CDK knn+2ec,7,12.866618156433105,57,21,7,8,0.7017543859649122,0.005,0.06795520903010041,0.30149900715152556,0.3083161912561899
Digits-PCA10,real,3,1797,10,10,CDK knn+2ec,7,14.143004417419434,80,30,6,10,0.575,0.005,0.18134640486676437,0.5015903392782798,0.5058508162185783
Digits-PCA10,real,4,1797,10,10,CDK knn+2ec,6,13.682204008102417,79,27,6,8,0.620253164556962,0.005,0.03624504587129424,0.2506108097245878,0.2569153655434821
Digits-PCA10,real,5,1797,10,10,CDK knn+2ec,6,13.09714388847351,79,29,5,9,0.5822784810126582,0.005,0.1414170080468762,0.4558922535481824,0.4601050791383197
Digits-PCA10,real,6,1797,10,10,CDK knn+2ec,3,13.050520420074463,63,21,3,5,0.5873015873015873,0.005,0.00483598572346838,0.07302779851043727,0.07673011607949477
Digits-PCA10,real,7,1797,10,10,CDK knn+2ec,3,11.73453164100647,69,26,3,4,0.4782608695652174,0.035,0.16255034457006207,0.34911888780533257,0.351136934364275
Digits-PCA10,real,8,1797,10,10,CDK knn+2ec,7,15.14842414855957,89,32,6,8,0.6067415730337079,0.005,0.1932925871132026,0.46313806259991525,0.46773742952573394
BC-benign(1cls),real,0,357,30,1,CDK knn+2ec,1,2.9001855850219727,17,7,1,1,0.5294117647058824,0.005,1.0,1.0,1.0
Digits-PCA10,real,9,1797,10,10,CDK knn+2ec,2,8.760175228118896,60,21,2,3,0.36666666666666664,0.28846153846153844,0.004413217820172907,0.05855985443330484,0.0604996392346831
BC-benign(1cls),real,1,357,30,1,CDK knn+2ec,1,3.316319704055786,20,8,1,1,0.55,0.01,1.0,1.0,1.0
BC-benign(1cls),real,2,357,30,1,CDK knn+2ec,1,3.091987133026123,20,8,1,1,0.25,0.13,1.0,1.0,1.0
BC-benign(1cls),real,4,357,30,1,CDK knn+2ec,1,2.974837064743042,26,10,1,1,0.2692307692307692,0.28846153846153844,1.0,1.0,1.0
BC-benign(1cls),real,3,357,30,1,CDK knn+2ec,1,3.366908550262451,14,6,1,2,0.42857142857142855,0.037500000000000006,1.0,1.0,1.0
BC-benign(1cls),real,5,357,30,1,CDK knn+2ec,1,2.123499870300293,14,6,1,1,0.2857142857142857,0.26794871794871794,1.0,1.0,1.0
BC-benign(1cls),real,6,357,30,1,CDK knn+2ec,1,2.3605668544769287,17,7,1,1,0.35294117647058826,0.3076923076923077,1.0,1.0,1.0
BC-benign(1cls),real,8,357,30,1,CDK knn+2ec,1,2.931976795196533,17,7,1,1,0.35294117647058826,0.095,1.0,1.0,1.0
BC-benign(1cls),real,7,357,30,1,CDK knn+2ec,1,3.8663463592529297,24,9,1,1,0.4166666666666667,0.0875,1.0,1.0,1.0
BC-malignant(1cls),real,0,212,30,1,CDK knn+2ec,1,1.7117798328399658,10,5,1,2,0.4,0.04,1.0,1.0,1.0
BC-benign(1cls),real,9,357,30,1,CDK knn+2ec,1,2.4914498329162598,14,6,1,1,0.21428571428571427,0.10750000000000001,1.0,1.0,1.0
BC-malignant(1cls),real,1,212,30,1,CDK knn+2ec,1,1.5902369022369385,10,4,1,1,0.5,0.3101923076923077,1.0,1.0,1.0
BC-malignant(1cls),real,3,212,30,1,CDK knn+2ec,1,0.0017254352569580078,0,1,1,1,0.0,,1.0,1.0,1.0
BC-malignant(1cls),real,2,212,30,1,CDK knn+2ec,1,2.010237455368042,10,4,1,1,0.5,0.01,1.0,1.0,1.0
BC-malignant(1cls),real,4,212,30,1,CDK knn+2ec,1,1.3793113231658936,10,5,1,1,0.2,0.35,1.0,1.0,1.0
BC-malignant(1cls),real,5,212,30,1,CDK knn+2ec,1,1.1818618774414062,6,3,1,1,0.3333333333333333,0.4930769230769231,1.0,1.0,1.0
BC-malignant(1cls),real,6,212,30,1,CDK knn+2ec,1,1.180107831954956,10,5,1,1,0.3,0.40384615384615385,1.0,1.0,1.0
BC-malignant(1cls),real,7,212,30,1,CDK knn+2ec,1,1.284984827041626,10,4,1,1,0.3,0.40384615384615385,1.0,1.0,1.0
BC-malignant(1cls),real,9,212,30,1,CDK knn+2ec,1,0.5332257747650146,3,2,1,1,0.3333333333333333,0.7692307692307693,1.0,1.0,1.0
BC-malignant(1cls),real,8,212,30,1,CDK knn+2ec,1,1.7875745296478271,10,4,1,1,0.3,0.135,1.0,1.0,1.0
Digit-1(1cls),real,0,182,64,1,CDK knn+2ec,2,2.39338755607605,6,3,2,2,0.6666666666666666,0.005,0.0,0.0,0.0
Digit-1(1cls),real,1,182,64,1,CDK knn+2ec,1,2.8950703144073486,10,4,1,1,0.5,0.33192307692307693,1.0,1.0,1.0
Digit-1(1cls),real,2,182,64,1,CDK knn+2ec,1,3.450653076171875,6,3,1,1,0.3333333333333333,0.0275,1.0,1.0,1.0
Digit-1(1cls),real,3,182,64,1,CDK knn+2ec,2,2.9423768520355225,6,3,2,2,0.5,0.01,0.0,0.0,0.0
Digit-1(1cls),real,4,182,64,1,CDK knn+2ec,2,2.3589627742767334,6,3,2,2,0.6666666666666666,0.005,0.0,0.0,0.0
Digit-1(1cls),real,5,182,64,1,CDK knn+2ec,2,2.6561036109924316,6,3,2,2,0.6666666666666666,0.005,0.0,0.0,0.0
Digit-1(1cls),real,6,182,64,1,CDK knn+2ec,1,2.650695562362671,3,2,1,1,0.3333333333333333,0.19,1.0,1.0,1.0
Digit-1(1cls),real,7,182,64,1,CDK knn+2ec,2,3.0575151443481445,6,3,2,2,0.6666666666666666,0.005,0.0,0.0,0.0
Digit-1(1cls),real,9,182,64,1,CDK knn+2ec,1,0.0018301010131835938,0,1,1,1,0.0,,1.0,1.0,1.0
Digit-1(1cls),real,8,182,64,1,CDK knn+2ec,2,2.55881929397583,6,3,2,2,0.6666666666666666,0.005,0.0,0.0,0.0
Digit-3(1cls),real,0,183,64,1,CDK knn+2ec,2,2.5161194801330566,10,4,1,2,0.4,0.17634615384615385,0.0,0.0,0.0
Digit-3(1cls),real,2,183,64,1,CDK knn+2ec,1,0.9057092666625977,3,2,1,1,0.3333333333333333,0.9615384615384616,1.0,1.0,1.0
Digit-3(1cls),real,1,183,64,1,CDK knn+2ec,1,2.5130274295806885,6,3,1,1,0.6666666666666666,0.005,1.0,1.0,1.0
Digit-3(1cls),real,3,183,64,1,CDK knn+2ec,1,2.3187427520751953,6,3,1,1,0.6666666666666666,0.005,1.0,1.0,1.0
Digit-3(1cls),real,4,183,64,1,CDK knn+2ec,1,3.0181593894958496,6,3,1,1,0.5,0.0475,1.0,1.0,1.0
Digit-3(1cls),real,5,183,64,1,CDK knn+2ec,2,2.7814435958862305,6,3,2,2,0.6666666666666666,0.005,0.0,0.0,0.0
Digit-3(1cls),real,7,183,64,1,CDK knn+2ec,1,1.1399807929992676,6,3,1,1,0.16666666666666666,0.5384615384615384,1.0,1.0,1.0
Digit-3(1cls),real,6,183,64,1,CDK knn+2ec,1,3.405325412750244,10,4,1,1,0.5,0.0925,1.0,1.0,1.0
Digit-3(1cls),real,8,183,64,1,CDK knn+2ec,1,2.667834997177124,6,3,1,1,0.6666666666666666,0.005,1.0,1.0,1.0
Digit-7(1cls),real,0,179,64,1,CDK knn+2ec,1,0.0029230117797851562,0,1,1,1,0.0,,1.0,1.0,1.0
Digit-7(1cls),real,1,179,64,1,CDK knn+2ec,1,0.0037660598754882812,0,1,1,1,0.0,,1.0,1.0,1.0
Digit-7(1cls),real,2,179,64,1,CDK knn+2ec,1,0.0032503604888916016,0,1,1,1,0.0,,1.0,1.0,1.0
Digit-7(1cls),real,3,179,64,1,CDK knn+2ec,1,0.0038919448852539062,0,1,1,1,0.0,,1.0,1.0,1.0
Digit-7(1cls),real,4,179,64,1,CDK knn+2ec,1,0.005250215530395508,0,1,1,1,0.0,,1.0,1.0,1.0
Digit-7(1cls),real,5,179,64,1,CDK knn+2ec,1,0.0031173229217529297,0,1,1,1,0.0,,1.0,1.0,1.0
Digit-7(1cls),real,6,179,64,1,CDK knn+2ec,1,0.0028312206268310547,0,1,1,1,0.0,,1.0,1.0,1.0
Digit-7(1cls),real,7,179,64,1,CDK knn+2ec,1,0.0049359798431396484,0,1,1,1,0.0,,1.0,1.0,1.0
Digit-7(1cls),real,8,179,64,1,CDK knn+2ec,1,0.0041429996490478516,0,1,1,1,0.0,,1.0,1.0,1.0
Digit-7(1cls),real,9,179,64,1,CDK knn+2ec,1,0.0028285980224609375,0,1,1,1,0.0,,1.0,1.0,1.0
Wine-c1(1cls),real,0,71,13,1,CDK knn+2ec,1,0.0013816356658935547,0,1,1,1,0.0,,1.0,1.0,1.0
Wine-c1(1cls),real,1,71,13,1,CDK knn+2ec,1,0.0008568763732910156,0,1,1,1,0.0,,1.0,1.0,1.0
Wine-c1(1cls),real,2,71,13,1,CDK knn+2ec,1,0.23067283630371094,3,2,1,1,0.0,1.0,1.0,1.0,1.0
Digit-3(1cls),real,9,183,64,1,CDK knn+2ec,1,2.561863899230957,10,4,1,1,0.2,0.23884615384615387,1.0,1.0,1.0
Wine-c1(1cls),real,4,71,13,1,CDK knn+2ec,1,0.0017826557159423828,0,1,1,1,0.0,,1.0,1.0,1.0
Wine-c1(1cls),real,5,71,13,1,CDK knn+2ec,1,0.000934600830078125,0,1,1,1,0.0,,1.0,1.0,1.0
Wine-c1(1cls),real,6,71,13,1,CDK knn+2ec,1,0.08855533599853516,3,2,1,1,0.0,1.0,1.0,1.0,1.0
Wine-c1(1cls),real,7,71,13,1,CDK knn+2ec,1,0.0015683174133300781,0,1,1,1,0.0,,1.0,1.0,1.0
Wine-c1(1cls),real,3,71,13,1,CDK knn+2ec,1,0.2914121150970459,3,2,1,1,0.3333333333333333,1.0,1.0,1.0,1.0
Wine-c1(1cls),real,9,71,13,1,CDK knn+2ec,1,0.0010399818420410156,0,1,1,1,0.0,,1.0,1.0,1.0
Iris-setosa(1cls),real,0,50,4,1,CDK knn+2ec,1,0.0008594989776611328,0,1,1,1,0.0,,1.0,1.0,1.0
Iris-setosa(1cls),real,1,50,4,1,CDK knn+2ec,1,0.000690460205078125,0,1,1,1,0.0,,1.0,1.0,1.0
Iris-setosa(1cls),real,2,50,4,1,CDK knn+2ec,1,0.0007679462432861328,0,1,1,1,0.0,,1.0,1.0,1.0
Iris-setosa(1cls),real,3,50,4,1,CDK knn+2ec,1,0.0010616779327392578,0,1,1,1,0.0,,1.0,1.0,1.0
Iris-setosa(1cls),real,4,50,4,1,CDK knn+2ec,1,0.0006422996520996094,0,1,1,1,0.0,,1.0,1.0,1.0
Wine-c1(1cls),real,8,71,13,1,CDK knn+2ec,1,0.26442790031433105,3,2,1,1,0.3333333333333333,0.7692307692307693,1.0,1.0,1.0
Iris-setosa(1cls),real,6,50,4,1,CDK knn+2ec,1,0.0007901191711425781,0,1,1,1,0.0,,1.0,1.0,1.0
Iris-setosa(1cls),real,7,50,4,1,CDK knn+2ec,1,0.0007407665252685547,0,1,1,1,0.0,,1.0,1.0,1.0
Iris-setosa(1cls),real,8,50,4,1,CDK knn+2ec,1,0.0006356239318847656,0,1,1,1,0.0,,1.0,1.0,1.0
Iris-setosa(1cls),real,9,50,4,1,CDK knn+2ec,1,0.0006103515625,0,1,1,1,0.0,,1.0,1.0,1.0
Iris-setosa(1cls),real,5,50,4,1,CDK knn+2ec,1,0.29129695892333984,3,2,1,1,0.3333333333333333,0.11,1.0,1.0,1.0
