dataset,family,rep,n,d,true_k,method,k_hat,runtime,ARI,AMI,NMI,conf_lo,conf_hi,n_tests,k_init,sep_evidence,p_median,abs_err,signed_err,exact
sep_k2_d2,sep,0,800,2,2,ORACLE k-means(k*),2,0.023965120315551758,1.0,1.0,1.0,,,,,,,0,0,1.0
sep_k2_d2,sep,0,800,2,2,CDK (proposed),2,3.4504470825195312,1.0,1.0,1.0,2.0,3.0,44.0,18.0,0.4090909090909091,0.05,0,0,1.0
sep_k2_d2,sep,0,800,2,2,CDK / Gaussian null,2,6.123929738998413,1.0,1.0,1.0,2.0,8.0,44.0,18.0,0.45454545454545453,0.015,0,0,1.0
sep_k2_d2,sep,0,800,2,2,CDK / AD statistic,2,3.5168089866638184,1.0,1.0,1.0,2.0,2.0,44.0,18.0,0.2727272727272727,0.3653846153846154,0,0,1.0
sep_k2_d2,sep,0,800,2,2,CDK / no multiplicity corr.,2,3.2943739891052246,1.0,1.0,1.0,2.0,3.0,44.0,18.0,0.5,0.05,0,0,1.0
sep_k2_d2,sep,0,800,2,2,CDK / n_min=15,2,5.067275047302246,1.0,1.0,1.0,2.0,2.0,85.0,32.0,0.3176470588235294,0.12,0,0,1.0
sep_k2_d2,sep,0,800,2,2,CDK / n_min=40,2,1.8877222537994385,1.0,1.0,1.0,2.0,2.0,19.0,8.0,0.5263157894736842,0.005,0,0,1.0
sep_k2_d2,sep,0,800,2,2,Silhouette,2,0.14949560165405273,1.0,1.0,1.0,,,,,,,0,0,1.0
sep_k2_d2,sep,0,800,2,2,Calinski-Har.,2,0.08422589302062988,1.0,1.0,1.0,,,,,,,0,0,1.0
sep_k2_d2,sep,0,800,2,2,Davies-Bouldin,2,0.09591937065124512,1.0,1.0,1.0,,,,,,,0,0,1.0
sep_k2_d2,sep,0,800,2,2,Elbow (Kneedle),6,0.0861513614654541,0.3325206614738088,0.5569627372145665,0.5580823789331776,,,,,,,4,4,0.0
sep_k2_d2,sep,0,800,2,2,Jump statistic,2,0.08080387115478516,1.0,1.0,1.0,,,,,,,0,0,1.0
sep_k2_d2,sep,0,800,2,2,Gap statistic,2,0.34275269508361816,1.0,1.0,1.0,,,,,,,0,0,1.0
sep_k2_d2,sep,0,800,2,2,X-means,2,0.00874185562133789,1.0,1.0,1.0,,,,,,,0,0,1.0
sep_k2_d2,sep,0,800,2,2,G-means,2,0.007939338684082031,1.0,1.0,1.0,,,,,,,0,0,1.0
sep_k2_d2,sep,0,800,2,2,dip-means,2,0.03694510459899902,1.0,1.0,1.0,,,,,,,0,0,1.0
sep_k2_d2,sep,0,800,2,2,ISODATA,7,0.01890420913696289,0.2950407873256255,0.5277412206629767,0.5291001653137448,,,,,,,5,5,0.0
sep_k2_d2,sep,0,800,2,2,MDL split/merge,2,0.006037235260009766,1.0,1.0,1.0,,,,,,,0,0,1.0
sep_k2_d2,sep,0,800,2,2,GMM+BIC,2,0.15325331687927246,1.0,1.0,1.0,,,,,,,0,0,1.0
sep_k2_d2,sep,0,800,2,2,GMM+ICL,2,0.15749263763427734,1.0,1.0,1.0,,,,,,,0,0,1.0
sep_k2_d2,sep,0,800,2,2,HDBSCAN,2,0.005639791488647461,1.0,1.0,1.0,,,,,,,0,0,1.0
sep_k2_d2,sep,0,800,2,2,Bisecting+Sil.,2,0.10957455635070801,1.0,1.0,1.0,,,,,,,0,0,1.0
sep_k2_d2,sep,1,800,2,2,ORACLE k-means(k*),2,0.019112348556518555,1.0,1.0,1.0,,,,,,,0,0,1.0
sep_k2_d2,sep,1,800,2,2,CDK (proposed),2,3.361931800842285,1.0,1.0,1.0,2.0,2.0,52.0,21.0,0.28846153846153844,0.38461538461538464,0,0,1.0
sep_k2_d2,sep,1,800,2,2,CDK / Gaussian null,2,6.611852169036865,1.0,1.0,1.0,2.0,8.0,52.0,21.0,0.36538461538461536,0.025,0,0,1.0
sep_k2_d2,sep,1,800,2,2,CDK / AD statistic,2,4.9883692264556885,1.0,1.0,1.0,2.0,2.0,52.0,21.0,0.25,0.3653846153846154,0,0,1.0
sep_k2_d2,sep,1,800,2,2,CDK / no multiplicity corr.,2,2.970655918121338,1.0,1.0,1.0,2.0,3.0,52.0,21.0,0.3076923076923077,0.38461538461538464,0,0,1.0
sep_k2_d2,sep,1,800,2,2,CDK / n_min=15,2,5.063748359680176,1.0,1.0,1.0,2.0,2.0,85.0,32.0,0.2,0.225,0,0,1.0
sep_k2_d2,sep,1,800,2,2,CDK / n_min=40,2,1.8701636791229248,1.0,1.0,1.0,2.0,2.0,23.0,11.0,0.34782608695652173,0.46153846153846156,0,0,1.0
sep_k2_d2,sep,1,800,2,2,Silhouette,2,0.15231990814208984,1.0,1.0,1.0,,,,,,,0,0,1.0
sep_k2_d2,sep,1,800,2,2,Calinski-Har.,2,0.08174824714660645,1.0,1.0,1.0,,,,,,,0,0,1.0
sep_k2_d2,sep,1,800,2,2,Davies-Bouldin,2,0.09760808944702148,1.0,1.0,1.0,,,,,,,0,0,1.0
sep_k2_d2,sep,1,800,2,2,Elbow (Kneedle),6,0.08512759208679199,0.3340689265880116,0.5574691883454255,0.5585885866540069,,,,,,,4,4,0.0
sep_k2_d2,sep,1,800,2,2,Jump statistic,2,0.08234333992004395,1.0,1.0,1.0,,,,,,,0,0,1.0
sep_k2_d2,sep,1,800,2,2,Gap statistic,2,0.33056187629699707,1.0,1.0,1.0,,,,,,,0,0,1.0
sep_k2_d2,sep,1,800,2,2,X-means,2,0.007910013198852539,1.0,1.0,1.0,,,,,,,0,0,1.0
sep_k2_d2,sep,1,800,2,2,G-means,2,0.0072784423828125,1.0,1.0,1.0,,,,,,,0,0,1.0
sep_k2_d2,sep,1,800,2,2,dip-means,2,0.03348422050476074,1.0,1.0,1.0,,,,,,,0,0,1.0
sep_k2_d2,sep,1,800,2,2,ISODATA,7,0.017509937286376953,0.29460823440299916,0.5277689305929629,0.5291278977839301,,,,,,,5,5,0.0
sep_k2_d2,sep,1,800,2,2,MDL split/merge,2,0.005345344543457031,1.0,1.0,1.0,,,,,,,0,0,1.0
sep_k2_d2,sep,1,800,2,2,GMM+BIC,2,0.1559607982635498,1.0,1.0,1.0,,,,,,,0,0,1.0
sep_k2_d2,sep,1,800,2,2,GMM+ICL,2,0.1615915298461914,1.0,1.0,1.0,,,,,,,0,0,1.0
sep_k2_d2,sep,1,800,2,2,HDBSCAN,2,0.005202293395996094,1.0,1.0,1.0,,,,,,,0,0,1.0
sep_k2_d2,sep,1,800,2,2,Bisecting+Sil.,2,0.10764789581298828,1.0,1.0,1.0,,,,,,,0,0,1.0
sep_k2_d2,sep,2,800,2,2,ORACLE k-means(k*),2,0.0025606155395507812,1.0,1.0,1.0,,,,,,,0,0,1.0
sep_k2_d2,sep,2,800,2,2,CDK (proposed),3,2.9941062927246094,0.939144206126726,0.9200446375817923,0.9201787941782873,2.0,3.0,47.0,19.0,0.40425531914893614,0.095,1,1,0.0
sep_k2_d2,sep,2,800,2,2,CDK / Gaussian null,2,4.8167290687561035,1.0,1.0,1.0,2.0,4.0,47.0,19.0,0.40425531914893614,0.035,0,0,1.0
sep_k2_d2,sep,2,800,2,2,CDK / AD statistic,2,3.839165449142456,1.0,1.0,1.0,2.0,2.0,47.0,19.0,0.2127659574468085,0.3076923076923077,0,0,1.0
sep_k2_d2,sep,2,800,2,2,CDK / no multiplicity corr.,3,3.588430643081665,0.939144206126726,0.9200446375817923,0.9201787941782873,3.0,6.0,47.0,19.0,0.48936170212765956,0.095,1,1,0.0
sep_k2_d2,sep,2,800,2,2,CDK / n_min=15,2,4.597258806228638,1.0,1.0,1.0,2.0,3.0,89.0,34.0,0.21348314606741572,0.15,0,0,1.0
sep_k2_d2,sep,2,800,2,2,CDK / n_min=40,2,1.885986566543579,1.0,1.0,1.0,2.0,2.0,24.0,10.0,0.4166666666666667,0.22153846153846155,0,0,1.0
sep_k2_d2,sep,2,800,2,2,Silhouette,2,0.14099526405334473,1.0,1.0,1.0,,,,,,,0,0,1.0
sep_k2_d2,sep,2,800,2,2,Calinski-Har.,2,0.08465838432312012,1.0,1.0,1.0,,,,,,,0,0,1.0
sep_k2_d2,sep,2,800,2,2,Davies-Bouldin,2,0.09677839279174805,1.0,1.0,1.0,,,,,,,0,0,1.0
sep_k2_d2,sep,2,800,2,2,Elbow (Kneedle),6,0.08666419982910156,0.336143717806333,0.5581772883619807,0.5592963451800642,,,,,,,4,4,0.0
sep_k2_d2,sep,2,800,2,2,Jump statistic,2,0.08648824691772461,1.0,1.0,1.0,,,,,,,0,0,1.0
sep_k2_d2,sep,2,800,2,2,Gap statistic,2,0.33601832389831543,1.0,1.0,1.0,,,,,,,0,0,1.0
sep_k2_d2,sep,2,800,2,2,X-means,2,0.008645057678222656,1.0,1.0,1.0,,,,,,,0,0,1.0
sep_k2_d2,sep,2,800,2,2,G-means,2,0.007266044616699219,1.0,1.0,1.0,,,,,,,0,0,1.0
sep_k2_d2,sep,2,800,2,2,dip-means,2,0.03298807144165039,1.0,1.0,1.0,,,,,,,0,0,1.0
sep_k2_d2,sep,2,800,2,2,ISODATA,2,0.016109228134155273,1.0,1.0,1.0,,,,,,,0,0,1.0
sep_k2_d2,sep,2,800,2,2,MDL split/merge,2,0.005526065826416016,1.0,1.0,1.0,,,,,,,0,0,1.0
sep_k2_d2,sep,2,800,2,2,GMM+BIC,2,0.15848875045776367,1.0,1.0,1.0,,,,,,,0,0,1.0
sep_k2_d2,sep,2,800,2,2,GMM+ICL,2,0.16203665733337402,1.0,1.0,1.0,,,,,,,0,0,1.0
sep_k2_d2,sep,2,800,2,2,HDBSCAN,2,0.00451350212097168,1.0,1.0,1.0,,,,,,,0,0,1.0
sep_k2_d2,sep,2,800,2,2,Bisecting+Sil.,2,0.11338949203491211,1.0,1.0,1.0,,,,,,,0,0,1.0
sep_k2_d2,sep,3,800,2,2,ORACLE k-means(k*),2,0.0026679039001464844,1.0,1.0,1.0,,,,,,,0,0,1.0
sep_k2_d2,sep,3,800,2,2,CDK (proposed),2,2.641641855239868,1.0,1.0,1.0,2.0,2.0,41.0,17.0,0.36585365853658536,0.135,0,0,1.0
sep_k2_d2,sep,3,800,2,2,CDK / Gaussian null,2,4.966546058654785,1.0,1.0,1.0,2.0,4.0,41.0,17.0,0.43902439024390244,0.015,0,0,1.0
sep_k2_d2,sep,3,800,2,2,CDK / AD statistic,2,4.516767263412476,1.0,1.0,1.0,2.0,2.0,41.0,17.0,0.2926829268292683,0.25925925925925924,0,0,1.0
sep_k2_d2,sep,3,800,2,2,CDK / no multiplicity corr.,2,2.7523601055145264,1.0,1.0,1.0,2.0,4.0,41.0,17.0,0.43902439024390244,0.135,0,0,1.0
sep_k2_d2,sep,3,800,2,2,CDK / n_min=15,2,4.772673845291138,1.0,1.0,1.0,2.0,3.0,88.0,34.0,0.25,0.14750000000000002,0,0,1.0
sep_k2_d2,sep,3,800,2,2,CDK / n_min=40,2,2.0504724979400635,1.0,1.0,1.0,2.0,2.0,23.0,10.0,0.4782608695652174,0.015,0,0,1.0
sep_k2_d2,sep,3,800,2,2,Silhouette,2,0.14177227020263672,1.0,1.0,1.0,,,,,,,0,0,1.0
sep_k2_d2,sep,3,800,2,2,Calinski-Har.,2,0.08489441871643066,1.0,1.0,1.0,,,,,,,0,0,1.0
sep_k2_d2,sep,3,800,2,2,Davies-Bouldin,2,0.09815549850463867,1.0,1.0,1.0,,,,,,,0,0,1.0
sep_k2_d2,sep,3,800,2,2,Elbow (Kneedle),6,0.08692073822021484,0.33434473027073436,0.5575916350629175,0.5587109772315856,,,,,,,4,4,0.0
sep_k2_d2,sep,3,800,2,2,Jump statistic,2,0.08262133598327637,1.0,1.0,1.0,,,,,,,0,0,1.0
sep_k2_d2,sep,3,800,2,2,Gap statistic,2,0.324770450592041,1.0,1.0,1.0,,,,,,,0,0,1.0
sep_k2_d2,sep,3,800,2,2,X-means,2,0.008386611938476562,1.0,1.0,1.0,,,,,,,0,0,1.0
sep_k2_d2,sep,3,800,2,2,G-means,2,0.007597684860229492,1.0,1.0,1.0,,,,,,,0,0,1.0
sep_k2_d2,sep,3,800,2,2,dip-means,2,0.03361344337463379,1.0,1.0,1.0,,,,,,,0,0,1.0
sep_k2_d2,sep,3,800,2,2,ISODATA,6,0.016574382781982422,0.33521601792768574,0.5578977753505773,0.5590169710122934,,,,,,,4,4,0.0
sep_k2_d2,sep,3,800,2,2,MDL split/merge,2,0.0057849884033203125,1.0,1.0,1.0,,,,,,,0,0,1.0
sep_k2_d2,sep,3,800,2,2,GMM+BIC,2,0.15851593017578125,1.0,1.0,1.0,,,,,,,0,0,1.0
sep_k2_d2,sep,3,800,2,2,GMM+ICL,2,0.1638166904449463,1.0,1.0,1.0,,,,,,,0,0,1.0
sep_k2_d2,sep,3,800,2,2,HDBSCAN,2,0.004588603973388672,1.0,1.0,1.0,,,,,,,0,0,1.0
sep_k2_d2,sep,3,800,2,2,Bisecting+Sil.,2,0.11478233337402344,1.0,1.0,1.0,,,,,,,0,0,1.0
sep_k2_d2,sep,5,800,2,2,ORACLE k-means(k*),2,0.0025408267974853516,1.0,1.0,1.0,,,,,,,0,0,1.0
sep_k2_d2,sep,5,800,2,2,CDK (proposed),2,2.9571900367736816,1.0,1.0,1.0,2.0,2.0,47.0,19.0,0.425531914893617,0.055,0,0,1.0
sep_k2_d2,sep,5,800,2,2,CDK / Gaussian null,2,4.709833860397339,1.0,1.0,1.0,2.0,7.0,47.0,19.0,0.5957446808510638,0.005,0,0,1.0
sep_k2_d2,sep,5,800,2,2,CDK / AD statistic,2,4.644891977310181,1.0,1.0,1.0,2.0,2.0,47.0,19.0,0.23404255319148937,0.06,0,0,1.0
sep_k2_d2,sep,5,800,2,2,CDK / no multiplicity corr.,2,2.9853880405426025,1.0,1.0,1.0,2.0,3.0,47.0,19.0,0.48936170212765956,0.055,0,0,1.0
sep_k2_d2,sep,5,800,2,2,CDK / n_min=15,2,4.129953622817993,1.0,1.0,1.0,2.0,2.0,73.0,29.0,0.2328767123287671,0.085,0,0,1.0
sep_k2_d2,sep,5,800,2,2,CDK / n_min=40,2,1.936147928237915,1.0,1.0,1.0,2.0,2.0,23.0,10.0,0.4782608695652174,0.015,0,0,1.0
sep_k2_d2,sep,5,800,2,2,Silhouette,2,0.14229035377502441,1.0,1.0,1.0,,,,,,,0,0,1.0
sep_k2_d2,sep,5,800,2,2,Calinski-Har.,2,0.08729267120361328,1.0,1.0,1.0,,,,,,,0,0,1.0
sep_k2_d2,sep,5,800,2,2,Davies-Bouldin,2,0.09548592567443848,1.0,1.0,1.0,,,,,,,0,0,1.0
sep_k2_d2,sep,5,800,2,2,Elbow (Kneedle),6,0.08900308609008789,0.34038102231571343,0.5595480242776402,0.5606664002904308,,,,,,,4,4,0.0
sep_k2_d2,sep,5,800,2,2,Jump statistic,2,0.08541345596313477,1.0,1.0,1.0,,,,,,,0,0,1.0
sep_k2_d2,sep,5,800,2,2,Gap statistic,2,0.33762240409851074,1.0,1.0,1.0,,,,,,,0,0,1.0
sep_k2_d2,sep,5,800,2,2,X-means,2,0.008258342742919922,1.0,1.0,1.0,,,,,,,0,0,1.0
sep_k2_d2,sep,5,800,2,2,G-means,2,0.007368803024291992,1.0,1.0,1.0,,,,,,,0,0,1.0
sep_k2_d2,sep,5,800,2,2,dip-means,2,0.03359794616699219,1.0,1.0,1.0,,,,,,,0,0,1.0
sep_k2_d2,sep,5,800,2,2,ISODATA,7,0.016706228256225586,0.2932917661070911,0.5271810479767179,0.5285401291265651,,,,,,,5,5,0.0
sep_k2_d2,sep,5,800,2,2,MDL split/merge,2,0.0054628849029541016,1.0,1.0,1.0,,,,,,,0,0,1.0
sep_k2_d2,sep,5,800,2,2,GMM+BIC,2,0.15461182594299316,1.0,1.0,1.0,,,,,,,0,0,1.0
sep_k2_d2,sep,5,800,2,2,GMM+ICL,2,0.16277337074279785,1.0,1.0,1.0,,,,,,,0,0,1.0
sep_k2_d2,sep,5,800,2,2,HDBSCAN,2,0.004631757736206055,1.0,1.0,1.0,,,,,,,0,0,1.0
sep_k2_d2,sep,5,800,2,2,Bisecting+Sil.,2,0.10552716255187988,1.0,1.0,1.0,,,,,,,0,0,1.0
sep_k2_d2,sep,4,800,2,2,ORACLE k-means(k*),2,0.0027382373809814453,1.0,1.0,1.0,,,,,,,0,0,1.0
sep_k2_d2,sep,4,800,2,2,CDK (proposed),2,4.018121004104614,1.0,1.0,1.0,2.0,2.0,48.0,19.0,0.5,0.015,0,0,1.0
sep_k2_d2,sep,4,800,2,2,CDK / Gaussian null,2,5.032165050506592,1.0,1.0,1.0,2.0,10.0,48.0,19.0,0.5,0.0125,0,0,1.0
sep_k2_d2,sep,4,800,2,2,CDK / AD statistic,2,5.120573997497559,1.0,1.0,1.0,2.0,3.0,48.0,19.0,0.3333333333333333,0.1325,0,0,1.0
sep_k2_d2,sep,4,800,2,2,CDK / no multiplicity corr.,2,4.10878324508667,1.0,1.0,1.0,2.0,7.0,48.0,19.0,0.5625,0.015,0,0,1.0
sep_k2_d2,sep,4,800,2,2,CDK / n_min=15,2,4.531712770462036,1.0,1.0,1.0,2.0,2.0,81.0,31.0,0.2716049382716049,0.12,0,0,1.0
sep_k2_d2,sep,4,800,2,2,CDK / n_min=40,2,1.5804164409637451,1.0,1.0,1.0,2.0,2.0,20.0,10.0,0.45,0.14212962962962963,0,0,1.0
sep_k2_d2,sep,4,800,2,2,Silhouette,2,0.14535069465637207,1.0,1.0,1.0,,,,,,,0,0,1.0
sep_k2_d2,sep,4,800,2,2,Calinski-Har.,2,0.08764076232910156,1.0,1.0,1.0,,,,,,,0,0,1.0
sep_k2_d2,sep,4,800,2,2,Davies-Bouldin,2,0.09904217720031738,1.0,1.0,1.0,,,,,,,0,0,1.0
sep_k2_d2,sep,4,800,2,2,Elbow (Kneedle),6,0.08968925476074219,0.3347020211223037,0.5576760278204558,0.5587953260141736,,,,,,,4,4,0.0
sep_k2_d2,sep,4,800,2,2,Jump statistic,2,0.0845334529876709,1.0,1.0,1.0,,,,,,,0,0,1.0
sep_k2_d2,sep,4,800,2,2,Gap statistic,2,0.3372471332550049,1.0,1.0,1.0,,,,,,,0,0,1.0
sep_k2_d2,sep,4,800,2,2,X-means,2,0.008105993270874023,1.0,1.0,1.0,,,,,,,0,0,1.0
sep_k2_d2,sep,4,800,2,2,G-means,2,0.0076901912689208984,1.0,1.0,1.0,,,,,,,0,0,1.0
sep_k2_d2,sep,4,800,2,2,dip-means,2,0.033255815505981445,1.0,1.0,1.0,,,,,,,0,0,1.0
sep_k2_d2,sep,4,800,2,2,ISODATA,7,0.017864227294921875,0.2924893452101734,0.5268812518031999,0.5282404020186383,,,,,,,5,5,0.0
sep_k2_d2,sep,4,800,2,2,MDL split/merge,2,0.005959033966064453,1.0,1.0,1.0,,,,,,,0,0,1.0
sep_k2_d2,sep,4,800,2,2,GMM+BIC,2,0.15029335021972656,1.0,1.0,1.0,,,,,,,0,0,1.0
sep_k2_d2,sep,4,800,2,2,GMM+ICL,2,0.1558837890625,1.0,1.0,1.0,,,,,,,0,0,1.0
sep_k2_d2,sep,4,800,2,2,HDBSCAN,2,0.004607677459716797,1.0,1.0,1.0,,,,,,,0,0,1.0
sep_k2_d2,sep,4,800,2,2,Bisecting+Sil.,2,0.1097419261932373,1.0,1.0,1.0,,,,,,,0,0,1.0
sep_k2_d2,sep,6,800,2,2,ORACLE k-means(k*),2,0.002666950225830078,1.0,1.0,1.0,,,,,,,0,0,1.0
sep_k2_d2,sep,6,800,2,2,CDK (proposed),2,3.2394800186157227,1.0,1.0,1.0,2.0,3.0,39.0,16.0,0.5128205128205128,0.01,0,0,1.0
sep_k2_d2,sep,6,800,2,2,CDK / Gaussian null,2,4.489833354949951,1.0,1.0,1.0,2.0,7.0,39.0,16.0,0.41025641025641024,0.025,0,0,1.0
sep_k2_d2,sep,6,800,2,2,CDK / AD statistic,2,3.8111207485198975,1.0,1.0,1.0,2.0,2.0,39.0,16.0,0.15384615384615385,0.17,0,0,1.0
sep_k2_d2,sep,6,800,2,2,CDK / no multiplicity corr.,2,3.1915459632873535,1.0,1.0,1.0,2.0,6.0,39.0,16.0,0.5384615384615384,0.01,0,0,1.0
sep_k2_d2,sep,6,800,2,2,CDK / n_min=15,2,4.467279672622681,1.0,1.0,1.0,2.0,2.0,91.0,35.0,0.24175824175824176,0.25806451612903225,0,0,1.0
sep_k2_d2,sep,6,800,2,2,CDK / n_min=40,2,1.8970882892608643,1.0,1.0,1.0,2.0,2.0,23.0,11.0,0.391304347826087,0.2692307692307692,0,0,1.0
sep_k2_d2,sep,6,800,2,2,Silhouette,2,0.1709599494934082,1.0,1.0,1.0,,,,,,,0,0,1.0
sep_k2_d2,sep,6,800,2,2,Calinski-Har.,2,0.0971975326538086,1.0,1.0,1.0,,,,,,,0,0,1.0
sep_k2_d2,sep,6,800,2,2,Davies-Bouldin,2,0.11365985870361328,1.0,1.0,1.0,,,,,,,0,0,1.0
sep_k2_d2,sep,6,800,2,2,Elbow (Kneedle),6,0.11053109169006348,0.33288422224166897,0.5570855753502788,0.5582051586043237,,,,,,,4,4,0.0
sep_k2_d2,sep,6,800,2,2,Jump statistic,2,0.09842729568481445,1.0,1.0,1.0,,,,,,,0,0,1.0
sep_k2_d2,sep,6,800,2,2,Gap statistic,2,0.4186716079711914,1.0,1.0,1.0,,,,,,,0,0,1.0
sep_k2_d2,sep,6,800,2,2,X-means,2,0.008608579635620117,1.0,1.0,1.0,,,,,,,0,0,1.0
sep_k2_d2,sep,6,800,2,2,G-means,2,0.007016181945800781,1.0,1.0,1.0,,,,,,,0,0,1.0
sep_k2_d2,sep,6,800,2,2,dip-means,2,0.03378176689147949,1.0,1.0,1.0,,,,,,,0,0,1.0
sep_k2_d2,sep,6,800,2,2,ISODATA,7,0.01777029037475586,0.291379744910714,0.5264490884087206,0.5278083264874605,,,,,,,5,5,0.0
sep_k2_d2,sep,6,800,2,2,MDL split/merge,2,0.005417823791503906,1.0,1.0,1.0,,,,,,,0,0,1.0
sep_k2_d2,sep,6,800,2,2,GMM+BIC,2,0.14969372749328613,1.0,1.0,1.0,,,,,,,0,0,1.0
sep_k2_d2,sep,6,800,2,2,GMM+ICL,2,0.15550541877746582,1.0,1.0,1.0,,,,,,,0,0,1.0
sep_k2_d2,sep,6,800,2,2,HDBSCAN,2,0.004808187484741211,1.0,1.0,1.0,,,,,,,0,0,1.0
sep_k2_d2,sep,6,800,2,2,Bisecting+Sil.,2,0.10453534126281738,1.0,1.0,1.0,,,,,,,0,0,1.0
sep_k2_d2,sep,7,800,2,2,ORACLE k-means(k*),2,0.002487659454345703,1.0,1.0,1.0,,,,,,,0,0,1.0
sep_k2_d2,sep,7,800,2,2,CDK (proposed),2,3.100491762161255,1.0,1.0,1.0,2.0,2.0,54.0,21.0,0.37037037037037035,0.2121153846153846,0,0,1.0
sep_k2_d2,sep,7,800,2,2,CDK / Gaussian null,2,5.6131751537323,1.0,1.0,1.0,2.0,4.0,54.0,21.0,0.4074074074074074,0.0225,0,0,1.0
sep_k2_d2,sep,7,800,2,2,CDK / AD statistic,2,5.071460008621216,1.0,1.0,1.0,2.0,2.0,54.0,21.0,0.2777777777777778,0.28846153846153844,0,0,1.0
sep_k2_d2,sep,7,800,2,2,CDK / no multiplicity corr.,2,3.842785596847534,1.0,1.0,1.0,2.0,3.0,54.0,21.0,0.4444444444444444,0.2121153846153846,0,0,1.0
sep_k2_d2,sep,7,800,2,2,CDK / n_min=15,2,5.087059020996094,1.0,1.0,1.0,2.0,2.0,83.0,32.0,0.1927710843373494,0.215,0,0,1.0
sep_k2_d2,sep,7,800,2,2,CDK / n_min=40,2,1.9998888969421387,1.0,1.0,1.0,2.0,2.0,20.0,10.0,0.4,0.10250000000000001,0,0,1.0
sep_k2_d2,sep,7,800,2,2,Silhouette,2,0.16954612731933594,1.0,1.0,1.0,,,,,,,0,0,1.0
sep_k2_d2,sep,7,800,2,2,Calinski-Har.,2,0.10688948631286621,1.0,1.0,1.0,,,,,,,0,0,1.0
sep_k2_d2,sep,7,800,2,2,Davies-Bouldin,2,0.11550664901733398,1.0,1.0,1.0,,,,,,,0,0,1.0
sep_k2_d2,sep,7,800,2,2,Elbow (Kneedle),6,0.09923243522644043,0.3324579785493868,0.5569395440790037,0.5580591966332208,,,,,,,4,4,0.0
sep_k2_d2,sep,7,800,2,2,Jump statistic,2,0.1041877269744873,1.0,1.0,1.0,,,,,,,0,0,1.0
sep_k2_d2,sep,7,800,2,2,Gap statistic,2,0.39196276664733887,1.0,1.0,1.0,,,,,,,0,0,1.0
sep_k2_d2,sep,7,800,2,2,X-means,2,0.01087498664855957,1.0,1.0,1.0,,,,,,,0,0,1.0
sep_k2_d2,sep,7,800,2,2,G-means,2,0.009207725524902344,1.0,1.0,1.0,,,,,,,0,0,1.0
sep_k2_d2,sep,7,800,2,2,dip-means,2,0.04249429702758789,1.0,1.0,1.0,,,,,,,0,0,1.0
sep_k2_d2,sep,7,800,2,2,ISODATA,4,0.01905512809753418,0.66738923655035,0.7163590993632442,0.7169113705090105,,,,,,,2,2,0.0
sep_k2_d2,sep,7,800,2,2,MDL split/merge,2,0.007124185562133789,1.0,1.0,1.0,,,,,,,0,0,1.0
sep_k2_d2,sep,7,800,2,2,GMM+BIC,2,0.19201087951660156,1.0,1.0,1.0,,,,,,,0,0,1.0
sep_k2_d2,sep,7,800,2,2,GMM+ICL,2,0.19973492622375488,1.0,1.0,1.0,,,,,,,0,0,1.0
sep_k2_d2,sep,7,800,2,2,HDBSCAN,2,0.0051496028900146484,1.0,1.0,1.0,,,,,,,0,0,1.0
sep_k2_d2,sep,7,800,2,2,Bisecting+Sil.,2,0.13049936294555664,1.0,1.0,1.0,,,,,,,0,0,1.0
sep_k2_d2,sep,8,800,2,2,ORACLE k-means(k*),2,0.0026853084564208984,1.0,1.0,1.0,,,,,,,0,0,1.0
sep_k2_d2,sep,8,800,2,2,CDK (proposed),2,3.2113382816314697,1.0,1.0,1.0,2.0,3.0,42.0,17.0,0.47619047619047616,0.0175,0,0,1.0
sep_k2_d2,sep,8,800,2,2,CDK / Gaussian null,2,5.017559289932251,1.0,1.0,1.0,2.0,6.0,42.0,17.0,0.5476190476190477,0.01,0,0,1.0
sep_k2_d2,sep,8,800,2,2,CDK / AD statistic,2,4.2341437339782715,1.0,1.0,1.0,2.0,2.0,42.0,17.0,0.2619047619047619,0.1896153846153846,0,0,1.0
sep_k2_d2,sep,8,800,2,2,CDK / no multiplicity corr.,2,3.4988911151885986,1.0,1.0,1.0,2.0,4.0,42.0,17.0,0.5476190476190477,0.0175,0,0,1.0
sep_k2_d2,sep,8,800,2,2,CDK / n_min=15,2,4.417189121246338,1.0,1.0,1.0,2.0,3.0,88.0,33.0,0.26136363636363635,0.25586470267321326,0,0,1.0
sep_k2_d2,sep,8,800,2,2,CDK / n_min=40,2,1.8147225379943848,1.0,1.0,1.0,2.0,2.0,23.0,11.0,0.4782608695652174,0.025,0,0,1.0
sep_k2_d2,sep,8,800,2,2,Silhouette,2,0.13962054252624512,1.0,1.0,1.0,,,,,,,0,0,1.0
sep_k2_d2,sep,8,800,2,2,Calinski-Har.,2,0.08541750907897949,1.0,1.0,1.0,,,,,,,0,0,1.0
sep_k2_d2,sep,8,800,2,2,Davies-Bouldin,2,0.09682583808898926,1.0,1.0,1.0,,,,,,,0,0,1.0
sep_k2_d2,sep,8,800,2,2,Elbow (Kneedle),6,0.08701872825622559,0.33285914909587794,0.5570753404197888,0.5581949283926197,,,,,,,4,4,0.0
sep_k2_d2,sep,8,800,2,2,Jump statistic,2,0.08394598960876465,1.0,1.0,1.0,,,,,,,0,0,1.0
sep_k2_d2,sep,8,800,2,2,Gap statistic,2,0.3246486186981201,1.0,1.0,1.0,,,,,,,0,0,1.0
sep_k2_d2,sep,8,800,2,2,X-means,2,0.008146286010742188,1.0,1.0,1.0,,,,,,,0,0,1.0
sep_k2_d2,sep,8,800,2,2,G-means,2,0.007192134857177734,1.0,1.0,1.0,,,,,,,0,0,1.0
sep_k2_d2,sep,8,800,2,2,dip-means,2,0.033483266830444336,1.0,1.0,1.0,,,,,,,0,0,1.0
sep_k2_d2,sep,8,800,2,2,ISODATA,6,0.016419172286987305,0.33824983927018554,0.5588211937754672,0.559939929961334,,,,,,,4,4,0.0
sep_k2_d2,sep,8,800,2,2,MDL split/merge,2,0.005466461181640625,1.0,1.0,1.0,,,,,,,0,0,1.0
sep_k2_d2,sep,8,800,2,2,GMM+BIC,2,0.15546178817749023,1.0,1.0,1.0,,,,,,,0,0,1.0
sep_k2_d2,sep,8,800,2,2,GMM+ICL,2,0.15877890586853027,1.0,1.0,1.0,,,,,,,0,0,1.0
sep_k2_d2,sep,8,800,2,2,HDBSCAN,2,0.004507541656494141,1.0,1.0,1.0,,,,,,,0,0,1.0
sep_k2_d2,sep,8,800,2,2,Bisecting+Sil.,2,0.10461854934692383,1.0,1.0,1.0,,,,,,,0,0,1.0
sep_k2_d2,sep,9,800,2,2,ORACLE k-means(k*),2,0.0030312538146972656,1.0,1.0,1.0,,,,,,,0,0,1.0
sep_k2_d2,sep,9,800,2,2,CDK (proposed),2,2.9044995307922363,1.0,1.0,1.0,2.0,3.0,38.0,16.0,0.3157894736842105,0.09,0,0,1.0
sep_k2_d2,sep,9,800,2,2,CDK / Gaussian null,2,3.998323917388916,1.0,1.0,1.0,2.0,7.0,38.0,16.0,0.5,0.0125,0,0,1.0
sep_k2_d2,sep,9,800,2,2,CDK / AD statistic,2,3.2242271900177,1.0,1.0,1.0,2.0,2.0,38.0,16.0,0.18421052631578946,0.2692307692307692,0,0,1.0
sep_k2_d2,sep,9,800,2,2,CDK / no multiplicity corr.,2,2.7793121337890625,1.0,1.0,1.0,2.0,4.0,38.0,16.0,0.4473684210526316,0.09,0,0,1.0
sep_k2_d2,sep,9,800,2,2,CDK / n_min=15,2,4.415258407592773,1.0,1.0,1.0,2.0,2.0,100.0,38.0,0.23,0.2687617260787992,0,0,1.0
sep_k2_d2,sep,9,800,2,2,CDK / n_min=40,2,1.962853193283081,1.0,1.0,1.0,2.0,2.0,20.0,10.0,0.35,0.28076923076923077,0,0,1.0
sep_k2_d2,sep,9,800,2,2,Silhouette,2,0.16128063201904297,1.0,1.0,1.0,,,,,,,0,0,1.0
sep_k2_d2,sep,9,800,2,2,Calinski-Har.,2,0.09346938133239746,1.0,1.0,1.0,,,,,,,0,0,1.0
sep_k2_d2,sep,9,800,2,2,Davies-Bouldin,2,0.10649895668029785,1.0,1.0,1.0,,,,,,,0,0,1.0
sep_k2_d2,sep,9,800,2,2,Elbow (Kneedle),6,0.09626078605651855,0.3350969211657403,0.5578438106776578,0.5589630311586837,,,,,,,4,4,0.0
sep_k2_d2,sep,9,800,2,2,Jump statistic,2,0.08923792839050293,1.0,1.0,1.0,,,,,,,0,0,1.0
sep_k2_d2,sep,9,800,2,2,Gap statistic,2,0.3940255641937256,1.0,1.0,1.0,,,,,,,0,0,1.0
sep_k2_d2,sep,9,800,2,2,X-means,2,0.009386062622070312,1.0,1.0,1.0,,,,,,,0,0,1.0
sep_k2_d2,sep,9,800,2,2,G-means,2,0.008370161056518555,1.0,1.0,1.0,,,,,,,0,0,1.0
sep_k2_d2,sep,9,800,2,2,dip-means,2,0.03856015205383301,1.0,1.0,1.0,,,,,,,0,0,1.0
sep_k2_d2,sep,9,800,2,2,ISODATA,7,0.02100372314453125,0.2933043039208285,0.527159455902241,0.5285185404308412,,,,,,,5,5,0.0
sep_k2_d2,sep,9,800,2,2,MDL split/merge,2,0.006160736083984375,1.0,1.0,1.0,,,,,,,0,0,1.0
sep_k2_d2,sep,9,800,2,2,GMM+BIC,2,0.16576743125915527,1.0,1.0,1.0,,,,,,,0,0,1.0
sep_k2_d2,sep,9,800,2,2,GMM+ICL,2,0.1819591522216797,1.0,1.0,1.0,,,,,,,0,0,1.0
sep_k2_d2,sep,9,800,2,2,HDBSCAN,2,0.0052890777587890625,1.0,1.0,1.0,,,,,,,0,0,1.0
sep_k2_d2,sep,9,800,2,2,Bisecting+Sil.,2,0.12727618217468262,1.0,1.0,1.0,,,,,,,0,0,1.0
sep_k2_d10,sep,0,800,10,2,ORACLE k-means(k*),2,0.002775430679321289,1.0,1.0,1.0,,,,,,,0,0,1.0
sep_k2_d10,sep,0,800,10,2,CDK (proposed),2,2.061798334121704,1.0,1.0,1.0,2.0,2.0,50.0,21.0,0.0,0.5769230769230769,0,0,1.0
sep_k2_d10,sep,0,800,10,2,CDK / Gaussian null,2,1.4667589664459229,1.0,1.0,1.0,2.0,2.0,50.0,21.0,0.0,0.5,0,0,1.0
sep_k2_d10,sep,0,800,10,2,CDK / AD statistic,2,2.259953737258911,1.0,1.0,1.0,2.0,2.0,50.0,21.0,0.0,0.6923076923076923,0,0,1.0
sep_k2_d10,sep,0,800,10,2,CDK / no multiplicity corr.,2,2.0567948818206787,1.0,1.0,1.0,2.0,2.0,50.0,21.0,0.02,0.5769230769230769,0,0,1.0
sep_k2_d10,sep,0,800,10,2,CDK / n_min=15,2,2.2900068759918213,1.0,1.0,1.0,2.0,2.0,65.0,26.0,0.0,0.6923076923076923,0,0,1.0
sep_k2_d10,sep,0,800,10,2,CDK / n_min=40,2,2.4474849700927734,1.0,1.0,1.0,2.0,2.0,26.0,12.0,0.11538461538461539,0.6538461538461537,0,0,1.0
sep_k2_d10,sep,0,800,10,2,Silhouette,2,0.20229554176330566,1.0,1.0,1.0,,,,,,,0,0,1.0
sep_k2_d10,sep,0,800,10,2,Calinski-Har.,2,0.14383411407470703,1.0,1.0,1.0,,,,,,,0,0,1.0
sep_k2_d10,sep,0,800,10,2,Davies-Bouldin,2,0.1584012508392334,1.0,1.0,1.0,,,,,,,0,0,1.0
sep_k2_d10,sep,0,800,10,2,Elbow (Kneedle),6,0.15262794494628906,0.33339195310564534,0.5572551442965491,0.5583746464438314,,,,,,,4,4,0.0
sep_k2_d10,sep,0,800,10,2,Jump statistic,2,0.14463591575622559,1.0,1.0,1.0,,,,,,,0,0,1.0
sep_k2_d10,sep,0,800,10,2,Gap statistic,2,0.48787975311279297,1.0,1.0,1.0,,,,,,,0,0,1.0
sep_k2_d10,sep,0,800,10,2,X-means,2,0.01003265380859375,1.0,1.0,1.0,,,,,,,0,0,1.0
sep_k2_d10,sep,0,800,10,2,G-means,2,0.009462118148803711,1.0,1.0,1.0,,,,,,,0,0,1.0
sep_k2_d10,sep,0,800,10,2,dip-means,2,0.039446115493774414,1.0,1.0,1.0,,,,,,,0,0,1.0
sep_k2_d10,sep,0,800,10,2,ISODATA,7,0.024075984954833984,0.2947022676868532,0.5274003069040921,0.5287593030214762,,,,,,,5,5,0.0
sep_k2_d10,sep,0,800,10,2,MDL split/merge,2,0.007788419723510742,1.0,1.0,1.0,,,,,,,0,0,1.0
sep_k2_d10,sep,0,800,10,2,GMM+BIC,2,0.7210867404937744,1.0,1.0,1.0,,,,,,,0,0,1.0
sep_k2_d10,sep,0,800,10,2,GMM+ICL,2,0.769838809967041,1.0,1.0,1.0,,,,,,,0,0,1.0
sep_k2_d10,sep,0,800,10,2,HDBSCAN,2,0.009270906448364258,1.0,1.0,1.0,,,,,,,0,0,1.0
sep_k2_d10,sep,0,800,10,2,Bisecting+Sil.,2,0.14162635803222656,1.0,1.0,1.0,,,,,,,0,0,1.0
sep_k2_d10,sep,1,800,10,2,ORACLE k-means(k*),2,0.0032546520233154297,1.0,1.0,1.0,,,,,,,0,0,1.0
sep_k2_d10,sep,1,800,10,2,CDK (proposed),2,2.210783004760742,1.0,1.0,1.0,2.0,2.0,49.0,21.0,0.061224489795918366,0.6538461538461539,0,0,1.0
sep_k2_d10,sep,1,800,10,2,CDK / Gaussian null,2,1.2379677295684814,1.0,1.0,1.0,2.0,2.0,49.0,21.0,0.0,0.5769230769230769,0,0,1.0
sep_k2_d10,sep,1,800,10,2,CDK / AD statistic,2,1.8900408744812012,1.0,1.0,1.0,2.0,2.0,49.0,21.0,0.0,0.6923076923076923,0,0,1.0
sep_k2_d10,sep,1,800,10,2,CDK / no multiplicity corr.,2,2.1866378784179688,1.0,1.0,1.0,2.0,2.0,49.0,21.0,0.061224489795918366,0.6538461538461539,0,0,1.0
sep_k2_d10,sep,1,800,10,2,CDK / n_min=15,2,1.5934128761291504,1.0,1.0,1.0,2.0,2.0,61.0,26.0,0.01639344262295082,0.6923076923076923,0,0,1.0
sep_k2_d10,sep,1,800,10,2,CDK / n_min=40,2,2.183560371398926,1.0,1.0,1.0,2.0,2.0,30.0,14.0,0.1,0.5,0,0,1.0
sep_k2_d10,sep,1,800,10,2,Silhouette,2,0.17771506309509277,1.0,1.0,1.0,,,,,,,0,0,1.0
sep_k2_d10,sep,1,800,10,2,Calinski-Har.,2,0.11626195907592773,1.0,1.0,1.0,,,,,,,0,0,1.0
sep_k2_d10,sep,1,800,10,2,Davies-Bouldin,2,0.12743139266967773,1.0,1.0,1.0,,,,,,,0,0,1.0
sep_k2_d10,sep,1,800,10,2,Elbow (Kneedle),6,0.12003326416015625,0.33220724675342916,0.5568560032243709,0.5579756955501075,,,,,,,4,4,0.0
sep_k2_d10,sep,1,800,10,2,Jump statistic,2,0.11388444900512695,1.0,1.0,1.0,,,,,,,0,0,1.0
sep_k2_d10,sep,1,800,10,2,Gap statistic,2,0.4455139636993408,1.0,1.0,1.0,,,,,,,0,0,1.0
sep_k2_d10,sep,1,800,10,2,X-means,2,0.009489774703979492,1.0,1.0,1.0,,,,,,,0,0,1.0
sep_k2_d10,sep,1,800,10,2,G-means,2,0.008903264999389648,1.0,1.0,1.0,,,,,,,0,0,1.0
sep_k2_d10,sep,1,800,10,2,dip-means,2,0.03458833694458008,1.0,1.0,1.0,,,,,,,0,0,1.0
sep_k2_d10,sep,1,800,10,2,ISODATA,9,0.02287888526916504,0.22718067724323496,0.4803992836760249,0.48221856865514556,,,,,,,7,7,0.0
sep_k2_d10,sep,1,800,10,2,MDL split/merge,2,0.006589412689208984,1.0,1.0,1.0,,,,,,,0,0,1.0
sep_k2_d10,sep,1,800,10,2,GMM+BIC,2,0.5922276973724365,1.0,1.0,1.0,,,,,,,0,0,1.0
sep_k2_d10,sep,1,800,10,2,GMM+ICL,2,0.6010136604309082,1.0,1.0,1.0,,,,,,,0,0,1.0
sep_k2_d10,sep,1,800,10,2,HDBSCAN,2,0.00788259506225586,1.0,1.0,1.0,,,,,,,0,0,1.0
sep_k2_d10,sep,1,800,10,2,Bisecting+Sil.,2,0.1209414005279541,1.0,1.0,1.0,,,,,,,0,0,1.0
sep_k2_d10,sep,3,800,10,2,ORACLE k-means(k*),2,0.0028030872344970703,1.0,1.0,1.0,,,,,,,0,0,1.0
sep_k2_d10,sep,3,800,10,2,CDK (proposed),2,2.1402580738067627,1.0,1.0,1.0,2.0,2.0,44.0,19.0,0.045454545454545456,0.8461538461538461,0,0,1.0
sep_k2_d10,sep,3,800,10,2,CDK / Gaussian null,2,1.4704985618591309,1.0,1.0,1.0,2.0,2.0,44.0,19.0,0.0,0.5,0,0,1.0
sep_k2_d10,sep,3,800,10,2,CDK / AD statistic,2,2.3547985553741455,1.0,1.0,1.0,2.0,2.0,44.0,19.0,0.0,0.7307692307692307,0,0,1.0
sep_k2_d10,sep,3,800,10,2,CDK / no multiplicity corr.,2,2.153383493423462,1.0,1.0,1.0,2.0,2.0,44.0,19.0,0.13636363636363635,0.8461538461538461,0,0,1.0
sep_k2_d10,sep,3,800,10,2,CDK / n_min=15,2,1.7874977588653564,1.0,1.0,1.0,2.0,2.0,76.0,31.0,0.013157894736842105,0.8076923076923077,0,0,1.0
sep_k2_d10,sep,3,800,10,2,CDK / n_min=40,2,1.8553638458251953,1.0,1.0,1.0,2.0,2.0,24.0,11.0,0.16666666666666666,0.8461538461538461,0,0,1.0
sep_k2_d10,sep,3,800,10,2,Silhouette,2,0.17913222312927246,1.0,1.0,1.0,,,,,,,0,0,1.0
sep_k2_d10,sep,3,800,10,2,Calinski-Har.,2,0.11897540092468262,1.0,1.0,1.0,,,,,,,0,0,1.0
sep_k2_d10,sep,3,800,10,2,Davies-Bouldin,2,0.1303393840789795,1.0,1.0,1.0,,,,,,,0,0,1.0
sep_k2_d10,sep,3,800,10,2,Elbow (Kneedle),6,0.12856292724609375,0.3331098804830344,0.5571597105222814,0.5582792582751597,,,,,,,4,4,0.0
sep_k2_d10,sep,3,800,10,2,Jump statistic,2,0.11698174476623535,1.0,1.0,1.0,,,,,,,0,0,1.0
sep_k2_d10,sep,3,800,10,2,Gap statistic,2,0.441117525100708,1.0,1.0,1.0,,,,,,,0,0,1.0
sep_k2_d10,sep,3,800,10,2,X-means,2,0.009658336639404297,1.0,1.0,1.0,,,,,,,0,0,1.0
sep_k2_d10,sep,3,800,10,2,G-means,2,0.008508682250976562,1.0,1.0,1.0,,,,,,,0,0,1.0
sep_k2_d10,sep,3,800,10,2,dip-means,2,0.03488755226135254,1.0,1.0,1.0,,,,,,,0,0,1.0
sep_k2_d10,sep,3,800,10,2,ISODATA,7,0.02033376693725586,0.2916869227029655,0.5266209548932963,0.5279801659124345,,,,,,,5,5,0.0
sep_k2_d10,sep,3,800,10,2,MDL split/merge,2,0.006710052490234375,1.0,1.0,1.0,,,,,,,0,0,1.0
sep_k2_d10,sep,3,800,10,2,GMM+BIC,2,0.6095926761627197,1.0,1.0,1.0,,,,,,,0,0,1.0
sep_k2_d10,sep,3,800,10,2,GMM+ICL,2,0.6140480041503906,1.0,1.0,1.0,,,,,,,0,0,1.0
sep_k2_d10,sep,3,800,10,2,HDBSCAN,2,0.007983684539794922,1.0,1.0,1.0,,,,,,,0,0,1.0
sep_k2_d10,sep,3,800,10,2,Bisecting+Sil.,2,0.12592124938964844,1.0,1.0,1.0,,,,,,,0,0,1.0
sep_k2_d10,sep,2,800,10,2,ORACLE k-means(k*),2,0.0030527114868164062,1.0,1.0,1.0,,,,,,,0,0,1.0
sep_k2_d10,sep,2,800,10,2,CDK (proposed),2,2.9984641075134277,1.0,1.0,1.0,2.0,2.0,41.0,17.0,0.07317073170731707,0.5384615384615384,0,0,1.0
sep_k2_d10,sep,2,800,10,2,CDK / Gaussian null,2,2.6704983711242676,1.0,1.0,1.0,2.0,2.0,41.0,17.0,0.0,0.46153846153846156,0,0,1.0
sep_k2_d10,sep,2,800,10,2,CDK / AD statistic,2,2.4274234771728516,1.0,1.0,1.0,2.0,2.0,41.0,17.0,0.0,0.6538461538461539,0,0,1.0
sep_k2_d10,sep,2,800,10,2,CDK / no multiplicity corr.,2,3.157979726791382,1.0,1.0,1.0,2.0,2.0,41.0,17.0,0.17073170731707318,0.5384615384615384,0,0,1.0
sep_k2_d10,sep,2,800,10,2,CDK / n_min=15,2,2.9486422538757324,1.0,1.0,1.0,2.0,2.0,70.0,27.0,0.02857142857142857,0.6923076923076923,0,0,1.0
sep_k2_d10,sep,2,800,10,2,CDK / n_min=40,2,2.521115779876709,1.0,1.0,1.0,2.0,2.0,26.0,12.0,0.15384615384615385,0.6538461538461539,0,0,1.0
sep_k2_d10,sep,2,800,10,2,Silhouette,2,0.2036733627319336,1.0,1.0,1.0,,,,,,,0,0,1.0
sep_k2_d10,sep,2,800,10,2,Calinski-Har.,2,0.14822769165039062,1.0,1.0,1.0,,,,,,,0,0,1.0
sep_k2_d10,sep,2,800,10,2,Davies-Bouldin,2,0.16335320472717285,1.0,1.0,1.0,,,,,,,0,0,1.0
sep_k2_d10,sep,2,800,10,2,Elbow (Kneedle),6,0.1520233154296875,0.3334859772689612,0.55728136578629,0.5584008548795054,,,,,,,4,4,0.0
sep_k2_d10,sep,2,800,10,2,Jump statistic,2,0.13620996475219727,1.0,1.0,1.0,,,,,,,0,0,1.0
sep_k2_d10,sep,2,800,10,2,Gap statistic,2,0.5282671451568604,1.0,1.0,1.0,,,,,,,0,0,1.0
sep_k2_d10,sep,2,800,10,2,X-means,2,0.011533737182617188,1.0,1.0,1.0,,,,,,,0,0,1.0
sep_k2_d10,sep,2,800,10,2,G-means,2,0.010523557662963867,1.0,1.0,1.0,,,,,,,0,0,1.0
sep_k2_d10,sep,2,800,10,2,dip-means,2,0.04281044006347656,1.0,1.0,1.0,,,,,,,0,0,1.0
sep_k2_d10,sep,2,800,10,2,ISODATA,7,0.024060726165771484,0.29204425167458514,0.5267691845052157,0.5281283666267768,,,,,,,5,5,0.0
sep_k2_d10,sep,2,800,10,2,MDL split/merge,2,0.008921623229980469,1.0,1.0,1.0,,,,,,,0,0,1.0
sep_k2_d10,sep,2,800,10,2,GMM+BIC,2,0.7191994190216064,1.0,1.0,1.0,,,,,,,0,0,1.0
sep_k2_d10,sep,2,800,10,2,GMM+ICL,2,0.7250657081604004,1.0,1.0,1.0,,,,,,,0,0,1.0
sep_k2_d10,sep,2,800,10,2,HDBSCAN,2,0.009636878967285156,1.0,1.0,1.0,,,,,,,0,0,1.0
sep_k2_d10,sep,2,800,10,2,Bisecting+Sil.,2,0.15027642250061035,1.0,1.0,1.0,,,,,,,0,0,1.0
sep_k2_d10,sep,4,800,10,2,ORACLE k-means(k*),2,0.002796649932861328,1.0,1.0,1.0,,,,,,,0,0,1.0
sep_k2_d10,sep,4,800,10,2,CDK (proposed),2,2.6547746658325195,1.0,1.0,1.0,2.0,2.0,52.0,21.0,0.057692307692307696,0.6153846153846154,0,0,1.0
sep_k2_d10,sep,4,800,10,2,CDK / Gaussian null,2,2.0484936237335205,1.0,1.0,1.0,2.0,2.0,52.0,21.0,0.0,0.5192307692307692,0,0,1.0
sep_k2_d10,sep,4,800,10,2,CDK / AD statistic,2,2.7576804161071777,1.0,1.0,1.0,2.0,2.0,52.0,21.0,0.0,0.5384615384615384,0,0,1.0
sep_k2_d10,sep,4,800,10,2,CDK / no multiplicity corr.,2,2.6153903007507324,1.0,1.0,1.0,2.0,2.0,52.0,21.0,0.1346153846153846,0.6153846153846154,0,0,1.0
sep_k2_d10,sep,4,800,10,2,CDK / n_min=15,2,2.065670967102051,1.0,1.0,1.0,2.0,2.0,80.0,32.0,0.0125,0.8461538461538461,0,0,1.0
sep_k2_d10,sep,4,800,10,2,CDK / n_min=40,2,1.9280354976654053,1.0,1.0,1.0,2.0,2.0,22.0,11.0,0.09090909090909091,0.8653846153846154,0,0,1.0
sep_k2_d10,sep,4,800,10,2,Silhouette,2,0.17623353004455566,1.0,1.0,1.0,,,,,,,0,0,1.0
sep_k2_d10,sep,4,800,10,2,Calinski-Har.,2,0.11694145202636719,1.0,1.0,1.0,,,,,,,0,0,1.0
sep_k2_d10,sep,4,800,10,2,Davies-Bouldin,2,0.12958145141601562,1.0,1.0,1.0,,,,,,,0,0,1.0
sep_k2_d10,sep,4,800,10,2,Elbow (Kneedle),6,0.12138128280639648,0.33420056018758854,0.557537551298005,0.5586569189596657,,,,,,,4,4,0.0
sep_k2_d10,sep,4,800,10,2,Jump statistic,2,0.11160945892333984,1.0,1.0,1.0,,,,,,,0,0,1.0
sep_k2_d10,sep,4,800,10,2,Gap statistic,2,0.42763185501098633,1.0,1.0,1.0,,,,,,,0,0,1.0
sep_k2_d10,sep,4,800,10,2,X-means,2,0.009160757064819336,1.0,1.0,1.0,,,,,,,0,0,1.0
sep_k2_d10,sep,4,800,10,2,G-means,2,0.008174896240234375,1.0,1.0,1.0,,,,,,,0,0,1.0
sep_k2_d10,sep,4,800,10,2,dip-means,2,0.03454136848449707,1.0,1.0,1.0,,,,,,,0,0,1.0
sep_k2_d10,sep,4,800,10,2,ISODATA,7,0.01984119415283203,0.29262726141643053,0.5268743297413636,0.5282334712877895,,,,,,,5,5,0.0
sep_k2_d10,sep,4,800,10,2,MDL split/merge,2,0.006523847579956055,1.0,1.0,1.0,,,,,,,0,0,1.0
sep_k2_d10,sep,4,800,10,2,GMM+BIC,2,0.5296874046325684,1.0,1.0,1.0,,,,,,,0,0,1.0
sep_k2_d10,sep,4,800,10,2,GMM+ICL,2,0.5448987483978271,1.0,1.0,1.0,,,,,,,0,0,1.0
sep_k2_d10,sep,4,800,10,2,HDBSCAN,2,0.007984161376953125,1.0,1.0,1.0,,,,,,,0,0,1.0
sep_k2_d10,sep,4,800,10,2,Bisecting+Sil.,2,0.11997365951538086,1.0,1.0,1.0,,,,,,,0,0,1.0
sep_k2_d10,sep,5,800,10,2,ORACLE k-means(k*),2,0.003568887710571289,1.0,1.0,1.0,,,,,,,0,0,1.0
sep_k2_d10,sep,5,800,10,2,CDK (proposed),2,1.661480188369751,1.0,1.0,1.0,2.0,2.0,45.0,20.0,0.0,0.7307692307692307,0,0,1.0
sep_k2_d10,sep,5,800,10,2,CDK / Gaussian null,2,1.6084108352661133,1.0,1.0,1.0,2.0,2.0,45.0,20.0,0.0,0.5384615384615384,0,0,1.0
sep_k2_d10,sep,5,800,10,2,CDK / AD statistic,2,2.3676350116729736,1.0,1.0,1.0,2.0,2.0,45.0,20.0,0.0,0.7307692307692307,0,0,1.0
sep_k2_d10,sep,5,800,10,2,CDK / no multiplicity corr.,2,1.5358014106750488,1.0,1.0,1.0,2.0,2.0,45.0,20.0,0.044444444444444446,0.7307692307692307,0,0,1.0
sep_k2_d10,sep,5,800,10,2,CDK / n_min=15,2,1.6242311000823975,1.0,1.0,1.0,2.0,2.0,75.0,31.0,0.0,0.8076923076923077,0,0,1.0
sep_k2_d10,sep,5,800,10,2,CDK / n_min=40,2,2.530961036682129,1.0,1.0,1.0,2.0,2.0,31.0,14.0,0.03225806451612903,0.5,0,0,1.0
sep_k2_d10,sep,5,800,10,2,Silhouette,2,0.19388508796691895,1.0,1.0,1.0,,,,,,,0,0,1.0
sep_k2_d10,sep,5,800,10,2,Calinski-Har.,2,0.11950349807739258,1.0,1.0,1.0,,,,,,,0,0,1.0
sep_k2_d10,sep,5,800,10,2,Davies-Bouldin,2,0.12976932525634766,1.0,1.0,1.0,,,,,,,0,0,1.0
sep_k2_d10,sep,5,800,10,2,Elbow (Kneedle),5,0.12215828895568848,0.4195589572452239,0.6080716019854597,0.6089358240635238,,,,,,,3,3,0.0
sep_k2_d10,sep,5,800,10,2,Jump statistic,2,0.11485886573791504,1.0,1.0,1.0,,,,,,,0,0,1.0
sep_k2_d10,sep,5,800,10,2,Gap statistic,2,0.44677186012268066,1.0,1.0,1.0,,,,,,,0,0,1.0
sep_k2_d10,sep,5,800,10,2,X-means,2,0.009790897369384766,1.0,1.0,1.0,,,,,,,0,0,1.0
sep_k2_d10,sep,5,800,10,2,G-means,2,0.008999109268188477,1.0,1.0,1.0,,,,,,,0,0,1.0
sep_k2_d10,sep,5,800,10,2,dip-means,2,0.034943342208862305,1.0,1.0,1.0,,,,,,,0,0,1.0
sep_k2_d10,sep,5,800,10,2,ISODATA,8,0.022269725799560547,0.25062330883005807,0.499231240426595,0.500823317203664,,,,,,,6,6,0.0
sep_k2_d10,sep,5,800,10,2,MDL split/merge,2,0.00707697868347168,1.0,1.0,1.0,,,,,,,0,0,1.0
sep_k2_d10,sep,5,800,10,2,GMM+BIC,2,0.6415915489196777,1.0,1.0,1.0,,,,,,,0,0,1.0
sep_k2_d10,sep,5,800,10,2,GMM+ICL,2,0.6510529518127441,1.0,1.0,1.0,,,,,,,0,0,1.0
sep_k2_d10,sep,5,800,10,2,HDBSCAN,2,0.008586883544921875,1.0,1.0,1.0,,,,,,,0,0,1.0
sep_k2_d10,sep,5,800,10,2,Bisecting+Sil.,2,0.12147235870361328,1.0,1.0,1.0,,,,,,,0,0,1.0
sep_k2_d10,sep,6,800,10,2,ORACLE k-means(k*),2,0.0027756690979003906,1.0,1.0,1.0,,,,,,,0,0,1.0
sep_k2_d10,sep,6,800,10,2,CDK (proposed),2,1.6572411060333252,1.0,1.0,1.0,2.0,2.0,51.0,22.0,0.0196078431372549,0.8846153846153846,0,0,1.0
sep_k2_d10,sep,6,800,10,2,CDK / Gaussian null,2,1.704261064529419,1.0,1.0,1.0,2.0,2.0,51.0,22.0,0.0196078431372549,0.6153846153846154,0,0,1.0
sep_k2_d10,sep,6,800,10,2,CDK / AD statistic,2,2.305603265762329,1.0,1.0,1.0,2.0,2.0,51.0,22.0,0.0,0.6923076923076923,0,0,1.0
sep_k2_d10,sep,6,800,10,2,CDK / no multiplicity corr.,2,1.739377737045288,1.0,1.0,1.0,2.0,2.0,51.0,22.0,0.0784313725490196,0.8846153846153846,0,0,1.0
sep_k2_d10,sep,6,800,10,2,CDK / n_min=15,2,2.0542848110198975,1.0,1.0,1.0,2.0,2.0,76.0,31.0,0.013157894736842105,0.75,0,0,1.0
sep_k2_d10,sep,6,800,10,2,CDK / n_min=40,2,2.159850835800171,1.0,1.0,1.0,2.0,2.0,32.0,14.0,0.09375,0.5961538461538461,0,0,1.0
sep_k2_d10,sep,6,800,10,2,Silhouette,2,0.17181825637817383,1.0,1.0,1.0,,,,,,,0,0,1.0
sep_k2_d10,sep,6,800,10,2,Calinski-Har.,2,0.11849260330200195,1.0,1.0,1.0,,,,,,,0,0,1.0
sep_k2_d10,sep,6,800,10,2,Davies-Bouldin,2,0.1288130283355713,1.0,1.0,1.0,,,,,,,0,0,1.0
sep_k2_d10,sep,6,800,10,2,Elbow (Kneedle),6,0.12154579162597656,0.3414090006647392,0.5600314495432767,0.5611496003321411,,,,,,,4,4,0.0
sep_k2_d10,sep,6,800,10,2,Jump statistic,2,0.11310172080993652,1.0,1.0,1.0,,,,,,,0,0,1.0
sep_k2_d10,sep,6,800,10,2,Gap statistic,2,0.4360487461090088,1.0,1.0,1.0,,,,,,,0,0,1.0
sep_k2_d10,sep,6,800,10,2,X-means,2,0.00943446159362793,1.0,1.0,1.0,,,,,,,0,0,1.0
sep_k2_d10,sep,6,800,10,2,G-means,2,0.008427858352661133,1.0,1.0,1.0,,,,,,,0,0,1.0
sep_k2_d10,sep,6,800,10,2,dip-means,2,0.03500223159790039,1.0,1.0,1.0,,,,,,,0,0,1.0
sep_k2_d10,sep,6,800,10,2,ISODATA,7,0.019510984420776367,0.29183110811590796,0.5266855473438469,0.5280447472256952,,,,,,,5,5,0.0
sep_k2_d10,sep,6,800,10,2,MDL split/merge,2,0.006663322448730469,1.0,1.0,1.0,,,,,,,0,0,1.0
sep_k2_d10,sep,6,800,10,2,GMM+BIC,2,0.6788232326507568,1.0,1.0,1.0,,,,,,,0,0,1.0
sep_k2_d10,sep,6,800,10,2,GMM+ICL,2,0.6601383686065674,1.0,1.0,1.0,,,,,,,0,0,1.0
sep_k2_d10,sep,6,800,10,2,HDBSCAN,2,0.008228302001953125,1.0,1.0,1.0,,,,,,,0,0,1.0
sep_k2_d10,sep,6,800,10,2,Bisecting+Sil.,2,0.11588406562805176,1.0,1.0,1.0,,,,,,,0,0,1.0
sep_k2_d10,sep,7,800,10,2,ORACLE k-means(k*),2,0.00270843505859375,1.0,1.0,1.0,,,,,,,0,0,1.0
sep_k2_d10,sep,7,800,10,2,CDK (proposed),2,1.5730645656585693,1.0,1.0,1.0,2.0,2.0,42.0,19.0,0.023809523809523808,0.7307692307692307,0,0,1.0
sep_k2_d10,sep,7,800,10,2,CDK / Gaussian null,2,1.2562251091003418,1.0,1.0,1.0,2.0,2.0,42.0,19.0,0.0,0.4807692307692308,0,0,1.0
sep_k2_d10,sep,7,800,10,2,CDK / AD statistic,2,1.946474313735962,1.0,1.0,1.0,2.0,2.0,42.0,19.0,0.0,0.6346153846153846,0,0,1.0
sep_k2_d10,sep,7,800,10,2,CDK / no multiplicity corr.,2,1.594801425933838,1.0,1.0,1.0,2.0,2.0,42.0,19.0,0.09523809523809523,0.7307692307692307,0,0,1.0
sep_k2_d10,sep,7,800,10,2,CDK / n_min=15,2,1.568814992904663,1.0,1.0,1.0,2.0,2.0,83.0,35.0,0.012048192771084338,0.8846153846153846,0,0,1.0
sep_k2_d10,sep,7,800,10,2,CDK / n_min=40,2,2.305262565612793,1.0,1.0,1.0,2.0,2.0,31.0,14.0,0.06451612903225806,0.7307692307692307,0,0,1.0
sep_k2_d10,sep,7,800,10,2,Silhouette,2,0.1756138801574707,1.0,1.0,1.0,,,,,,,0,0,1.0
sep_k2_d10,sep,7,800,10,2,Calinski-Har.,2,0.11324334144592285,1.0,1.0,1.0,,,,,,,0,0,1.0
sep_k2_d10,sep,7,800,10,2,Davies-Bouldin,2,0.12476062774658203,1.0,1.0,1.0,,,,,,,0,0,1.0
sep_k2_d10,sep,7,800,10,2,Elbow (Kneedle),6,0.12354421615600586,0.3379928429001205,0.5587675637178741,0.5598863292278723,,,,,,,4,4,0.0
sep_k2_d10,sep,7,800,10,2,Jump statistic,2,0.10918283462524414,1.0,1.0,1.0,,,,,,,0,0,1.0
sep_k2_d10,sep,7,800,10,2,Gap statistic,2,0.43942785263061523,1.0,1.0,1.0,,,,,,,0,0,1.0
sep_k2_d10,sep,7,800,10,2,X-means,2,0.0096588134765625,1.0,1.0,1.0,,,,,,,0,0,1.0
sep_k2_d10,sep,7,800,10,2,G-means,2,0.008718013763427734,1.0,1.0,1.0,,,,,,,0,0,1.0
sep_k2_d10,sep,7,800,10,2,dip-means,2,0.04035067558288574,1.0,1.0,1.0,,,,,,,0,0,1.0
sep_k2_d10,sep,7,800,10,2,ISODATA,7,0.02274489402770996,0.29280279106468604,0.5269902964841339,0.5283494205146981,,,,,,,5,5,0.0
sep_k2_d10,sep,7,800,10,2,MDL split/merge,2,0.007288217544555664,1.0,1.0,1.0,,,,,,,0,0,1.0
sep_k2_d10,sep,7,800,10,2,GMM+BIC,2,0.6762619018554688,1.0,1.0,1.0,,,,,,,0,0,1.0
sep_k2_d10,sep,7,800,10,2,GMM+ICL,2,0.6823239326477051,1.0,1.0,1.0,,,,,,,0,0,1.0
sep_k2_d10,sep,7,800,10,2,HDBSCAN,2,0.008308887481689453,1.0,1.0,1.0,,,,,,,0,0,1.0
sep_k2_d10,sep,7,800,10,2,Bisecting+Sil.,2,0.12067961692810059,1.0,1.0,1.0,,,,,,,0,0,1.0
sep_k2_d10,sep,9,800,10,2,ORACLE k-means(k*),2,0.0028290748596191406,1.0,1.0,1.0,,,,,,,0,0,1.0
sep_k2_d10,sep,9,800,10,2,CDK (proposed),2,2.002000331878662,1.0,1.0,1.0,2.0,2.0,50.0,21.0,0.04,0.7307692307692307,0,0,1.0
sep_k2_d10,sep,9,800,10,2,CDK / Gaussian null,2,1.667900562286377,1.0,1.0,1.0,2.0,2.0,50.0,21.0,0.0,0.5192307692307692,0,0,1.0
sep_k2_d10,sep,9,800,10,2,CDK / AD statistic,2,3.3170995712280273,1.0,1.0,1.0,2.0,2.0,50.0,21.0,0.0,0.6923076923076923,0,0,1.0
sep_k2_d10,sep,9,800,10,2,CDK / no multiplicity corr.,2,2.0916574001312256,1.0,1.0,1.0,2.0,2.0,50.0,21.0,0.04,0.7307692307692307,0,0,1.0
sep_k2_d10,sep,9,800,10,2,CDK / n_min=15,2,1.961165189743042,1.0,1.0,1.0,2.0,2.0,76.0,31.0,0.039473684210526314,0.8076923076923077,0,0,1.0
sep_k2_d10,sep,9,800,10,2,CDK / n_min=40,2,2.1914432048797607,1.0,1.0,1.0,2.0,2.0,29.0,13.0,0.10344827586206896,0.6923076923076923,0,0,1.0
sep_k2_d10,sep,9,800,10,2,Silhouette,2,0.17197537422180176,1.0,1.0,1.0,,,,,,,0,0,1.0
sep_k2_d10,sep,9,800,10,2,Calinski-Har.,2,0.1175389289855957,1.0,1.0,1.0,,,,,,,0,0,1.0
sep_k2_d10,sep,9,800,10,2,Davies-Bouldin,2,0.12622332572937012,1.0,1.0,1.0,,,,,,,0,0,1.0
sep_k2_d10,sep,9,800,10,2,Elbow (Kneedle),6,0.12206864356994629,0.33401878044344024,0.5574691095150713,0.5585885093858536,,,,,,,4,4,0.0
sep_k2_d10,sep,9,800,10,2,Jump statistic,2,0.1136770248413086,1.0,1.0,1.0,,,,,,,0,0,1.0
sep_k2_d10,sep,9,800,10,2,Gap statistic,2,0.4400320053100586,1.0,1.0,1.0,,,,,,,0,0,1.0
sep_k2_d10,sep,9,800,10,2,X-means,2,0.010155677795410156,1.0,1.0,1.0,,,,,,,0,0,1.0
sep_k2_d10,sep,9,800,10,2,G-means,2,0.009069204330444336,1.0,1.0,1.0,,,,,,,0,0,1.0
sep_k2_d10,sep,9,800,10,2,dip-means,2,0.03565335273742676,1.0,1.0,1.0,,,,,,,0,0,1.0
sep_k2_d10,sep,9,800,10,2,ISODATA,7,0.024997949600219727,0.29216336126083026,0.5266720363190266,0.528031217392142,,,,,,,5,5,0.0
sep_k2_d10,sep,9,800,10,2,MDL split/merge,2,0.007128715515136719,1.0,1.0,1.0,,,,,,,0,0,1.0
sep_k2_d10,sep,9,800,10,2,GMM+BIC,2,0.5889639854431152,1.0,1.0,1.0,,,,,,,0,0,1.0
sep_k2_d10,sep,9,800,10,2,GMM+ICL,2,0.620511531829834,1.0,1.0,1.0,,,,,,,0,0,1.0
sep_k2_d10,sep,9,800,10,2,HDBSCAN,2,0.00810551643371582,1.0,1.0,1.0,,,,,,,0,0,1.0
sep_k2_d10,sep,9,800,10,2,Bisecting+Sil.,2,0.1236269474029541,1.0,1.0,1.0,,,,,,,0,0,1.0
sep_k2_d10,sep,8,800,10,2,ORACLE k-means(k*),2,0.002775430679321289,1.0,1.0,1.0,,,,,,,0,0,1.0
sep_k2_d10,sep,8,800,10,2,CDK (proposed),2,2.7982864379882812,1.0,1.0,1.0,2.0,2.0,42.0,18.0,0.07142857142857142,0.5961538461538461,0,0,1.0
sep_k2_d10,sep,8,800,10,2,CDK / Gaussian null,2,2.4541015625,1.0,1.0,1.0,2.0,2.0,42.0,18.0,0.0,0.40384615384615385,0,0,1.0
sep_k2_d10,sep,8,800,10,2,CDK / AD statistic,2,2.804640054702759,1.0,1.0,1.0,2.0,2.0,42.0,18.0,0.0,0.5576923076923077,0,0,1.0
sep_k2_d10,sep,8,800,10,2,CDK / no multiplicity corr.,2,3.333094358444214,1.0,1.0,1.0,2.0,2.0,42.0,18.0,0.14285714285714285,0.5961538461538461,0,0,1.0
sep_k2_d10,sep,8,800,10,2,CDK / n_min=15,2,2.2077951431274414,1.0,1.0,1.0,2.0,2.0,76.0,32.0,0.0,0.75,0,0,1.0
sep_k2_d10,sep,8,800,10,2,CDK / n_min=40,2,2.3610050678253174,1.0,1.0,1.0,2.0,2.0,29.0,13.0,0.13793103448275862,0.3076923076923077,0,0,1.0
sep_k2_d10,sep,8,800,10,2,Silhouette,2,0.1699516773223877,1.0,1.0,1.0,,,,,,,0,0,1.0
sep_k2_d10,sep,8,800,10,2,Calinski-Har.,2,0.11704087257385254,1.0,1.0,1.0,,,,,,,0,0,1.0
sep_k2_d10,sep,8,800,10,2,Davies-Bouldin,2,0.1411745548248291,1.0,1.0,1.0,,,,,,,0,0,1.0
sep_k2_d10,sep,8,800,10,2,Elbow (Kneedle),6,0.14519691467285156,0.336074767213722,0.5581206307862088,0.5592397123672345,,,,,,,4,4,0.0
sep_k2_d10,sep,8,800,10,2,Jump statistic,2,0.13207364082336426,1.0,1.0,1.0,,,,,,,0,0,1.0
sep_k2_d10,sep,8,800,10,2,Gap statistic,2,0.4738187789916992,1.0,1.0,1.0,,,,,,,0,0,1.0
sep_k2_d10,sep,8,800,10,2,X-means,2,0.009292364120483398,1.0,1.0,1.0,,,,,,,0,0,1.0
sep_k2_d10,sep,8,800,10,2,G-means,2,0.008209943771362305,1.0,1.0,1.0,,,,,,,0,0,1.0
sep_k2_d10,sep,8,800,10,2,dip-means,2,0.0347137451171875,1.0,1.0,1.0,,,,,,,0,0,1.0
sep_k2_d10,sep,8,800,10,2,ISODATA,7,0.02005743980407715,0.2933231106406975,0.5271756919166821,0.5285347733655235,,,,,,,5,5,0.0
sep_k2_d10,sep,8,800,10,2,MDL split/merge,2,0.006618976593017578,1.0,1.0,1.0,,,,,,,0,0,1.0
sep_k2_d10,sep,8,800,10,2,GMM+BIC,2,0.5694899559020996,1.0,1.0,1.0,,,,,,,0,0,1.0
sep_k2_d10,sep,8,800,10,2,GMM+ICL,2,0.717071533203125,1.0,1.0,1.0,,,,,,,0,0,1.0
sep_k2_d10,sep,8,800,10,2,HDBSCAN,2,0.00945734977722168,1.0,1.0,1.0,,,,,,,0,0,1.0
sep_k2_d10,sep,8,800,10,2,Bisecting+Sil.,2,0.14866375923156738,1.0,1.0,1.0,,,,,,,0,0,1.0
sep_k2_d50,sep,0,800,50,2,ORACLE k-means(k*),2,0.003753662109375,1.0,1.0,1.0,,,,,,,0,0,1.0
sep_k2_d50,sep,0,800,50,2,CDK (proposed),2,1.6998636722564697,1.0,1.0,1.0,2.0,2.0,33.0,14.0,0.030303030303030304,1.0,0,0,1.0
sep_k2_d50,sep,0,800,50,2,CDK / Gaussian null,2,1.3080601692199707,1.0,1.0,1.0,2.0,2.0,33.0,14.0,0.0,1.0,0,0,1.0
sep_k2_d50,sep,0,800,50,2,CDK / AD statistic,2,6.52468204498291,1.0,1.0,1.0,2.0,2.0,33.0,14.0,0.0,0.2692307692307692,0,0,1.0
sep_k2_d50,sep,0,800,50,2,CDK / no multiplicity corr.,2,1.7805945873260498,1.0,1.0,1.0,2.0,2.0,33.0,14.0,0.030303030303030304,1.0,0,0,1.0
sep_k2_d50,sep,0,800,50,2,CDK / n_min=15,2,1.6536729335784912,1.0,1.0,1.0,2.0,2.0,84.0,31.0,0.011904761904761904,1.0,0,0,1.0
sep_k2_d50,sep,0,800,50,2,CDK / n_min=40,2,1.4291291236877441,1.0,1.0,1.0,2.0,2.0,24.0,11.0,0.0,1.0,0,0,1.0
sep_k2_d50,sep,0,800,50,2,Silhouette,2,0.23539376258850098,1.0,1.0,1.0,,,,,,,0,0,1.0
sep_k2_d50,sep,0,800,50,2,Calinski-Har.,2,0.16636013984680176,1.0,1.0,1.0,,,,,,,0,0,1.0
sep_k2_d50,sep,0,800,50,2,Davies-Bouldin,2,0.17957353591918945,1.0,1.0,1.0,,,,,,,0,0,1.0
sep_k2_d50,sep,0,800,50,2,Elbow (Kneedle),6,0.17392468452453613,0.33683322307846875,0.5583750816209819,0.5594940388630111,,,,,,,4,4,0.0
sep_k2_d50,sep,0,800,50,2,Jump statistic,12,0.17776870727539062,0.17086007886261104,0.4362834090802468,0.4387577553191578,,,,,,,10,10,0.0
sep_k2_d50,sep,0,800,50,2,Gap statistic,2,0.7203881740570068,1.0,1.0,1.0,,,,,,,0,0,1.0
sep_k2_d50,sep,0,800,50,2,X-means,2,0.012922286987304688,1.0,1.0,1.0,,,,,,,0,0,1.0
sep_k2_d50,sep,0,800,50,2,G-means,4,0.019403457641601562,0.5058013774115824,0.6682327474895834,0.6688349057743417,,,,,,,2,2,0.0
sep_k2_d50,sep,0,800,50,2,dip-means,2,0.04219245910644531,1.0,1.0,1.0,,,,,,,0,0,1.0
sep_k2_d50,sep,0,800,50,2,ISODATA,11,0.03434348106384277,0.21214507006725963,0.4606584187492125,0.4629326783955716,,,,,,,9,9,0.0
sep_k2_d50,sep,0,800,50,2,MDL split/merge,2,0.01128387451171875,1.0,1.0,1.0,,,,,,,0,0,1.0
sep_k2_d50,sep,0,800,50,2,GMM+BIC,2,0.45035791397094727,1.0,1.0,1.0,,,,,,,0,0,1.0
sep_k2_d50,sep,0,800,50,2,GMM+ICL,2,0.4557652473449707,1.0,1.0,1.0,,,,,,,0,0,1.0
sep_k2_d50,sep,0,800,50,2,HDBSCAN,2,0.029280662536621094,1.0,1.0,1.0,,,,,,,0,0,1.0
sep_k2_d50,sep,0,800,50,2,Bisecting+Sil.,2,0.14240074157714844,1.0,1.0,1.0,,,,,,,0,0,1.0
sep_k2_d50,sep,1,800,50,2,ORACLE k-means(k*),2,0.009026288986206055,1.0,1.0,1.0,,,,,,,0,0,1.0
sep_k2_d50,sep,1,800,50,2,CDK (proposed),2,1.8592166900634766,1.0,1.0,1.0,2.0,2.0,45.0,18.0,0.0,1.0,0,0,1.0
sep_k2_d50,sep,1,800,50,2,CDK / Gaussian null,2,1.4879367351531982,1.0,1.0,1.0,2.0,2.0,45.0,18.0,0.0,1.0,0,0,1.0
sep_k2_d50,sep,1,800,50,2,CDK / AD statistic,2,7.106367111206055,1.0,1.0,1.0,2.0,2.0,45.0,18.0,0.06666666666666667,0.155,0,0,1.0
sep_k2_d50,sep,1,800,50,2,CDK / no multiplicity corr.,2,1.4737548828125,1.0,1.0,1.0,2.0,2.0,45.0,18.0,0.0,1.0,0,0,1.0
sep_k2_d50,sep,1,800,50,2,CDK / n_min=15,2,1.5128118991851807,1.0,1.0,1.0,2.0,2.0,65.0,25.0,0.0,1.0,0,0,1.0
sep_k2_d50,sep,1,800,50,2,CDK / n_min=40,2,1.392714023590088,1.0,1.0,1.0,2.0,2.0,23.0,11.0,0.0,1.0,0,0,1.0
sep_k2_d50,sep,1,800,50,2,Silhouette,2,0.22884416580200195,1.0,1.0,1.0,,,,,,,0,0,1.0
sep_k2_d50,sep,1,800,50,2,Calinski-Har.,2,0.1644134521484375,1.0,1.0,1.0,,,,,,,0,0,1.0
sep_k2_d50,sep,1,800,50,2,Davies-Bouldin,2,0.1759052276611328,1.0,1.0,1.0,,,,,,,0,0,1.0
sep_k2_d50,sep,1,800,50,2,Elbow (Kneedle),7,0.17528343200683594,0.29902777483925974,0.5287171085436875,0.5300757628667009,,,,,,,5,5,0.0
sep_k2_d50,sep,1,800,50,2,Jump statistic,2,0.16183233261108398,1.0,1.0,1.0,,,,,,,0,0,1.0
sep_k2_d50,sep,1,800,50,2,Gap statistic,2,0.694293737411499,1.0,1.0,1.0,,,,,,,0,0,1.0
sep_k2_d50,sep,1,800,50,2,X-means,2,0.012856245040893555,1.0,1.0,1.0,,,,,,,0,0,1.0
sep_k2_d50,sep,1,800,50,2,G-means,8,0.0387270450592041,0.26257294202389064,0.5034504795759511,0.5050428742875368,,,,,,,6,6,0.0
sep_k2_d50,sep,1,800,50,2,dip-means,2,0.04223918914794922,1.0,1.0,1.0,,,,,,,0,0,1.0
sep_k2_d50,sep,1,800,50,2,ISODATA,12,0.03452038764953613,0.17988996721975598,0.44054154114418476,0.4430231790231186,,,,,,,10,10,0.0
sep_k2_d50,sep,1,800,50,2,MDL split/merge,2,0.009813070297241211,1.0,1.0,1.0,,,,,,,0,0,1.0
sep_k2_d50,sep,1,800,50,2,GMM+BIC,2,0.5099761486053467,1.0,1.0,1.0,,,,,,,0,0,1.0
sep_k2_d50,sep,1,800,50,2,GMM+ICL,2,0.5221829414367676,1.0,1.0,1.0,,,,,,,0,0,1.0
sep_k2_d50,sep,1,800,50,2,HDBSCAN,2,0.029720544815063477,1.0,1.0,1.0,,,,,,,0,0,1.0
sep_k2_d50,sep,1,800,50,2,Bisecting+Sil.,2,0.1411595344543457,1.0,1.0,1.0,,,,,,,0,0,1.0
sep_k2_d50,sep,2,800,50,2,ORACLE k-means(k*),2,0.003950834274291992,1.0,1.0,1.0,,,,,,,0,0,1.0
sep_k2_d50,sep,2,800,50,2,CDK (proposed),2,1.7387526035308838,1.0,1.0,1.0,2.0,2.0,36.0,15.0,0.0,1.0,0,0,1.0
sep_k2_d50,sep,2,800,50,2,CDK / Gaussian null,2,1.2069830894470215,1.0,1.0,1.0,2.0,2.0,36.0,15.0,0.0,1.0,0,0,1.0
sep_k2_d50,sep,2,800,50,2,CDK / AD statistic,2,5.04427695274353,1.0,1.0,1.0,2.0,2.0,36.0,15.0,0.1111111111111111,0.3076923076923077,0,0,1.0
sep_k2_d50,sep,2,800,50,2,CDK / no multiplicity corr.,2,1.7216191291809082,1.0,1.0,1.0,2.0,2.0,36.0,15.0,0.0,1.0,0,0,1.0
sep_k2_d50,sep,2,800,50,2,CDK / n_min=15,2,1.465651035308838,1.0,1.0,1.0,2.0,2.0,65.0,25.0,0.0,1.0,0,0,1.0
sep_k2_d50,sep,2,800,50,2,CDK / n_min=40,2,1.4487695693969727,1.0,1.0,1.0,2.0,2.0,27.0,12.0,0.0,1.0,0,0,1.0
sep_k2_d50,sep,2,800,50,2,Silhouette,2,0.2256011962890625,1.0,1.0,1.0,,,,,,,0,0,1.0
sep_k2_d50,sep,2,800,50,2,Calinski-Har.,2,0.16201281547546387,1.0,1.0,1.0,,,,,,,0,0,1.0
sep_k2_d50,sep,2,800,50,2,Davies-Bouldin,2,0.17790794372558594,1.0,1.0,1.0,,,,,,,0,0,1.0
sep_k2_d50,sep,2,800,50,2,Elbow (Kneedle),6,0.1781778335571289,0.3406192126562255,0.559783740275971,0.5609020142695897,,,,,,,4,4,0.0
sep_k2_d50,sep,2,800,50,2,Jump statistic,11,0.17664861679077148,0.18709491938979647,0.44923148907159194,0.4514916546677063,,,,,,,9,9,0.0
sep_k2_d50,sep,2,800,50,2,Gap statistic,2,0.7553186416625977,1.0,1.0,1.0,,,,,,,0,0,1.0
sep_k2_d50,sep,2,800,50,2,X-means,2,0.013756990432739258,1.0,1.0,1.0,,,,,,,0,0,1.0
sep_k2_d50,sep,2,800,50,2,G-means,8,0.062091827392578125,0.5784503908828114,0.59309067612205,0.5946336408082611,,,,,,,6,6,0.0
sep_k2_d50,sep,2,800,50,2,dip-means,2,0.04950976371765137,1.0,1.0,1.0,,,,,,,0,0,1.0
sep_k2_d50,sep,2,800,50,2,ISODATA,11,0.03766322135925293,0.20141037911185647,0.4550982050439229,0.45736519663528896,,,,,,,9,9,0.0
sep_k2_d50,sep,2,800,50,2,MDL split/merge,2,0.009376764297485352,1.0,1.0,1.0,,,,,,,0,0,1.0
sep_k2_d50,sep,2,800,50,2,GMM+BIC,2,0.5692946910858154,1.0,1.0,1.0,,,,,,,0,0,1.0
sep_k2_d50,sep,2,800,50,2,GMM+ICL,2,0.48270249366760254,1.0,1.0,1.0,,,,,,,0,0,1.0
sep_k2_d50,sep,2,800,50,2,HDBSCAN,2,0.02950763702392578,1.0,1.0,1.0,,,,,,,0,0,1.0
sep_k2_d50,sep,2,800,50,2,Bisecting+Sil.,2,0.13850712776184082,1.0,1.0,1.0,,,,,,,0,0,1.0
sep_k2_d50,sep,3,800,50,2,ORACLE k-means(k*),2,0.004383087158203125,1.0,1.0,1.0,,,,,,,0,0,1.0
sep_k2_d50,sep,3,800,50,2,CDK (proposed),2,1.3045196533203125,1.0,1.0,1.0,2.0,2.0,44.0,18.0,0.0,1.0,0,0,1.0
sep_k2_d50,sep,3,800,50,2,CDK / Gaussian null,2,1.4444031715393066,1.0,1.0,1.0,2.0,2.0,44.0,18.0,0.022727272727272728,1.0,0,0,1.0
sep_k2_d50,sep,3,800,50,2,CDK / AD statistic,2,5.487973213195801,1.0,1.0,1.0,2.0,2.0,44.0,18.0,0.11363636363636363,0.28846153846153844,0,0,1.0
sep_k2_d50,sep,3,800,50,2,CDK / no multiplicity corr.,2,1.3154115676879883,1.0,1.0,1.0,2.0,2.0,44.0,18.0,0.0,1.0,0,0,1.0
sep_k2_d50,sep,3,800,50,2,CDK / n_min=15,2,1.397350549697876,1.0,1.0,1.0,2.0,2.0,79.0,31.0,0.0,1.0,0,0,1.0
sep_k2_d50,sep,3,800,50,2,CDK / n_min=40,2,1.48215651512146,1.0,1.0,1.0,2.0,2.0,20.0,10.0,0.0,1.0,0,0,1.0
sep_k2_d50,sep,3,800,50,2,Silhouette,2,0.2251577377319336,1.0,1.0,1.0,,,,,,,0,0,1.0
sep_k2_d50,sep,3,800,50,2,Calinski-Har.,2,0.16419529914855957,1.0,1.0,1.0,,,,,,,0,0,1.0
sep_k2_d50,sep,3,800,50,2,Davies-Bouldin,2,0.17514872550964355,1.0,1.0,1.0,,,,,,,0,0,1.0
sep_k2_d50,sep,3,800,50,2,Elbow (Kneedle),5,0.1708371639251709,0.42752414275559325,0.6104602065648428,0.6113225857193592,,,,,,,3,3,0.0
sep_k2_d50,sep,3,800,50,2,Jump statistic,12,0.17655539512634277,0.1672856917270958,0.43486371087771575,0.43733584453836866,,,,,,,10,10,0.0
sep_k2_d50,sep,3,800,50,2,Gap statistic,2,0.705388069152832,1.0,1.0,1.0,,,,,,,0,0,1.0
sep_k2_d50,sep,3,800,50,2,X-means,2,0.01294708251953125,1.0,1.0,1.0,,,,,,,0,0,1.0
sep_k2_d50,sep,3,800,50,2,G-means,10,0.037795305252075195,0.24726280200476286,0.4829420220171221,0.48500129677559234,,,,,,,8,8,0.0
sep_k2_d50,sep,3,800,50,2,dip-means,2,0.04240870475769043,1.0,1.0,1.0,,,,,,,0,0,1.0
sep_k2_d50,sep,3,800,50,2,ISODATA,12,0.03505539894104004,0.20350466971544742,0.4508688105387272,0.45336577608553996,,,,,,,10,10,0.0
sep_k2_d50,sep,3,800,50,2,MDL split/merge,2,0.008863449096679688,1.0,1.0,1.0,,,,,,,0,0,1.0
sep_k2_d50,sep,3,800,50,2,GMM+BIC,2,0.4879744052886963,1.0,1.0,1.0,,,,,,,0,0,1.0
sep_k2_d50,sep,3,800,50,2,GMM+ICL,2,0.5067269802093506,1.0,1.0,1.0,,,,,,,0,0,1.0
sep_k2_d50,sep,3,800,50,2,HDBSCAN,2,0.02943730354309082,1.0,1.0,1.0,,,,,,,0,0,1.0
sep_k2_d50,sep,3,800,50,2,Bisecting+Sil.,2,0.1404893398284912,1.0,1.0,1.0,,,,,,,0,0,1.0
sep_k2_d50,sep,5,800,50,2,ORACLE k-means(k*),2,0.003977537155151367,1.0,1.0,1.0,,,,,,,0,0,1.0
sep_k2_d50,sep,5,800,50,2,CDK (proposed),2,1.6563549041748047,1.0,1.0,1.0,2.0,2.0,48.0,18.0,0.0,1.0,0,0,1.0
sep_k2_d50,sep,5,800,50,2,CDK / Gaussian null,2,1.3381366729736328,1.0,1.0,1.0,2.0,2.0,48.0,18.0,0.0,1.0,0,0,1.0
sep_k2_d50,sep,5,800,50,2,CDK / AD statistic,2,7.303311347961426,1.0,1.0,1.0,2.0,2.0,48.0,18.0,0.08333333333333333,0.26318681318681314,0,0,1.0
sep_k2_d50,sep,5,800,50,2,CDK / no multiplicity corr.,2,1.9345552921295166,1.0,1.0,1.0,2.0,2.0,48.0,18.0,0.020833333333333332,1.0,0,0,1.0
sep_k2_d50,sep,5,800,50,2,CDK / n_min=15,2,1.8372962474822998,1.0,1.0,1.0,2.0,2.0,80.0,31.0,0.0,1.0,0,0,1.0
sep_k2_d50,sep,5,800,50,2,CDK / n_min=40,2,1.8972537517547607,1.0,1.0,1.0,2.0,2.0,27.0,12.0,0.0,1.0,0,0,1.0
sep_k2_d50,sep,5,800,50,2,Silhouette,2,0.29374003410339355,1.0,1.0,1.0,,,,,,,0,0,1.0
sep_k2_d50,sep,5,800,50,2,Calinski-Har.,2,0.20217633247375488,1.0,1.0,1.0,,,,,,,0,0,1.0
sep_k2_d50,sep,5,800,50,2,Davies-Bouldin,2,0.21794509887695312,1.0,1.0,1.0,,,,,,,0,0,1.0
sep_k2_d50,sep,5,800,50,2,Elbow (Kneedle),7,0.21715974807739258,0.2962506792474957,0.5282363793285411,0.5295952286169392,,,,,,,5,5,0.0
sep_k2_d50,sep,5,800,50,2,Jump statistic,2,0.2122974395751953,1.0,1.0,1.0,,,,,,,0,0,1.0
sep_k2_d50,sep,5,800,50,2,Gap statistic,2,0.8737874031066895,1.0,1.0,1.0,,,,,,,0,0,1.0
sep_k2_d50,sep,5,800,50,2,X-means,2,0.016135454177856445,1.0,1.0,1.0,,,,,,,0,0,1.0
sep_k2_d50,sep,5,800,50,2,G-means,8,0.0519251823425293,0.5740276738624965,0.5891002338503036,0.5906467340358742,,,,,,,6,6,0.0
sep_k2_d50,sep,5,800,50,2,dip-means,2,0.04831504821777344,1.0,1.0,1.0,,,,,,,0,0,1.0
sep_k2_d50,sep,5,800,50,2,ISODATA,12,0.03834080696105957,0.19058761276008435,0.44475901136498236,0.44724690685984836,,,,,,,10,10,0.0
sep_k2_d50,sep,5,800,50,2,MDL split/merge,2,0.01076650619506836,1.0,1.0,1.0,,,,,,,0,0,1.0
sep_k2_d50,sep,5,800,50,2,GMM+BIC,2,0.5341541767120361,1.0,1.0,1.0,,,,,,,0,0,1.0
sep_k2_d50,sep,5,800,50,2,GMM+ICL,2,0.5324146747589111,1.0,1.0,1.0,,,,,,,0,0,1.0
sep_k2_d50,sep,5,800,50,2,HDBSCAN,2,0.033757686614990234,1.0,1.0,1.0,,,,,,,0,0,1.0
sep_k2_d50,sep,5,800,50,2,Bisecting+Sil.,2,0.14818954467773438,1.0,1.0,1.0,,,,,,,0,0,1.0
sep_k2_d50,sep,4,800,50,2,ORACLE k-means(k*),2,0.0036263465881347656,1.0,1.0,1.0,,,,,,,0,0,1.0
sep_k2_d50,sep,4,800,50,2,CDK (proposed),2,1.8053560256958008,1.0,1.0,1.0,2.0,2.0,36.0,15.0,0.0,1.0,0,0,1.0
sep_k2_d50,sep,4,800,50,2,CDK / Gaussian null,2,1.8140008449554443,1.0,1.0,1.0,2.0,2.0,36.0,15.0,0.027777777777777776,1.0,0,0,1.0
sep_k2_d50,sep,4,800,50,2,CDK / AD statistic,2,7.128173589706421,1.0,1.0,1.0,2.0,2.0,36.0,15.0,0.16666666666666666,0.1125,0,0,1.0
sep_k2_d50,sep,4,800,50,2,CDK / no multiplicity corr.,2,2.0663564205169678,1.0,1.0,1.0,2.0,2.0,36.0,15.0,0.027777777777777776,1.0,0,0,1.0
sep_k2_d50,sep,4,800,50,2,CDK / n_min=15,2,1.6260931491851807,1.0,1.0,1.0,2.0,2.0,67.0,25.0,0.0,1.0,0,0,1.0
sep_k2_d50,sep,4,800,50,2,CDK / n_min=40,2,3.921341896057129,1.0,1.0,1.0,2.0,2.0,24.0,10.0,0.16666666666666666,0.9423076923076923,0,0,1.0
sep_k2_d50,sep,4,800,50,2,Silhouette,2,0.28907275199890137,1.0,1.0,1.0,,,,,,,0,0,1.0
sep_k2_d50,sep,4,800,50,2,Calinski-Har.,2,0.2113478183746338,1.0,1.0,1.0,,,,,,,0,0,1.0
sep_k2_d50,sep,4,800,50,2,Davies-Bouldin,2,0.2164456844329834,1.0,1.0,1.0,,,,,,,0,0,1.0
sep_k2_d50,sep,4,800,50,2,Elbow (Kneedle),6,0.23088836669921875,0.3455396918952379,0.5614391042490454,0.5625565402172438,,,,,,,4,4,0.0
sep_k2_d50,sep,4,800,50,2,Jump statistic,2,0.21543383598327637,1.0,1.0,1.0,,,,,,,0,0,1.0
sep_k2_d50,sep,4,800,50,2,Gap statistic,2,0.8360207080841064,1.0,1.0,1.0,,,,,,,0,0,1.0
sep_k2_d50,sep,4,800,50,2,X-means,2,0.01573038101196289,1.0,1.0,1.0,,,,,,,0,0,1.0
sep_k2_d50,sep,4,800,50,2,G-means,3,0.021797657012939453,0.7516370766968595,0.8006484691151634,0.8009372292766128,,,,,,,1,1,0.0
sep_k2_d50,sep,4,800,50,2,dip-means,2,0.04974699020385742,1.0,1.0,1.0,,,,,,,0,0,1.0
sep_k2_d50,sep,4,800,50,2,ISODATA,12,0.040764570236206055,0.18450516475456802,0.44297736801874427,0.445463391527667,,,,,,,10,10,0.0
sep_k2_d50,sep,4,800,50,2,MDL split/merge,2,0.010391712188720703,1.0,1.0,1.0,,,,,,,0,0,1.0
sep_k2_d50,sep,4,800,50,2,GMM+BIC,2,0.519871711730957,1.0,1.0,1.0,,,,,,,0,0,1.0
sep_k2_d50,sep,4,800,50,2,GMM+ICL,2,0.5231716632843018,1.0,1.0,1.0,,,,,,,0,0,1.0
sep_k2_d50,sep,4,800,50,2,HDBSCAN,2,0.03290700912475586,1.0,1.0,1.0,,,,,,,0,0,1.0
sep_k2_d50,sep,4,800,50,2,Bisecting+Sil.,2,0.15064430236816406,1.0,1.0,1.0,,,,,,,0,0,1.0
sep_k2_d50,sep,6,800,50,2,ORACLE k-means(k*),2,0.008553504943847656,1.0,1.0,1.0,,,,,,,0,0,1.0
sep_k2_d50,sep,6,800,50,2,CDK (proposed),2,2.318801164627075,1.0,1.0,1.0,2.0,2.0,40.0,16.0,0.025,1.0,0,0,1.0
sep_k2_d50,sep,6,800,50,2,CDK / Gaussian null,2,1.7188494205474854,1.0,1.0,1.0,2.0,2.0,40.0,16.0,0.025,1.0,0,0,1.0
sep_k2_d50,sep,6,800,50,2,CDK / AD statistic,2,7.06902551651001,1.0,1.0,1.0,2.0,2.0,40.0,16.0,0.1,0.28846153846153844,0,0,1.0
sep_k2_d50,sep,6,800,50,2,CDK / no multiplicity corr.,2,1.8961331844329834,1.0,1.0,1.0,2.0,2.0,40.0,16.0,0.05,1.0,0,0,1.0
sep_k2_d50,sep,6,800,50,2,CDK / n_min=15,2,1.5348212718963623,1.0,1.0,1.0,2.0,2.0,74.0,27.0,0.0,1.0,0,0,1.0
sep_k2_d50,sep,6,800,50,2,CDK / n_min=40,2,1.0733118057250977,1.0,1.0,1.0,2.0,2.0,20.0,10.0,0.0,1.0,0,0,1.0
sep_k2_d50,sep,6,800,50,2,Silhouette,2,0.21611976623535156,1.0,1.0,1.0,,,,,,,0,0,1.0
sep_k2_d50,sep,6,800,50,2,Calinski-Har.,2,0.1581742763519287,1.0,1.0,1.0,,,,,,,0,0,1.0
sep_k2_d50,sep,6,800,50,2,Davies-Bouldin,2,0.16968154907226562,1.0,1.0,1.0,,,,,,,0,0,1.0
sep_k2_d50,sep,6,800,50,2,Elbow (Kneedle),6,0.16976261138916016,0.3431891520422382,0.5604734401920126,0.5615913487383338,,,,,,,4,4,0.0
sep_k2_d50,sep,6,800,50,2,Jump statistic,2,0.15596723556518555,1.0,1.0,1.0,,,,,,,0,0,1.0
sep_k2_d50,sep,6,800,50,2,Gap statistic,2,0.6739358901977539,1.0,1.0,1.0,,,,,,,0,0,1.0
sep_k2_d50,sep,6,800,50,2,X-means,2,0.011808156967163086,1.0,1.0,1.0,,,,,,,0,0,1.0
sep_k2_d50,sep,6,800,50,2,G-means,11,0.0337681770324707,0.22886101857092142,0.464830115751499,0.46710697925450395,,,,,,,9,9,0.0
sep_k2_d50,sep,6,800,50,2,dip-means,2,0.04242062568664551,1.0,1.0,1.0,,,,,,,0,0,1.0
sep_k2_d50,sep,6,800,50,2,ISODATA,12,0.032411813735961914,0.19534063660302978,0.44599387367570514,0.4484826349009612,,,,,,,10,10,0.0
sep_k2_d50,sep,6,800,50,2,MDL split/merge,2,0.008367061614990234,1.0,1.0,1.0,,,,,,,0,0,1.0
sep_k2_d50,sep,6,800,50,2,GMM+BIC,2,0.4520723819732666,1.0,1.0,1.0,,,,,,,0,0,1.0
sep_k2_d50,sep,6,800,50,2,GMM+ICL,2,0.46995115280151367,1.0,1.0,1.0,,,,,,,0,0,1.0
sep_k2_d50,sep,6,800,50,2,HDBSCAN,2,0.02913069725036621,1.0,1.0,1.0,,,,,,,0,0,1.0
sep_k2_d50,sep,6,800,50,2,Bisecting+Sil.,2,0.12807393074035645,1.0,1.0,1.0,,,,,,,0,0,1.0
sep_k2_d50,sep,7,800,50,2,ORACLE k-means(k*),2,0.00478363037109375,1.0,1.0,1.0,,,,,,,0,0,1.0
sep_k2_d50,sep,7,800,50,2,CDK (proposed),2,2.23297381401062,1.0,1.0,1.0,2.0,2.0,43.0,17.0,0.023255813953488372,1.0,0,0,1.0
sep_k2_d50,sep,7,800,50,2,CDK / Gaussian null,2,1.6728410720825195,1.0,1.0,1.0,2.0,2.0,43.0,17.0,0.0,0.9615384615384616,0,0,1.0
sep_k2_d50,sep,7,800,50,2,CDK / AD statistic,2,7.718847036361694,1.0,1.0,1.0,2.0,2.0,43.0,17.0,0.06976744186046512,0.25806451612903225,0,0,1.0
sep_k2_d50,sep,7,800,50,2,CDK / no multiplicity corr.,2,1.7986993789672852,1.0,1.0,1.0,2.0,2.0,43.0,17.0,0.023255813953488372,1.0,0,0,1.0
sep_k2_d50,sep,7,800,50,2,CDK / n_min=15,2,2.1173582077026367,1.0,1.0,1.0,2.0,2.0,78.0,30.0,0.01282051282051282,1.0,0,0,1.0
sep_k2_d50,sep,7,800,50,2,CDK / n_min=40,2,1.8181877136230469,1.0,1.0,1.0,2.0,2.0,27.0,12.0,0.0,1.0,0,0,1.0
sep_k2_d50,sep,7,800,50,2,Silhouette,2,0.2906019687652588,1.0,1.0,1.0,,,,,,,0,0,1.0
sep_k2_d50,sep,7,800,50,2,Calinski-Har.,2,0.21978163719177246,1.0,1.0,1.0,,,,,,,0,0,1.0
sep_k2_d50,sep,7,800,50,2,Davies-Bouldin,2,0.22096991539001465,1.0,1.0,1.0,,,,,,,0,0,1.0
sep_k2_d50,sep,7,800,50,2,Elbow (Kneedle),6,0.20680785179138184,0.3363944471337759,0.5582776483532573,0.5593966578974766,,,,,,,4,4,0.0
sep_k2_d50,sep,7,800,50,2,Jump statistic,2,0.19270682334899902,1.0,1.0,1.0,,,,,,,0,0,1.0
sep_k2_d50,sep,7,800,50,2,Gap statistic,2,0.8141171932220459,1.0,1.0,1.0,,,,,,,0,0,1.0
sep_k2_d50,sep,7,800,50,2,X-means,2,0.014305591583251953,1.0,1.0,1.0,,,,,,,0,0,1.0
sep_k2_d50,sep,7,800,50,2,G-means,10,0.046912431716918945,0.28740521913523054,0.49746261068611125,0.49953321526868927,,,,,,,8,8,0.0
sep_k2_d50,sep,7,800,50,2,dip-means,2,0.04831814765930176,1.0,1.0,1.0,,,,,,,0,0,1.0
sep_k2_d50,sep,7,800,50,2,ISODATA,12,0.038190603256225586,0.19076945771950216,0.44505328157776614,0.4475418966775107,,,,,,,10,10,0.0
sep_k2_d50,sep,7,800,50,2,MDL split/merge,2,0.00937652587890625,1.0,1.0,1.0,,,,,,,0,0,1.0
sep_k2_d50,sep,7,800,50,2,GMM+BIC,2,0.4843440055847168,1.0,1.0,1.0,,,,,,,0,0,1.0
sep_k2_d50,sep,7,800,50,2,GMM+ICL,2,0.529200553894043,1.0,1.0,1.0,,,,,,,0,0,1.0
sep_k2_d50,sep,7,800,50,2,HDBSCAN,2,0.03408360481262207,1.0,1.0,1.0,,,,,,,0,0,1.0
sep_k2_d50,sep,7,800,50,2,Bisecting+Sil.,2,0.15157723426818848,1.0,1.0,1.0,,,,,,,0,0,1.0
sep_k2_d50,sep,8,800,50,2,ORACLE k-means(k*),2,0.0038144588470458984,1.0,1.0,1.0,,,,,,,0,0,1.0
sep_k2_d50,sep,8,800,50,2,CDK (proposed),2,1.3448987007141113,1.0,1.0,1.0,2.0,2.0,46.0,18.0,0.0,1.0,0,0,1.0
sep_k2_d50,sep,8,800,50,2,CDK / Gaussian null,2,1.2632763385772705,1.0,1.0,1.0,2.0,2.0,46.0,18.0,0.0,1.0,0,0,1.0
sep_k2_d50,sep,8,800,50,2,CDK / AD statistic,2,6.210983514785767,1.0,1.0,1.0,2.0,2.0,46.0,18.0,0.15217391304347827,0.2692307692307692,0,0,1.0
sep_k2_d50,sep,8,800,50,2,CDK / no multiplicity corr.,2,1.347609043121338,1.0,1.0,1.0,2.0,2.0,46.0,18.0,0.0,1.0,0,0,1.0
sep_k2_d50,sep,8,800,50,2,CDK / n_min=15,2,1.729114055633545,1.0,1.0,1.0,2.0,2.0,67.0,25.0,0.0,1.0,0,0,1.0
sep_k2_d50,sep,8,800,50,2,CDK / n_min=40,2,1.5439236164093018,1.0,1.0,1.0,2.0,2.0,28.0,12.0,0.0,1.0,0,0,1.0
sep_k2_d50,sep,8,800,50,2,Silhouette,2,0.2783353328704834,1.0,1.0,1.0,,,,,,,0,0,1.0
sep_k2_d50,sep,8,800,50,2,Calinski-Har.,2,0.21586155891418457,1.0,1.0,1.0,,,,,,,0,0,1.0
sep_k2_d50,sep,8,800,50,2,Davies-Bouldin,2,0.21145272254943848,1.0,1.0,1.0,,,,,,,0,0,1.0
sep_k2_d50,sep,8,800,50,2,Elbow (Kneedle),6,0.2039189338684082,0.33537899238654506,0.5579216528755445,0.5590408339915958,,,,,,,4,4,0.0
sep_k2_d50,sep,8,800,50,2,Jump statistic,2,0.18725967407226562,1.0,1.0,1.0,,,,,,,0,0,1.0
sep_k2_d50,sep,8,800,50,2,Gap statistic,2,0.7849252223968506,1.0,1.0,1.0,,,,,,,0,0,1.0
sep_k2_d50,sep,8,800,50,2,X-means,2,0.013958215713500977,1.0,1.0,1.0,,,,,,,0,0,1.0
sep_k2_d50,sep,8,800,50,2,G-means,7,0.05474042892456055,0.5995860426517211,0.6224721533242784,0.6237608941122232,,,,,,,5,5,0.0
sep_k2_d50,sep,8,800,50,2,dip-means,2,0.04558157920837402,1.0,1.0,1.0,,,,,,,0,0,1.0
sep_k2_d50,sep,8,800,50,2,ISODATA,12,0.036522865295410156,0.18436094063781866,0.44234671636711326,0.4448310078344479,,,,,,,10,10,0.0
sep_k2_d50,sep,8,800,50,2,MDL split/merge,2,0.00989222526550293,1.0,1.0,1.0,,,,,,,0,0,1.0
sep_k2_d50,sep,8,800,50,2,GMM+BIC,2,0.620140790939331,1.0,1.0,1.0,,,,,,,0,0,1.0
sep_k2_d50,sep,8,800,50,2,GMM+ICL,2,0.6706223487854004,1.0,1.0,1.0,,,,,,,0,0,1.0
sep_k2_d50,sep,8,800,50,2,HDBSCAN,2,0.03583955764770508,1.0,1.0,1.0,,,,,,,0,0,1.0
sep_k2_d50,sep,8,800,50,2,Bisecting+Sil.,2,0.15771818161010742,1.0,1.0,1.0,,,,,,,0,0,1.0
sep_k2_d50,sep,9,800,50,2,ORACLE k-means(k*),2,0.004524946212768555,1.0,1.0,1.0,,,,,,,0,0,1.0
sep_k2_d50,sep,9,800,50,2,CDK (proposed),2,1.453291893005371,1.0,1.0,1.0,2.0,2.0,31.0,13.0,0.0,1.0,0,0,1.0
sep_k2_d50,sep,9,800,50,2,CDK / Gaussian null,2,1.7179005146026611,1.0,1.0,1.0,2.0,2.0,31.0,13.0,0.0,1.0,0,0,1.0
sep_k2_d50,sep,9,800,50,2,CDK / AD statistic,2,5.743995189666748,1.0,1.0,1.0,2.0,2.0,31.0,13.0,0.0967741935483871,0.2692307692307692,0,0,1.0
sep_k2_d50,sep,9,800,50,2,CDK / no multiplicity corr.,2,1.549267053604126,1.0,1.0,1.0,2.0,2.0,31.0,13.0,0.0,1.0,0,0,1.0
sep_k2_d50,sep,9,800,50,2,CDK / n_min=15,2,1.7135906219482422,1.0,1.0,1.0,2.0,2.0,67.0,27.0,0.0,1.0,0,0,1.0
sep_k2_d50,sep,9,800,50,2,CDK / n_min=40,2,1.524947166442871,1.0,1.0,1.0,2.0,2.0,24.0,11.0,0.0,1.0,0,0,1.0
sep_k2_d50,sep,9,800,50,2,Silhouette,2,0.22405600547790527,1.0,1.0,1.0,,,,,,,0,0,1.0
sep_k2_d50,sep,9,800,50,2,Calinski-Har.,2,0.1682419776916504,1.0,1.0,1.0,,,,,,,0,0,1.0
sep_k2_d50,sep,9,800,50,2,Davies-Bouldin,2,0.17352032661437988,1.0,1.0,1.0,,,,,,,0,0,1.0
sep_k2_d50,sep,9,800,50,2,Elbow (Kneedle),5,0.16831374168395996,0.4170647123178737,0.6071743887949507,0.6080392829537323,,,,,,,3,3,0.0
sep_k2_d50,sep,9,800,50,2,Jump statistic,10,0.1761472225189209,0.20458316239461177,0.4632653197762795,0.46530673807096784,,,,,,,8,8,0.0
sep_k2_d50,sep,9,800,50,2,Gap statistic,2,0.6881053447723389,1.0,1.0,1.0,,,,,,,0,0,1.0
sep_k2_d50,sep,9,800,50,2,X-means,2,0.012521743774414062,1.0,1.0,1.0,,,,,,,0,0,1.0
sep_k2_d50,sep,9,800,50,2,G-means,9,0.03273940086364746,0.24899321576271552,0.48788398513877396,0.4897059452002927,,,,,,,7,7,0.0
sep_k2_d50,sep,9,800,50,2,dip-means,2,0.042757511138916016,1.0,1.0,1.0,,,,,,,0,0,1.0
sep_k2_d50,sep,9,800,50,2,ISODATA,12,0.03146719932556152,0.18223519653612005,0.44116198085011504,0.4436440552077976,,,,,,,10,10,0.0
sep_k2_d50,sep,9,800,50,2,MDL split/merge,2,0.008841276168823242,1.0,1.0,1.0,,,,,,,0,0,1.0
sep_k2_d50,sep,9,800,50,2,GMM+BIC,2,0.5416312217712402,1.0,1.0,1.0,,,,,,,0,0,1.0
sep_k2_d50,sep,9,800,50,2,GMM+ICL,2,0.6515007019042969,1.0,1.0,1.0,,,,,,,0,0,1.0
sep_k2_d50,sep,9,800,50,2,HDBSCAN,2,0.029758214950561523,1.0,1.0,1.0,,,,,,,0,0,1.0
sep_k2_d50,sep,9,800,50,2,Bisecting+Sil.,2,0.13573241233825684,1.0,1.0,1.0,,,,,,,0,0,1.0
sep_k3_d2,sep,1,800,2,3,ORACLE k-means(k*),3,0.003206968307495117,1.0,1.0,1.0,,,,,,,0,0,1.0
sep_k3_d2,sep,1,800,2,3,CDK (proposed),3,2.2744672298431396,1.0,1.0,1.0,3.0,3.0,30.0,15.0,0.3333333333333333,0.23961538461538462,0,0,1.0
sep_k3_d2,sep,1,800,2,3,CDK / Gaussian null,3,3.1225149631500244,1.0,1.0,1.0,3.0,4.0,30.0,15.0,0.5,0.015,0,0,1.0
sep_k3_d2,sep,1,800,2,3,CDK / AD statistic,3,2.157681465148926,1.0,1.0,1.0,3.0,3.0,30.0,15.0,0.16666666666666666,0.8076923076923077,0,0,1.0
sep_k3_d2,sep,1,800,2,3,CDK / no multiplicity corr.,3,2.0094845294952393,1.0,1.0,1.0,3.0,4.0,30.0,15.0,0.36666666666666664,0.23961538461538462,0,0,1.0
sep_k3_d2,sep,1,800,2,3,CDK / n_min=15,3,3.236555814743042,1.0,1.0,1.0,3.0,3.0,62.0,26.0,0.3064516129032258,0.2021296296296296,0,0,1.0
sep_k3_d2,sep,1,800,2,3,CDK / n_min=40,3,2.446939706802368,1.0,1.0,1.0,3.0,3.0,28.0,12.0,0.5714285714285714,0.005,0,0,1.0
sep_k3_d2,sep,1,800,2,3,Silhouette,3,0.13755202293395996,1.0,1.0,1.0,,,,,,,0,0,1.0
sep_k3_d2,sep,1,800,2,3,Calinski-Har.,3,0.07886886596679688,1.0,1.0,1.0,,,,,,,0,0,1.0
sep_k3_d2,sep,1,800,2,3,Davies-Bouldin,3,0.09082794189453125,1.0,1.0,1.0,,,,,,,0,0,1.0
sep_k3_d2,sep,1,800,2,3,Elbow (Kneedle),3,0.07694149017333984,1.0,1.0,1.0,,,,,,,0,0,1.0
sep_k3_d2,sep,1,800,2,3,Jump statistic,3,0.07760238647460938,1.0,1.0,1.0,,,,,,,0,0,1.0
sep_k3_d2,sep,1,800,2,3,Gap statistic,3,0.32737278938293457,1.0,1.0,1.0,,,,,,,0,0,1.0
sep_k3_d2,sep,1,800,2,3,X-means,3,0.013100624084472656,1.0,1.0,1.0,,,,,,,0,0,1.0
sep_k3_d2,sep,1,800,2,3,G-means,3,0.012762308120727539,1.0,1.0,1.0,,,,,,,0,0,1.0
sep_k3_d2,sep,1,800,2,3,dip-means,3,0.05502820014953613,1.0,1.0,1.0,,,,,,,0,0,1.0
sep_k3_d2,sep,1,800,2,3,ISODATA,3,0.01571822166442871,1.0,1.0,1.0,,,,,,,0,0,1.0
sep_k3_d2,sep,1,800,2,3,MDL split/merge,3,0.010604619979858398,1.0,1.0,1.0,,,,,,,0,0,1.0
sep_k3_d2,sep,1,800,2,3,GMM+BIC,3,0.155548095703125,1.0,1.0,1.0,,,,,,,0,0,1.0
sep_k3_d2,sep,1,800,2,3,GMM+ICL,3,0.1511235237121582,1.0,1.0,1.0,,,,,,,0,0,1.0
sep_k3_d2,sep,1,800,2,3,HDBSCAN,3,0.0043261051177978516,1.0,1.0,1.0,,,,,,,0,0,1.0
sep_k3_d2,sep,1,800,2,3,Bisecting+Sil.,3,0.10422682762145996,1.0,1.0,1.0,,,,,,,0,0,1.0
sep_k3_d2,sep,0,800,2,3,ORACLE k-means(k*),3,0.0036940574645996094,1.0,1.0,1.0,,,,,,,0,0,1.0
sep_k3_d2,sep,0,800,2,3,CDK (proposed),3,2.473100185394287,1.0,1.0,1.0,3.0,3.0,33.0,15.0,0.42424242424242425,0.095,0,0,1.0
sep_k3_d2,sep,0,800,2,3,CDK / Gaussian null,3,3.457132577896118,1.0,1.0,1.0,3.0,5.0,33.0,15.0,0.48484848484848486,0.015,0,0,1.0
sep_k3_d2,sep,0,800,2,3,CDK / AD statistic,3,2.495414972305298,1.0,1.0,1.0,3.0,3.0,33.0,15.0,0.21212121212121213,0.7692307692307693,0,0,1.0
sep_k3_d2,sep,0,800,2,3,CDK / no multiplicity corr.,3,2.236224889755249,1.0,1.0,1.0,3.0,3.0,33.0,15.0,0.42424242424242425,0.095,0,0,1.0
sep_k3_d2,sep,0,800,2,3,CDK / n_min=15,3,5.291931629180908,1.0,1.0,1.0,3.0,4.0,78.0,30.0,0.34615384615384615,0.0625,0,0,1.0
sep_k3_d2,sep,0,800,2,3,CDK / n_min=40,3,2.5829951763153076,1.0,1.0,1.0,3.0,3.0,28.0,12.0,0.5357142857142857,0.0075,0,0,1.0
sep_k3_d2,sep,0,800,2,3,Silhouette,3,0.16255593299865723,1.0,1.0,1.0,,,,,,,0,0,1.0
sep_k3_d2,sep,0,800,2,3,Calinski-Har.,3,0.09976887702941895,1.0,1.0,1.0,,,,,,,0,0,1.0
sep_k3_d2,sep,0,800,2,3,Davies-Bouldin,3,0.1181342601776123,1.0,1.0,1.0,,,,,,,0,0,1.0
sep_k3_d2,sep,0,800,2,3,Elbow (Kneedle),3,0.10126614570617676,1.0,1.0,1.0,,,,,,,0,0,1.0
sep_k3_d2,sep,0,800,2,3,Jump statistic,3,0.10110068321228027,1.0,1.0,1.0,,,,,,,0,0,1.0
sep_k3_d2,sep,0,800,2,3,Gap statistic,3,0.41230010986328125,1.0,1.0,1.0,,,,,,,0,0,1.0
sep_k3_d2,sep,0,800,2,3,X-means,3,0.014923334121704102,1.0,1.0,1.0,,,,,,,0,0,1.0
sep_k3_d2,sep,0,800,2,3,G-means,3,0.01480865478515625,1.0,1.0,1.0,,,,,,,0,0,1.0
sep_k3_d2,sep,0,800,2,3,dip-means,3,0.05671954154968262,1.0,1.0,1.0,,,,,,,0,0,1.0
sep_k3_d2,sep,0,800,2,3,ISODATA,3,0.017926692962646484,1.0,1.0,1.0,,,,,,,0,0,1.0
sep_k3_d2,sep,0,800,2,3,MDL split/merge,3,0.012679576873779297,1.0,1.0,1.0,,,,,,,0,0,1.0
sep_k3_d2,sep,0,800,2,3,GMM+BIC,3,0.15837645530700684,1.0,1.0,1.0,,,,,,,0,0,1.0
sep_k3_d2,sep,0,800,2,3,GMM+ICL,3,0.16768836975097656,1.0,1.0,1.0,,,,,,,0,0,1.0
sep_k3_d2,sep,0,800,2,3,HDBSCAN,3,0.005146026611328125,1.0,1.0,1.0,,,,,,,0,0,1.0
sep_k3_d2,sep,0,800,2,3,Bisecting+Sil.,3,0.12572169303894043,1.0,1.0,1.0,,,,,,,0,0,1.0
sep_k3_d2,sep,2,800,2,3,ORACLE k-means(k*),3,0.003221273422241211,1.0,1.0,1.0,,,,,,,0,0,1.0
sep_k3_d2,sep,2,800,2,3,CDK (proposed),3,2.02345609664917,0.9962429541292189,0.9924878588475724,0.9925050108706743,3.0,3.0,30.0,14.0,0.43333333333333335,0.16153225806451613,0,0,1.0
sep_k3_d2,sep,2,800,2,3,CDK / Gaussian null,3,2.741342544555664,0.9962429541292189,0.9924878588475724,0.9925050108706743,3.0,3.0,30.0,14.0,0.4666666666666667,0.015,0,0,1.0
sep_k3_d2,sep,2,800,2,3,CDK / AD statistic,3,2.1381218433380127,0.9962429541292189,0.9924878588475724,0.9925050108706743,3.0,3.0,30.0,14.0,0.26666666666666666,0.6538461538461539,0,0,1.0
sep_k3_d2,sep,2,800,2,3,CDK / no multiplicity corr.,3,2.0018045902252197,0.9962429541292189,0.9924878588475724,0.9925050108706743,3.0,4.0,30.0,14.0,0.4666666666666667,0.16153225806451613,0,0,1.0
sep_k3_d2,sep,2,800,2,3,CDK / n_min=15,3,5.20460319519043,0.9962429541292189,0.9924878588475724,0.9925050108706743,3.0,3.0,78.0,31.0,0.34615384615384615,0.09,0,0,1.0
sep_k3_d2,sep,2,800,2,3,CDK / n_min=40,3,2.5445051193237305,0.9962429541292189,0.9924878588475724,0.9925050108706743,3.0,3.0,29.0,12.0,0.4827586206896552,0.015,0,0,1.0
sep_k3_d2,sep,2,800,2,3,Silhouette,3,0.1354990005493164,1.0,1.0,1.0,,,,,,,0,0,1.0
sep_k3_d2,sep,2,800,2,3,Calinski-Har.,3,0.07976269721984863,1.0,1.0,1.0,,,,,,,0,0,1.0
sep_k3_d2,sep,2,800,2,3,Davies-Bouldin,3,0.09124398231506348,1.0,1.0,1.0,,,,,,,0,0,1.0
sep_k3_d2,sep,2,800,2,3,Elbow (Kneedle),3,0.07964253425598145,1.0,1.0,1.0,,,,,,,0,0,1.0
sep_k3_d2,sep,2,800,2,3,Jump statistic,3,0.07946324348449707,1.0,1.0,1.0,,,,,,,0,0,1.0
sep_k3_d2,sep,2,800,2,3,Gap statistic,3,0.3241117000579834,1.0,1.0,1.0,,,,,,,0,0,1.0
sep_k3_d2,sep,2,800,2,3,X-means,3,0.013230323791503906,1.0,1.0,1.0,,,,,,,0,0,1.0
sep_k3_d2,sep,2,800,2,3,G-means,3,0.012730836868286133,1.0,1.0,1.0,,,,,,,0,0,1.0
sep_k3_d2,sep,2,800,2,3,dip-means,3,0.04984903335571289,1.0,1.0,1.0,,,,,,,0,0,1.0
sep_k3_d2,sep,2,800,2,3,ISODATA,3,0.015274286270141602,1.0,1.0,1.0,,,,,,,0,0,1.0
sep_k3_d2,sep,2,800,2,3,MDL split/merge,3,0.010613679885864258,1.0,1.0,1.0,,,,,,,0,0,1.0
sep_k3_d2,sep,2,800,2,3,GMM+BIC,3,0.14509081840515137,0.9962429541292189,0.9924878588475724,0.9925050108706743,,,,,,,0,0,1.0
sep_k3_d2,sep,2,800,2,3,GMM+ICL,3,0.14534878730773926,0.9962429541292189,0.9924878588475724,0.9925050108706743,,,,,,,0,0,1.0
sep_k3_d2,sep,2,800,2,3,HDBSCAN,3,0.004336357116699219,1.0,1.0,1.0,,,,,,,0,0,1.0
sep_k3_d2,sep,2,800,2,3,Bisecting+Sil.,3,0.10326147079467773,1.0,1.0,1.0,,,,,,,0,0,1.0
sep_k3_d2,sep,3,800,2,3,ORACLE k-means(k*),3,0.003662586212158203,1.0,1.0,1.0,,,,,,,0,0,1.0
sep_k3_d2,sep,3,800,2,3,CDK (proposed),3,2.4540741443634033,1.0,1.0,1.0,3.0,3.0,36.0,17.0,0.3333333333333333,0.4423076923076923,0,0,1.0
sep_k3_d2,sep,3,800,2,3,CDK / Gaussian null,3,3.4760513305664062,1.0,1.0,1.0,3.0,6.0,36.0,17.0,0.3611111111111111,0.04,0,0,1.0
sep_k3_d2,sep,3,800,2,3,CDK / AD statistic,3,2.8613908290863037,1.0,1.0,1.0,3.0,3.0,36.0,17.0,0.1388888888888889,0.5192307692307693,0,0,1.0
sep_k3_d2,sep,3,800,2,3,CDK / no multiplicity corr.,3,2.065828800201416,1.0,1.0,1.0,3.0,3.0,36.0,17.0,0.3333333333333333,0.4423076923076923,0,0,1.0
sep_k3_d2,sep,3,800,2,3,CDK / n_min=15,3,3.2654826641082764,1.0,1.0,1.0,3.0,3.0,53.0,22.0,0.37735849056603776,0.25510204081632654,0,0,1.0
sep_k3_d2,sep,3,800,2,3,CDK / n_min=40,3,2.4649856090545654,1.0,1.0,1.0,3.0,3.0,28.0,12.0,0.5,0.015,0,0,1.0
sep_k3_d2,sep,3,800,2,3,Silhouette,3,0.16898798942565918,1.0,1.0,1.0,,,,,,,0,0,1.0
sep_k3_d2,sep,3,800,2,3,Calinski-Har.,3,0.09350442886352539,1.0,1.0,1.0,,,,,,,0,0,1.0
sep_k3_d2,sep,3,800,2,3,Davies-Bouldin,3,0.10681033134460449,1.0,1.0,1.0,,,,,,,0,0,1.0
sep_k3_d2,sep,3,800,2,3,Elbow (Kneedle),3,0.0929267406463623,1.0,1.0,1.0,,,,,,,0,0,1.0
sep_k3_d2,sep,3,800,2,3,Jump statistic,3,0.09087443351745605,1.0,1.0,1.0,,,,,,,0,0,1.0
sep_k3_d2,sep,3,800,2,3,Gap statistic,3,0.3899974822998047,1.0,1.0,1.0,,,,,,,0,0,1.0
sep_k3_d2,sep,3,800,2,3,X-means,3,0.01661539077758789,1.0,1.0,1.0,,,,,,,0,0,1.0
sep_k3_d2,sep,3,800,2,3,G-means,3,0.016736507415771484,1.0,1.0,1.0,,,,,,,0,0,1.0
sep_k3_d2,sep,3,800,2,3,dip-means,3,0.06297850608825684,1.0,1.0,1.0,,,,,,,0,0,1.0
sep_k3_d2,sep,3,800,2,3,ISODATA,3,0.019026756286621094,1.0,1.0,1.0,,,,,,,0,0,1.0
sep_k3_d2,sep,3,800,2,3,MDL split/merge,3,0.013658761978149414,1.0,1.0,1.0,,,,,,,0,0,1.0
sep_k3_d2,sep,3,800,2,3,GMM+BIC,3,0.2055377960205078,1.0,1.0,1.0,,,,,,,0,0,1.0
sep_k3_d2,sep,3,800,2,3,GMM+ICL,3,0.20923280715942383,1.0,1.0,1.0,,,,,,,0,0,1.0
sep_k3_d2,sep,3,800,2,3,HDBSCAN,3,0.0052754878997802734,1.0,1.0,1.0,,,,,,,0,0,1.0
sep_k3_d2,sep,3,800,2,3,Bisecting+Sil.,3,0.12438607215881348,1.0,1.0,1.0,,,,,,,0,0,1.0
sep_k3_d2,sep,4,800,2,3,ORACLE k-means(k*),3,0.0029261112213134766,1.0,1.0,1.0,,,,,,,0,0,1.0
sep_k3_d2,sep,4,800,2,3,CDK (proposed),3,2.1936686038970947,1.0,1.0,1.0,3.0,3.0,34.0,16.0,0.35294117647058826,0.18,0,0,1.0
sep_k3_d2,sep,4,800,2,3,CDK / Gaussian null,3,3.708479166030884,1.0,1.0,1.0,3.0,5.0,34.0,16.0,0.47058823529411764,0.0175,0,0,1.0
sep_k3_d2,sep,4,800,2,3,CDK / AD statistic,3,2.45563006401062,1.0,1.0,1.0,3.0,3.0,34.0,16.0,0.14705882352941177,0.42307692307692313,0,0,1.0
sep_k3_d2,sep,4,800,2,3,CDK / no multiplicity corr.,3,2.2221148014068604,1.0,1.0,1.0,3.0,3.0,34.0,16.0,0.47058823529411764,0.18,0,0,1.0
sep_k3_d2,sep,4,800,2,3,CDK / n_min=15,3,4.5307981967926025,1.0,1.0,1.0,3.0,4.0,90.0,35.0,0.24444444444444444,0.1525,0,0,1.0
sep_k3_d2,sep,4,800,2,3,CDK / n_min=40,3,2.2276477813720703,1.0,1.0,1.0,3.0,3.0,29.0,12.0,0.5517241379310345,0.005,0,0,1.0
sep_k3_d2,sep,4,800,2,3,Silhouette,3,0.1302165985107422,1.0,1.0,1.0,,,,,,,0,0,1.0
sep_k3_d2,sep,4,800,2,3,Calinski-Har.,3,0.07780098915100098,1.0,1.0,1.0,,,,,,,0,0,1.0
sep_k3_d2,sep,4,800,2,3,Davies-Bouldin,3,0.0907893180847168,1.0,1.0,1.0,,,,,,,0,0,1.0
sep_k3_d2,sep,4,800,2,3,Elbow (Kneedle),3,0.07461071014404297,1.0,1.0,1.0,,,,,,,0,0,1.0
sep_k3_d2,sep,4,800,2,3,Jump statistic,3,0.07425737380981445,1.0,1.0,1.0,,,,,,,0,0,1.0
sep_k3_d2,sep,4,800,2,3,Gap statistic,3,0.31781435012817383,1.0,1.0,1.0,,,,,,,0,0,1.0
sep_k3_d2,sep,4,800,2,3,X-means,3,0.012605428695678711,1.0,1.0,1.0,,,,,,,0,0,1.0
sep_k3_d2,sep,4,800,2,3,G-means,3,0.012335777282714844,1.0,1.0,1.0,,,,,,,0,0,1.0
sep_k3_d2,sep,4,800,2,3,dip-means,3,0.048708438873291016,1.0,1.0,1.0,,,,,,,0,0,1.0
sep_k3_d2,sep,4,800,2,3,ISODATA,3,0.015227079391479492,1.0,1.0,1.0,,,,,,,0,0,1.0
sep_k3_d2,sep,4,800,2,3,MDL split/merge,3,0.010425090789794922,1.0,1.0,1.0,,,,,,,0,0,1.0
sep_k3_d2,sep,4,800,2,3,GMM+BIC,3,0.13718438148498535,1.0,1.0,1.0,,,,,,,0,0,1.0
sep_k3_d2,sep,4,800,2,3,GMM+ICL,3,0.13841891288757324,1.0,1.0,1.0,,,,,,,0,0,1.0
sep_k3_d2,sep,4,800,2,3,HDBSCAN,3,0.004218339920043945,1.0,1.0,1.0,,,,,,,0,0,1.0
sep_k3_d2,sep,4,800,2,3,Bisecting+Sil.,3,0.1101539134979248,1.0,1.0,1.0,,,,,,,0,0,1.0
sep_k3_d2,sep,5,800,2,3,ORACLE k-means(k*),3,0.0038385391235351562,1.0,1.0,1.0,,,,,,,0,0,1.0
sep_k3_d2,sep,5,800,2,3,CDK (proposed),3,2.648651599884033,1.0,1.0,1.0,3.0,3.0,36.0,16.0,0.2777777777777778,0.1275,0,0,1.0
sep_k3_d2,sep,5,800,2,3,CDK / Gaussian null,3,3.7367231845855713,1.0,1.0,1.0,3.0,7.0,36.0,16.0,0.3333333333333333,0.025,0,0,1.0
sep_k3_d2,sep,5,800,2,3,CDK / AD statistic,3,3.2748475074768066,1.0,1.0,1.0,3.0,3.0,36.0,16.0,0.19444444444444445,0.40384615384615385,0,0,1.0
sep_k3_d2,sep,5,800,2,3,CDK / no multiplicity corr.,3,2.856552839279175,1.0,1.0,1.0,3.0,4.0,36.0,16.0,0.3611111111111111,0.1275,0,0,1.0
sep_k3_d2,sep,5,800,2,3,CDK / n_min=15,3,3.615652084350586,1.0,1.0,1.0,3.0,3.0,70.0,28.0,0.18571428571428572,0.28846153846153844,0,0,1.0
sep_k3_d2,sep,5,800,2,3,CDK / n_min=40,3,2.2687156200408936,1.0,1.0,1.0,3.0,3.0,29.0,12.0,0.4827586206896552,0.055,0,0,1.0
sep_k3_d2,sep,5,800,2,3,Silhouette,3,0.17580461502075195,1.0,1.0,1.0,,,,,,,0,0,1.0
sep_k3_d2,sep,5,800,2,3,Calinski-Har.,3,0.10276484489440918,1.0,1.0,1.0,,,,,,,0,0,1.0
sep_k3_d2,sep,5,800,2,3,Davies-Bouldin,3,0.10883879661560059,1.0,1.0,1.0,,,,,,,0,0,1.0
sep_k3_d2,sep,5,800,2,3,Elbow (Kneedle),3,0.09642434120178223,1.0,1.0,1.0,,,,,,,0,0,1.0
sep_k3_d2,sep,5,800,2,3,Jump statistic,3,0.10250496864318848,1.0,1.0,1.0,,,,,,,0,0,1.0
sep_k3_d2,sep,5,800,2,3,Gap statistic,3,0.44404006004333496,1.0,1.0,1.0,,,,,,,0,0,1.0
sep_k3_d2,sep,5,800,2,3,X-means,3,0.01804375648498535,1.0,1.0,1.0,,,,,,,0,0,1.0
sep_k3_d2,sep,5,800,2,3,G-means,3,0.01808786392211914,1.0,1.0,1.0,,,,,,,0,0,1.0
sep_k3_d2,sep,5,800,2,3,dip-means,3,0.0641319751739502,1.0,1.0,1.0,,,,,,,0,0,1.0
sep_k3_d2,sep,5,800,2,3,ISODATA,3,0.01975417137145996,1.0,1.0,1.0,,,,,,,0,0,1.0
sep_k3_d2,sep,5,800,2,3,MDL split/merge,3,0.014443635940551758,1.0,1.0,1.0,,,,,,,0,0,1.0
sep_k3_d2,sep,5,800,2,3,GMM+BIC,3,0.1741170883178711,1.0,1.0,1.0,,,,,,,0,0,1.0
sep_k3_d2,sep,5,800,2,3,GMM+ICL,3,0.1721208095550537,1.0,1.0,1.0,,,,,,,0,0,1.0
sep_k3_d2,sep,5,800,2,3,HDBSCAN,3,0.004929065704345703,1.0,1.0,1.0,,,,,,,0,0,1.0
sep_k3_d2,sep,5,800,2,3,Bisecting+Sil.,3,0.12975406646728516,1.0,1.0,1.0,,,,,,,0,0,1.0
sep_k3_d2,sep,6,800,2,3,ORACLE k-means(k*),3,0.0029909610748291016,1.0,1.0,1.0,,,,,,,0,0,1.0
sep_k3_d2,sep,6,800,2,3,CDK (proposed),3,2.4563732147216797,1.0,1.0,1.0,3.0,3.0,40.0,18.0,0.325,0.22833333333333333,0,0,1.0
sep_k3_d2,sep,6,800,2,3,CDK / Gaussian null,3,3.828281879425049,1.0,1.0,1.0,3.0,9.0,40.0,18.0,0.45,0.0225,0,0,1.0
sep_k3_d2,sep,6,800,2,3,CDK / AD statistic,3,2.8135743141174316,1.0,1.0,1.0,3.0,3.0,40.0,18.0,0.225,0.4807692307692308,0,0,1.0
sep_k3_d2,sep,6,800,2,3,CDK / no multiplicity corr.,3,2.432831287384033,1.0,1.0,1.0,3.0,5.0,40.0,18.0,0.375,0.22833333333333333,0,0,1.0
sep_k3_d2,sep,6,800,2,3,CDK / n_min=15,3,4.950963497161865,1.0,1.0,1.0,3.0,4.0,79.0,31.0,0.25316455696202533,0.14,0,0,1.0
sep_k3_d2,sep,6,800,2,3,CDK / n_min=40,3,2.439436435699463,1.0,1.0,1.0,3.0,3.0,28.0,12.0,0.42857142857142855,0.10999999999999999,0,0,1.0
sep_k3_d2,sep,6,800,2,3,Silhouette,3,0.1380786895751953,1.0,1.0,1.0,,,,,,,0,0,1.0
sep_k3_d2,sep,6,800,2,3,Calinski-Har.,3,0.07861566543579102,1.0,1.0,1.0,,,,,,,0,0,1.0
sep_k3_d2,sep,6,800,2,3,Davies-Bouldin,3,0.08997511863708496,1.0,1.0,1.0,,,,,,,0,0,1.0
sep_k3_d2,sep,6,800,2,3,Elbow (Kneedle),3,0.07671189308166504,1.0,1.0,1.0,,,,,,,0,0,1.0
sep_k3_d2,sep,6,800,2,3,Jump statistic,3,0.07665538787841797,1.0,1.0,1.0,,,,,,,0,0,1.0
sep_k3_d2,sep,6,800,2,3,Gap statistic,3,0.32237911224365234,1.0,1.0,1.0,,,,,,,0,0,1.0
sep_k3_d2,sep,6,800,2,3,X-means,3,0.012959957122802734,1.0,1.0,1.0,,,,,,,0,0,1.0
sep_k3_d2,sep,6,800,2,3,G-means,3,0.012785673141479492,1.0,1.0,1.0,,,,,,,0,0,1.0
sep_k3_d2,sep,6,800,2,3,dip-means,3,0.04894518852233887,1.0,1.0,1.0,,,,,,,0,0,1.0
sep_k3_d2,sep,6,800,2,3,ISODATA,3,0.014930248260498047,1.0,1.0,1.0,,,,,,,0,0,1.0
sep_k3_d2,sep,6,800,2,3,MDL split/merge,3,0.01097726821899414,1.0,1.0,1.0,,,,,,,0,0,1.0
sep_k3_d2,sep,6,800,2,3,GMM+BIC,3,0.16773509979248047,1.0,1.0,1.0,,,,,,,0,0,1.0
sep_k3_d2,sep,6,800,2,3,GMM+ICL,3,0.16350793838500977,1.0,1.0,1.0,,,,,,,0,0,1.0
sep_k3_d2,sep,6,800,2,3,HDBSCAN,3,0.004254579544067383,1.0,1.0,1.0,,,,,,,0,0,1.0
sep_k3_d2,sep,6,800,2,3,Bisecting+Sil.,3,0.10013389587402344,1.0,1.0,1.0,,,,,,,0,0,1.0
sep_k3_d2,sep,7,800,2,3,ORACLE k-means(k*),3,0.003941059112548828,1.0,1.0,1.0,,,,,,,0,0,1.0
sep_k3_d2,sep,7,800,2,3,CDK (proposed),3,2.8441412448883057,1.0,1.0,1.0,3.0,4.0,33.0,15.0,0.3939393939393939,0.03,0,0,1.0
sep_k3_d2,sep,7,800,2,3,CDK / Gaussian null,3,4.021846055984497,1.0,1.0,1.0,3.0,6.0,33.0,15.0,0.45454545454545453,0.015,0,0,1.0
sep_k3_d2,sep,7,800,2,3,CDK / AD statistic,3,2.5211570262908936,1.0,1.0,1.0,3.0,3.0,33.0,15.0,0.18181818181818182,0.5384615384615384,0,0,1.0
sep_k3_d2,sep,7,800,2,3,CDK / no multiplicity corr.,4,2.4833147525787354,0.8692857920917905,0.9046431533981548,0.9049391134387701,3.0,5.0,33.0,15.0,0.5454545454545454,0.03,1,1,0.0
sep_k3_d2,sep,7,800,2,3,CDK / n_min=15,3,3.488083600997925,1.0,1.0,1.0,3.0,5.0,71.0,28.0,0.28169014084507044,0.25925925925925924,0,0,1.0
sep_k3_d2,sep,7,800,2,3,CDK / n_min=40,3,2.252927780151367,1.0,1.0,1.0,3.0,3.0,29.0,12.0,0.4827586206896552,0.025,0,0,1.0
sep_k3_d2,sep,7,800,2,3,Silhouette,3,0.13862299919128418,1.0,1.0,1.0,,,,,,,0,0,1.0
sep_k3_d2,sep,7,800,2,3,Calinski-Har.,3,0.0805206298828125,1.0,1.0,1.0,,,,,,,0,0,1.0
sep_k3_d2,sep,7,800,2,3,Davies-Bouldin,3,0.09158849716186523,1.0,1.0,1.0,,,,,,,0,0,1.0
sep_k3_d2,sep,7,800,2,3,Elbow (Kneedle),3,0.07914447784423828,1.0,1.0,1.0,,,,,,,0,0,1.0
sep_k3_d2,sep,7,800,2,3,Jump statistic,3,0.07889866828918457,1.0,1.0,1.0,,,,,,,0,0,1.0
sep_k3_d2,sep,7,800,2,3,Gap statistic,3,0.3285810947418213,1.0,1.0,1.0,,,,,,,0,0,1.0
sep_k3_d2,sep,7,800,2,3,X-means,3,0.013204813003540039,1.0,1.0,1.0,,,,,,,0,0,1.0
sep_k3_d2,sep,7,800,2,3,G-means,3,0.013118267059326172,1.0,1.0,1.0,,,,,,,0,0,1.0
sep_k3_d2,sep,7,800,2,3,dip-means,3,0.04930686950683594,1.0,1.0,1.0,,,,,,,0,0,1.0
sep_k3_d2,sep,7,800,2,3,ISODATA,3,0.015350580215454102,1.0,1.0,1.0,,,,,,,0,0,1.0
sep_k3_d2,sep,7,800,2,3,MDL split/merge,3,0.011036157608032227,1.0,1.0,1.0,,,,,,,0,0,1.0
sep_k3_d2,sep,7,800,2,3,GMM+BIC,3,0.14153838157653809,1.0,1.0,1.0,,,,,,,0,0,1.0
sep_k3_d2,sep,7,800,2,3,GMM+ICL,3,0.1461329460144043,1.0,1.0,1.0,,,,,,,0,0,1.0
sep_k3_d2,sep,7,800,2,3,HDBSCAN,3,0.004199981689453125,1.0,1.0,1.0,,,,,,,0,0,1.0
sep_k3_d2,sep,7,800,2,3,Bisecting+Sil.,3,0.10620784759521484,1.0,1.0,1.0,,,,,,,0,0,1.0
sep_k3_d2,sep,9,800,2,3,ORACLE k-means(k*),3,0.003186941146850586,1.0,1.0,1.0,,,,,,,0,0,1.0
sep_k3_d2,sep,9,800,2,3,CDK (proposed),3,2.046886682510376,1.0,1.0,1.0,3.0,3.0,33.0,16.0,0.3333333333333333,0.2535211267605634,0,0,1.0
sep_k3_d2,sep,9,800,2,3,CDK / Gaussian null,3,3.331181049346924,1.0,1.0,1.0,3.0,7.0,33.0,16.0,0.48484848484848486,0.015,0,0,1.0
sep_k3_d2,sep,9,800,2,3,CDK / AD statistic,3,2.227848768234253,1.0,1.0,1.0,3.0,3.0,33.0,16.0,0.24242424242424243,0.6153846153846154,0,0,1.0
sep_k3_d2,sep,9,800,2,3,CDK / no multiplicity corr.,3,2.032028913497925,1.0,1.0,1.0,3.0,6.0,33.0,16.0,0.45454545454545453,0.2535211267605634,0,0,1.0
sep_k3_d2,sep,9,800,2,3,CDK / n_min=15,3,3.047823429107666,1.0,1.0,1.0,3.0,3.0,74.0,30.0,0.25675675675675674,0.3269230769230769,0,0,1.0
sep_k3_d2,sep,9,800,2,3,CDK / n_min=40,3,2.388990879058838,1.0,1.0,1.0,3.0,3.0,29.0,12.0,0.5517241379310345,0.005,0,0,1.0
sep_k3_d2,sep,9,800,2,3,Silhouette,3,0.1398780345916748,1.0,1.0,1.0,,,,,,,0,0,1.0
sep_k3_d2,sep,9,800,2,3,Calinski-Har.,3,0.08037114143371582,1.0,1.0,1.0,,,,,,,0,0,1.0
sep_k3_d2,sep,9,800,2,3,Davies-Bouldin,3,0.0943593978881836,1.0,1.0,1.0,,,,,,,0,0,1.0
sep_k3_d2,sep,9,800,2,3,Elbow (Kneedle),3,0.08087491989135742,1.0,1.0,1.0,,,,,,,0,0,1.0
sep_k3_d2,sep,9,800,2,3,Jump statistic,3,0.0855867862701416,1.0,1.0,1.0,,,,,,,0,0,1.0
sep_k3_d2,sep,9,800,2,3,Gap statistic,3,0.33547306060791016,1.0,1.0,1.0,,,,,,,0,0,1.0
sep_k3_d2,sep,9,800,2,3,X-means,3,0.01570892333984375,1.0,1.0,1.0,,,,,,,0,0,1.0
sep_k3_d2,sep,9,800,2,3,G-means,3,0.013692855834960938,1.0,1.0,1.0,,,,,,,0,0,1.0
sep_k3_d2,sep,9,800,2,3,dip-means,3,0.04917311668395996,1.0,1.0,1.0,,,,,,,0,0,1.0
sep_k3_d2,sep,9,800,2,3,ISODATA,3,0.015486478805541992,1.0,1.0,1.0,,,,,,,0,0,1.0
sep_k3_d2,sep,9,800,2,3,MDL split/merge,3,0.011197566986083984,1.0,1.0,1.0,,,,,,,0,0,1.0
sep_k3_d2,sep,9,800,2,3,GMM+BIC,3,0.14366960525512695,1.0,1.0,1.0,,,,,,,0,0,1.0
sep_k3_d2,sep,9,800,2,3,GMM+ICL,3,0.15236663818359375,1.0,1.0,1.0,,,,,,,0,0,1.0
sep_k3_d2,sep,9,800,2,3,HDBSCAN,3,0.004515171051025391,1.0,1.0,1.0,,,,,,,0,0,1.0
sep_k3_d2,sep,9,800,2,3,Bisecting+Sil.,3,0.11196756362915039,1.0,1.0,1.0,,,,,,,0,0,1.0
sep_k3_d2,sep,8,800,2,3,ORACLE k-means(k*),3,0.0029916763305664062,1.0,1.0,1.0,,,,,,,0,0,1.0
sep_k3_d2,sep,8,800,2,3,CDK (proposed),3,2.599581480026245,1.0,1.0,1.0,3.0,3.0,40.0,18.0,0.4,0.1025,0,0,1.0
sep_k3_d2,sep,8,800,2,3,CDK / Gaussian null,3,3.488863945007324,1.0,1.0,1.0,3.0,3.0,40.0,18.0,0.475,0.015,0,0,1.0
sep_k3_d2,sep,8,800,2,3,CDK / AD statistic,3,2.9339969158172607,1.0,1.0,1.0,3.0,3.0,40.0,18.0,0.125,0.3076923076923077,0,0,1.0
sep_k3_d2,sep,8,800,2,3,CDK / no multiplicity corr.,3,2.7016007900238037,1.0,1.0,1.0,3.0,4.0,40.0,18.0,0.475,0.1025,0,0,1.0
sep_k3_d2,sep,8,800,2,3,CDK / n_min=15,3,5.815475702285767,1.0,1.0,1.0,3.0,3.0,88.0,34.0,0.2727272727272727,0.1175,0,0,1.0
sep_k3_d2,sep,8,800,2,3,CDK / n_min=40,3,2.8583290576934814,1.0,1.0,1.0,3.0,3.0,29.0,12.0,0.5517241379310345,0.005,0,0,1.0
sep_k3_d2,sep,8,800,2,3,Silhouette,3,0.17242646217346191,1.0,1.0,1.0,,,,,,,0,0,1.0
sep_k3_d2,sep,8,800,2,3,Calinski-Har.,3,0.10474777221679688,1.0,1.0,1.0,,,,,,,0,0,1.0
sep_k3_d2,sep,8,800,2,3,Davies-Bouldin,3,0.11084794998168945,1.0,1.0,1.0,,,,,,,0,0,1.0
sep_k3_d2,sep,8,800,2,3,Elbow (Kneedle),3,0.09254717826843262,1.0,1.0,1.0,,,,,,,0,0,1.0
sep_k3_d2,sep,8,800,2,3,Jump statistic,3,0.09157633781433105,1.0,1.0,1.0,,,,,,,0,0,1.0
sep_k3_d2,sep,8,800,2,3,Gap statistic,3,0.3824899196624756,1.0,1.0,1.0,,,,,,,0,0,1.0
sep_k3_d2,sep,8,800,2,3,X-means,3,0.01904439926147461,1.0,1.0,1.0,,,,,,,0,0,1.0
sep_k3_d2,sep,8,800,2,3,G-means,3,0.01631903648376465,1.0,1.0,1.0,,,,,,,0,0,1.0
sep_k3_d2,sep,8,800,2,3,dip-means,3,0.05893063545227051,1.0,1.0,1.0,,,,,,,0,0,1.0
sep_k3_d2,sep,8,800,2,3,ISODATA,3,0.018351078033447266,1.0,1.0,1.0,,,,,,,0,0,1.0
sep_k3_d2,sep,8,800,2,3,MDL split/merge,3,0.01407766342163086,1.0,1.0,1.0,,,,,,,0,0,1.0
sep_k3_d2,sep,8,800,2,3,GMM+BIC,3,0.17186713218688965,1.0,1.0,1.0,,,,,,,0,0,1.0
sep_k3_d2,sep,8,800,2,3,GMM+ICL,3,0.1616356372833252,1.0,1.0,1.0,,,,,,,0,0,1.0
sep_k3_d2,sep,8,800,2,3,HDBSCAN,3,0.004507303237915039,1.0,1.0,1.0,,,,,,,0,0,1.0
sep_k3_d2,sep,8,800,2,3,Bisecting+Sil.,3,0.10777497291564941,1.0,1.0,1.0,,,,,,,0,0,1.0
sep_k3_d10,sep,0,800,10,3,ORACLE k-means(k*),3,0.0035033226013183594,1.0,1.0,1.0,,,,,,,0,0,1.0
sep_k3_d10,sep,0,800,10,3,CDK (proposed),3,2.9650371074676514,1.0,1.0,1.0,3.0,3.0,46.0,20.0,0.13043478260869565,0.5384615384615384,0,0,1.0
sep_k3_d10,sep,0,800,10,3,CDK / Gaussian null,3,1.913496494293213,1.0,1.0,1.0,3.0,3.0,46.0,20.0,0.0,0.40384615384615385,0,0,1.0
sep_k3_d10,sep,0,800,10,3,CDK / AD statistic,3,3.0067262649536133,1.0,1.0,1.0,3.0,3.0,46.0,20.0,0.0,0.5,0,0,1.0
sep_k3_d10,sep,0,800,10,3,CDK / no multiplicity corr.,3,2.837339162826538,1.0,1.0,1.0,3.0,3.0,46.0,20.0,0.2826086956521739,0.5384615384615384,0,0,1.0
sep_k3_d10,sep,0,800,10,3,CDK / n_min=15,3,2.1594502925872803,1.0,1.0,1.0,3.0,3.0,71.0,30.0,0.014084507042253521,0.8076923076923077,0,0,1.0
sep_k3_d10,sep,0,800,10,3,CDK / n_min=40,3,3.149003028869629,1.0,1.0,1.0,3.0,3.0,29.0,12.0,0.4827586206896552,0.045,0,0,1.0
sep_k3_d10,sep,0,800,10,3,Silhouette,3,0.16695213317871094,1.0,1.0,1.0,,,,,,,0,0,1.0
sep_k3_d10,sep,0,800,10,3,Calinski-Har.,3,0.11011362075805664,1.0,1.0,1.0,,,,,,,0,0,1.0
sep_k3_d10,sep,0,800,10,3,Davies-Bouldin,3,0.12046241760253906,1.0,1.0,1.0,,,,,,,0,0,1.0
sep_k3_d10,sep,0,800,10,3,Elbow (Kneedle),3,0.12948989868164062,1.0,1.0,1.0,,,,,,,0,0,1.0
sep_k3_d10,sep,0,800,10,3,Jump statistic,3,0.10531878471374512,1.0,1.0,1.0,,,,,,,0,0,1.0
sep_k3_d10,sep,0,800,10,3,Gap statistic,3,0.4143335819244385,1.0,1.0,1.0,,,,,,,0,0,1.0
sep_k3_d10,sep,0,800,10,3,X-means,3,0.015022754669189453,1.0,1.0,1.0,,,,,,,0,0,1.0
sep_k3_d10,sep,0,800,10,3,G-means,3,0.01446843147277832,1.0,1.0,1.0,,,,,,,0,0,1.0
sep_k3_d10,sep,0,800,10,3,dip-means,3,0.05508756637573242,1.0,1.0,1.0,,,,,,,0,0,1.0
sep_k3_d10,sep,0,800,10,3,ISODATA,7,0.020736217498779297,0.5155006249801064,0.7252163191977713,0.7265890163859257,,,,,,,4,4,0.0
sep_k3_d10,sep,0,800,10,3,MDL split/merge,3,0.013767480850219727,1.0,1.0,1.0,,,,,,,0,0,1.0
sep_k3_d10,sep,0,800,10,3,GMM+BIC,3,0.4659271240234375,1.0,1.0,1.0,,,,,,,0,0,1.0
sep_k3_d10,sep,0,800,10,3,GMM+ICL,3,0.5074503421783447,1.0,1.0,1.0,,,,,,,0,0,1.0
sep_k3_d10,sep,0,800,10,3,HDBSCAN,3,0.009101390838623047,1.0,1.0,1.0,,,,,,,0,0,1.0
sep_k3_d10,sep,0,800,10,3,Bisecting+Sil.,3,0.1419696807861328,1.0,1.0,1.0,,,,,,,0,0,1.0
sep_k3_d10,sep,1,800,10,3,ORACLE k-means(k*),3,0.0038971900939941406,1.0,1.0,1.0,,,,,,,0,0,1.0
sep_k3_d10,sep,1,800,10,3,CDK (proposed),3,2.18355655670166,1.0,1.0,1.0,3.0,3.0,43.0,19.0,0.09302325581395349,0.8076923076923077,0,0,1.0
sep_k3_d10,sep,1,800,10,3,CDK / Gaussian null,3,1.5573110580444336,1.0,1.0,1.0,3.0,3.0,43.0,19.0,0.0,0.5,0,0,1.0
sep_k3_d10,sep,1,800,10,3,CDK / AD statistic,3,2.286855697631836,1.0,1.0,1.0,3.0,3.0,43.0,19.0,0.0,0.6923076923076923,0,0,1.0
sep_k3_d10,sep,1,800,10,3,CDK / no multiplicity corr.,3,2.2652225494384766,1.0,1.0,1.0,3.0,3.0,43.0,19.0,0.16279069767441862,0.8076923076923077,0,0,1.0
sep_k3_d10,sep,1,800,10,3,CDK / n_min=15,3,2.074545383453369,1.0,1.0,1.0,3.0,3.0,78.0,33.0,0.0,0.7307692307692307,0,0,1.0
sep_k3_d10,sep,1,800,10,3,CDK / n_min=40,3,3.157747745513916,1.0,1.0,1.0,3.0,3.0,28.0,12.0,0.4642857142857143,0.1175,0,0,1.0
sep_k3_d10,sep,1,800,10,3,Silhouette,3,0.18055295944213867,1.0,1.0,1.0,,,,,,,0,0,1.0
sep_k3_d10,sep,1,800,10,3,Calinski-Har.,3,0.1142420768737793,1.0,1.0,1.0,,,,,,,0,0,1.0
sep_k3_d10,sep,1,800,10,3,Davies-Bouldin,3,0.12321591377258301,1.0,1.0,1.0,,,,,,,0,0,1.0
sep_k3_d10,sep,1,800,10,3,Elbow (Kneedle),3,0.11393570899963379,1.0,1.0,1.0,,,,,,,0,0,1.0
sep_k3_d10,sep,1,800,10,3,Jump statistic,3,0.1113424301147461,1.0,1.0,1.0,,,,,,,0,0,1.0
sep_k3_d10,sep,1,800,10,3,Gap statistic,3,0.44706177711486816,1.0,1.0,1.0,,,,,,,0,0,1.0
sep_k3_d10,sep,1,800,10,3,X-means,3,0.023159503936767578,1.0,1.0,1.0,,,,,,,0,0,1.0
sep_k3_d10,sep,1,800,10,3,G-means,3,0.0215606689453125,1.0,1.0,1.0,,,,,,,0,0,1.0
sep_k3_d10,sep,1,800,10,3,dip-means,3,0.0602266788482666,1.0,1.0,1.0,,,,,,,0,0,1.0
sep_k3_d10,sep,1,800,10,3,ISODATA,7,0.02462911605834961,0.5229504279911812,0.7270718293525582,0.7284388577115697,,,,,,,4,4,0.0
sep_k3_d10,sep,1,800,10,3,MDL split/merge,3,0.015141725540161133,1.0,1.0,1.0,,,,,,,0,0,1.0
sep_k3_d10,sep,1,800,10,3,GMM+BIC,3,0.5656182765960693,1.0,1.0,1.0,,,,,,,0,0,1.0
sep_k3_d10,sep,1,800,10,3,GMM+ICL,3,0.5107901096343994,1.0,1.0,1.0,,,,,,,0,0,1.0
sep_k3_d10,sep,1,800,10,3,HDBSCAN,3,0.007524013519287109,1.0,1.0,1.0,,,,,,,0,0,1.0
sep_k3_d10,sep,1,800,10,3,Bisecting+Sil.,3,0.1229257583618164,1.0,1.0,1.0,,,,,,,0,0,1.0
sep_k3_d10,sep,2,800,10,3,ORACLE k-means(k*),3,0.004262447357177734,1.0,1.0,1.0,,,,,,,0,0,1.0
sep_k3_d10,sep,2,800,10,3,CDK (proposed),3,2.587575912475586,1.0,1.0,1.0,3.0,3.0,46.0,20.0,0.06521739130434782,0.75,0,0,1.0
sep_k3_d10,sep,2,800,10,3,CDK / Gaussian null,3,2.095170021057129,1.0,1.0,1.0,3.0,3.0,46.0,20.0,0.0,0.5384615384615384,0,0,1.0
sep_k3_d10,sep,2,800,10,3,CDK / AD statistic,3,2.6824862957000732,1.0,1.0,1.0,3.0,3.0,46.0,20.0,0.0,0.7307692307692307,0,0,1.0
sep_k3_d10,sep,2,800,10,3,CDK / no multiplicity corr.,3,2.076659917831421,1.0,1.0,1.0,3.0,3.0,46.0,20.0,0.08695652173913043,0.75,0,0,1.0
sep_k3_d10,sep,2,800,10,3,CDK / n_min=15,3,1.6441903114318848,1.0,1.0,1.0,3.0,3.0,66.0,29.0,0.030303030303030304,0.8653846153846154,0,0,1.0
sep_k3_d10,sep,2,800,10,3,CDK / n_min=40,3,2.519710063934326,1.0,1.0,1.0,3.0,3.0,30.0,13.0,0.3,0.5384615384615384,0,0,1.0
sep_k3_d10,sep,2,800,10,3,Silhouette,3,0.1626279354095459,1.0,1.0,1.0,,,,,,,0,0,1.0
sep_k3_d10,sep,2,800,10,3,Calinski-Har.,3,0.1100006103515625,1.0,1.0,1.0,,,,,,,0,0,1.0
sep_k3_d10,sep,2,800,10,3,Davies-Bouldin,3,0.11996889114379883,1.0,1.0,1.0,,,,,,,0,0,1.0
sep_k3_d10,sep,2,800,10,3,Elbow (Kneedle),3,0.10790348052978516,1.0,1.0,1.0,,,,,,,0,0,1.0
sep_k3_d10,sep,2,800,10,3,Jump statistic,3,0.1052706241607666,1.0,1.0,1.0,,,,,,,0,0,1.0
sep_k3_d10,sep,2,800,10,3,Gap statistic,3,0.4175846576690674,1.0,1.0,1.0,,,,,,,0,0,1.0
sep_k3_d10,sep,2,800,10,3,X-means,3,0.01594400405883789,1.0,1.0,1.0,,,,,,,0,0,1.0
sep_k3_d10,sep,2,800,10,3,G-means,3,0.015591621398925781,1.0,1.0,1.0,,,,,,,0,0,1.0
sep_k3_d10,sep,2,800,10,3,dip-means,3,0.05121564865112305,1.0,1.0,1.0,,,,,,,0,0,1.0
sep_k3_d10,sep,2,800,10,3,ISODATA,7,0.020672082901000977,0.5242300109305248,0.7283929732311255,0.7297562213802933,,,,,,,4,4,0.0
sep_k3_d10,sep,2,800,10,3,MDL split/merge,3,0.013825178146362305,1.0,1.0,1.0,,,,,,,0,0,1.0
sep_k3_d10,sep,2,800,10,3,GMM+BIC,3,0.5140929222106934,1.0,1.0,1.0,,,,,,,0,0,1.0
sep_k3_d10,sep,2,800,10,3,GMM+ICL,3,0.6079912185668945,1.0,1.0,1.0,,,,,,,0,0,1.0
sep_k3_d10,sep,2,800,10,3,HDBSCAN,3,0.009676218032836914,1.0,1.0,1.0,,,,,,,0,0,1.0
sep_k3_d10,sep,2,800,10,3,Bisecting+Sil.,3,0.14686322212219238,1.0,1.0,1.0,,,,,,,0,0,1.0
sep_k3_d10,sep,3,800,10,3,ORACLE k-means(k*),3,0.003428936004638672,1.0,1.0,1.0,,,,,,,0,0,1.0
sep_k3_d10,sep,3,800,10,3,CDK (proposed),3,2.514235496520996,1.0,1.0,1.0,3.0,3.0,39.0,18.0,0.1282051282051282,0.6923076923076923,0,0,1.0
sep_k3_d10,sep,3,800,10,3,CDK / Gaussian null,3,1.9881491661071777,1.0,1.0,1.0,3.0,3.0,39.0,18.0,0.0,0.5,0,0,1.0
sep_k3_d10,sep,3,800,10,3,CDK / AD statistic,3,2.1213512420654297,1.0,1.0,1.0,3.0,3.0,39.0,18.0,0.0,0.6153846153846154,0,0,1.0
sep_k3_d10,sep,3,800,10,3,CDK / no multiplicity corr.,3,2.4568252563476562,1.0,1.0,1.0,3.0,3.0,39.0,18.0,0.15384615384615385,0.6923076923076923,0,0,1.0
sep_k3_d10,sep,3,800,10,3,CDK / n_min=15,3,1.2630865573883057,1.0,1.0,1.0,3.0,3.0,71.0,31.0,0.014084507042253521,0.8461538461538461,0,0,1.0
sep_k3_d10,sep,3,800,10,3,CDK / n_min=40,3,3.04764986038208,1.0,1.0,1.0,3.0,3.0,27.0,11.0,0.48148148148148145,0.015,0,0,1.0
sep_k3_d10,sep,3,800,10,3,Silhouette,3,0.15527725219726562,1.0,1.0,1.0,,,,,,,0,0,1.0
sep_k3_d10,sep,3,800,10,3,Calinski-Har.,3,0.11168289184570312,1.0,1.0,1.0,,,,,,,0,0,1.0
sep_k3_d10,sep,3,800,10,3,Davies-Bouldin,3,0.11174869537353516,1.0,1.0,1.0,,,,,,,0,0,1.0
sep_k3_d10,sep,3,800,10,3,Elbow (Kneedle),3,0.10016584396362305,1.0,1.0,1.0,,,,,,,0,0,1.0
sep_k3_d10,sep,3,800,10,3,Jump statistic,3,0.10644125938415527,1.0,1.0,1.0,,,,,,,0,0,1.0
sep_k3_d10,sep,3,800,10,3,Gap statistic,3,0.3966188430786133,1.0,1.0,1.0,,,,,,,0,0,1.0
sep_k3_d10,sep,3,800,10,3,X-means,3,0.014742374420166016,1.0,1.0,1.0,,,,,,,0,0,1.0
sep_k3_d10,sep,3,800,10,3,G-means,3,0.015923023223876953,1.0,1.0,1.0,,,,,,,0,0,1.0
sep_k3_d10,sep,3,800,10,3,dip-means,3,0.05056190490722656,1.0,1.0,1.0,,,,,,,0,0,1.0
sep_k3_d10,sep,3,800,10,3,ISODATA,7,0.0185086727142334,0.5210150397727414,0.7267140792471795,0.7280822376296134,,,,,,,4,4,0.0
sep_k3_d10,sep,3,800,10,3,MDL split/merge,3,0.012400388717651367,1.0,1.0,1.0,,,,,,,0,0,1.0
sep_k3_d10,sep,3,800,10,3,GMM+BIC,3,0.587548017501831,1.0,1.0,1.0,,,,,,,0,0,1.0
sep_k3_d10,sep,3,800,10,3,GMM+ICL,3,0.5889434814453125,1.0,1.0,1.0,,,,,,,0,0,1.0
sep_k3_d10,sep,3,800,10,3,HDBSCAN,3,0.008708715438842773,1.0,1.0,1.0,,,,,,,0,0,1.0
sep_k3_d10,sep,3,800,10,3,Bisecting+Sil.,3,0.11090922355651855,1.0,1.0,1.0,,,,,,,0,0,1.0
sep_k3_d10,sep,5,800,10,3,ORACLE k-means(k*),3,0.0034608840942382812,1.0,1.0,1.0,,,,,,,0,0,1.0
sep_k3_d10,sep,5,800,10,3,CDK (proposed),3,1.5276365280151367,1.0,1.0,1.0,3.0,3.0,36.0,17.0,0.0,0.6923076923076923,0,0,1.0
sep_k3_d10,sep,5,800,10,3,CDK / Gaussian null,3,1.1899192333221436,1.0,1.0,1.0,3.0,3.0,36.0,17.0,0.0,0.5769230769230769,0,0,1.0
sep_k3_d10,sep,5,800,10,3,CDK / AD statistic,3,1.7202117443084717,1.0,1.0,1.0,3.0,3.0,36.0,17.0,0.0,0.6538461538461539,0,0,1.0
sep_k3_d10,sep,5,800,10,3,CDK / no multiplicity corr.,3,1.4519331455230713,1.0,1.0,1.0,3.0,3.0,36.0,17.0,0.05555555555555555,0.6923076923076923,0,0,1.0
sep_k3_d10,sep,5,800,10,3,CDK / n_min=15,3,1.5190927982330322,1.0,1.0,1.0,3.0,3.0,75.0,33.0,0.0,0.8461538461538461,0,0,1.0
sep_k3_d10,sep,5,800,10,3,CDK / n_min=40,3,2.9512877464294434,1.0,1.0,1.0,3.0,3.0,27.0,11.0,0.5185185185185185,0.005,0,0,1.0
sep_k3_d10,sep,5,800,10,3,Silhouette,3,0.1740095615386963,1.0,1.0,1.0,,,,,,,0,0,1.0
sep_k3_d10,sep,5,800,10,3,Calinski-Har.,3,0.11065816879272461,1.0,1.0,1.0,,,,,,,0,0,1.0
sep_k3_d10,sep,5,800,10,3,Davies-Bouldin,3,0.12261343002319336,1.0,1.0,1.0,,,,,,,0,0,1.0
sep_k3_d10,sep,5,800,10,3,Elbow (Kneedle),3,0.10994577407836914,1.0,1.0,1.0,,,,,,,0,0,1.0
sep_k3_d10,sep,5,800,10,3,Jump statistic,3,0.10776972770690918,1.0,1.0,1.0,,,,,,,0,0,1.0
sep_k3_d10,sep,5,800,10,3,Gap statistic,3,0.4362020492553711,1.0,1.0,1.0,,,,,,,0,0,1.0
sep_k3_d10,sep,5,800,10,3,X-means,3,0.01785874366760254,1.0,1.0,1.0,,,,,,,0,0,1.0
sep_k3_d10,sep,5,800,10,3,G-means,3,0.016684770584106445,1.0,1.0,1.0,,,,,,,0,0,1.0
sep_k3_d10,sep,5,800,10,3,dip-means,3,0.06123614311218262,1.0,1.0,1.0,,,,,,,0,0,1.0
sep_k3_d10,sep,5,800,10,3,ISODATA,7,0.02283644676208496,0.5198470685214786,0.7264209179816543,0.727789968295737,,,,,,,4,4,0.0
sep_k3_d10,sep,5,800,10,3,MDL split/merge,3,0.015143632888793945,1.0,1.0,1.0,,,,,,,0,0,1.0
sep_k3_d10,sep,5,800,10,3,GMM+BIC,3,0.5024552345275879,1.0,1.0,1.0,,,,,,,0,0,1.0
sep_k3_d10,sep,5,800,10,3,GMM+ICL,3,0.5438179969787598,1.0,1.0,1.0,,,,,,,0,0,1.0
sep_k3_d10,sep,5,800,10,3,HDBSCAN,3,0.009485006332397461,1.0,1.0,1.0,,,,,,,0,0,1.0
sep_k3_d10,sep,5,800,10,3,Bisecting+Sil.,3,0.13711786270141602,1.0,1.0,1.0,,,,,,,0,0,1.0
sep_k3_d10,sep,4,800,10,3,ORACLE k-means(k*),3,0.004338502883911133,1.0,1.0,1.0,,,,,,,0,0,1.0
sep_k3_d10,sep,4,800,10,3,CDK (proposed),3,2.1035611629486084,1.0,1.0,1.0,3.0,3.0,39.0,18.0,0.02564102564102564,0.8076923076923077,0,0,1.0
sep_k3_d10,sep,4,800,10,3,CDK / Gaussian null,3,1.9225964546203613,1.0,1.0,1.0,3.0,3.0,39.0,18.0,0.0,0.5,0,0,1.0
sep_k3_d10,sep,4,800,10,3,CDK / AD statistic,3,2.186622381210327,1.0,1.0,1.0,3.0,3.0,39.0,18.0,0.0,0.7692307692307693,0,0,1.0
sep_k3_d10,sep,4,800,10,3,CDK / no multiplicity corr.,3,1.9116051197052002,1.0,1.0,1.0,3.0,3.0,39.0,18.0,0.15384615384615385,0.8076923076923077,0,0,1.0
sep_k3_d10,sep,4,800,10,3,CDK / n_min=15,3,2.452507495880127,1.0,1.0,1.0,3.0,3.0,75.0,30.0,0.0,0.7692307692307693,0,0,1.0
sep_k3_d10,sep,4,800,10,3,CDK / n_min=40,3,2.8416407108306885,1.0,1.0,1.0,3.0,3.0,26.0,11.0,0.4230769230769231,0.0625,0,0,1.0
sep_k3_d10,sep,4,800,10,3,Silhouette,3,0.20312762260437012,1.0,1.0,1.0,,,,,,,0,0,1.0
sep_k3_d10,sep,4,800,10,3,Calinski-Har.,3,0.1473679542541504,1.0,1.0,1.0,,,,,,,0,0,1.0
sep_k3_d10,sep,4,800,10,3,Davies-Bouldin,3,0.15947628021240234,1.0,1.0,1.0,,,,,,,0,0,1.0
sep_k3_d10,sep,4,800,10,3,Elbow (Kneedle),3,0.14604496955871582,1.0,1.0,1.0,,,,,,,0,0,1.0
sep_k3_d10,sep,4,800,10,3,Jump statistic,3,0.14004945755004883,1.0,1.0,1.0,,,,,,,0,0,1.0
sep_k3_d10,sep,4,800,10,3,Gap statistic,3,0.523221492767334,1.0,1.0,1.0,,,,,,,0,0,1.0
sep_k3_d10,sep,4,800,10,3,X-means,3,0.018624305725097656,1.0,1.0,1.0,,,,,,,0,0,1.0
sep_k3_d10,sep,4,800,10,3,G-means,3,0.017241716384887695,1.0,1.0,1.0,,,,,,,0,0,1.0
sep_k3_d10,sep,4,800,10,3,dip-means,3,0.0642399787902832,1.0,1.0,1.0,,,,,,,0,0,1.0
sep_k3_d10,sep,4,800,10,3,ISODATA,7,0.025444507598876953,0.5152434917610321,0.725157285569922,0.72653016359479,,,,,,,4,4,0.0
sep_k3_d10,sep,4,800,10,3,MDL split/merge,3,0.015885353088378906,1.0,1.0,1.0,,,,,,,0,0,1.0
sep_k3_d10,sep,4,800,10,3,GMM+BIC,3,0.6012248992919922,1.0,1.0,1.0,,,,,,,0,0,1.0
sep_k3_d10,sep,4,800,10,3,GMM+ICL,3,0.631699800491333,1.0,1.0,1.0,,,,,,,0,0,1.0
sep_k3_d10,sep,4,800,10,3,HDBSCAN,3,0.009224653244018555,1.0,1.0,1.0,,,,,,,0,0,1.0
sep_k3_d10,sep,4,800,10,3,Bisecting+Sil.,3,0.14461016654968262,1.0,1.0,1.0,,,,,,,0,0,1.0
sep_k3_d10,sep,6,800,10,3,ORACLE k-means(k*),3,0.00411534309387207,1.0,1.0,1.0,,,,,,,0,0,1.0
sep_k3_d10,sep,6,800,10,3,CDK (proposed),3,1.7378902435302734,1.0,1.0,1.0,3.0,3.0,41.0,19.0,0.024390243902439025,0.7307692307692307,0,0,1.0
sep_k3_d10,sep,6,800,10,3,CDK / Gaussian null,3,1.8146789073944092,1.0,1.0,1.0,3.0,3.0,41.0,19.0,0.0,0.46153846153846156,0,0,1.0
sep_k3_d10,sep,6,800,10,3,CDK / AD statistic,3,1.562006950378418,1.0,1.0,1.0,3.0,3.0,41.0,19.0,0.0,0.6153846153846154,0,0,1.0
sep_k3_d10,sep,6,800,10,3,CDK / no multiplicity corr.,3,1.523017406463623,1.0,1.0,1.0,3.0,3.0,41.0,19.0,0.12195121951219512,0.7307692307692307,0,0,1.0
sep_k3_d10,sep,6,800,10,3,CDK / n_min=15,3,2.237555980682373,1.0,1.0,1.0,3.0,3.0,79.0,32.0,0.02531645569620253,0.7692307692307693,0,0,1.0
sep_k3_d10,sep,6,800,10,3,CDK / n_min=40,3,3.018850088119507,1.0,1.0,1.0,3.0,3.0,28.0,12.0,0.32142857142857145,0.3653846153846154,0,0,1.0
sep_k3_d10,sep,6,800,10,3,Silhouette,3,0.17196369171142578,1.0,1.0,1.0,,,,,,,0,0,1.0
sep_k3_d10,sep,6,800,10,3,Calinski-Har.,3,0.1045389175415039,1.0,1.0,1.0,,,,,,,0,0,1.0
sep_k3_d10,sep,6,800,10,3,Davies-Bouldin,3,0.11649823188781738,1.0,1.0,1.0,,,,,,,0,0,1.0
sep_k3_d10,sep,6,800,10,3,Elbow (Kneedle),3,0.10260319709777832,1.0,1.0,1.0,,,,,,,0,0,1.0
sep_k3_d10,sep,6,800,10,3,Jump statistic,3,0.10199570655822754,1.0,1.0,1.0,,,,,,,0,0,1.0
sep_k3_d10,sep,6,800,10,3,Gap statistic,3,0.40654850006103516,1.0,1.0,1.0,,,,,,,0,0,1.0
sep_k3_d10,sep,6,800,10,3,X-means,3,0.01625800132751465,1.0,1.0,1.0,,,,,,,0,0,1.0
sep_k3_d10,sep,6,800,10,3,G-means,3,0.014767885208129883,1.0,1.0,1.0,,,,,,,0,0,1.0
sep_k3_d10,sep,6,800,10,3,dip-means,3,0.05538344383239746,1.0,1.0,1.0,,,,,,,0,0,1.0
sep_k3_d10,sep,6,800,10,3,ISODATA,7,0.019524574279785156,0.6318679088973636,0.7517869928369744,0.7530735736526842,,,,,,,4,4,0.0
sep_k3_d10,sep,6,800,10,3,MDL split/merge,3,0.012331724166870117,1.0,1.0,1.0,,,,,,,0,0,1.0
sep_k3_d10,sep,6,800,10,3,GMM+BIC,3,0.48429203033447266,1.0,1.0,1.0,,,,,,,0,0,1.0
sep_k3_d10,sep,6,800,10,3,GMM+ICL,3,0.4990253448486328,1.0,1.0,1.0,,,,,,,0,0,1.0
sep_k3_d10,sep,6,800,10,3,HDBSCAN,3,0.007615566253662109,1.0,1.0,1.0,,,,,,,0,0,1.0
sep_k3_d10,sep,6,800,10,3,Bisecting+Sil.,3,0.11434149742126465,1.0,1.0,1.0,,,,,,,0,0,1.0
sep_k3_d10,sep,7,800,10,3,ORACLE k-means(k*),3,0.004398822784423828,1.0,1.0,1.0,,,,,,,0,0,1.0
sep_k3_d10,sep,7,800,10,3,CDK (proposed),3,1.9177403450012207,1.0,1.0,1.0,3.0,3.0,40.0,19.0,0.025,0.8076923076923077,0,0,1.0
sep_k3_d10,sep,7,800,10,3,CDK / Gaussian null,3,1.6382617950439453,1.0,1.0,1.0,3.0,3.0,40.0,19.0,0.0,0.5769230769230769,0,0,1.0
sep_k3_d10,sep,7,800,10,3,CDK / AD statistic,3,2.1511306762695312,1.0,1.0,1.0,3.0,3.0,40.0,19.0,0.0,0.6538461538461539,0,0,1.0
sep_k3_d10,sep,7,800,10,3,CDK / no multiplicity corr.,3,1.5191214084625244,1.0,1.0,1.0,3.0,3.0,40.0,19.0,0.1,0.8076923076923077,0,0,1.0
sep_k3_d10,sep,7,800,10,3,CDK / n_min=15,3,2.2924764156341553,1.0,1.0,1.0,3.0,3.0,82.0,34.0,0.0,0.8076923076923077,0,0,1.0
sep_k3_d10,sep,7,800,10,3,CDK / n_min=40,3,2.797757863998413,1.0,1.0,1.0,3.0,3.0,29.0,13.0,0.3448275862068966,0.2692307692307692,0,0,1.0
sep_k3_d10,sep,7,800,10,3,Silhouette,3,0.18659210205078125,1.0,1.0,1.0,,,,,,,0,0,1.0
sep_k3_d10,sep,7,800,10,3,Calinski-Har.,3,0.12480878829956055,1.0,1.0,1.0,,,,,,,0,0,1.0
sep_k3_d10,sep,7,800,10,3,Davies-Bouldin,3,0.13694977760314941,1.0,1.0,1.0,,,,,,,0,0,1.0
sep_k3_d10,sep,7,800,10,3,Elbow (Kneedle),3,0.12342572212219238,1.0,1.0,1.0,,,,,,,0,0,1.0
sep_k3_d10,sep,7,800,10,3,Jump statistic,3,0.13380026817321777,1.0,1.0,1.0,,,,,,,0,0,1.0
sep_k3_d10,sep,7,800,10,3,Gap statistic,3,0.5264410972595215,1.0,1.0,1.0,,,,,,,0,0,1.0
sep_k3_d10,sep,7,800,10,3,X-means,3,0.018206357955932617,1.0,1.0,1.0,,,,,,,0,0,1.0
sep_k3_d10,sep,7,800,10,3,G-means,3,0.01782679557800293,1.0,1.0,1.0,,,,,,,0,0,1.0
sep_k3_d10,sep,7,800,10,3,dip-means,3,0.06759524345397949,1.0,1.0,1.0,,,,,,,0,0,1.0
sep_k3_d10,sep,7,800,10,3,ISODATA,7,0.030050039291381836,0.5199230580780917,0.7267401655775863,0.7281083194279171,,,,,,,4,4,0.0
sep_k3_d10,sep,7,800,10,3,MDL split/merge,3,0.01695704460144043,1.0,1.0,1.0,,,,,,,0,0,1.0
sep_k3_d10,sep,7,800,10,3,GMM+BIC,3,0.678175687789917,1.0,1.0,1.0,,,,,,,0,0,1.0
sep_k3_d10,sep,7,800,10,3,GMM+ICL,3,0.6359407901763916,1.0,1.0,1.0,,,,,,,0,0,1.0
sep_k3_d10,sep,7,800,10,3,HDBSCAN,3,0.00887155532836914,0.9962500118508789,0.9924899863753236,0.9925071335780613,,,,,,,0,0,1.0
sep_k3_d10,sep,7,800,10,3,Bisecting+Sil.,3,0.1363077163696289,1.0,1.0,1.0,,,,,,,0,0,1.0
sep_k3_d10,sep,8,800,10,3,ORACLE k-means(k*),3,0.0036153793334960938,1.0,1.0,1.0,,,,,,,0,0,1.0
sep_k3_d10,sep,8,800,10,3,CDK (proposed),3,1.8850805759429932,1.0,1.0,1.0,3.0,3.0,43.0,20.0,0.023255813953488372,0.7307692307692307,0,0,1.0
sep_k3_d10,sep,8,800,10,3,CDK / Gaussian null,3,1.4174489974975586,1.0,1.0,1.0,3.0,3.0,43.0,20.0,0.0,0.6538461538461539,0,0,1.0
sep_k3_d10,sep,8,800,10,3,CDK / AD statistic,3,2.084439277648926,1.0,1.0,1.0,3.0,3.0,43.0,20.0,0.023255813953488372,0.6538461538461539,0,0,1.0
sep_k3_d10,sep,8,800,10,3,CDK / no multiplicity corr.,3,2.3621933460235596,1.0,1.0,1.0,3.0,3.0,43.0,20.0,0.06976744186046512,0.7307692307692307,0,0,1.0
sep_k3_d10,sep,8,800,10,3,CDK / n_min=15,3,2.5542469024658203,1.0,1.0,1.0,3.0,3.0,69.0,30.0,0.0,0.8076923076923077,0,0,1.0
sep_k3_d10,sep,8,800,10,3,CDK / n_min=40,3,2.5683412551879883,1.0,1.0,1.0,3.0,3.0,29.0,13.0,0.3793103448275862,0.5,0,0,1.0
sep_k3_d10,sep,8,800,10,3,Silhouette,3,0.15892958641052246,1.0,1.0,1.0,,,,,,,0,0,1.0
sep_k3_d10,sep,8,800,10,3,Calinski-Har.,3,0.10351824760437012,1.0,1.0,1.0,,,,,,,0,0,1.0
sep_k3_d10,sep,8,800,10,3,Davies-Bouldin,3,0.11670589447021484,1.0,1.0,1.0,,,,,,,0,0,1.0
sep_k3_d10,sep,8,800,10,3,Elbow (Kneedle),3,0.10468792915344238,1.0,1.0,1.0,,,,,,,0,0,1.0
sep_k3_d10,sep,8,800,10,3,Jump statistic,3,0.10310220718383789,1.0,1.0,1.0,,,,,,,0,0,1.0
sep_k3_d10,sep,8,800,10,3,Gap statistic,3,0.39456748962402344,1.0,1.0,1.0,,,,,,,0,0,1.0
sep_k3_d10,sep,8,800,10,3,X-means,3,0.01476740837097168,1.0,1.0,1.0,,,,,,,0,0,1.0
sep_k3_d10,sep,8,800,10,3,G-means,3,0.013958930969238281,1.0,1.0,1.0,,,,,,,0,0,1.0
sep_k3_d10,sep,8,800,10,3,dip-means,3,0.05162668228149414,1.0,1.0,1.0,,,,,,,0,0,1.0
sep_k3_d10,sep,8,800,10,3,ISODATA,7,0.018975496292114258,0.5212143708158913,0.7265636142655986,0.7279321834721153,,,,,,,4,4,0.0
sep_k3_d10,sep,8,800,10,3,MDL split/merge,3,0.012324810028076172,1.0,1.0,1.0,,,,,,,0,0,1.0
sep_k3_d10,sep,8,800,10,3,GMM+BIC,3,0.46126842498779297,1.0,1.0,1.0,,,,,,,0,0,1.0
sep_k3_d10,sep,8,800,10,3,GMM+ICL,3,0.6028213500976562,1.0,1.0,1.0,,,,,,,0,0,1.0
sep_k3_d10,sep,8,800,10,3,HDBSCAN,3,0.008419513702392578,1.0,1.0,1.0,,,,,,,0,0,1.0
sep_k3_d10,sep,8,800,10,3,Bisecting+Sil.,3,0.13516950607299805,1.0,1.0,1.0,,,,,,,0,0,1.0
sep_k3_d10,sep,9,800,10,3,ORACLE k-means(k*),3,0.008252620697021484,1.0,1.0,1.0,,,,,,,0,0,1.0
sep_k3_d10,sep,9,800,10,3,CDK (proposed),3,2.54227876663208,0.9962500118508789,0.9924899863753236,0.9925071335780613,3.0,3.0,42.0,19.0,0.09523809523809523,0.5961538461538461,0,0,1.0
sep_k3_d10,sep,9,800,10,3,CDK / Gaussian null,3,1.7917511463165283,0.9962500118508789,0.9924899863753236,0.9925071335780613,3.0,3.0,42.0,19.0,0.0,0.46153846153846156,0,0,1.0
sep_k3_d10,sep,9,800,10,3,CDK / AD statistic,3,2.5138261318206787,0.9962500118508789,0.9924899863753236,0.9925071335780613,3.0,3.0,42.0,19.0,0.0,0.5769230769230769,0,0,1.0
sep_k3_d10,sep,9,800,10,3,CDK / no multiplicity corr.,3,2.0873358249664307,0.9962500118508789,0.9924899863753236,0.9925071335780613,3.0,3.0,42.0,19.0,0.19047619047619047,0.5961538461538461,0,0,1.0
sep_k3_d10,sep,9,800,10,3,CDK / n_min=15,3,2.4962821006774902,0.9962500118508789,0.9924899863753236,0.9925071335780613,3.0,3.0,79.0,32.0,0.0379746835443038,0.6538461538461539,0,0,1.0
sep_k3_d10,sep,9,800,10,3,CDK / n_min=40,3,2.868032932281494,0.9962500118508789,0.9924899863753236,0.9925071335780613,3.0,3.0,30.0,14.0,0.23333333333333334,0.24711538461538463,0,0,1.0
sep_k3_d10,sep,9,800,10,3,Silhouette,3,0.1643810272216797,1.0,1.0,1.0,,,,,,,0,0,1.0
sep_k3_d10,sep,9,800,10,3,Calinski-Har.,3,0.10937762260437012,1.0,1.0,1.0,,,,,,,0,0,1.0
sep_k3_d10,sep,9,800,10,3,Davies-Bouldin,3,0.11924910545349121,1.0,1.0,1.0,,,,,,,0,0,1.0
sep_k3_d10,sep,9,800,10,3,Elbow (Kneedle),3,0.10625600814819336,1.0,1.0,1.0,,,,,,,0,0,1.0
sep_k3_d10,sep,9,800,10,3,Jump statistic,3,0.10583257675170898,1.0,1.0,1.0,,,,,,,0,0,1.0
sep_k3_d10,sep,9,800,10,3,Gap statistic,3,0.42593860626220703,1.0,1.0,1.0,,,,,,,0,0,1.0
sep_k3_d10,sep,9,800,10,3,X-means,3,0.01587367057800293,1.0,1.0,1.0,,,,,,,0,0,1.0
sep_k3_d10,sep,9,800,10,3,G-means,3,0.015477895736694336,1.0,1.0,1.0,,,,,,,0,0,1.0
sep_k3_d10,sep,9,800,10,3,dip-means,3,0.0509486198425293,1.0,1.0,1.0,,,,,,,0,0,1.0
sep_k3_d10,sep,9,800,10,3,ISODATA,7,0.02050042152404785,0.5264741035523058,0.7283248433736332,0.7296880950893025,,,,,,,4,4,0.0
sep_k3_d10,sep,9,800,10,3,MDL split/merge,3,0.013115882873535156,1.0,1.0,1.0,,,,,,,0,0,1.0
sep_k3_d10,sep,9,800,10,3,GMM+BIC,3,0.4977271556854248,1.0,1.0,1.0,,,,,,,0,0,1.0
sep_k3_d10,sep,9,800,10,3,GMM+ICL,3,0.5109822750091553,1.0,1.0,1.0,,,,,,,0,0,1.0
sep_k3_d10,sep,9,800,10,3,HDBSCAN,3,0.007662534713745117,1.0,1.0,1.0,,,,,,,0,0,1.0
sep_k3_d10,sep,9,800,10,3,Bisecting+Sil.,3,0.11060786247253418,1.0,1.0,1.0,,,,,,,0,0,1.0
sep_k3_d50,sep,0,800,50,3,ORACLE k-means(k*),3,0.006339311599731445,1.0,1.0,1.0,,,,,,,0,0,1.0
sep_k3_d50,sep,0,800,50,3,CDK (proposed),3,2.2938718795776367,1.0,1.0,1.0,3.0,3.0,34.0,15.0,0.11764705882352941,1.0,0,0,1.0
sep_k3_d50,sep,0,800,50,3,CDK / Gaussian null,3,1.8691160678863525,1.0,1.0,1.0,3.0,3.0,34.0,15.0,0.11764705882352941,1.0,0,0,1.0
sep_k3_d50,sep,0,800,50,3,CDK / AD statistic,3,3.8863165378570557,1.0,1.0,1.0,3.0,3.0,34.0,15.0,0.14705882352941177,0.34615384615384615,0,0,1.0
sep_k3_d50,sep,0,800,50,3,CDK / no multiplicity corr.,3,2.1302754878997803,1.0,1.0,1.0,3.0,3.0,34.0,15.0,0.11764705882352941,1.0,0,0,1.0
sep_k3_d50,sep,0,800,50,3,CDK / n_min=15,3,1.7080471515655518,1.0,1.0,1.0,3.0,3.0,70.0,28.0,0.0,1.0,0,0,1.0
sep_k3_d50,sep,0,800,50,3,CDK / n_min=40,3,5.496785402297974,1.0,1.0,1.0,3.0,3.0,26.0,11.0,0.38461538461538464,0.8653846153846154,0,0,1.0
sep_k3_d50,sep,0,800,50,3,Silhouette,3,0.24220561981201172,1.0,1.0,1.0,,,,,,,0,0,1.0
sep_k3_d50,sep,0,800,50,3,Calinski-Har.,3,0.17601919174194336,1.0,1.0,1.0,,,,,,,0,0,1.0
sep_k3_d50,sep,0,800,50,3,Davies-Bouldin,3,0.19353938102722168,1.0,1.0,1.0,,,,,,,0,0,1.0
sep_k3_d50,sep,0,800,50,3,Elbow (Kneedle),3,0.19341373443603516,1.0,1.0,1.0,,,,,,,0,0,1.0
sep_k3_d50,sep,0,800,50,3,Jump statistic,3,0.1843855381011963,1.0,1.0,1.0,,,,,,,0,0,1.0
sep_k3_d50,sep,0,800,50,3,Gap statistic,3,0.8448717594146729,1.0,1.0,1.0,,,,,,,0,0,1.0
sep_k3_d50,sep,0,800,50,3,X-means,3,0.025056123733520508,1.0,1.0,1.0,,,,,,,0,0,1.0
sep_k3_d50,sep,0,800,50,3,G-means,8,0.04280972480773926,0.6199781787821336,0.7342924229905912,0.7358663168690017,,,,,,,5,5,0.0
sep_k3_d50,sep,0,800,50,3,dip-means,3,0.07826471328735352,1.0,1.0,1.0,,,,,,,0,0,1.0
sep_k3_d50,sep,0,800,50,3,ISODATA,12,0.04026031494140625,0.38159630606860157,0.6336507171083847,0.6366143791306118,,,,,,,9,9,0.0
sep_k3_d50,sep,0,800,50,3,MDL split/merge,3,0.022090435028076172,1.0,1.0,1.0,,,,,,,0,0,1.0
sep_k3_d50,sep,0,800,50,3,GMM+BIC,2,0.4887659549713135,0.5712754555198285,0.7335065263692218,0.7338915562325186,,,,,,,1,-1,0.0
sep_k3_d50,sep,0,800,50,3,GMM+ICL,2,0.5054330825805664,0.5712754555198285,0.7335065263692218,0.7338915562325186,,,,,,,1,-1,0.0
sep_k3_d50,sep,0,800,50,3,HDBSCAN,2,0.03673958778381348,0.5712754555198285,0.7335065263692218,0.7338915562325186,,,,,,,1,-1,0.0
sep_k3_d50,sep,0,800,50,3,Bisecting+Sil.,3,0.16048073768615723,1.0,1.0,1.0,,,,,,,0,0,1.0
sep_k3_d50,sep,1,800,50,3,ORACLE k-means(k*),3,0.004815578460693359,1.0,1.0,1.0,,,,,,,0,0,1.0
sep_k3_d50,sep,1,800,50,3,CDK (proposed),3,1.4780380725860596,1.0,1.0,1.0,3.0,3.0,38.0,17.0,0.0,1.0,0,0,1.0
sep_k3_d50,sep,1,800,50,3,CDK / Gaussian null,3,1.0733299255371094,1.0,1.0,1.0,3.0,3.0,38.0,17.0,0.0,1.0,0,0,1.0
sep_k3_d50,sep,1,800,50,3,CDK / AD statistic,3,4.5804972648620605,1.0,1.0,1.0,3.0,3.0,38.0,17.0,0.10526315789473684,0.2692307692307692,0,0,1.0
sep_k3_d50,sep,1,800,50,3,CDK / no multiplicity corr.,3,1.532832145690918,1.0,1.0,1.0,3.0,3.0,38.0,17.0,0.02631578947368421,1.0,0,0,1.0
sep_k3_d50,sep,1,800,50,3,CDK / n_min=15,3,1.460073709487915,1.0,1.0,1.0,3.0,3.0,69.0,28.0,0.0,1.0,0,0,1.0
sep_k3_d50,sep,1,800,50,3,CDK / n_min=40,3,4.515532732009888,1.0,1.0,1.0,3.0,3.0,24.0,10.0,0.5,0.5025,0,0,1.0
sep_k3_d50,sep,1,800,50,3,Silhouette,3,0.21369218826293945,1.0,1.0,1.0,,,,,,,0,0,1.0
sep_k3_d50,sep,1,800,50,3,Calinski-Har.,3,0.14776992797851562,1.0,1.0,1.0,,,,,,,0,0,1.0
sep_k3_d50,sep,1,800,50,3,Davies-Bouldin,3,0.15779614448547363,1.0,1.0,1.0,,,,,,,0,0,1.0
sep_k3_d50,sep,1,800,50,3,Elbow (Kneedle),3,0.14704442024230957,1.0,1.0,1.0,,,,,,,0,0,1.0
sep_k3_d50,sep,1,800,50,3,Jump statistic,3,0.146256685256958,1.0,1.0,1.0,,,,,,,0,0,1.0
sep_k3_d50,sep,1,800,50,3,Gap statistic,3,0.6658642292022705,1.0,1.0,1.0,,,,,,,0,0,1.0
sep_k3_d50,sep,1,800,50,3,X-means,3,0.018324851989746094,1.0,1.0,1.0,,,,,,,0,0,1.0
sep_k3_d50,sep,1,800,50,3,G-means,9,0.032318830490112305,0.46250927988121754,0.6822809756448056,0.684279837061581,,,,,,,6,6,0.0
sep_k3_d50,sep,1,800,50,3,dip-means,3,0.06123995780944824,1.0,1.0,1.0,,,,,,,0,0,1.0
sep_k3_d50,sep,1,800,50,3,ISODATA,12,0.03409743309020996,0.38391627676546564,0.6357922540634482,0.6387521237764704,,,,,,,9,9,0.0
sep_k3_d50,sep,1,800,50,3,MDL split/merge,3,0.015363216400146484,1.0,1.0,1.0,,,,,,,0,0,1.0
sep_k3_d50,sep,1,800,50,3,GMM+BIC,2,0.3296849727630615,0.5712754555198285,0.7335065263692218,0.7338915562325186,,,,,,,1,-1,0.0
sep_k3_d50,sep,1,800,50,3,GMM+ICL,2,0.34602904319763184,0.5712754555198285,0.7335065263692218,0.7338915562325186,,,,,,,1,-1,0.0
sep_k3_d50,sep,1,800,50,3,HDBSCAN,3,0.029208898544311523,1.0,1.0,1.0,,,,,,,0,0,1.0
sep_k3_d50,sep,1,800,50,3,Bisecting+Sil.,3,0.16275525093078613,1.0,1.0,1.0,,,,,,,0,0,1.0
sep_k3_d50,sep,2,800,50,3,ORACLE k-means(k*),3,0.006422996520996094,1.0,1.0,1.0,,,,,,,0,0,1.0
sep_k3_d50,sep,2,800,50,3,CDK (proposed),3,1.5473675727844238,1.0,1.0,1.0,3.0,3.0,44.0,19.0,0.0,1.0,0,0,1.0
sep_k3_d50,sep,2,800,50,3,CDK / Gaussian null,3,1.0962820053100586,1.0,1.0,1.0,3.0,3.0,44.0,19.0,0.0,1.0,0,0,1.0
sep_k3_d50,sep,2,800,50,3,CDK / AD statistic,3,6.11011004447937,1.0,1.0,1.0,3.0,3.0,44.0,19.0,0.06818181818181818,0.26091954022988506,0,0,1.0
sep_k3_d50,sep,2,800,50,3,CDK / no multiplicity corr.,3,1.2293667793273926,1.0,1.0,1.0,3.0,3.0,44.0,19.0,0.0,1.0,0,0,1.0
sep_k3_d50,sep,2,800,50,3,CDK / n_min=15,3,1.3862030506134033,1.0,1.0,1.0,3.0,3.0,66.0,26.0,0.0,1.0,0,0,1.0
sep_k3_d50,sep,2,800,50,3,CDK / n_min=40,3,4.423368453979492,1.0,1.0,1.0,3.0,3.0,27.0,11.0,0.4444444444444444,0.8461538461538461,0,0,1.0
sep_k3_d50,sep,2,800,50,3,Silhouette,3,0.2727391719818115,1.0,1.0,1.0,,,,,,,0,0,1.0
sep_k3_d50,sep,2,800,50,3,Calinski-Har.,3,0.1891014575958252,1.0,1.0,1.0,,,,,,,0,0,1.0
sep_k3_d50,sep,2,800,50,3,Davies-Bouldin,3,0.19622302055358887,1.0,1.0,1.0,,,,,,,0,0,1.0
sep_k3_d50,sep,2,800,50,3,Elbow (Kneedle),3,0.18796634674072266,1.0,1.0,1.0,,,,,,,0,0,1.0
sep_k3_d50,sep,2,800,50,3,Jump statistic,3,0.17834019660949707,1.0,1.0,1.0,,,,,,,0,0,1.0
sep_k3_d50,sep,2,800,50,3,Gap statistic,3,0.8011782169342041,1.0,1.0,1.0,,,,,,,0,0,1.0
sep_k3_d50,sep,2,800,50,3,X-means,3,0.02842402458190918,1.0,1.0,1.0,,,,,,,0,0,1.0
sep_k3_d50,sep,2,800,50,3,G-means,9,0.03896021842956543,0.4685846125613388,0.6856440686319779,0.6876329786969118,,,,,,,6,6,0.0
sep_k3_d50,sep,2,800,50,3,dip-means,3,0.0772700309753418,1.0,1.0,1.0,,,,,,,0,0,1.0
sep_k3_d50,sep,2,800,50,3,ISODATA,12,0.040616750717163086,0.3895293081714229,0.6364470596423957,0.6394015107345267,,,,,,,9,9,0.0
sep_k3_d50,sep,2,800,50,3,MDL split/merge,3,0.021942853927612305,1.0,1.0,1.0,,,,,,,0,0,1.0
sep_k3_d50,sep,2,800,50,3,GMM+BIC,2,0.5050942897796631,0.5712754555198285,0.7335065263692218,0.7338915562325186,,,,,,,1,-1,0.0
sep_k3_d50,sep,2,800,50,3,GMM+ICL,2,0.5211424827575684,0.5712754555198285,0.7335065263692218,0.7338915562325186,,,,,,,1,-1,0.0
sep_k3_d50,sep,2,800,50,3,HDBSCAN,3,0.03949332237243652,1.0,1.0,1.0,,,,,,,0,0,1.0
sep_k3_d50,sep,2,800,50,3,Bisecting+Sil.,3,0.15204811096191406,1.0,1.0,1.0,,,,,,,0,0,1.0
sep_k3_d50,sep,3,800,50,3,ORACLE k-means(k*),3,0.005427360534667969,1.0,1.0,1.0,,,,,,,0,0,1.0
sep_k3_d50,sep,3,800,50,3,CDK (proposed),3,4.061479568481445,1.0,1.0,1.0,3.0,3.0,33.0,14.0,0.21212121212121213,1.0,0,0,1.0
sep_k3_d50,sep,3,800,50,3,CDK / Gaussian null,3,3.7515902519226074,1.0,1.0,1.0,3.0,3.0,33.0,14.0,0.21212121212121213,1.0,0,0,1.0
sep_k3_d50,sep,3,800,50,3,CDK / AD statistic,3,6.726040363311768,1.0,1.0,1.0,3.0,3.0,33.0,14.0,0.24242424242424243,0.2692307692307692,0,0,1.0
sep_k3_d50,sep,3,800,50,3,CDK / no multiplicity corr.,3,3.918626308441162,1.0,1.0,1.0,3.0,3.0,33.0,14.0,0.21212121212121213,1.0,0,0,1.0
sep_k3_d50,sep,3,800,50,3,CDK / n_min=15,3,1.9385817050933838,1.0,1.0,1.0,3.0,3.0,65.0,26.0,0.015384615384615385,1.0,0,0,1.0
sep_k3_d50,sep,3,800,50,3,CDK / n_min=40,3,5.3902747631073,1.0,1.0,1.0,3.0,3.0,23.0,10.0,0.4782608695652174,0.7692307692307693,0,0,1.0
sep_k3_d50,sep,3,800,50,3,Silhouette,3,0.22256898880004883,1.0,1.0,1.0,,,,,,,0,0,1.0
sep_k3_d50,sep,3,800,50,3,Calinski-Har.,3,0.14947199821472168,1.0,1.0,1.0,,,,,,,0,0,1.0
sep_k3_d50,sep,3,800,50,3,Davies-Bouldin,3,0.1617426872253418,1.0,1.0,1.0,,,,,,,0,0,1.0
sep_k3_d50,sep,3,800,50,3,Elbow (Kneedle),3,0.14706659317016602,1.0,1.0,1.0,,,,,,,0,0,1.0
sep_k3_d50,sep,3,800,50,3,Jump statistic,3,0.1583538055419922,1.0,1.0,1.0,,,,,,,0,0,1.0
sep_k3_d50,sep,3,800,50,3,Gap statistic,3,0.6788499355316162,1.0,1.0,1.0,,,,,,,0,0,1.0
sep_k3_d50,sep,3,800,50,3,X-means,3,0.018091201782226562,1.0,1.0,1.0,,,,,,,0,0,1.0
sep_k3_d50,sep,3,800,50,3,G-means,8,0.03323245048522949,0.48972289715699807,0.7039564735052884,0.705635343246755,,,,,,,5,5,0.0
sep_k3_d50,sep,3,800,50,3,dip-means,3,0.06369853019714355,1.0,1.0,1.0,,,,,,,0,0,1.0
sep_k3_d50,sep,3,800,50,3,ISODATA,12,0.03380322456359863,0.38120592891063465,0.6334215455426307,0.6363879426659846,,,,,,,9,9,0.0
sep_k3_d50,sep,3,800,50,3,MDL split/merge,3,0.01605081558227539,1.0,1.0,1.0,,,,,,,0,0,1.0
sep_k3_d50,sep,3,800,50,3,GMM+BIC,2,0.445972204208374,0.5712754555198285,0.7335065263692218,0.7338915562325186,,,,,,,1,-1,0.0
sep_k3_d50,sep,3,800,50,3,GMM+ICL,2,0.4535982608795166,0.5712754555198285,0.7335065263692218,0.7338915562325186,,,,,,,1,-1,0.0
sep_k3_d50,sep,3,800,50,3,HDBSCAN,2,0.03033447265625,0.5712754555198285,0.7335065263692218,0.7338915562325186,,,,,,,1,-1,0.0
sep_k3_d50,sep,3,800,50,3,Bisecting+Sil.,3,0.13807439804077148,1.0,1.0,1.0,,,,,,,0,0,1.0
sep_k3_d50,sep,4,800,50,3,ORACLE k-means(k*),3,0.00690460205078125,1.0,1.0,1.0,,,,,,,0,0,1.0
sep_k3_d50,sep,4,800,50,3,CDK (proposed),3,1.4339816570281982,1.0,1.0,1.0,3.0,3.0,34.0,16.0,0.0,1.0,0,0,1.0
sep_k3_d50,sep,4,800,50,3,CDK / Gaussian null,3,1.5519294738769531,1.0,1.0,1.0,3.0,3.0,34.0,16.0,0.0,0.9615384615384616,0,0,1.0
sep_k3_d50,sep,4,800,50,3,CDK / AD statistic,3,4.4587883949279785,1.0,1.0,1.0,3.0,3.0,34.0,16.0,0.029411764705882353,0.3076923076923077,0,0,1.0
sep_k3_d50,sep,4,800,50,3,CDK / no multiplicity corr.,3,1.3630259037017822,1.0,1.0,1.0,3.0,3.0,34.0,16.0,0.0,1.0,0,0,1.0
sep_k3_d50,sep,4,800,50,3,CDK / n_min=15,3,2.1667752265930176,1.0,1.0,1.0,3.0,3.0,64.0,25.0,0.0,1.0,0,0,1.0
sep_k3_d50,sep,4,800,50,3,CDK / n_min=40,3,4.577041149139404,1.0,1.0,1.0,3.0,3.0,29.0,12.0,0.3793103448275862,0.9615384615384616,0,0,1.0
sep_k3_d50,sep,4,800,50,3,Silhouette,3,0.28076696395874023,1.0,1.0,1.0,,,,,,,0,0,1.0
sep_k3_d50,sep,4,800,50,3,Calinski-Har.,3,0.19572854042053223,1.0,1.0,1.0,,,,,,,0,0,1.0
sep_k3_d50,sep,4,800,50,3,Davies-Bouldin,3,0.2134699821472168,1.0,1.0,1.0,,,,,,,0,0,1.0
sep_k3_d50,sep,4,800,50,3,Elbow (Kneedle),3,0.22856640815734863,1.0,1.0,1.0,,,,,,,0,0,1.0
sep_k3_d50,sep,4,800,50,3,Jump statistic,3,0.2015690803527832,1.0,1.0,1.0,,,,,,,0,0,1.0
sep_k3_d50,sep,4,800,50,3,Gap statistic,3,0.880396842956543,1.0,1.0,1.0,,,,,,,0,0,1.0
sep_k3_d50,sep,4,800,50,3,X-means,3,0.02091360092163086,1.0,1.0,1.0,,,,,,,0,0,1.0
sep_k3_d50,sep,4,800,50,3,G-means,4,0.026525259017944336,0.8807934470848657,0.9100205240969192,0.9103015403140016,,,,,,,1,1,0.0
sep_k3_d50,sep,4,800,50,3,dip-means,3,0.06597590446472168,1.0,1.0,1.0,,,,,,,0,0,1.0
sep_k3_d50,sep,4,800,50,3,ISODATA,12,0.03772115707397461,0.36701295885238217,0.6297988137669932,0.6327746951605103,,,,,,,9,9,0.0
sep_k3_d50,sep,4,800,50,3,MDL split/merge,3,0.015952348709106445,1.0,1.0,1.0,,,,,,,0,0,1.0
sep_k3_d50,sep,4,800,50,3,GMM+BIC,2,0.35161304473876953,0.5712754555198285,0.7335065263692218,0.7338915562325186,,,,,,,1,-1,0.0
sep_k3_d50,sep,4,800,50,3,GMM+ICL,2,0.3505396842956543,0.5712754555198285,0.7335065263692218,0.7338915562325186,,,,,,,1,-1,0.0
sep_k3_d50,sep,4,800,50,3,HDBSCAN,3,0.03061842918395996,1.0,1.0,1.0,,,,,,,0,0,1.0
sep_k3_d50,sep,4,800,50,3,Bisecting+Sil.,3,0.1340165138244629,1.0,1.0,1.0,,,,,,,0,0,1.0
sep_k3_d50,sep,5,800,50,3,ORACLE k-means(k*),3,0.004930019378662109,1.0,1.0,1.0,,,,,,,0,0,1.0
sep_k3_d50,sep,5,800,50,3,CDK (proposed),3,1.2196588516235352,1.0,1.0,1.0,3.0,3.0,49.0,21.0,0.0,1.0,0,0,1.0
sep_k3_d50,sep,5,800,50,3,CDK / Gaussian null,3,1.135469913482666,1.0,1.0,1.0,3.0,3.0,49.0,21.0,0.0,1.0,0,0,1.0
sep_k3_d50,sep,5,800,50,3,CDK / AD statistic,3,5.828732967376709,1.0,1.0,1.0,3.0,3.0,49.0,21.0,0.061224489795918366,0.34615384615384615,0,0,1.0
sep_k3_d50,sep,5,800,50,3,CDK / no multiplicity corr.,3,1.2694106101989746,1.0,1.0,1.0,3.0,3.0,49.0,21.0,0.0,1.0,0,0,1.0
sep_k3_d50,sep,5,800,50,3,CDK / n_min=15,3,1.6092212200164795,1.0,1.0,1.0,3.0,3.0,75.0,29.0,0.0,1.0,0,0,1.0
sep_k3_d50,sep,5,800,50,3,CDK / n_min=40,3,7.260923624038696,1.0,1.0,1.0,3.0,3.0,19.0,8.0,0.631578947368421,0.005,0,0,1.0
sep_k3_d50,sep,5,800,50,3,Silhouette,3,0.29108762741088867,1.0,1.0,1.0,,,,,,,0,0,1.0
sep_k3_d50,sep,5,800,50,3,Calinski-Har.,3,0.206740140914917,1.0,1.0,1.0,,,,,,,0,0,1.0
sep_k3_d50,sep,5,800,50,3,Davies-Bouldin,3,0.210601806640625,1.0,1.0,1.0,,,,,,,0,0,1.0
sep_k3_d50,sep,5,800,50,3,Elbow (Kneedle),3,0.19418954849243164,1.0,1.0,1.0,,,,,,,0,0,1.0
sep_k3_d50,sep,5,800,50,3,Jump statistic,3,0.20072507858276367,1.0,1.0,1.0,,,,,,,0,0,1.0
sep_k3_d50,sep,5,800,50,3,Gap statistic,3,0.8704931735992432,1.0,1.0,1.0,,,,,,,0,0,1.0
sep_k3_d50,sep,5,800,50,3,X-means,3,0.025693416595458984,1.0,1.0,1.0,,,,,,,0,0,1.0
sep_k3_d50,sep,5,800,50,3,G-means,7,0.05233049392700195,0.658262500372171,0.7636502735818228,0.7648965610890298,,,,,,,4,4,0.0
sep_k3_d50,sep,5,800,50,3,dip-means,3,0.07963848114013672,1.0,1.0,1.0,,,,,,,0,0,1.0
sep_k3_d50,sep,5,800,50,3,ISODATA,11,0.04144549369812012,0.3702719339648511,0.6393602591883905,0.6420289471390639,,,,,,,8,8,0.0
sep_k3_d50,sep,5,800,50,3,MDL split/merge,3,0.02052021026611328,1.0,1.0,1.0,,,,,,,0,0,1.0
sep_k3_d50,sep,5,800,50,3,GMM+BIC,2,0.47762560844421387,0.5712754555198285,0.7335065263692218,0.7338915562325186,,,,,,,1,-1,0.0
sep_k3_d50,sep,5,800,50,3,GMM+ICL,2,0.5041310787200928,0.5712754555198285,0.7335065263692218,0.7338915562325186,,,,,,,1,-1,0.0
sep_k3_d50,sep,5,800,50,3,HDBSCAN,2,0.0361635684967041,0.5712754555198285,0.7335065263692218,0.7338915562325186,,,,,,,1,-1,0.0
sep_k3_d50,sep,5,800,50,3,Bisecting+Sil.,3,0.15742087364196777,1.0,1.0,1.0,,,,,,,0,0,1.0
sep_k3_d50,sep,6,800,50,3,ORACLE k-means(k*),3,0.004931211471557617,1.0,1.0,1.0,,,,,,,0,0,1.0
sep_k3_d50,sep,6,800,50,3,CDK (proposed),3,2.9977056980133057,1.0,1.0,1.0,3.0,3.0,33.0,14.0,0.18181818181818182,1.0,0,0,1.0
sep_k3_d50,sep,6,800,50,3,CDK / Gaussian null,3,2.964503526687622,1.0,1.0,1.0,3.0,3.0,33.0,14.0,0.18181818181818182,1.0,0,0,1.0
sep_k3_d50,sep,6,800,50,3,CDK / AD statistic,3,5.204930305480957,1.0,1.0,1.0,3.0,3.0,33.0,14.0,0.24242424242424243,0.2692307692307692,0,0,1.0
sep_k3_d50,sep,6,800,50,3,CDK / no multiplicity corr.,3,2.787076711654663,1.0,1.0,1.0,3.0,3.0,33.0,14.0,0.18181818181818182,1.0,0,0,1.0
sep_k3_d50,sep,6,800,50,3,CDK / n_min=15,3,1.4658520221710205,1.0,1.0,1.0,3.0,3.0,69.0,27.0,0.0,1.0,0,0,1.0
sep_k3_d50,sep,6,800,50,3,CDK / n_min=40,3,3.915893316268921,1.0,1.0,1.0,3.0,3.0,29.0,12.0,0.3448275862068966,0.9615384615384616,0,0,1.0
sep_k3_d50,sep,6,800,50,3,Silhouette,3,0.2041170597076416,1.0,1.0,1.0,,,,,,,0,0,1.0
sep_k3_d50,sep,6,800,50,3,Calinski-Har.,3,0.14356040954589844,1.0,1.0,1.0,,,,,,,0,0,1.0
sep_k3_d50,sep,6,800,50,3,Davies-Bouldin,3,0.15488958358764648,1.0,1.0,1.0,,,,,,,0,0,1.0
sep_k3_d50,sep,6,800,50,3,Elbow (Kneedle),3,0.14565181732177734,1.0,1.0,1.0,,,,,,,0,0,1.0
sep_k3_d50,sep,6,800,50,3,Jump statistic,3,0.14870309829711914,1.0,1.0,1.0,,,,,,,0,0,1.0
sep_k3_d50,sep,6,800,50,3,Gap statistic,3,0.6563067436218262,1.0,1.0,1.0,,,,,,,0,0,1.0
sep_k3_d50,sep,6,800,50,3,X-means,3,0.018143892288208008,1.0,1.0,1.0,,,,,,,0,0,1.0
sep_k3_d50,sep,6,800,50,3,G-means,10,0.04501509666442871,0.42818576353053966,0.6656054606460569,0.6679246497956094,,,,,,,7,7,0.0
sep_k3_d50,sep,6,800,50,3,dip-means,3,0.06398749351501465,1.0,1.0,1.0,,,,,,,0,0,1.0
sep_k3_d50,sep,6,800,50,3,ISODATA,11,0.030251264572143555,0.41198933917966224,0.6521091400312027,0.654740990958141,,,,,,,8,8,0.0
sep_k3_d50,sep,6,800,50,3,MDL split/merge,3,0.014674186706542969,1.0,1.0,1.0,,,,,,,0,0,1.0
sep_k3_d50,sep,6,800,50,3,GMM+BIC,2,0.3865926265716553,0.5698959373691163,0.7328721161428012,0.7332582584086916,,,,,,,1,-1,0.0
sep_k3_d50,sep,6,800,50,3,GMM+ICL,2,0.3977971076965332,0.5698959373691163,0.7328721161428012,0.7332582584086916,,,,,,,1,-1,0.0
sep_k3_d50,sep,6,800,50,3,HDBSCAN,3,0.029404640197753906,1.0,1.0,1.0,,,,,,,0,0,1.0
sep_k3_d50,sep,6,800,50,3,Bisecting+Sil.,3,0.12602829933166504,1.0,1.0,1.0,,,,,,,0,0,1.0
sep_k3_d50,sep,8,800,50,3,ORACLE k-means(k*),3,0.005674839019775391,1.0,1.0,1.0,,,,,,,0,0,1.0
sep_k3_d50,sep,8,800,50,3,CDK (proposed),3,1.0582411289215088,1.0,1.0,1.0,3.0,3.0,33.0,16.0,0.0,1.0,0,0,1.0
sep_k3_d50,sep,8,800,50,3,CDK / Gaussian null,3,0.9784219264984131,1.0,1.0,1.0,3.0,3.0,33.0,16.0,0.0,1.0,0,0,1.0
sep_k3_d50,sep,8,800,50,3,CDK / AD statistic,3,3.972492218017578,1.0,1.0,1.0,3.0,3.0,33.0,16.0,0.030303030303030304,0.38461538461538464,0,0,1.0
sep_k3_d50,sep,8,800,50,3,CDK / no multiplicity corr.,3,1.0465333461761475,1.0,1.0,1.0,3.0,3.0,33.0,16.0,0.0,1.0,0,0,1.0
sep_k3_d50,sep,8,800,50,3,CDK / n_min=15,3,1.4719457626342773,1.0,1.0,1.0,3.0,3.0,73.0,28.0,0.0,1.0,0,0,1.0
sep_k3_d50,sep,8,800,50,3,CDK / n_min=40,3,4.7874650955200195,1.0,1.0,1.0,3.0,3.0,27.0,11.0,0.48148148148148145,0.9230769230769231,0,0,1.0
sep_k3_d50,sep,8,800,50,3,Silhouette,3,0.20383667945861816,1.0,1.0,1.0,,,,,,,0,0,1.0
sep_k3_d50,sep,8,800,50,3,Calinski-Har.,3,0.14397692680358887,1.0,1.0,1.0,,,,,,,0,0,1.0
sep_k3_d50,sep,8,800,50,3,Davies-Bouldin,3,0.15428805351257324,1.0,1.0,1.0,,,,,,,0,0,1.0
sep_k3_d50,sep,8,800,50,3,Elbow (Kneedle),3,0.1532759666442871,1.0,1.0,1.0,,,,,,,0,0,1.0
sep_k3_d50,sep,8,800,50,3,Jump statistic,3,0.14496874809265137,1.0,1.0,1.0,,,,,,,0,0,1.0
sep_k3_d50,sep,8,800,50,3,Gap statistic,3,0.6448237895965576,1.0,1.0,1.0,,,,,,,0,0,1.0
sep_k3_d50,sep,8,800,50,3,X-means,3,0.01996898651123047,1.0,1.0,1.0,,,,,,,0,0,1.0
sep_k3_d50,sep,8,800,50,3,G-means,8,0.0428922176361084,0.6471766089039845,0.7476752264563485,0.7492009448731561,,,,,,,5,5,0.0
sep_k3_d50,sep,8,800,50,3,dip-means,3,0.061023712158203125,1.0,1.0,1.0,,,,,,,0,0,1.0
sep_k3_d50,sep,8,800,50,3,ISODATA,12,0.03242063522338867,0.35792934010846184,0.6275654583608707,0.6305486921462616,,,,,,,9,9,0.0
sep_k3_d50,sep,8,800,50,3,MDL split/merge,3,0.016340970993041992,1.0,1.0,1.0,,,,,,,0,0,1.0
sep_k3_d50,sep,8,800,50,3,GMM+BIC,2,0.31810998916625977,0.5712754555198285,0.7335065263692218,0.7338915562325186,,,,,,,1,-1,0.0
sep_k3_d50,sep,8,800,50,3,GMM+ICL,2,0.33452868461608887,0.5712754555198285,0.7335065263692218,0.7338915562325186,,,,,,,1,-1,0.0
sep_k3_d50,sep,8,800,50,3,HDBSCAN,3,0.029473543167114258,1.0,1.0,1.0,,,,,,,0,0,1.0
sep_k3_d50,sep,8,800,50,3,Bisecting+Sil.,3,0.12329626083374023,1.0,1.0,1.0,,,,,,,0,0,1.0
sep_k3_d50,sep,7,800,50,3,ORACLE k-means(k*),3,0.010282278060913086,1.0,1.0,1.0,,,,,,,0,0,1.0
sep_k3_d50,sep,7,800,50,3,CDK (proposed),3,3.78063702583313,1.0,1.0,1.0,3.0,3.0,34.0,14.0,0.23529411764705882,1.0,0,0,1.0
sep_k3_d50,sep,7,800,50,3,CDK / Gaussian null,3,3.401024103164673,1.0,1.0,1.0,3.0,3.0,34.0,14.0,0.23529411764705882,0.9615384615384616,0,0,1.0
sep_k3_d50,sep,7,800,50,3,CDK / AD statistic,3,7.037555456161499,1.0,1.0,1.0,3.0,3.0,34.0,14.0,0.2647058823529412,0.14250000000000002,0,0,1.0
sep_k3_d50,sep,7,800,50,3,CDK / no multiplicity corr.,3,3.0135867595672607,1.0,1.0,1.0,3.0,3.0,34.0,14.0,0.23529411764705882,1.0,0,0,1.0
sep_k3_d50,sep,7,800,50,3,CDK / n_min=15,3,1.3264141082763672,1.0,1.0,1.0,3.0,3.0,56.0,23.0,0.0,1.0,0,0,1.0
sep_k3_d50,sep,7,800,50,3,CDK / n_min=40,3,5.143574953079224,1.0,1.0,1.0,3.0,3.0,26.0,10.0,0.5,0.4448076923076923,0,0,1.0
sep_k3_d50,sep,7,800,50,3,Silhouette,3,0.20755243301391602,1.0,1.0,1.0,,,,,,,0,0,1.0
sep_k3_d50,sep,7,800,50,3,Calinski-Har.,3,0.16624236106872559,1.0,1.0,1.0,,,,,,,0,0,1.0
sep_k3_d50,sep,7,800,50,3,Davies-Bouldin,3,0.1764366626739502,1.0,1.0,1.0,,,,,,,0,0,1.0
sep_k3_d50,sep,7,800,50,3,Elbow (Kneedle),3,0.14910268783569336,1.0,1.0,1.0,,,,,,,0,0,1.0
sep_k3_d50,sep,7,800,50,3,Jump statistic,3,0.14478135108947754,1.0,1.0,1.0,,,,,,,0,0,1.0
sep_k3_d50,sep,7,800,50,3,Gap statistic,3,0.6640939712524414,1.0,1.0,1.0,,,,,,,0,0,1.0
sep_k3_d50,sep,7,800,50,3,X-means,3,0.018864154815673828,1.0,1.0,1.0,,,,,,,0,0,1.0
sep_k3_d50,sep,7,800,50,3,G-means,8,0.034330129623413086,0.4905925103986941,0.7042000431171284,0.7058781913469437,,,,,,,5,5,0.0
sep_k3_d50,sep,7,800,50,3,dip-means,3,0.062013864517211914,1.0,1.0,1.0,,,,,,,0,0,1.0
sep_k3_d50,sep,7,800,50,3,ISODATA,11,0.03169608116149902,0.3741440194382943,0.6406917925119876,0.6433569747016025,,,,,,,8,8,0.0
sep_k3_d50,sep,7,800,50,3,MDL split/merge,3,0.019031524658203125,1.0,1.0,1.0,,,,,,,0,0,1.0
sep_k3_d50,sep,7,800,50,3,GMM+BIC,2,0.29605698585510254,0.5712754555198285,0.7335065263692218,0.7338915562325186,,,,,,,1,-1,0.0
sep_k3_d50,sep,7,800,50,3,GMM+ICL,2,0.4334557056427002,0.5712754555198285,0.7335065263692218,0.7338915562325186,,,,,,,1,-1,0.0
sep_k3_d50,sep,7,800,50,3,HDBSCAN,3,0.03877449035644531,0.9962499941406159,0.9924900104849459,0.9925071575581947,,,,,,,0,0,1.0
sep_k3_d50,sep,7,800,50,3,Bisecting+Sil.,3,0.1732938289642334,1.0,1.0,1.0,,,,,,,0,0,1.0
sep_k5_d2,sep,0,800,2,5,ORACLE k-means(k*),5,0.005164146423339844,1.0,1.0,1.0,,,,,,,0,0,1.0
sep_k5_d2,sep,0,800,2,5,CDK (proposed),5,3.729109764099121,0.981463313194489,0.9778120282951852,0.9779509584621134,5.0,5.0,40.0,17.0,0.525,0.0075,0,0,1.0
sep_k5_d2,sep,0,800,2,5,CDK / Gaussian null,5,3.8297653198242188,0.981463313194489,0.9778120282951852,0.9779509584621134,5.0,5.0,40.0,17.0,0.55,0.01,0,0,1.0
sep_k5_d2,sep,0,800,2,5,CDK / AD statistic,5,3.5894131660461426,0.981463313194489,0.9778120282951852,0.9779509584621134,5.0,5.0,40.0,17.0,0.425,0.27254641909814326,0,0,1.0
sep_k5_d2,sep,0,800,2,5,CDK / no multiplicity corr.,5,2.947955369949341,0.981463313194489,0.9778120282951852,0.9779509584621134,5.0,5.0,40.0,17.0,0.55,0.0075,0,0,1.0
sep_k5_d2,sep,0,800,2,5,CDK / n_min=15,5,3.0012454986572266,0.981463313194489,0.9778120282951852,0.9779509584621134,5.0,5.0,51.0,23.0,0.3137254901960784,0.145,0,0,1.0
sep_k5_d2,sep,0,800,2,5,CDK / n_min=40,5,2.964683771133423,0.981463313194489,0.9778120282951852,0.9779509584621134,5.0,5.0,27.0,11.0,0.7037037037037037,0.005,0,0,1.0
sep_k5_d2,sep,0,800,2,5,Silhouette,5,0.13568449020385742,1.0,1.0,1.0,,,,,,,0,0,1.0
sep_k5_d2,sep,0,800,2,5,Calinski-Har.,5,0.07579660415649414,1.0,1.0,1.0,,,,,,,0,0,1.0
sep_k5_d2,sep,0,800,2,5,Davies-Bouldin,5,0.0893254280090332,1.0,1.0,1.0,,,,,,,0,0,1.0
sep_k5_d2,sep,0,800,2,5,Elbow (Kneedle),5,0.074493408203125,1.0,1.0,1.0,,,,,,,0,0,1.0
sep_k5_d2,sep,0,800,2,5,Jump statistic,5,0.07431507110595703,1.0,1.0,1.0,,,,,,,0,0,1.0
sep_k5_d2,sep,0,800,2,5,Gap statistic,5,0.3309319019317627,1.0,1.0,1.0,,,,,,,0,0,1.0
sep_k5_d2,sep,0,800,2,5,X-means,7,0.034056663513183594,0.8647585017556932,0.9202419327606172,0.920934584521347,,,,,,,2,2,0.0
sep_k5_d2,sep,0,800,2,5,G-means,5,0.022603988647460938,1.0,1.0,1.0,,,,,,,0,0,1.0
sep_k5_d2,sep,0,800,2,5,dip-means,5,0.08369278907775879,1.0,1.0,1.0,,,,,,,0,0,1.0
sep_k5_d2,sep,0,800,2,5,ISODATA,5,0.01610422134399414,1.0,1.0,1.0,,,,,,,0,0,1.0
sep_k5_d2,sep,0,800,2,5,MDL split/merge,5,0.023829221725463867,1.0,1.0,1.0,,,,,,,0,0,1.0
sep_k5_d2,sep,0,800,2,5,GMM+BIC,5,0.11553573608398438,1.0,1.0,1.0,,,,,,,0,0,1.0
sep_k5_d2,sep,0,800,2,5,GMM+ICL,5,0.12006831169128418,1.0,1.0,1.0,,,,,,,0,0,1.0
sep_k5_d2,sep,0,800,2,5,HDBSCAN,5,0.004453182220458984,1.0,1.0,1.0,,,,,,,0,0,1.0
sep_k5_d2,sep,0,800,2,5,Bisecting+Sil.,5,0.10503530502319336,0.981463313194489,0.9778120282951852,0.9779509584621134,,,,,,,0,0,1.0
sep_k3_d50,sep,9,800,50,3,ORACLE k-means(k*),3,0.0049440860748291016,1.0,1.0,1.0,,,,,,,0,0,1.0
sep_k3_d50,sep,9,800,50,3,CDK (proposed),3,3.04099440574646,1.0,1.0,1.0,3.0,3.0,37.0,15.0,0.1891891891891892,0.9615384615384616,0,0,1.0
sep_k3_d50,sep,9,800,50,3,CDK / Gaussian null,3,3.182723045349121,1.0,1.0,1.0,3.0,3.0,37.0,15.0,0.16216216216216217,0.9230769230769231,0,0,1.0
sep_k3_d50,sep,9,800,50,3,CDK / AD statistic,3,6.798482179641724,1.0,1.0,1.0,3.0,3.0,37.0,15.0,0.2972972972972973,0.2692307692307692,0,0,1.0
sep_k3_d50,sep,9,800,50,3,CDK / no multiplicity corr.,3,3.292091131210327,1.0,1.0,1.0,3.0,3.0,37.0,15.0,0.1891891891891892,0.9615384615384616,0,0,1.0
sep_k3_d50,sep,9,800,50,3,CDK / n_min=15,3,1.6468257904052734,1.0,1.0,1.0,3.0,3.0,58.0,23.0,0.0,1.0,0,0,1.0
sep_k3_d50,sep,9,800,50,3,CDK / n_min=40,3,5.3863608837127686,1.0,1.0,1.0,3.0,3.0,29.0,12.0,0.41379310344827586,0.8461538461538461,0,0,1.0
sep_k3_d50,sep,9,800,50,3,Silhouette,3,0.2447352409362793,1.0,1.0,1.0,,,,,,,0,0,1.0
sep_k3_d50,sep,9,800,50,3,Calinski-Har.,3,0.17193603515625,1.0,1.0,1.0,,,,,,,0,0,1.0
sep_k3_d50,sep,9,800,50,3,Davies-Bouldin,3,0.1904926300048828,1.0,1.0,1.0,,,,,,,0,0,1.0
sep_k3_d50,sep,9,800,50,3,Elbow (Kneedle),3,0.19315242767333984,1.0,1.0,1.0,,,,,,,0,0,1.0
sep_k3_d50,sep,9,800,50,3,Jump statistic,3,0.18982768058776855,1.0,1.0,1.0,,,,,,,0,0,1.0
sep_k3_d50,sep,9,800,50,3,Gap statistic,3,0.7926347255706787,1.0,1.0,1.0,,,,,,,0,0,1.0
sep_k3_d50,sep,9,800,50,3,X-means,3,0.022826671600341797,1.0,1.0,1.0,,,,,,,0,0,1.0
sep_k3_d50,sep,9,800,50,3,G-means,4,0.021363496780395508,0.8727378418282624,0.906229041551479,0.9065206145803865,,,,,,,1,1,0.0
sep_k3_d50,sep,9,800,50,3,dip-means,3,0.07179093360900879,1.0,1.0,1.0,,,,,,,0,0,1.0
sep_k3_d50,sep,9,800,50,3,ISODATA,11,0.0382695198059082,0.3767517035994494,0.6405029598837543,0.6431672731260242,,,,,,,8,8,0.0
sep_k3_d50,sep,9,800,50,3,MDL split/merge,3,0.019978761672973633,1.0,1.0,1.0,,,,,,,0,0,1.0
sep_k3_d50,sep,9,800,50,3,GMM+BIC,2,0.4503920078277588,0.5712754555198285,0.7335065263692218,0.7338915562325186,,,,,,,1,-1,0.0
sep_k3_d50,sep,9,800,50,3,GMM+ICL,2,0.4574735164642334,0.5712754555198285,0.7335065263692218,0.7338915562325186,,,,,,,1,-1,0.0
sep_k3_d50,sep,9,800,50,3,HDBSCAN,3,0.03415703773498535,1.0,1.0,1.0,,,,,,,0,0,1.0
sep_k3_d50,sep,9,800,50,3,Bisecting+Sil.,3,0.15116238594055176,1.0,1.0,1.0,,,,,,,0,0,1.0
sep_k5_d2,sep,1,800,2,5,ORACLE k-means(k*),5,0.004079580307006836,1.0,1.0,1.0,,,,,,,0,0,1.0
sep_k5_d2,sep,1,800,2,5,CDK (proposed),5,2.885810375213623,0.9785020843697608,0.9774081107654076,0.9775495765461263,5.0,5.0,38.0,16.0,0.5263157894736842,0.005,0,0,1.0
sep_k5_d2,sep,1,800,2,5,CDK / Gaussian null,5,3.497488498687744,0.9785020843697608,0.9774081107654076,0.9775495765461263,5.0,6.0,38.0,16.0,0.5789473684210527,0.0075,0,0,1.0
sep_k5_d2,sep,1,800,2,5,CDK / AD statistic,5,4.114015817642212,0.9785020843697608,0.9774081107654076,0.9775495765461263,5.0,5.0,38.0,16.0,0.4473684210526316,0.22134615384615386,0,0,1.0
sep_k5_d2,sep,1,800,2,5,CDK / no multiplicity corr.,5,2.9292945861816406,0.9785020843697608,0.9774081107654076,0.9775495765461263,5.0,5.0,38.0,16.0,0.5789473684210527,0.005,0,0,1.0
sep_k5_d2,sep,1,800,2,5,CDK / n_min=15,5,3.2357702255249023,0.9785020843697608,0.9774081107654076,0.9775495765461263,5.0,5.0,54.0,23.0,0.3888888888888889,0.1375,0,0,1.0
sep_k5_d2,sep,1,800,2,5,CDK / n_min=40,5,2.5912580490112305,0.9785020843697608,0.9774081107654076,0.9775495765461263,5.0,5.0,25.0,11.0,0.68,0.005,0,0,1.0
sep_k5_d2,sep,1,800,2,5,Silhouette,5,0.134993314743042,1.0,1.0,1.0,,,,,,,0,0,1.0
sep_k5_d2,sep,1,800,2,5,Calinski-Har.,5,0.07843518257141113,1.0,1.0,1.0,,,,,,,0,0,1.0
sep_k5_d2,sep,1,800,2,5,Davies-Bouldin,5,0.08684468269348145,1.0,1.0,1.0,,,,,,,0,0,1.0
sep_k5_d2,sep,1,800,2,5,Elbow (Kneedle),5,0.07475852966308594,1.0,1.0,1.0,,,,,,,0,0,1.0
sep_k5_d2,sep,1,800,2,5,Jump statistic,5,0.07431697845458984,1.0,1.0,1.0,,,,,,,0,0,1.0
sep_k5_d2,sep,1,800,2,5,Gap statistic,5,0.3286881446838379,1.0,1.0,1.0,,,,,,,0,0,1.0
sep_k5_d2,sep,1,800,2,5,X-means,6,0.025072097778320312,0.9357763751679368,0.9588484313379368,0.9591581208468728,,,,,,,1,1,0.0
sep_k5_d2,sep,1,800,2,5,G-means,5,0.02327275276184082,1.0,1.0,1.0,,,,,,,0,0,1.0
sep_k5_d2,sep,1,800,2,5,dip-means,5,0.08194851875305176,1.0,1.0,1.0,,,,,,,0,0,1.0
sep_k5_d2,sep,1,800,2,5,ISODATA,5,0.015980243682861328,1.0,1.0,1.0,,,,,,,0,0,1.0
sep_k5_d2,sep,1,800,2,5,MDL split/merge,5,0.025000572204589844,1.0,1.0,1.0,,,,,,,0,0,1.0
sep_k5_d2,sep,1,800,2,5,GMM+BIC,5,0.11833500862121582,1.0,1.0,1.0,,,,,,,0,0,1.0
sep_k5_d2,sep,1,800,2,5,GMM+ICL,5,0.12255001068115234,1.0,1.0,1.0,,,,,,,0,0,1.0
sep_k5_d2,sep,1,800,2,5,HDBSCAN,5,0.004244327545166016,1.0,1.0,1.0,,,,,,,0,0,1.0
sep_k5_d2,sep,1,800,2,5,Bisecting+Sil.,5,0.10412073135375977,0.9815129240640589,0.9799128081234822,0.9800385858165668,,,,,,,0,0,1.0
sep_k5_d2,sep,2,800,2,5,ORACLE k-means(k*),5,0.0048389434814453125,1.0,1.0,1.0,,,,,,,0,0,1.0
sep_k5_d2,sep,2,800,2,5,CDK (proposed),5,3.2574286460876465,1.0,1.0,1.0,5.0,5.0,41.0,17.0,0.5121951219512195,0.005,0,0,1.0
sep_k5_d2,sep,2,800,2,5,CDK / Gaussian null,5,4.256261348724365,1.0,1.0,1.0,5.0,5.0,41.0,17.0,0.5365853658536586,0.01,0,0,1.0
sep_k5_d2,sep,2,800,2,5,CDK / AD statistic,5,3.790870189666748,1.0,1.0,1.0,5.0,5.0,41.0,17.0,0.4878048780487805,0.025,0,0,1.0
sep_k5_d2,sep,2,800,2,5,CDK / no multiplicity corr.,5,3.1514134407043457,1.0,1.0,1.0,5.0,6.0,41.0,17.0,0.5365853658536586,0.005,0,0,1.0
sep_k5_d2,sep,2,800,2,5,CDK / n_min=15,5,3.4251511096954346,1.0,1.0,1.0,5.0,5.0,63.0,29.0,0.25396825396825395,0.4230769230769231,0,0,1.0
sep_k5_d2,sep,2,800,2,5,CDK / n_min=40,5,3.6106157302856445,0.9150632507707027,0.9373038211202871,0.9376972751222303,5.0,5.0,29.0,11.0,0.7241379310344828,0.005,0,0,1.0
sep_k5_d2,sep,2,800,2,5,Silhouette,5,0.16284823417663574,1.0,1.0,1.0,,,,,,,0,0,1.0
sep_k5_d2,sep,2,800,2,5,Calinski-Har.,5,0.09993314743041992,1.0,1.0,1.0,,,,,,,0,0,1.0
sep_k5_d2,sep,2,800,2,5,Davies-Bouldin,5,0.1198415756225586,1.0,1.0,1.0,,,,,,,0,0,1.0
sep_k5_d2,sep,2,800,2,5,Elbow (Kneedle),5,0.10780477523803711,1.0,1.0,1.0,,,,,,,0,0,1.0
sep_k5_d2,sep,2,800,2,5,Jump statistic,5,0.10082054138183594,1.0,1.0,1.0,,,,,,,0,0,1.0
sep_k5_d2,sep,2,800,2,5,Gap statistic,5,0.42889952659606934,1.0,1.0,1.0,,,,,,,0,0,1.0
sep_k5_d2,sep,2,800,2,5,X-means,6,0.03209042549133301,0.9389470466875526,0.9602177945994205,0.9605176943292304,,,,,,,1,1,0.0
sep_k5_d2,sep,2,800,2,5,G-means,5,0.029893875122070312,1.0,1.0,1.0,,,,,,,0,0,1.0
sep_k5_d2,sep,2,800,2,5,dip-means,5,0.11846208572387695,1.0,1.0,1.0,,,,,,,0,0,1.0
sep_k5_d2,sep,2,800,2,5,ISODATA,5,0.021387100219726562,1.0,1.0,1.0,,,,,,,0,0,1.0
sep_k5_d2,sep,2,800,2,5,MDL split/merge,5,0.034351348876953125,1.0,1.0,1.0,,,,,,,0,0,1.0
sep_k5_d2,sep,2,800,2,5,GMM+BIC,5,0.15963172912597656,1.0,1.0,1.0,,,,,,,0,0,1.0
sep_k5_d2,sep,2,800,2,5,GMM+ICL,5,0.15943503379821777,1.0,1.0,1.0,,,,,,,0,0,1.0
sep_k5_d2,sep,2,800,2,5,HDBSCAN,5,0.00507044792175293,1.0,1.0,1.0,,,,,,,0,0,1.0
sep_k5_d2,sep,2,800,2,5,Bisecting+Sil.,6,0.11809062957763672,0.9491091751820961,0.9648329498091004,0.965099666700119,,,,,,,1,1,0.0
sep_k5_d2,sep,3,800,2,5,ORACLE k-means(k*),5,0.004118442535400391,1.0,1.0,1.0,,,,,,,0,0,1.0
sep_k5_d2,sep,3,800,2,5,CDK (proposed),5,3.5301289558410645,0.9439888565124597,0.9535035360357291,0.9537949207327177,5.0,5.0,41.0,17.0,0.5365853658536586,0.01,0,0,1.0
sep_k5_d2,sep,3,800,2,5,CDK / Gaussian null,5,4.512465476989746,0.9439888565124597,0.9535035360357291,0.9537949207327177,4.0,5.0,41.0,17.0,0.5365853658536586,0.01,0,0,1.0
sep_k5_d2,sep,3,800,2,5,CDK / AD statistic,5,4.852982997894287,0.9439888565124597,0.9535035360357291,0.9537949207327177,5.0,5.0,41.0,17.0,0.4146341463414634,0.2549019607843137,0,0,1.0
sep_k5_d2,sep,3,800,2,5,CDK / no multiplicity corr.,5,3.5145461559295654,0.9439888565124597,0.9535035360357291,0.9537949207327177,5.0,5.0,41.0,17.0,0.5853658536585366,0.01,0,0,1.0
sep_k5_d2,sep,3,800,2,5,CDK / n_min=15,5,3.2003817558288574,1.0,1.0,1.0,5.0,5.0,64.0,28.0,0.28125,0.3653846153846154,0,0,1.0
sep_k5_d2,sep,3,800,2,5,CDK / n_min=40,5,2.6450822353363037,0.9439888565124597,0.9535035360357291,0.9537949207327177,5.0,5.0,24.0,10.0,0.75,0.005,0,0,1.0
sep_k5_d2,sep,3,800,2,5,Silhouette,5,0.13334250450134277,1.0,1.0,1.0,,,,,,,0,0,1.0
sep_k5_d2,sep,3,800,2,5,Calinski-Har.,5,0.07567858695983887,1.0,1.0,1.0,,,,,,,0,0,1.0
sep_k5_d2,sep,3,800,2,5,Davies-Bouldin,5,0.08723783493041992,1.0,1.0,1.0,,,,,,,0,0,1.0
sep_k5_d2,sep,3,800,2,5,Elbow (Kneedle),5,0.07476067543029785,1.0,1.0,1.0,,,,,,,0,0,1.0
sep_k5_d2,sep,3,800,2,5,Jump statistic,5,0.07549595832824707,1.0,1.0,1.0,,,,,,,0,0,1.0
sep_k5_d2,sep,3,800,2,5,Gap statistic,5,0.3252291679382324,1.0,1.0,1.0,,,,,,,0,0,1.0
sep_k5_d2,sep,3,800,2,5,X-means,6,0.02475428581237793,0.9347168886346924,0.9583976763777983,0.9587105826093276,,,,,,,1,1,0.0
sep_k5_d2,sep,3,800,2,5,G-means,5,0.022861003875732422,1.0,1.0,1.0,,,,,,,0,0,1.0
sep_k5_d2,sep,3,800,2,5,dip-means,5,0.08184504508972168,1.0,1.0,1.0,,,,,,,0,0,1.0
sep_k5_d2,sep,3,800,2,5,ISODATA,5,0.01581740379333496,1.0,1.0,1.0,,,,,,,0,0,1.0
sep_k5_d2,sep,3,800,2,5,MDL split/merge,5,0.02502155303955078,1.0,1.0,1.0,,,,,,,0,0,1.0
sep_k5_d2,sep,3,800,2,5,GMM+BIC,5,0.11584639549255371,1.0,1.0,1.0,,,,,,,0,0,1.0
sep_k5_d2,sep,3,800,2,5,GMM+ICL,5,0.11991596221923828,1.0,1.0,1.0,,,,,,,0,0,1.0
sep_k5_d2,sep,3,800,2,5,HDBSCAN,5,0.004286527633666992,1.0,1.0,1.0,,,,,,,0,0,1.0
sep_k5_d2,sep,3,800,2,5,Bisecting+Sil.,5,0.10996341705322266,0.9436445678171892,0.9485848219792302,0.9489070049959505,,,,,,,0,0,1.0
sep_k5_d2,sep,4,800,2,5,ORACLE k-means(k*),5,0.004956960678100586,1.0,1.0,1.0,,,,,,,0,0,1.0
sep_k5_d2,sep,4,800,2,5,CDK (proposed),5,3.2024574279785156,0.9814335452659734,0.9769473183246515,0.9770916617948454,5.0,5.0,41.0,17.0,0.5365853658536586,0.005,0,0,1.0
sep_k5_d2,sep,4,800,2,5,CDK / Gaussian null,5,5.025233507156372,0.9814335452659734,0.9769473183246515,0.9770916617948454,5.0,6.0,41.0,17.0,0.6097560975609756,0.005,0,0,1.0
sep_k5_d2,sep,4,800,2,5,CDK / AD statistic,5,4.965082883834839,0.9814335452659734,0.9769473183246515,0.9770916617948454,5.0,6.0,41.0,17.0,0.5121951219512195,0.005,0,0,1.0
sep_k5_d2,sep,4,800,2,5,CDK / no multiplicity corr.,5,3.2713825702667236,0.9814335452659734,0.9769473183246515,0.9770916617948454,5.0,5.0,41.0,17.0,0.5609756097560976,0.005,0,0,1.0
sep_k5_d2,sep,4,800,2,5,CDK / n_min=15,5,3.6340808868408203,0.9814335452659734,0.9769473183246515,0.9770916617948454,5.0,6.0,57.0,26.0,0.40350877192982454,0.025,0,0,1.0
sep_k5_d2,sep,4,800,2,5,CDK / n_min=40,7,3.519731044769287,0.8731895108090914,0.9100363450617646,0.9108238046196396,7.0,7.0,33.0,13.0,0.7575757575757576,0.005,2,2,0.0
sep_k5_d2,sep,4,800,2,5,Silhouette,5,0.1323986053466797,1.0,1.0,1.0,,,,,,,0,0,1.0
sep_k5_d2,sep,4,800,2,5,Calinski-Har.,5,0.07320833206176758,1.0,1.0,1.0,,,,,,,0,0,1.0
sep_k5_d2,sep,4,800,2,5,Davies-Bouldin,5,0.08451128005981445,1.0,1.0,1.0,,,,,,,0,0,1.0
sep_k5_d2,sep,4,800,2,5,Elbow (Kneedle),5,0.07570457458496094,1.0,1.0,1.0,,,,,,,0,0,1.0
sep_k5_d2,sep,4,800,2,5,Jump statistic,5,0.07326650619506836,1.0,1.0,1.0,,,,,,,0,0,1.0
sep_k5_d2,sep,4,800,2,5,Gap statistic,5,0.34279680252075195,1.0,1.0,1.0,,,,,,,0,0,1.0
sep_k5_d2,sep,4,800,2,5,X-means,7,0.03395533561706543,0.8645174320577169,0.9201546765675718,0.9208480096248862,,,,,,,2,2,0.0
sep_k5_d2,sep,4,800,2,5,G-means,5,0.02713918685913086,1.0,1.0,1.0,,,,,,,0,0,1.0
sep_k5_d2,sep,4,800,2,5,dip-means,5,0.08785271644592285,1.0,1.0,1.0,,,,,,,0,0,1.0
sep_k5_d2,sep,4,800,2,5,ISODATA,5,0.015536308288574219,1.0,1.0,1.0,,,,,,,0,0,1.0
sep_k5_d2,sep,4,800,2,5,MDL split/merge,5,0.024402618408203125,1.0,1.0,1.0,,,,,,,0,0,1.0
sep_k5_d2,sep,4,800,2,5,GMM+BIC,5,0.1240079402923584,1.0,1.0,1.0,,,,,,,0,0,1.0
sep_k5_d2,sep,4,800,2,5,GMM+ICL,5,0.14885330200195312,1.0,1.0,1.0,,,,,,,0,0,1.0
sep_k5_d2,sep,4,800,2,5,HDBSCAN,5,0.0050351619720458984,1.0,1.0,1.0,,,,,,,0,0,1.0
sep_k5_d2,sep,4,800,2,5,Bisecting+Sil.,5,0.12060427665710449,0.9783828090746228,0.9737009594749088,0.9738656337408039,,,,,,,0,0,1.0
sep_k5_d2,sep,5,800,2,5,ORACLE k-means(k*),5,0.004106760025024414,1.0,1.0,1.0,,,,,,,0,0,1.0
sep_k5_d2,sep,5,800,2,5,CDK (proposed),5,2.827533483505249,0.9968691099886755,0.9952518682725184,0.9952815964482751,5.0,5.0,47.0,20.0,0.46808510638297873,0.035,0,0,1.0
sep_k5_d2,sep,5,800,2,5,CDK / Gaussian null,5,4.096563339233398,0.9968691099886755,0.9952518682725184,0.9952815964482751,5.0,5.0,47.0,20.0,0.44680851063829785,0.02,0,0,1.0
sep_k5_d2,sep,5,800,2,5,CDK / AD statistic,5,3.994685649871826,0.9968691099886755,0.9952518682725184,0.9952815964482751,5.0,5.0,47.0,20.0,0.40425531914893614,0.3076923076923077,0,0,1.0
sep_k5_d2,sep,5,800,2,5,CDK / no multiplicity corr.,5,3.3039944171905518,0.9968691099886755,0.9952518682725184,0.9952815964482751,5.0,6.0,47.0,20.0,0.5106382978723404,0.035,0,0,1.0
sep_k5_d2,sep,5,800,2,5,CDK / n_min=15,5,3.483008861541748,0.9968691099886755,0.9952518682725184,0.9952815964482751,5.0,6.0,63.0,29.0,0.2698412698412698,0.2692307692307692,0,0,1.0
sep_k5_d2,sep,5,800,2,5,CDK / n_min=40,5,3.2083606719970703,0.9250190137481088,0.9394922859146353,0.9398717628695676,5.0,5.0,27.0,11.0,0.7037037037037037,0.005,0,0,1.0
sep_k5_d2,sep,5,800,2,5,Silhouette,5,0.17626523971557617,1.0,1.0,1.0,,,,,,,0,0,1.0
sep_k5_d2,sep,5,800,2,5,Calinski-Har.,5,0.10129785537719727,1.0,1.0,1.0,,,,,,,0,0,1.0
sep_k5_d2,sep,5,800,2,5,Davies-Bouldin,5,0.11518716812133789,1.0,1.0,1.0,,,,,,,0,0,1.0
sep_k5_d2,sep,5,800,2,5,Elbow (Kneedle),5,0.10510087013244629,1.0,1.0,1.0,,,,,,,0,0,1.0
sep_k5_d2,sep,5,800,2,5,Jump statistic,5,0.1005089282989502,1.0,1.0,1.0,,,,,,,0,0,1.0
sep_k5_d2,sep,5,800,2,5,Gap statistic,5,0.42400074005126953,1.0,1.0,1.0,,,,,,,0,0,1.0
sep_k5_d2,sep,5,800,2,5,X-means,7,0.04944634437561035,0.8696805052194629,0.922055542762063,0.9227340148728853,,,,,,,2,2,0.0
sep_k5_d2,sep,5,800,2,5,G-means,6,0.03032398223876953,0.9374265799984337,0.9595572472744804,0.9598618726441062,,,,,,,1,1,0.0
sep_k5_d2,sep,5,800,2,5,dip-means,5,0.10417366027832031,1.0,1.0,1.0,,,,,,,0,0,1.0
sep_k5_d2,sep,5,800,2,5,ISODATA,5,0.023153066635131836,1.0,1.0,1.0,,,,,,,0,0,1.0
sep_k5_d2,sep,5,800,2,5,MDL split/merge,5,0.04684805870056152,1.0,1.0,1.0,,,,,,,0,0,1.0
sep_k5_d2,sep,5,800,2,5,GMM+BIC,5,0.18892812728881836,1.0,1.0,1.0,,,,,,,0,0,1.0
sep_k5_d2,sep,5,800,2,5,GMM+ICL,5,0.18219852447509766,1.0,1.0,1.0,,,,,,,0,0,1.0
sep_k5_d2,sep,5,800,2,5,HDBSCAN,5,0.005247831344604492,1.0,1.0,1.0,,,,,,,0,0,1.0
sep_k5_d2,sep,5,800,2,5,Bisecting+Sil.,5,0.13913702964782715,0.9250190137481088,0.9394922859146353,0.9398717628695676,,,,,,,0,0,1.0
sep_k5_d2,sep,6,800,2,5,ORACLE k-means(k*),5,0.004707813262939453,1.0,1.0,1.0,,,,,,,0,0,1.0
sep_k5_d2,sep,6,800,2,5,CDK (proposed),5,2.9619081020355225,0.9754419259620173,0.9726764159108316,0.9728475141848425,5.0,5.0,37.0,16.0,0.4864864864864865,0.015,0,0,1.0
sep_k5_d2,sep,6,800,2,5,CDK / Gaussian null,5,3.850391149520874,0.9754419259620173,0.9726764159108316,0.9728475141848425,5.0,5.0,37.0,16.0,0.5675675675675675,0.005,0,0,1.0
sep_k5_d2,sep,6,800,2,5,CDK / AD statistic,5,3.7329256534576416,0.9754419259620173,0.9726764159108316,0.9728475141848425,5.0,5.0,37.0,16.0,0.4594594594594595,0.19,0,0,1.0
sep_k5_d2,sep,6,800,2,5,CDK / no multiplicity corr.,5,3.0294740200042725,0.9754419259620173,0.9726764159108316,0.9728475141848425,5.0,5.0,37.0,16.0,0.5945945945945946,0.015,0,0,1.0
sep_k5_d2,sep,6,800,2,5,CDK / n_min=15,5,3.8367626667022705,0.9754419259620173,0.9726764159108316,0.9728475141848425,5.0,5.0,57.0,25.0,0.2807017543859649,0.25142857142857145,0,0,1.0
sep_k5_d2,sep,6,800,2,5,CDK / n_min=40,5,3.305307626724243,0.9754419259620173,0.9726764159108316,0.9728475141848425,5.0,5.0,27.0,11.0,0.7037037037037037,0.005,0,0,1.0
sep_k5_d2,sep,6,800,2,5,Silhouette,5,0.16308307647705078,1.0,1.0,1.0,,,,,,,0,0,1.0
sep_k5_d2,sep,6,800,2,5,Calinski-Har.,5,0.09273028373718262,1.0,1.0,1.0,,,,,,,0,0,1.0
sep_k5_d2,sep,6,800,2,5,Davies-Bouldin,5,0.10808038711547852,1.0,1.0,1.0,,,,,,,0,0,1.0
sep_k5_d2,sep,6,800,2,5,Elbow (Kneedle),5,0.09330892562866211,1.0,1.0,1.0,,,,,,,0,0,1.0
sep_k5_d2,sep,6,800,2,5,Jump statistic,5,0.0963141918182373,1.0,1.0,1.0,,,,,,,0,0,1.0
sep_k5_d2,sep,6,800,2,5,Gap statistic,5,0.42434263229370117,1.0,1.0,1.0,,,,,,,0,0,1.0
sep_k5_d2,sep,6,800,2,5,X-means,6,0.0322725772857666,0.9348122957039471,0.9584381304713792,0.9587507481282808,,,,,,,1,1,0.0
sep_k5_d2,sep,6,800,2,5,G-means,5,0.028920412063598633,1.0,1.0,1.0,,,,,,,0,0,1.0
sep_k5_d2,sep,6,800,2,5,dip-means,5,0.10572385787963867,1.0,1.0,1.0,,,,,,,0,0,1.0
sep_k5_d2,sep,6,800,2,5,ISODATA,5,0.019701004028320312,1.0,1.0,1.0,,,,,,,0,0,1.0
sep_k5_d2,sep,6,800,2,5,MDL split/merge,5,0.031165122985839844,1.0,1.0,1.0,,,,,,,0,0,1.0
sep_k5_d2,sep,6,800,2,5,GMM+BIC,5,0.13855266571044922,1.0,1.0,1.0,,,,,,,0,0,1.0
sep_k5_d2,sep,6,800,2,5,GMM+ICL,5,0.14107298851013184,1.0,1.0,1.0,,,,,,,0,0,1.0
sep_k5_d2,sep,6,800,2,5,HDBSCAN,5,0.004979848861694336,1.0,1.0,1.0,,,,,,,0,0,1.0
sep_k5_d2,sep,6,800,2,5,Bisecting+Sil.,5,0.12443685531616211,0.9784424488358727,0.975178822732136,0.9753342455279828,,,,,,,0,0,1.0
sep_k5_d2,sep,7,800,2,5,ORACLE k-means(k*),5,0.005858182907104492,1.0,1.0,1.0,,,,,,,0,0,1.0
sep_k5_d2,sep,7,800,2,5,CDK (proposed),6,3.9918529987335205,0.9338678775569438,0.9463079154861678,0.9467133764714105,6.0,6.0,42.0,17.0,0.5952380952380952,0.005,1,1,0.0
sep_k5_d2,sep,7,800,2,5,CDK / Gaussian null,6,4.928752422332764,0.9338678775569438,0.9463079154861678,0.9467133764714105,6.0,7.0,42.0,17.0,0.6428571428571429,0.005,1,1,0.0
sep_k5_d2,sep,7,800,2,5,CDK / AD statistic,6,4.485891103744507,0.9338678775569438,0.9463079154861678,0.9467133764714105,6.0,6.0,42.0,17.0,0.5476190476190477,0.005,1,1,0.0
sep_k5_d2,sep,7,800,2,5,CDK / no multiplicity corr.,6,3.183668613433838,0.9338678775569438,0.9463079154861678,0.9467133764714105,6.0,6.0,42.0,17.0,0.6666666666666666,0.005,1,1,0.0
sep_k5_d2,sep,7,800,2,5,CDK / n_min=15,6,3.961435556411743,0.9338678775569438,0.9463079154861678,0.9467133764714105,6.0,6.0,70.0,29.0,0.4142857142857143,0.07,1,1,0.0
sep_k5_d2,sep,7,800,2,5,CDK / n_min=40,6,3.833550453186035,0.9338678775569438,0.9463079154861678,0.9467133764714105,6.0,6.0,33.0,13.0,0.7272727272727273,0.005,1,1,0.0
sep_k5_d2,sep,7,800,2,5,Silhouette,5,0.1739792823791504,1.0,1.0,1.0,,,,,,,0,0,1.0
sep_k5_d2,sep,7,800,2,5,Calinski-Har.,5,0.09994697570800781,1.0,1.0,1.0,,,,,,,0,0,1.0
sep_k5_d2,sep,7,800,2,5,Davies-Bouldin,5,0.11249637603759766,1.0,1.0,1.0,,,,,,,0,0,1.0
sep_k5_d2,sep,7,800,2,5,Elbow (Kneedle),5,0.09181571006774902,1.0,1.0,1.0,,,,,,,0,0,1.0
sep_k5_d2,sep,7,800,2,5,Jump statistic,5,0.0926828384399414,1.0,1.0,1.0,,,,,,,0,0,1.0
sep_k5_d2,sep,7,800,2,5,Gap statistic,5,0.40803074836730957,1.0,1.0,1.0,,,,,,,0,0,1.0
sep_k5_d2,sep,7,800,2,5,X-means,6,0.030579805374145508,0.9367922595409592,0.9592838025000343,0.9595903823370333,,,,,,,1,1,0.0
sep_k5_d2,sep,7,800,2,5,G-means,5,0.03449201583862305,1.0,1.0,1.0,,,,,,,0,0,1.0
sep_k5_d2,sep,7,800,2,5,dip-means,5,0.10927104949951172,1.0,1.0,1.0,,,,,,,0,0,1.0
sep_k5_d2,sep,7,800,2,5,ISODATA,5,0.02448749542236328,1.0,1.0,1.0,,,,,,,0,0,1.0
sep_k5_d2,sep,7,800,2,5,MDL split/merge,5,0.0418086051940918,1.0,1.0,1.0,,,,,,,0,0,1.0
sep_k5_d2,sep,7,800,2,5,GMM+BIC,5,0.16441822052001953,1.0,1.0,1.0,,,,,,,0,0,1.0
sep_k5_d2,sep,7,800,2,5,GMM+ICL,5,0.1597151756286621,1.0,1.0,1.0,,,,,,,0,0,1.0
sep_k5_d2,sep,7,800,2,5,HDBSCAN,5,0.005091428756713867,1.0,1.0,1.0,,,,,,,0,0,1.0
sep_k5_d2,sep,7,800,2,5,Bisecting+Sil.,5,0.13216280937194824,0.9845044162845311,0.9806025317275346,0.98072398601518,,,,,,,0,0,1.0
sep_k5_d2,sep,8,800,2,5,ORACLE k-means(k*),5,0.005434989929199219,1.0,1.0,1.0,,,,,,,0,0,1.0
sep_k5_d2,sep,8,800,2,5,CDK (proposed),5,3.696481943130493,0.9725416274279405,0.972720590339078,0.9728914224124162,5.0,5.0,39.0,16.0,0.5384615384615384,0.005,0,0,1.0
sep_k5_d2,sep,8,800,2,5,CDK / Gaussian null,5,4.53653621673584,0.9725416274279405,0.972720590339078,0.9728914224124162,5.0,5.0,39.0,16.0,0.6410256410256411,0.005,0,0,1.0
sep_k5_d2,sep,8,800,2,5,CDK / AD statistic,5,4.844514608383179,0.9725416274279405,0.972720590339078,0.9728914224124162,5.0,5.0,39.0,16.0,0.46153846153846156,0.02,0,0,1.0
sep_k5_d2,sep,8,800,2,5,CDK / no multiplicity corr.,5,3.3408362865448,0.9725416274279405,0.972720590339078,0.9728914224124162,5.0,6.0,39.0,16.0,0.6153846153846154,0.005,0,0,1.0
sep_k5_d2,sep,8,800,2,5,CDK / n_min=15,5,2.9503612518310547,0.9725416274279405,0.972720590339078,0.9728914224124162,5.0,5.0,54.0,24.0,0.35185185185185186,0.1375,0,0,1.0
sep_k5_d2,sep,8,800,2,5,CDK / n_min=40,5,3.135577917098999,0.9725416274279405,0.972720590339078,0.9728914224124162,5.0,5.0,31.0,12.0,0.7096774193548387,0.005,0,0,1.0
sep_k5_d2,sep,8,800,2,5,Silhouette,5,0.13180804252624512,1.0,1.0,1.0,,,,,,,0,0,1.0
sep_k5_d2,sep,8,800,2,5,Calinski-Har.,5,0.07446575164794922,1.0,1.0,1.0,,,,,,,0,0,1.0
sep_k5_d2,sep,8,800,2,5,Davies-Bouldin,5,0.08573031425476074,1.0,1.0,1.0,,,,,,,0,0,1.0
sep_k5_d2,sep,8,800,2,5,Elbow (Kneedle),5,0.07368993759155273,1.0,1.0,1.0,,,,,,,0,0,1.0
sep_k5_d2,sep,8,800,2,5,Jump statistic,5,0.0731043815612793,1.0,1.0,1.0,,,,,,,0,0,1.0
sep_k5_d2,sep,8,800,2,5,Gap statistic,5,0.32170581817626953,1.0,1.0,1.0,,,,,,,0,0,1.0
sep_k5_d2,sep,8,800,2,5,X-means,5,0.023289918899536133,1.0,1.0,1.0,,,,,,,0,0,1.0
sep_k5_d2,sep,8,800,2,5,G-means,6,0.023326635360717773,0.9365066629967682,0.9591610895521454,0.9594685461468178,,,,,,,1,1,0.0
sep_k5_d2,sep,8,800,2,5,dip-means,5,0.0823974609375,1.0,1.0,1.0,,,,,,,0,0,1.0
sep_k5_d2,sep,8,800,2,5,ISODATA,5,0.015037059783935547,1.0,1.0,1.0,,,,,,,0,0,1.0
sep_k5_d2,sep,8,800,2,5,MDL split/merge,5,0.02489471435546875,1.0,1.0,1.0,,,,,,,0,0,1.0
sep_k5_d2,sep,8,800,2,5,GMM+BIC,5,0.11033964157104492,1.0,1.0,1.0,,,,,,,0,0,1.0
sep_k5_d2,sep,8,800,2,5,GMM+ICL,5,0.11445426940917969,1.0,1.0,1.0,,,,,,,0,0,1.0
sep_k5_d2,sep,8,800,2,5,HDBSCAN,5,0.004152774810791016,1.0,1.0,1.0,,,,,,,0,0,1.0
sep_k5_d2,sep,8,800,2,5,Bisecting+Sil.,5,0.10348820686340332,0.9725416274279405,0.972720590339078,0.9728914224124162,,,,,,,0,0,1.0
sep_k5_d2,sep,9,800,2,5,ORACLE k-means(k*),5,0.005548715591430664,1.0,1.0,1.0,,,,,,,0,0,1.0
sep_k5_d2,sep,9,800,2,5,CDK (proposed),5,3.286534070968628,1.0,1.0,1.0,5.0,5.0,46.0,20.0,0.43478260869565216,0.027500000000000004,0,0,1.0
sep_k5_d2,sep,9,800,2,5,CDK / Gaussian null,5,4.576554536819458,1.0,1.0,1.0,5.0,5.0,46.0,20.0,0.5217391304347826,0.01,0,0,1.0
sep_k5_d2,sep,9,800,2,5,CDK / AD statistic,5,4.60782527923584,1.0,1.0,1.0,5.0,5.0,46.0,20.0,0.3695652173913043,0.5769230769230769,0,0,1.0
sep_k5_d2,sep,9,800,2,5,CDK / no multiplicity corr.,5,3.44986629486084,1.0,1.0,1.0,5.0,5.0,46.0,20.0,0.5217391304347826,0.027500000000000004,0,0,1.0
sep_k5_d2,sep,9,800,2,5,CDK / n_min=15,5,3.3391740322113037,1.0,1.0,1.0,5.0,5.0,63.0,29.0,0.15873015873015872,0.34615384615384615,0,0,1.0
sep_k5_d2,sep,9,800,2,5,CDK / n_min=40,5,3.758249282836914,1.0,1.0,1.0,5.0,5.0,35.0,14.0,0.6285714285714286,0.005,0,0,1.0
sep_k5_d2,sep,9,800,2,5,Silhouette,5,0.17722487449645996,1.0,1.0,1.0,,,,,,,0,0,1.0
sep_k5_d2,sep,9,800,2,5,Calinski-Har.,5,0.1054379940032959,1.0,1.0,1.0,,,,,,,0,0,1.0
sep_k5_d2,sep,9,800,2,5,Davies-Bouldin,5,0.11506962776184082,1.0,1.0,1.0,,,,,,,0,0,1.0
sep_k5_d2,sep,9,800,2,5,Elbow (Kneedle),5,0.10245704650878906,1.0,1.0,1.0,,,,,,,0,0,1.0
sep_k5_d2,sep,9,800,2,5,Jump statistic,5,0.10017657279968262,1.0,1.0,1.0,,,,,,,0,0,1.0
sep_k5_d2,sep,9,800,2,5,Gap statistic,5,0.41736340522766113,1.0,1.0,1.0,,,,,,,0,0,1.0
sep_k5_d2,sep,9,800,2,5,X-means,5,0.0276644229888916,1.0,1.0,1.0,,,,,,,0,0,1.0
sep_k5_d2,sep,9,800,2,5,G-means,6,0.03204512596130371,0.9398327474805888,0.9606059567376676,0.9609030766674974,,,,,,,1,1,0.0
sep_k5_d2,sep,9,800,2,5,dip-means,5,0.10714125633239746,1.0,1.0,1.0,,,,,,,0,0,1.0
sep_k5_d2,sep,9,800,2,5,ISODATA,5,0.023285388946533203,1.0,1.0,1.0,,,,,,,0,0,1.0
sep_k5_d2,sep,9,800,2,5,MDL split/merge,5,0.03155326843261719,1.0,1.0,1.0,,,,,,,0,0,1.0
sep_k5_d2,sep,9,800,2,5,GMM+BIC,5,0.1491842269897461,1.0,1.0,1.0,,,,,,,0,0,1.0
sep_k5_d2,sep,9,800,2,5,GMM+ICL,5,0.15236544609069824,1.0,1.0,1.0,,,,,,,0,0,1.0
sep_k5_d2,sep,9,800,2,5,HDBSCAN,5,0.00476527214050293,1.0,1.0,1.0,,,,,,,0,0,1.0
sep_k5_d2,sep,9,800,2,5,Bisecting+Sil.,5,0.11829447746276855,1.0,1.0,1.0,,,,,,,0,0,1.0
sep_k5_d10,sep,0,800,10,5,ORACLE k-means(k*),5,0.004622697830200195,1.0,1.0,1.0,,,,,,,0,0,1.0
sep_k5_d10,sep,0,800,10,5,CDK (proposed),5,3.6051247119903564,0.9968691099886755,0.9952518682725183,0.995281596448275,5.0,5.0,46.0,19.0,0.43478260869565216,0.135,0,0,1.0
sep_k5_d10,sep,0,800,10,5,CDK / Gaussian null,5,3.791422128677368,0.9968691099886755,0.9952518682725183,0.995281596448275,4.0,5.0,46.0,19.0,0.41304347826086957,0.28846153846153844,0,0,1.0
sep_k5_d10,sep,0,800,10,5,CDK / AD statistic,5,5.824296474456787,0.9968691099886755,0.9952518682725183,0.995281596448275,5.0,5.0,46.0,19.0,0.43478260869565216,0.18,0,0,1.0
sep_k5_d10,sep,0,800,10,5,CDK / no multiplicity corr.,5,4.030813694000244,0.9968691099886755,0.9952518682725183,0.995281596448275,5.0,5.0,46.0,19.0,0.4782608695652174,0.135,0,0,1.0
sep_k5_d10,sep,0,800,10,5,CDK / n_min=15,5,1.833146572113037,0.9968691099886755,0.9952518682725183,0.995281596448275,5.0,5.0,58.0,28.0,0.017241379310344827,0.8846153846153846,0,0,1.0
sep_k5_d10,sep,0,800,10,5,CDK / n_min=40,5,4.149485349655151,0.9968691099886755,0.9952518682725183,0.995281596448275,5.0,5.0,29.0,11.0,0.7586206896551724,0.005,0,0,1.0
sep_k5_d10,sep,0,800,10,5,Silhouette,5,0.16933631896972656,1.0,1.0,1.0,,,,,,,0,0,1.0
sep_k5_d10,sep,0,800,10,5,Calinski-Har.,5,0.10430026054382324,1.0,1.0,1.0,,,,,,,0,0,1.0
sep_k5_d10,sep,0,800,10,5,Davies-Bouldin,5,0.1241002082824707,1.0,1.0,1.0,,,,,,,0,0,1.0
sep_k5_d10,sep,0,800,10,5,Elbow (Kneedle),5,0.10812020301818848,1.0,1.0,1.0,,,,,,,0,0,1.0
sep_k5_d10,sep,0,800,10,5,Jump statistic,5,0.10174369812011719,1.0,1.0,1.0,,,,,,,0,0,1.0
sep_k5_d10,sep,0,800,10,5,Gap statistic,5,0.45281338691711426,1.0,1.0,1.0,,,,,,,0,0,1.0
sep_k5_d10,sep,0,800,10,5,X-means,5,0.027532577514648438,1.0,1.0,1.0,,,,,,,0,0,1.0
sep_k5_d10,sep,0,800,10,5,G-means,5,0.02861785888671875,1.0,1.0,1.0,,,,,,,0,0,1.0
sep_k5_d10,sep,0,800,10,5,dip-means,5,0.10280251502990723,1.0,1.0,1.0,,,,,,,0,0,1.0
sep_k5_d10,sep,0,800,10,5,ISODATA,7,0.022597789764404297,0.86429926561913,0.9200757381178243,0.9207696873777902,,,,,,,2,2,0.0
sep_k5_d10,sep,0,800,10,5,MDL split/merge,5,0.0321965217590332,1.0,1.0,1.0,,,,,,,0,0,1.0
sep_k5_d10,sep,0,800,10,5,GMM+BIC,5,0.3821589946746826,1.0,1.0,1.0,,,,,,,0,0,1.0
sep_k5_d10,sep,0,800,10,5,GMM+ICL,5,0.3720362186431885,1.0,1.0,1.0,,,,,,,0,0,1.0
sep_k5_d10,sep,0,800,10,5,HDBSCAN,5,0.008307933807373047,1.0,1.0,1.0,,,,,,,0,0,1.0
sep_k5_d10,sep,0,800,10,5,Bisecting+Sil.,5,0.12039875984191895,1.0,1.0,1.0,,,,,,,0,0,1.0
sep_k5_d10,sep,1,800,10,5,ORACLE k-means(k*),5,0.00681304931640625,1.0,1.0,1.0,,,,,,,0,0,1.0
sep_k5_d10,sep,1,800,10,5,CDK (proposed),5,3.8778164386749268,0.9968691099886755,0.9952518682725183,0.995281596448275,5.0,5.0,44.0,17.0,0.5227272727272727,0.005,0,0,1.0
sep_k5_d10,sep,1,800,10,5,CDK / Gaussian null,5,4.414300441741943,0.9968691099886755,0.9952518682725183,0.995281596448275,5.0,5.0,44.0,17.0,0.5227272727272727,0.005,0,0,1.0
sep_k5_d10,sep,1,800,10,5,CDK / AD statistic,5,5.993888854980469,0.9968691099886755,0.9952518682725183,0.995281596448275,5.0,5.0,44.0,17.0,0.5227272727272727,0.005,0,0,1.0
sep_k5_d10,sep,1,800,10,5,CDK / no multiplicity corr.,5,3.812839984893799,0.9968691099886755,0.9952518682725183,0.995281596448275,5.0,5.0,44.0,17.0,0.5227272727272727,0.005,0,0,1.0
sep_k5_d10,sep,1,800,10,5,CDK / n_min=15,5,2.1880550384521484,0.9968691099886755,0.9952518682725183,0.995281596448275,5.0,5.0,68.0,31.0,0.014705882352941176,0.7692307692307692,0,0,1.0
sep_k5_d10,sep,1,800,10,5,CDK / n_min=40,5,4.2585320472717285,0.9968691099886755,0.9952518682725183,0.995281596448275,5.0,5.0,37.0,14.0,0.6486486486486487,0.005,0,0,1.0
sep_k5_d10,sep,1,800,10,5,Silhouette,5,0.1931297779083252,1.0,1.0,1.0,,,,,,,0,0,1.0
sep_k5_d10,sep,1,800,10,5,Calinski-Har.,5,0.12604856491088867,1.0,1.0,1.0,,,,,,,0,0,1.0
sep_k5_d10,sep,1,800,10,5,Davies-Bouldin,5,0.16840481758117676,1.0,1.0,1.0,,,,,,,0,0,1.0
sep_k5_d10,sep,1,800,10,5,Elbow (Kneedle),5,0.12644028663635254,1.0,1.0,1.0,,,,,,,0,0,1.0
sep_k5_d10,sep,1,800,10,5,Jump statistic,5,0.12517285346984863,1.0,1.0,1.0,,,,,,,0,0,1.0
sep_k5_d10,sep,1,800,10,5,Gap statistic,5,0.5847988128662109,1.0,1.0,1.0,,,,,,,0,0,1.0
sep_k5_d10,sep,1,800,10,5,X-means,5,0.03131699562072754,1.0,1.0,1.0,,,,,,,0,0,1.0
sep_k5_d10,sep,1,800,10,5,G-means,5,0.028130054473876953,1.0,1.0,1.0,,,,,,,0,0,1.0
sep_k5_d10,sep,1,800,10,5,dip-means,5,0.10862088203430176,1.0,1.0,1.0,,,,,,,0,0,1.0
sep_k5_d10,sep,1,800,10,5,ISODATA,7,0.02406477928161621,0.86667327942059,0.920938101435824,0.9216253128282786,,,,,,,2,2,0.0
sep_k5_d10,sep,1,800,10,5,MDL split/merge,5,0.03569388389587402,1.0,1.0,1.0,,,,,,,0,0,1.0
sep_k5_d10,sep,1,800,10,5,GMM+BIC,5,0.413923978805542,1.0,1.0,1.0,,,,,,,0,0,1.0
sep_k5_d10,sep,1,800,10,5,GMM+ICL,5,0.4231557846069336,1.0,1.0,1.0,,,,,,,0,0,1.0
sep_k5_d10,sep,1,800,10,5,HDBSCAN,5,0.009839057922363281,1.0,1.0,1.0,,,,,,,0,0,1.0
sep_k5_d10,sep,1,800,10,5,Bisecting+Sil.,5,0.1335132122039795,0.9968691099886755,0.9952518682725183,0.995281596448275,,,,,,,0,0,1.0
sep_k5_d10,sep,2,800,10,5,ORACLE k-means(k*),5,0.005372524261474609,1.0,1.0,1.0,,,,,,,0,0,1.0
sep_k5_d10,sep,2,800,10,5,CDK (proposed),5,3.279017210006714,0.9968691099886755,0.9952518682725183,0.995281596448275,5.0,5.0,46.0,20.0,0.34782608695652173,0.3846153846153846,0,0,1.0
sep_k5_d10,sep,2,800,10,5,CDK / Gaussian null,5,3.435755968093872,0.9968691099886755,0.9952518682725183,0.995281596448275,4.0,5.0,46.0,20.0,0.32608695652173914,0.3653846153846154,0,0,1.0
sep_k5_d10,sep,2,800,10,5,CDK / AD statistic,5,4.771773338317871,0.9968691099886755,0.9952518682725183,0.995281596448275,5.0,5.0,46.0,20.0,0.32608695652173914,0.3076923076923077,0,0,1.0
sep_k5_d10,sep,2,800,10,5,CDK / no multiplicity corr.,5,3.207656145095825,0.9968691099886755,0.9952518682725183,0.995281596448275,5.0,5.0,46.0,20.0,0.391304347826087,0.3846153846153846,0,0,1.0
sep_k5_d10,sep,2,800,10,5,CDK / n_min=15,5,2.3100831508636475,0.9968691099886755,0.9952518682725183,0.995281596448275,5.0,5.0,68.0,31.0,0.029411764705882353,0.75,0,0,1.0
sep_k5_d10,sep,2,800,10,5,CDK / n_min=40,5,4.161141872406006,0.9968691099886755,0.9952518682725183,0.995281596448275,5.0,5.0,25.0,10.0,0.8,0.005,0,0,1.0
sep_k5_d10,sep,2,800,10,5,Silhouette,5,0.18385052680969238,1.0,1.0,1.0,,,,,,,0,0,1.0
sep_k5_d10,sep,2,800,10,5,Calinski-Har.,5,0.11397624015808105,1.0,1.0,1.0,,,,,,,0,0,1.0
sep_k5_d10,sep,2,800,10,5,Davies-Bouldin,5,0.1279888153076172,1.0,1.0,1.0,,,,,,,0,0,1.0
sep_k5_d10,sep,2,800,10,5,Elbow (Kneedle),5,0.11338376998901367,1.0,1.0,1.0,,,,,,,0,0,1.0
sep_k5_d10,sep,2,800,10,5,Jump statistic,5,0.11879301071166992,1.0,1.0,1.0,,,,,,,0,0,1.0
sep_k5_d10,sep,2,800,10,5,Gap statistic,5,0.535088062286377,1.0,1.0,1.0,,,,,,,0,0,1.0
sep_k5_d10,sep,2,800,10,5,X-means,5,0.029376983642578125,1.0,1.0,1.0,,,,,,,0,0,1.0
sep_k5_d10,sep,2,800,10,5,G-means,7,0.04234910011291504,0.9166884599456732,0.9387471836033814,0.9392922766329836,,,,,,,2,2,0.0
sep_k5_d10,sep,2,800,10,5,dip-means,5,0.11405634880065918,1.0,1.0,1.0,,,,,,,0,0,1.0
sep_k5_d10,sep,2,800,10,5,ISODATA,7,0.024049997329711914,0.8739850662394516,0.9236879543557688,0.9243536301765283,,,,,,,2,2,0.0
sep_k5_d10,sep,2,800,10,5,MDL split/merge,5,0.035259246826171875,1.0,1.0,1.0,,,,,,,0,0,1.0
sep_k5_d10,sep,2,800,10,5,GMM+BIC,5,0.39378786087036133,1.0,1.0,1.0,,,,,,,0,0,1.0
sep_k5_d10,sep,2,800,10,5,GMM+ICL,5,0.40085387229919434,1.0,1.0,1.0,,,,,,,0,0,1.0
sep_k5_d10,sep,2,800,10,5,HDBSCAN,5,0.009170055389404297,0.9968691099886755,0.9952518682725184,0.9952815964482751,,,,,,,0,0,1.0
sep_k5_d10,sep,2,800,10,5,Bisecting+Sil.,5,0.12534141540527344,0.9937481085578733,0.990506147772212,0.990565589332136,,,,,,,0,0,1.0
sep_k5_d10,sep,3,800,10,5,ORACLE k-means(k*),5,0.006705284118652344,1.0,1.0,1.0,,,,,,,0,0,1.0
sep_k5_d10,sep,3,800,10,5,CDK (proposed),5,3.880831480026245,0.9691923778047782,0.9588448709633653,0.9591025469291182,5.0,5.0,46.0,18.0,0.45652173913043476,0.2530769230769231,0,0,1.0
sep_k5_d10,sep,3,800,10,5,CDK / Gaussian null,5,3.547569751739502,0.9691923778047782,0.9588448709633653,0.9591025469291182,5.0,5.0,46.0,18.0,0.45652173913043476,0.28846153846153844,0,0,1.0
sep_k5_d10,sep,3,800,10,5,CDK / AD statistic,5,5.528088092803955,0.9691923778047782,0.9588448709633653,0.9591025469291182,5.0,5.0,46.0,18.0,0.45652173913043476,0.3269230769230769,0,0,1.0
sep_k5_d10,sep,3,800,10,5,CDK / no multiplicity corr.,5,3.9782981872558594,0.9691923778047782,0.9588448709633653,0.9591025469291182,5.0,5.0,46.0,18.0,0.45652173913043476,0.2530769230769231,0,0,1.0
sep_k5_d10,sep,3,800,10,5,CDK / n_min=15,5,2.5086636543273926,0.9691923778047782,0.9588448709633653,0.9591025469291182,5.0,5.0,64.0,28.0,0.140625,0.8846153846153846,0,0,1.0
sep_k5_d10,sep,3,800,10,5,CDK / n_min=40,5,4.774292230606079,0.9691923778047782,0.9588448709633652,0.9591025469291181,5.0,5.0,34.0,13.0,0.6764705882352942,0.005,0,0,1.0
sep_k5_d10,sep,3,800,10,5,Silhouette,5,0.19477415084838867,1.0,1.0,1.0,,,,,,,0,0,1.0
sep_k5_d10,sep,3,800,10,5,Calinski-Har.,5,0.11780858039855957,1.0,1.0,1.0,,,,,,,0,0,1.0
sep_k5_d10,sep,3,800,10,5,Davies-Bouldin,5,0.12634539604187012,1.0,1.0,1.0,,,,,,,0,0,1.0
sep_k5_d10,sep,3,800,10,5,Elbow (Kneedle),5,0.10299897193908691,1.0,1.0,1.0,,,,,,,0,0,1.0
sep_k5_d10,sep,3,800,10,5,Jump statistic,5,0.10549640655517578,1.0,1.0,1.0,,,,,,,0,0,1.0
sep_k5_d10,sep,3,800,10,5,Gap statistic,5,0.498399019241333,1.0,1.0,1.0,,,,,,,0,0,1.0
sep_k5_d10,sep,3,800,10,5,X-means,5,0.02793741226196289,1.0,1.0,1.0,,,,,,,0,0,1.0
sep_k5_d10,sep,3,800,10,5,G-means,5,0.027744531631469727,1.0,1.0,1.0,,,,,,,0,0,1.0
sep_k5_d10,sep,3,800,10,5,dip-means,5,0.09913969039916992,1.0,1.0,1.0,,,,,,,0,0,1.0
sep_k5_d10,sep,3,800,10,5,ISODATA,7,0.03680777549743652,0.8658023899753473,0.9206207562059637,0.9213104485777709,,,,,,,2,2,0.0
sep_k5_d10,sep,3,800,10,5,MDL split/merge,5,0.04230165481567383,1.0,1.0,1.0,,,,,,,0,0,1.0
sep_k5_d10,sep,3,800,10,5,GMM+BIC,5,0.39214539527893066,1.0,1.0,1.0,,,,,,,0,0,1.0
sep_k5_d10,sep,3,800,10,5,GMM+ICL,5,0.39363527297973633,1.0,1.0,1.0,,,,,,,0,0,1.0
sep_k5_d10,sep,3,800,10,5,HDBSCAN,5,0.008162498474121094,0.9968691099886755,0.9952518682725184,0.9952815964482751,,,,,,,0,0,1.0
sep_k5_d10,sep,3,800,10,5,Bisecting+Sil.,5,0.12352275848388672,0.9937480346795808,0.9905061789482673,0.9905656200078305,,,,,,,0,0,1.0
sep_k5_d10,sep,4,800,10,5,ORACLE k-means(k*),5,0.0051898956298828125,1.0,1.0,1.0,,,,,,,0,0,1.0
sep_k5_d10,sep,4,800,10,5,CDK (proposed),5,3.733309507369995,0.9968691099886755,0.9952518682725183,0.995281596448275,5.0,5.0,45.0,18.0,0.4444444444444444,0.4230769230769231,0,0,1.0
sep_k5_d10,sep,4,800,10,5,CDK / Gaussian null,5,4.074011325836182,0.9968691099886755,0.9952518682725183,0.995281596448275,5.0,5.0,45.0,18.0,0.4222222222222222,0.2692307692307692,0,0,1.0
sep_k5_d10,sep,4,800,10,5,CDK / AD statistic,5,5.825061082839966,0.9968691099886755,0.9952518682725183,0.995281596448275,5.0,5.0,45.0,18.0,0.4444444444444444,0.18,0,0,1.0
sep_k5_d10,sep,4,800,10,5,CDK / no multiplicity corr.,5,3.6386539936065674,0.9968691099886755,0.9952518682725183,0.995281596448275,5.0,5.0,45.0,18.0,0.4444444444444444,0.4230769230769231,0,0,1.0
sep_k5_d10,sep,4,800,10,5,CDK / n_min=15,5,2.2989814281463623,0.9968691099886755,0.9952518682725183,0.995281596448275,5.0,5.0,63.0,28.0,0.1111111111111111,0.8076923076923077,0,0,1.0
sep_k5_d10,sep,4,800,10,5,CDK / n_min=40,5,4.134580850601196,0.9968691099886755,0.9952518682725183,0.995281596448275,5.0,5.0,31.0,12.0,0.7096774193548387,0.005,0,0,1.0
sep_k5_d10,sep,4,800,10,5,Silhouette,5,0.1609029769897461,1.0,1.0,1.0,,,,,,,0,0,1.0
sep_k5_d10,sep,4,800,10,5,Calinski-Har.,5,0.10088968276977539,1.0,1.0,1.0,,,,,,,0,0,1.0
sep_k5_d10,sep,4,800,10,5,Davies-Bouldin,5,0.12311816215515137,1.0,1.0,1.0,,,,,,,0,0,1.0
sep_k5_d10,sep,4,800,10,5,Elbow (Kneedle),5,0.1146237850189209,1.0,1.0,1.0,,,,,,,0,0,1.0
sep_k5_d10,sep,4,800,10,5,Jump statistic,5,0.10115694999694824,1.0,1.0,1.0,,,,,,,0,0,1.0
sep_k5_d10,sep,4,800,10,5,Gap statistic,5,0.47753429412841797,1.0,1.0,1.0,,,,,,,0,0,1.0
sep_k5_d10,sep,4,800,10,5,X-means,5,0.032633066177368164,1.0,1.0,1.0,,,,,,,0,0,1.0
sep_k5_d10,sep,4,800,10,5,G-means,7,0.047273874282836914,0.8679665935845304,0.9214144170605899,0.9220979037653307,,,,,,,2,2,0.0
sep_k5_d10,sep,4,800,10,5,dip-means,5,0.0955667495727539,1.0,1.0,1.0,,,,,,,0,0,1.0
sep_k5_d10,sep,4,800,10,5,ISODATA,7,0.02254199981689453,0.8687325458783404,0.9216960634815576,0.9223773446336778,,,,,,,2,2,0.0
sep_k5_d10,sep,4,800,10,5,MDL split/merge,5,0.03280305862426758,1.0,1.0,1.0,,,,,,,0,0,1.0
sep_k5_d10,sep,4,800,10,5,GMM+BIC,5,0.392331600189209,1.0,1.0,1.0,,,,,,,0,0,1.0
sep_k5_d10,sep,4,800,10,5,GMM+ICL,5,0.3878345489501953,1.0,1.0,1.0,,,,,,,0,0,1.0
sep_k5_d10,sep,4,800,10,5,HDBSCAN,5,0.0077669620513916016,1.0,1.0,1.0,,,,,,,0,0,1.0
sep_k5_d10,sep,4,800,10,5,Bisecting+Sil.,5,0.1049344539642334,0.9968691099886755,0.9952518682725183,0.995281596448275,,,,,,,0,0,1.0
sep_k5_d10,sep,6,800,10,5,ORACLE k-means(k*),5,0.0044307708740234375,1.0,1.0,1.0,,,,,,,0,0,1.0
sep_k5_d10,sep,6,800,10,5,CDK (proposed),5,2.87693190574646,0.9874866982641379,0.9820882917734481,0.9822004391620147,5.0,5.0,49.0,21.0,0.30612244897959184,0.5,0,0,1.0
sep_k5_d10,sep,6,800,10,5,CDK / Gaussian null,5,2.882847785949707,0.9874866982641379,0.9820882917734481,0.9822004391620147,4.0,5.0,49.0,21.0,0.32653061224489793,0.4230769230769231,0,0,1.0
sep_k5_d10,sep,6,800,10,5,CDK / AD statistic,5,4.664201498031616,0.9874866982641379,0.9820882917734481,0.9822004391620147,5.0,5.0,49.0,21.0,0.30612244897959184,0.3076923076923077,0,0,1.0
sep_k5_d10,sep,6,800,10,5,CDK / no multiplicity corr.,5,3.075416326522827,0.9874866982641379,0.9820882917734481,0.9822004391620147,5.0,5.0,49.0,21.0,0.30612244897959184,0.5,0,0,1.0
sep_k5_d10,sep,6,800,10,5,CDK / n_min=15,5,2.230266571044922,0.9874866982641379,0.9820882917734481,0.9822004391620147,5.0,5.0,63.0,28.0,0.09523809523809523,0.8076923076923077,0,0,1.0
sep_k5_d10,sep,6,800,10,5,CDK / n_min=40,5,3.95928955078125,0.9874866982641379,0.9820882917734481,0.9822004391620147,5.0,5.0,31.0,12.0,0.7096774193548387,0.005,0,0,1.0
sep_k5_d10,sep,6,800,10,5,Silhouette,5,0.1759030818939209,1.0,1.0,1.0,,,,,,,0,0,1.0
sep_k5_d10,sep,6,800,10,5,Calinski-Har.,5,0.11275839805603027,1.0,1.0,1.0,,,,,,,0,0,1.0
sep_k5_d10,sep,6,800,10,5,Davies-Bouldin,5,0.11918115615844727,1.0,1.0,1.0,,,,,,,0,0,1.0
sep_k5_d10,sep,6,800,10,5,Elbow (Kneedle),5,0.10849666595458984,1.0,1.0,1.0,,,,,,,0,0,1.0
sep_k5_d10,sep,6,800,10,5,Jump statistic,5,0.10366964340209961,1.0,1.0,1.0,,,,,,,0,0,1.0
sep_k5_d10,sep,6,800,10,5,Gap statistic,5,0.47695159912109375,1.0,1.0,1.0,,,,,,,0,0,1.0
sep_k5_d10,sep,6,800,10,5,X-means,5,0.026056528091430664,1.0,1.0,1.0,,,,,,,0,0,1.0
sep_k5_d10,sep,6,800,10,5,G-means,5,0.027363300323486328,1.0,1.0,1.0,,,,,,,0,0,1.0
sep_k5_d10,sep,6,800,10,5,dip-means,5,0.09841537475585938,1.0,1.0,1.0,,,,,,,0,0,1.0
sep_k5_d10,sep,6,800,10,5,ISODATA,7,0.022388696670532227,0.8696805052194629,0.922055542762063,0.9227340148728853,,,,,,,2,2,0.0
sep_k5_d10,sep,6,800,10,5,MDL split/merge,5,0.036751508712768555,1.0,1.0,1.0,,,,,,,0,0,1.0
sep_k5_d10,sep,6,800,10,5,GMM+BIC,5,0.4314436912536621,1.0,1.0,1.0,,,,,,,0,0,1.0
sep_k5_d10,sep,6,800,10,5,GMM+ICL,5,0.3880331516265869,1.0,1.0,1.0,,,,,,,0,0,1.0
sep_k5_d10,sep,6,800,10,5,HDBSCAN,5,0.008723020553588867,0.9968691099886755,0.9952518682725183,0.995281596448275,,,,,,,0,0,1.0
sep_k5_d10,sep,6,800,10,5,Bisecting+Sil.,5,0.12531256675720215,0.9874866982641379,0.9820882917734481,0.9822004391620147,,,,,,,0,0,1.0
sep_k5_d10,sep,5,800,10,5,ORACLE k-means(k*),5,0.005251646041870117,1.0,1.0,1.0,,,,,,,0,0,1.0
sep_k5_d10,sep,5,800,10,5,CDK (proposed),5,3.616595983505249,0.9937579600246279,0.9915871831020886,0.9916398563708724,5.0,5.0,48.0,20.0,0.3958333333333333,0.2586618876941458,0,0,1.0
sep_k5_d10,sep,5,800,10,5,CDK / Gaussian null,5,3.3926641941070557,0.9937579600246279,0.9915871831020886,0.9916398563708724,5.0,5.0,48.0,20.0,0.3541666666666667,0.40384615384615385,0,0,1.0
sep_k5_d10,sep,5,800,10,5,CDK / AD statistic,5,5.576984167098999,0.9937579600246279,0.9915871831020886,0.9916398563708724,5.0,5.0,48.0,20.0,0.375,0.2505769230769231,0,0,1.0
sep_k5_d10,sep,5,800,10,5,CDK / no multiplicity corr.,5,3.3008382320404053,0.9937579600246279,0.9915871831020886,0.9916398563708724,5.0,5.0,48.0,20.0,0.3958333333333333,0.2586618876941458,0,0,1.0
sep_k5_d10,sep,5,800,10,5,CDK / n_min=15,5,2.5597047805786133,0.9937579600246279,0.9915871831020886,0.9916398563708724,5.0,5.0,65.0,29.0,0.12307692307692308,0.6538461538461539,0,0,1.0
sep_k5_d10,sep,5,800,10,5,CDK / n_min=40,5,3.7459518909454346,0.9937579600246279,0.9915871831020886,0.9916398563708724,5.0,5.0,29.0,11.0,0.7586206896551724,0.005,0,0,1.0
sep_k5_d10,sep,5,800,10,5,Silhouette,5,0.1543903350830078,1.0,1.0,1.0,,,,,,,0,0,1.0
sep_k5_d10,sep,5,800,10,5,Calinski-Har.,5,0.09151029586791992,1.0,1.0,1.0,,,,,,,0,0,1.0
sep_k5_d10,sep,5,800,10,5,Davies-Bouldin,5,0.10289382934570312,1.0,1.0,1.0,,,,,,,0,0,1.0
sep_k5_d10,sep,5,800,10,5,Elbow (Kneedle),5,0.09067797660827637,1.0,1.0,1.0,,,,,,,0,0,1.0
sep_k5_d10,sep,5,800,10,5,Jump statistic,5,0.0897064208984375,1.0,1.0,1.0,,,,,,,0,0,1.0
sep_k5_d10,sep,5,800,10,5,Gap statistic,5,0.42581701278686523,1.0,1.0,1.0,,,,,,,0,0,1.0
sep_k5_d10,sep,5,800,10,5,X-means,5,0.026201486587524414,1.0,1.0,1.0,,,,,,,0,0,1.0
sep_k5_d10,sep,5,800,10,5,G-means,5,0.0274660587310791,1.0,1.0,1.0,,,,,,,0,0,1.0
sep_k5_d10,sep,5,800,10,5,dip-means,5,0.08471131324768066,1.0,1.0,1.0,,,,,,,0,0,1.0
sep_k5_d10,sep,5,800,10,5,ISODATA,7,0.02055668830871582,0.8683210707798461,0.9215417473550463,0.922224234762619,,,,,,,2,2,0.0
sep_k5_d10,sep,5,800,10,5,MDL split/merge,5,0.028714656829833984,1.0,1.0,1.0,,,,,,,0,0,1.0
sep_k5_d10,sep,5,800,10,5,GMM+BIC,5,0.2998676300048828,1.0,1.0,1.0,,,,,,,0,0,1.0
sep_k5_d10,sep,5,800,10,5,GMM+ICL,5,0.3189659118652344,1.0,1.0,1.0,,,,,,,0,0,1.0
sep_k5_d10,sep,5,800,10,5,HDBSCAN,5,0.007946968078613281,0.9937481085578733,0.990506147772212,0.990565589332136,,,,,,,0,0,1.0
sep_k5_d10,sep,5,800,10,5,Bisecting+Sil.,5,0.11419391632080078,0.9968691099886755,0.9952518682725183,0.995281596448275,,,,,,,0,0,1.0
sep_k5_d10,sep,8,800,10,5,ORACLE k-means(k*),5,0.009219646453857422,1.0,1.0,1.0,,,,,,,0,0,1.0
sep_k5_d10,sep,8,800,10,5,CDK (proposed),5,3.0778579711914062,0.9906666593459081,0.9883314061298462,0.9884044649935745,5.0,5.0,49.0,22.0,0.2857142857142857,0.38461538461538464,0,0,1.0
sep_k5_d10,sep,8,800,10,5,CDK / Gaussian null,5,2.057570457458496,0.9906666593459081,0.9883314061298462,0.9884044649935745,4.0,5.0,49.0,22.0,0.22448979591836735,0.46153846153846156,0,0,1.0
sep_k5_d10,sep,8,800,10,5,CDK / AD statistic,5,3.931204080581665,0.9906666593459081,0.9883314061298462,0.9884044649935745,5.0,5.0,49.0,22.0,0.24489795918367346,0.34615384615384615,0,0,1.0
sep_k5_d10,sep,8,800,10,5,CDK / no multiplicity corr.,5,3.07474684715271,0.9906666593459081,0.9883314061298462,0.9884044649935745,5.0,6.0,49.0,22.0,0.32653061224489793,0.38461538461538464,0,0,1.0
sep_k5_d10,sep,8,800,10,5,CDK / n_min=15,5,2.117706775665283,0.9906666593459081,0.9883314061298463,0.9884044649935746,5.0,5.0,64.0,30.0,0.03125,0.6730769230769231,0,0,1.0
sep_k5_d10,sep,8,800,10,5,CDK / n_min=40,5,3.267094850540161,0.9906666593459081,0.9883314061298463,0.9884044649935746,5.0,5.0,27.0,11.0,0.7407407407407407,0.005,0,0,1.0
sep_k5_d10,sep,8,800,10,5,Silhouette,5,0.15566182136535645,1.0,1.0,1.0,,,,,,,0,0,1.0
sep_k5_d10,sep,8,800,10,5,Calinski-Har.,5,0.09210896492004395,1.0,1.0,1.0,,,,,,,0,0,1.0
sep_k5_d10,sep,8,800,10,5,Davies-Bouldin,5,0.10421919822692871,1.0,1.0,1.0,,,,,,,0,0,1.0
sep_k5_d10,sep,8,800,10,5,Elbow (Kneedle),5,0.0900261402130127,1.0,1.0,1.0,,,,,,,0,0,1.0
sep_k5_d10,sep,8,800,10,5,Jump statistic,5,0.0896749496459961,1.0,1.0,1.0,,,,,,,0,0,1.0
sep_k5_d10,sep,8,800,10,5,Gap statistic,5,0.4436795711517334,1.0,1.0,1.0,,,,,,,0,0,1.0
sep_k5_d10,sep,8,800,10,5,X-means,5,0.024550199508666992,1.0,1.0,1.0,,,,,,,0,0,1.0
sep_k5_d10,sep,8,800,10,5,G-means,5,0.02576303482055664,1.0,1.0,1.0,,,,,,,0,0,1.0
sep_k5_d10,sep,8,800,10,5,dip-means,5,0.08576416969299316,1.0,1.0,1.0,,,,,,,0,0,1.0
sep_k5_d10,sep,8,800,10,5,ISODATA,7,0.023393630981445312,0.8672686644857479,0.9211561888364931,0.9218416946142791,,,,,,,2,2,0.0
sep_k5_d10,sep,8,800,10,5,MDL split/merge,5,0.028043746948242188,1.0,1.0,1.0,,,,,,,0,0,1.0
sep_k5_d10,sep,8,800,10,5,GMM+BIC,5,0.2792167663574219,1.0,1.0,1.0,,,,,,,0,0,1.0
sep_k5_d10,sep,8,800,10,5,GMM+ICL,5,0.2912161350250244,1.0,1.0,1.0,,,,,,,0,0,1.0
sep_k5_d10,sep,8,800,10,5,HDBSCAN,5,0.0078067779541015625,1.0,1.0,1.0,,,,,,,0,0,1.0
sep_k5_d10,sep,8,800,10,5,Bisecting+Sil.,5,0.11482787132263184,1.0,1.0,1.0,,,,,,,0,0,1.0
sep_k5_d10,sep,7,800,10,5,ORACLE k-means(k*),5,0.005423307418823242,1.0,1.0,1.0,,,,,,,0,0,1.0
sep_k5_d10,sep,7,800,10,5,CDK (proposed),5,4.127594232559204,1.0,1.0,1.0,5.0,5.0,46.0,19.0,0.391304347826087,0.14500000000000002,0,0,1.0
sep_k5_d10,sep,7,800,10,5,CDK / Gaussian null,5,3.4028825759887695,1.0,1.0,1.0,3.0,5.0,46.0,19.0,0.3695652173913043,0.26619433198380565,0,0,1.0
sep_k5_d10,sep,7,800,10,5,CDK / AD statistic,5,5.382479906082153,1.0,1.0,1.0,5.0,5.0,46.0,19.0,0.3695652173913043,0.195,0,0,1.0
sep_k5_d10,sep,7,800,10,5,CDK / no multiplicity corr.,5,3.3424510955810547,1.0,1.0,1.0,5.0,5.0,46.0,19.0,0.45652173913043476,0.14500000000000002,0,0,1.0
sep_k5_d10,sep,7,800,10,5,CDK / n_min=15,5,2.2417027950286865,1.0,1.0,1.0,5.0,5.0,64.0,29.0,0.03125,0.6153846153846154,0,0,1.0
sep_k5_d10,sep,7,800,10,5,CDK / n_min=40,5,3.405186653137207,1.0,1.0,1.0,5.0,5.0,31.0,12.0,0.7096774193548387,0.005,0,0,1.0
sep_k5_d10,sep,7,800,10,5,Silhouette,5,0.15061116218566895,1.0,1.0,1.0,,,,,,,0,0,1.0
sep_k5_d10,sep,7,800,10,5,Calinski-Har.,5,0.0895228385925293,1.0,1.0,1.0,,,,,,,0,0,1.0
sep_k5_d10,sep,7,800,10,5,Davies-Bouldin,5,0.10067105293273926,1.0,1.0,1.0,,,,,,,0,0,1.0
sep_k5_d10,sep,7,800,10,5,Elbow (Kneedle),5,0.09287142753601074,1.0,1.0,1.0,,,,,,,0,0,1.0
sep_k5_d10,sep,7,800,10,5,Jump statistic,5,0.09116053581237793,1.0,1.0,1.0,,,,,,,0,0,1.0
sep_k5_d10,sep,7,800,10,5,Gap statistic,5,0.42192673683166504,1.0,1.0,1.0,,,,,,,0,0,1.0
sep_k5_d10,sep,7,800,10,5,X-means,5,0.024747133255004883,1.0,1.0,1.0,,,,,,,0,0,1.0
sep_k5_d10,sep,7,800,10,5,G-means,6,0.035660743713378906,0.9461850913763284,0.9634671108310026,0.9637436773693556,,,,,,,1,1,0.0
sep_k5_d10,sep,7,800,10,5,dip-means,5,0.08200287818908691,1.0,1.0,1.0,,,,,,,0,0,1.0
sep_k5_d10,sep,7,800,10,5,ISODATA,7,0.01894855499267578,0.8641384774936387,0.9200176563385615,0.9207120589618214,,,,,,,2,2,0.0
sep_k5_d10,sep,7,800,10,5,MDL split/merge,5,0.028269052505493164,1.0,1.0,1.0,,,,,,,0,0,1.0
sep_k5_d10,sep,7,800,10,5,GMM+BIC,5,0.28136563301086426,1.0,1.0,1.0,,,,,,,0,0,1.0
sep_k5_d10,sep,7,800,10,5,GMM+ICL,5,0.28798651695251465,1.0,1.0,1.0,,,,,,,0,0,1.0
sep_k5_d10,sep,7,800,10,5,HDBSCAN,5,0.00825953483581543,0.9968691099886755,0.9952518682725183,0.995281596448275,,,,,,,0,0,1.0
sep_k5_d10,sep,7,800,10,5,Bisecting+Sil.,5,0.1253046989440918,1.0,1.0,1.0,,,,,,,0,0,1.0
sep_k5_d10,sep,9,800,10,5,ORACLE k-means(k*),5,0.005036354064941406,1.0,1.0,1.0,,,,,,,0,0,1.0
sep_k5_d10,sep,9,800,10,5,CDK (proposed),5,3.4824016094207764,0.9663573126730648,0.960444945595832,0.9606926392468654,5.0,5.0,40.0,16.0,0.5,0.0275,0,0,1.0
sep_k5_d10,sep,9,800,10,5,CDK / Gaussian null,5,3.621263027191162,0.9663573126730648,0.960444945595832,0.9606926392468654,5.0,5.0,40.0,16.0,0.475,0.2301530612244898,0,0,1.0
sep_k5_d10,sep,9,800,10,5,CDK / AD statistic,5,4.856339454650879,0.9663573126730648,0.960444945595832,0.9606926392468654,5.0,5.0,40.0,16.0,0.475,0.08,0,0,1.0
sep_k5_d10,sep,9,800,10,5,CDK / no multiplicity corr.,5,3.5033655166625977,0.9663573126730648,0.960444945595832,0.9606926392468654,5.0,5.0,40.0,16.0,0.525,0.0275,0,0,1.0
sep_k5_d10,sep,9,800,10,5,CDK / n_min=15,5,2.914015054702759,0.9663573126730648,0.960444945595832,0.9606926392468654,5.0,5.0,52.0,22.0,0.15384615384615385,0.7884615384615385,0,0,1.0
sep_k5_d10,sep,9,800,10,5,CDK / n_min=40,5,4.3167126178741455,0.9663573126730648,0.960444945595832,0.9606926392468654,5.0,5.0,27.0,10.0,0.7777777777777778,0.005,0,0,1.0
sep_k5_d10,sep,9,800,10,5,Silhouette,5,0.1762866973876953,1.0,1.0,1.0,,,,,,,0,0,1.0
sep_k5_d10,sep,9,800,10,5,Calinski-Har.,5,0.1221160888671875,1.0,1.0,1.0,,,,,,,0,0,1.0
sep_k5_d10,sep,9,800,10,5,Davies-Bouldin,5,0.1343703269958496,1.0,1.0,1.0,,,,,,,0,0,1.0
sep_k5_d10,sep,9,800,10,5,Elbow (Kneedle),5,0.10546517372131348,1.0,1.0,1.0,,,,,,,0,0,1.0
sep_k5_d10,sep,9,800,10,5,Jump statistic,5,0.10711908340454102,1.0,1.0,1.0,,,,,,,0,0,1.0
sep_k5_d10,sep,9,800,10,5,Gap statistic,5,0.521674394607544,1.0,1.0,1.0,,,,,,,0,0,1.0
sep_k5_d10,sep,9,800,10,5,X-means,5,0.04364180564880371,1.0,1.0,1.0,,,,,,,0,0,1.0
sep_k5_d10,sep,9,800,10,5,G-means,5,0.03256940841674805,1.0,1.0,1.0,,,,,,,0,0,1.0
sep_k5_d10,sep,9,800,10,5,dip-means,5,0.112213134765625,1.0,1.0,1.0,,,,,,,0,0,1.0
sep_k5_d10,sep,9,800,10,5,ISODATA,7,0.020107269287109375,0.867726384218637,0.9213234057861758,0.9220076025961158,,,,,,,2,2,0.0
sep_k5_d10,sep,9,800,10,5,MDL split/merge,5,0.029304981231689453,1.0,1.0,1.0,,,,,,,0,0,1.0
sep_k5_d10,sep,9,800,10,5,GMM+BIC,5,0.36094045639038086,1.0,1.0,1.0,,,,,,,0,0,1.0
sep_k5_d10,sep,9,800,10,5,GMM+ICL,5,0.44049644470214844,1.0,1.0,1.0,,,,,,,0,0,1.0
sep_k5_d10,sep,9,800,10,5,HDBSCAN,5,0.009056568145751953,1.0,1.0,1.0,,,,,,,0,0,1.0
sep_k5_d10,sep,9,800,10,5,Bisecting+Sil.,5,0.136993408203125,0.9783828090746228,0.9737009594749088,0.9738656337408039,,,,,,,0,0,1.0
sep_k5_d50,sep,0,800,50,5,ORACLE k-means(k*),5,0.008613824844360352,1.0,1.0,1.0,,,,,,,0,0,1.0
sep_k5_d50,sep,0,800,50,5,CDK (proposed),5,5.54805850982666,0.9844251718430678,0.9799182901852591,0.980044026150531,5.0,5.0,43.0,17.0,0.5116279069767442,0.005,0,0,1.0
sep_k5_d50,sep,0,800,50,5,CDK / Gaussian null,4,4.989100456237793,0.7736565619957738,0.8925033478099097,0.8930553606319916,3.0,5.0,43.0,17.0,0.4883720930232558,0.015,1,-1,0.0
sep_k5_d50,sep,0,800,50,5,CDK / AD statistic,5,7.858618259429932,0.9844251718430678,0.9799182901852591,0.980044026150531,5.0,6.0,43.0,17.0,0.5581395348837209,0.005,0,0,1.0
sep_k5_d50,sep,0,800,50,5,CDK / no multiplicity corr.,5,6.388813018798828,0.9844251718430678,0.9799182901852591,0.980044026150531,5.0,5.0,43.0,17.0,0.5116279069767442,0.005,0,0,1.0
sep_k5_d50,sep,0,800,50,5,CDK / n_min=15,5,5.874013900756836,0.9844251718430678,0.9799182901852591,0.980044026150531,5.0,5.0,39.0,17.0,0.358974358974359,1.0,0,0,1.0
sep_k5_d50,sep,0,800,50,5,CDK / n_min=40,5,8.458566427230835,0.9054948725837637,0.9200584552986149,0.9205601207111925,5.0,5.0,22.0,9.0,0.8181818181818182,0.005,0,0,1.0
sep_k5_d50,sep,0,800,50,5,Silhouette,5,0.1869513988494873,1.0,1.0,1.0,,,,,,,0,0,1.0
sep_k5_d50,sep,0,800,50,5,Calinski-Har.,5,0.14280271530151367,1.0,1.0,1.0,,,,,,,0,0,1.0
sep_k5_d50,sep,0,800,50,5,Davies-Bouldin,5,0.17480230331420898,1.0,1.0,1.0,,,,,,,0,0,1.0
sep_k5_d50,sep,0,800,50,5,Elbow (Kneedle),5,0.15684199333190918,1.0,1.0,1.0,,,,,,,0,0,1.0
sep_k5_d50,sep,0,800,50,5,Jump statistic,5,0.1565992832183838,1.0,1.0,1.0,,,,,,,0,0,1.0
sep_k5_d50,sep,0,800,50,5,Gap statistic,5,0.8315572738647461,1.0,1.0,1.0,,,,,,,0,0,1.0
sep_k5_d50,sep,0,800,50,5,X-means,5,0.03437995910644531,1.0,1.0,1.0,,,,,,,0,0,1.0
sep_k5_d50,sep,0,800,50,5,G-means,10,0.03566169738769531,0.7116592849520782,0.8461366036607199,0.8480061833867283,,,,,,,5,5,0.0
sep_k5_d50,sep,0,800,50,5,dip-means,1,0.020119190216064453,0.0,0.0,0.0,,,,,,,4,-4,0.0
sep_k5_d50,sep,0,800,50,5,ISODATA,12,0.03645944595336914,0.6549867356813073,0.8127714149051833,0.8154507823780349,,,,,,,7,7,0.0
sep_k5_d50,sep,0,800,50,5,MDL split/merge,17,0.28412938117980957,0.43372583646876184,0.7285926210383987,0.7336851060169066,,,,,,,12,12,0.0
sep_k5_d50,sep,0,800,50,5,GMM+BIC,2,0.30588507652282715,0.3738244514106583,0.5888231915518136,0.589727521756156,,,,,,,3,-3,0.0
sep_k5_d50,sep,0,800,50,5,GMM+ICL,2,0.2794773578643799,0.3738244514106583,0.5888231915518136,0.589727521756156,,,,,,,3,-3,0.0
sep_k5_d50,sep,0,800,50,5,HDBSCAN,5,0.029229164123535156,0.9968691099886755,0.9952518682725183,0.995281596448275,,,,,,,0,0,1.0
sep_k5_d50,sep,0,800,50,5,Bisecting+Sil.,5,0.11624741554260254,1.0,1.0,1.0,,,,,,,0,0,1.0
sep_k5_d50,sep,1,800,50,5,ORACLE k-means(k*),5,0.009048938751220703,1.0,1.0,1.0,,,,,,,0,0,1.0
sep_k5_d50,sep,1,800,50,5,CDK (proposed),5,6.225293397903442,1.0,1.0,1.0,5.0,5.0,42.0,17.0,0.47619047619047616,0.7884615384615385,0,0,1.0
sep_k5_d50,sep,1,800,50,5,CDK / Gaussian null,5,5.438499450683594,1.0,1.0,1.0,4.0,5.0,42.0,17.0,0.47619047619047616,0.7115384615384615,0,0,1.0
sep_k5_d50,sep,1,800,50,5,CDK / AD statistic,5,11.46524715423584,1.0,1.0,1.0,5.0,6.0,42.0,17.0,0.5238095238095238,0.005,0,0,1.0
sep_k5_d50,sep,1,800,50,5,CDK / no multiplicity corr.,5,6.723546266555786,1.0,1.0,1.0,5.0,5.0,42.0,17.0,0.47619047619047616,0.7884615384615385,0,0,1.0
sep_k5_d50,sep,1,800,50,5,CDK / n_min=15,5,1.7035601139068604,1.0,1.0,1.0,5.0,5.0,57.0,26.0,0.07017543859649122,1.0,0,0,1.0
sep_k5_d50,sep,1,800,50,5,CDK / n_min=40,5,7.5371270179748535,1.0,1.0,1.0,5.0,5.0,29.0,11.0,0.7586206896551724,0.005,0,0,1.0
sep_k5_d50,sep,1,800,50,5,Silhouette,5,0.18575716018676758,1.0,1.0,1.0,,,,,,,0,0,1.0
sep_k5_d50,sep,1,800,50,5,Calinski-Har.,5,0.12430286407470703,1.0,1.0,1.0,,,,,,,0,0,1.0
sep_k5_d50,sep,1,800,50,5,Davies-Bouldin,5,0.13407278060913086,1.0,1.0,1.0,,,,,,,0,0,1.0
sep_k5_d50,sep,1,800,50,5,Elbow (Kneedle),5,0.12272763252258301,1.0,1.0,1.0,,,,,,,0,0,1.0
sep_k5_d50,sep,1,800,50,5,Jump statistic,5,0.12264275550842285,1.0,1.0,1.0,,,,,,,0,0,1.0
sep_k5_d50,sep,1,800,50,5,Gap statistic,5,0.6982548236846924,1.0,1.0,1.0,,,,,,,0,0,1.0
sep_k5_d50,sep,1,800,50,5,X-means,5,0.0289766788482666,1.0,1.0,1.0,,,,,,,0,0,1.0
sep_k5_d50,sep,1,800,50,5,G-means,11,0.027584552764892578,0.6821004207267228,0.827166918133014,0.8294458553515669,,,,,,,6,6,0.0
sep_k5_d50,sep,1,800,50,5,dip-means,5,0.09989094734191895,1.0,1.0,1.0,,,,,,,0,0,1.0
sep_k5_d50,sep,1,800,50,5,ISODATA,10,0.028596162796020508,0.7065089448629182,0.8433814321151033,0.8452690293073943,,,,,,,5,5,0.0
sep_k5_d50,sep,1,800,50,5,MDL split/merge,5,0.03222823143005371,1.0,1.0,1.0,,,,,,,0,0,1.0
sep_k5_d50,sep,1,800,50,5,GMM+BIC,2,0.27904176712036133,0.20969337289812068,0.47309393299825203,0.4743509876140318,,,,,,,3,-3,0.0
sep_k5_d50,sep,1,800,50,5,GMM+ICL,2,0.2969069480895996,0.20969337289812068,0.47309393299825203,0.4743509876140318,,,,,,,3,-3,0.0
sep_k5_d50,sep,1,800,50,5,HDBSCAN,3,0.03210878372192383,0.48150551589876706,0.7414665309023167,0.7424834172925042,,,,,,,2,-2,0.0
sep_k5_d50,sep,1,800,50,5,Bisecting+Sil.,5,0.12312960624694824,1.0,1.0,1.0,,,,,,,0,0,1.0
sep_k5_d50,sep,2,800,50,5,ORACLE k-means(k*),5,0.007501363754272461,1.0,1.0,1.0,,,,,,,0,0,1.0
sep_k5_d50,sep,2,800,50,5,CDK (proposed),5,6.769608020782471,0.9968691099886755,0.9952518682725183,0.995281596448275,5.0,5.0,39.0,16.0,0.5128205128205128,0.005,0,0,1.0
sep_k5_d50,sep,2,800,50,5,CDK / Gaussian null,5,6.587319374084473,0.9968691099886755,0.9952518682725183,0.995281596448275,4.0,5.0,39.0,16.0,0.5128205128205128,0.01,0,0,1.0
sep_k5_d50,sep,2,800,50,5,CDK / AD statistic,5,9.045926094055176,0.9968691099886755,0.9952518682725183,0.995281596448275,5.0,5.0,39.0,16.0,0.5384615384615384,0.005,0,0,1.0
sep_k5_d50,sep,2,800,50,5,CDK / no multiplicity corr.,5,6.3126420974731445,0.9968691099886755,0.9952518682725183,0.995281596448275,5.0,5.0,39.0,16.0,0.5128205128205128,0.005,0,0,1.0
sep_k5_d50,sep,2,800,50,5,CDK / n_min=15,5,2.8710622787475586,0.9968691099886755,0.9952518682725183,0.995281596448275,5.0,5.0,51.0,23.0,0.11764705882352941,1.0,0,0,1.0
sep_k5_d50,sep,2,800,50,5,CDK / n_min=40,5,8.100461483001709,0.9968691099886755,0.9952518682725183,0.995281596448275,5.0,5.0,32.0,12.0,0.71875,0.005,0,0,1.0
sep_k5_d50,sep,2,800,50,5,Silhouette,5,0.22129464149475098,1.0,1.0,1.0,,,,,,,0,0,1.0
sep_k5_d50,sep,2,800,50,5,Calinski-Har.,5,0.14949631690979004,1.0,1.0,1.0,,,,,,,0,0,1.0
sep_k5_d50,sep,2,800,50,5,Davies-Bouldin,5,0.17882919311523438,1.0,1.0,1.0,,,,,,,0,0,1.0
sep_k5_d50,sep,2,800,50,5,Elbow (Kneedle),5,0.16774249076843262,1.0,1.0,1.0,,,,,,,0,0,1.0
sep_k5_d50,sep,2,800,50,5,Jump statistic,5,0.16737151145935059,1.0,1.0,1.0,,,,,,,0,0,1.0
sep_k5_d50,sep,2,800,50,5,Gap statistic,5,0.7911744117736816,1.0,1.0,1.0,,,,,,,0,0,1.0
sep_k5_d50,sep,2,800,50,5,X-means,5,0.036651611328125,1.0,1.0,1.0,,,,,,,0,0,1.0
sep_k5_d50,sep,2,800,50,5,G-means,10,0.04105043411254883,0.832201319595312,0.8834598139637334,0.8849685960233942,,,,,,,5,5,0.0
sep_k5_d50,sep,2,800,50,5,dip-means,5,0.11779260635375977,1.0,1.0,1.0,,,,,,,0,0,1.0
sep_k5_d50,sep,2,800,50,5,ISODATA,12,0.03663778305053711,0.6567316693251578,0.8139718467618708,0.8166438906812672,,,,,,,7,7,0.0
sep_k5_d50,sep,2,800,50,5,MDL split/merge,5,0.040069580078125,1.0,1.0,1.0,,,,,,,0,0,1.0
sep_k5_d50,sep,2,800,50,5,GMM+BIC,2,0.3724651336669922,0.3738244514106583,0.5888231915518136,0.589727521756156,,,,,,,3,-3,0.0
sep_k5_d50,sep,2,800,50,5,GMM+ICL,2,0.3975486755371094,0.3738244514106583,0.5888231915518136,0.589727521756156,,,,,,,3,-3,0.0
sep_k5_d50,sep,2,800,50,5,HDBSCAN,5,0.03764629364013672,1.0,1.0,1.0,,,,,,,0,0,1.0
sep_k5_d50,sep,2,800,50,5,Bisecting+Sil.,5,0.15079569816589355,0.9968691099886755,0.9952518682725184,0.9952815964482751,,,,,,,0,0,1.0
sep_k5_d50,sep,3,800,50,5,ORACLE k-means(k*),5,0.008408308029174805,1.0,1.0,1.0,,,,,,,0,0,1.0
sep_k5_d50,sep,3,800,50,5,CDK (proposed),5,4.8087286949157715,1.0,1.0,1.0,5.0,5.0,45.0,18.0,0.4666666666666667,0.8846153846153846,0,0,1.0
sep_k5_d50,sep,3,800,50,5,CDK / Gaussian null,5,4.375316143035889,1.0,1.0,1.0,4.0,5.0,45.0,18.0,0.4444444444444444,0.6923076923076923,0,0,1.0
sep_k5_d50,sep,3,800,50,5,CDK / AD statistic,5,7.393487215042114,1.0,1.0,1.0,5.0,6.0,45.0,18.0,0.4888888888888889,0.015,0,0,1.0
sep_k5_d50,sep,3,800,50,5,CDK / no multiplicity corr.,5,5.30129599571228,1.0,1.0,1.0,5.0,5.0,45.0,18.0,0.4666666666666667,0.8846153846153846,0,0,1.0
sep_k5_d50,sep,3,800,50,5,CDK / n_min=15,5,2.281737804412842,1.0,1.0,1.0,5.0,5.0,61.0,27.0,0.06557377049180328,1.0,0,0,1.0
sep_k5_d50,sep,3,800,50,5,CDK / n_min=40,5,9.196000099182129,1.0,1.0,1.0,5.0,5.0,23.0,9.0,0.8260869565217391,0.005,0,0,1.0
sep_k5_d50,sep,3,800,50,5,Silhouette,5,0.21957087516784668,1.0,1.0,1.0,,,,,,,0,0,1.0
sep_k5_d50,sep,3,800,50,5,Calinski-Har.,5,0.15494775772094727,1.0,1.0,1.0,,,,,,,0,0,1.0
sep_k5_d50,sep,3,800,50,5,Davies-Bouldin,5,0.15713882446289062,1.0,1.0,1.0,,,,,,,0,0,1.0
sep_k5_d50,sep,3,800,50,5,Elbow (Kneedle),5,0.1421971321105957,1.0,1.0,1.0,,,,,,,0,0,1.0
sep_k5_d50,sep,3,800,50,5,Jump statistic,5,0.145918607711792,1.0,1.0,1.0,,,,,,,0,0,1.0
sep_k5_d50,sep,3,800,50,5,Gap statistic,5,0.8537883758544922,1.0,1.0,1.0,,,,,,,0,0,1.0
sep_k5_d50,sep,3,800,50,5,X-means,5,0.036478519439697266,1.0,1.0,1.0,,,,,,,0,0,1.0
sep_k5_d50,sep,3,800,50,5,G-means,10,0.041884660720825195,0.7016318242748824,0.8405972600164062,0.8425083312479326,,,,,,,5,5,0.0
sep_k5_d50,sep,3,800,50,5,dip-means,5,0.1266014575958252,1.0,1.0,1.0,,,,,,,0,0,1.0
sep_k5_d50,sep,3,800,50,5,ISODATA,11,0.038605451583862305,0.7421181113688037,0.8435900361930173,0.8457062030670817,,,,,,,6,6,0.0
sep_k5_d50,sep,3,800,50,5,MDL split/merge,5,0.041416168212890625,1.0,1.0,1.0,,,,,,,0,0,1.0
sep_k5_d50,sep,3,800,50,5,GMM+BIC,2,0.3463730812072754,0.3738244514106583,0.5888231915518136,0.589727521756156,,,,,,,3,-3,0.0
sep_k5_d50,sep,3,800,50,5,GMM+ICL,2,0.39916062355041504,0.3738244514106583,0.5888231915518136,0.589727521756156,,,,,,,3,-3,0.0
sep_k5_d50,sep,3,800,50,5,HDBSCAN,4,0.038452863693237305,0.7817536192297186,0.9052596043033222,0.9057460992755191,,,,,,,1,-1,0.0
sep_k5_d50,sep,3,800,50,5,Bisecting+Sil.,5,0.14447951316833496,1.0,1.0,1.0,,,,,,,0,0,1.0
sep_k5_d50,sep,4,800,50,5,ORACLE k-means(k*),5,0.008620262145996094,1.0,1.0,1.0,,,,,,,0,0,1.0
sep_k5_d50,sep,4,800,50,5,CDK (proposed),5,7.085580587387085,0.9968691099886755,0.9952518682725183,0.995281596448275,5.0,5.0,29.0,12.0,0.6896551724137931,0.005,0,0,1.0
sep_k5_d50,sep,4,800,50,5,CDK / Gaussian null,5,6.09536337852478,0.9968691099886755,0.9952518682725183,0.995281596448275,4.0,5.0,29.0,12.0,0.6551724137931034,0.005,0,0,1.0
sep_k5_d50,sep,4,800,50,5,CDK / AD statistic,5,7.459317207336426,0.9968691099886755,0.9952518682725183,0.995281596448275,5.0,5.0,29.0,12.0,0.6896551724137931,0.005,0,0,1.0
sep_k5_d50,sep,4,800,50,5,CDK / no multiplicity corr.,5,6.072617530822754,0.9968691099886755,0.9952518682725183,0.995281596448275,5.0,5.0,29.0,12.0,0.6896551724137931,0.005,0,0,1.0
sep_k5_d50,sep,4,800,50,5,CDK / n_min=15,5,1.2465040683746338,0.9968691099886755,0.9952518682725183,0.995281596448275,5.0,5.0,70.0,30.0,0.0,1.0,0,0,1.0
sep_k5_d50,sep,4,800,50,5,CDK / n_min=40,5,6.665196418762207,0.9968691099886755,0.9952518682725183,0.995281596448275,5.0,5.0,28.0,12.0,0.6785714285714286,0.005,0,0,1.0
sep_k5_d50,sep,4,800,50,5,Silhouette,5,0.2191143035888672,1.0,1.0,1.0,,,,,,,0,0,1.0
sep_k5_d50,sep,4,800,50,5,Calinski-Har.,5,0.1453852653503418,1.0,1.0,1.0,,,,,,,0,0,1.0
sep_k5_d50,sep,4,800,50,5,Davies-Bouldin,5,0.17441391944885254,1.0,1.0,1.0,,,,,,,0,0,1.0
sep_k5_d50,sep,4,800,50,5,Elbow (Kneedle),5,0.15892267227172852,1.0,1.0,1.0,,,,,,,0,0,1.0
sep_k5_d50,sep,4,800,50,5,Jump statistic,5,0.16249394416809082,1.0,1.0,1.0,,,,,,,0,0,1.0
sep_k5_d50,sep,4,800,50,5,Gap statistic,5,0.8505477905273438,1.0,1.0,1.0,,,,,,,0,0,1.0
sep_k5_d50,sep,4,800,50,5,X-means,5,0.03601551055908203,1.0,1.0,1.0,,,,,,,0,0,1.0
sep_k5_d50,sep,4,800,50,5,G-means,9,0.03544282913208008,0.7083282207297712,0.8525979521385727,0.8541844644626969,,,,,,,4,4,0.0
sep_k5_d50,sep,4,800,50,5,dip-means,5,0.12430739402770996,1.0,1.0,1.0,,,,,,,0,0,1.0
sep_k5_d50,sep,4,800,50,5,ISODATA,12,0.03690385818481445,0.6591865895407666,0.8144688312898232,0.8171343231531578,,,,,,,7,7,0.0
sep_k5_d50,sep,4,800,50,5,MDL split/merge,5,0.03736376762390137,1.0,1.0,1.0,,,,,,,0,0,1.0
sep_k5_d50,sep,4,800,50,5,GMM+BIC,2,0.32806944847106934,0.3738244514106583,0.5888231915518136,0.589727521756156,,,,,,,3,-3,0.0
sep_k5_d50,sep,4,800,50,5,GMM+ICL,2,0.35498857498168945,0.3738244514106583,0.5888231915518136,0.589727521756156,,,,,,,3,-3,0.0
sep_k5_d50,sep,4,800,50,5,HDBSCAN,4,0.035469770431518555,0.7751470967436963,0.8945553547987897,0.8950969857461584,,,,,,,1,-1,0.0
sep_k5_d50,sep,4,800,50,5,Bisecting+Sil.,5,0.15514302253723145,1.0,1.0,1.0,,,,,,,0,0,1.0
sep_k5_d50,sep,5,800,50,5,ORACLE k-means(k*),5,0.009811639785766602,1.0,1.0,1.0,,,,,,,0,0,1.0
sep_k5_d50,sep,5,800,50,5,CDK (proposed),5,8.38863468170166,0.9968691099886755,0.9952518682725183,0.995281596448275,5.0,5.0,38.0,14.0,0.6052631578947368,0.005,0,0,1.0
sep_k5_d50,sep,5,800,50,5,CDK / Gaussian null,4,7.253125905990601,0.7802187580066238,0.9003958641248757,0.9009071797634787,3.0,5.0,38.0,14.0,0.5789473684210527,0.005,1,-1,0.0
sep_k5_d50,sep,5,800,50,5,CDK / AD statistic,5,10.207419395446777,0.9968691099886755,0.9952518682725183,0.995281596448275,5.0,5.0,38.0,14.0,0.631578947368421,0.005,0,0,1.0
sep_k5_d50,sep,5,800,50,5,CDK / no multiplicity corr.,5,6.415629148483276,0.9968691099886755,0.9952518682725183,0.995281596448275,5.0,5.0,38.0,14.0,0.6052631578947368,0.005,0,0,1.0
sep_k5_d50,sep,5,800,50,5,CDK / n_min=15,5,2.8435440063476562,0.9968691099886755,0.9952518682725183,0.995281596448275,5.0,5.0,54.0,24.0,0.14814814814814814,1.0,0,0,1.0
sep_k5_d50,sep,5,800,50,5,CDK / n_min=40,5,8.703211307525635,0.9968691099886755,0.9952518682725184,0.9952815964482751,5.0,5.0,22.0,9.0,0.8181818181818182,0.005,0,0,1.0
sep_k5_d50,sep,5,800,50,5,Silhouette,5,0.22091960906982422,1.0,1.0,1.0,,,,,,,0,0,1.0
sep_k5_d50,sep,5,800,50,5,Calinski-Har.,5,0.15693950653076172,1.0,1.0,1.0,,,,,,,0,0,1.0
sep_k5_d50,sep,5,800,50,5,Davies-Bouldin,5,0.16279268264770508,1.0,1.0,1.0,,,,,,,0,0,1.0
sep_k5_d50,sep,5,800,50,5,Elbow (Kneedle),5,0.15455126762390137,1.0,1.0,1.0,,,,,,,0,0,1.0
sep_k5_d50,sep,5,800,50,5,Jump statistic,5,0.14861392974853516,1.0,1.0,1.0,,,,,,,0,0,1.0
sep_k5_d50,sep,5,800,50,5,Gap statistic,5,0.8838496208190918,1.0,1.0,1.0,,,,,,,0,0,1.0
sep_k5_d50,sep,5,800,50,5,X-means,5,0.03923845291137695,1.0,1.0,1.0,,,,,,,0,0,1.0
sep_k5_d50,sep,5,800,50,5,G-means,11,0.03850078582763672,0.7548953927262796,0.8496338825604611,0.8517062670663934,,,,,,,6,6,0.0
sep_k5_d50,sep,5,800,50,5,dip-means,1,0.021484851837158203,0.0,0.0,0.0,,,,,,,4,-4,0.0
sep_k5_d50,sep,5,800,50,5,ISODATA,12,0.03937268257141113,0.6497048773603954,0.8116220337358485,0.8143172064498765,,,,,,,7,7,0.0
sep_k5_d50,sep,5,800,50,5,MDL split/merge,17,0.3252732753753662,0.4401835177567411,0.7331600707028776,0.7382248174151079,,,,,,,12,12,0.0
sep_k5_d50,sep,5,800,50,5,GMM+BIC,2,0.3408691883087158,0.3738244514106583,0.5888231915518136,0.589727521756156,,,,,,,3,-3,0.0
sep_k5_d50,sep,5,800,50,5,GMM+ICL,2,0.3307321071624756,0.3738244514106583,0.5888231915518136,0.589727521756156,,,,,,,3,-3,0.0
sep_k5_d50,sep,5,800,50,5,HDBSCAN,5,0.03368091583251953,1.0,1.0,1.0,,,,,,,0,0,1.0
sep_k5_d50,sep,5,800,50,5,Bisecting+Sil.,5,0.14168810844421387,0.9906666593459081,0.9883314061298462,0.9884044649935745,,,,,,,0,0,1.0
sep_k5_d50,sep,6,800,50,5,ORACLE k-means(k*),5,0.008925914764404297,1.0,1.0,1.0,,,,,,,0,0,1.0
sep_k5_d50,sep,6,800,50,5,CDK (proposed),5,6.725201368331909,1.0,1.0,1.0,5.0,5.0,44.0,16.0,0.5909090909090909,0.005,0,0,1.0
sep_k5_d50,sep,6,800,50,5,CDK / Gaussian null,5,5.61107063293457,1.0,1.0,1.0,3.0,5.0,44.0,16.0,0.5909090909090909,0.005,0,0,1.0
sep_k5_d50,sep,6,800,50,5,CDK / AD statistic,5,8.1160728931427,1.0,1.0,1.0,5.0,5.0,44.0,16.0,0.6136363636363636,0.005,0,0,1.0
sep_k5_d50,sep,6,800,50,5,CDK / no multiplicity corr.,5,6.703402042388916,1.0,1.0,1.0,5.0,5.0,44.0,16.0,0.5909090909090909,0.005,0,0,1.0
sep_k5_d50,sep,6,800,50,5,CDK / n_min=15,5,2.7742271423339844,1.0,1.0,1.0,5.0,5.0,63.0,27.0,0.12698412698412698,1.0,0,0,1.0
sep_k5_d50,sep,6,800,50,5,CDK / n_min=40,5,7.39913010597229,1.0,1.0,1.0,5.0,5.0,31.0,12.0,0.7096774193548387,0.005,0,0,1.0
sep_k5_d50,sep,6,800,50,5,Silhouette,5,0.1937096118927002,1.0,1.0,1.0,,,,,,,0,0,1.0
sep_k5_d50,sep,6,800,50,5,Calinski-Har.,4,0.12616991996765137,0.7817536192297186,0.9052596043033222,0.9057460992755191,,,,,,,1,-1,0.0
sep_k5_d50,sep,6,800,50,5,Davies-Bouldin,5,0.13739657402038574,1.0,1.0,1.0,,,,,,,0,0,1.0
sep_k5_d50,sep,6,800,50,5,Elbow (Kneedle),5,0.12598347663879395,1.0,1.0,1.0,,,,,,,0,0,1.0
sep_k5_d50,sep,6,800,50,5,Jump statistic,5,0.1263871192932129,1.0,1.0,1.0,,,,,,,0,0,1.0
sep_k5_d50,sep,6,800,50,5,Gap statistic,5,0.818429708480835,1.0,1.0,1.0,,,,,,,0,0,1.0
sep_k5_d50,sep,6,800,50,5,X-means,5,0.043587446212768555,1.0,1.0,1.0,,,,,,,0,0,1.0
sep_k5_d50,sep,6,800,50,5,G-means,9,0.045332908630371094,0.7793040392311612,0.870929557508093,0.8723528125604535,,,,,,,4,4,0.0
sep_k5_d50,sep,6,800,50,5,dip-means,5,0.11620092391967773,1.0,1.0,1.0,,,,,,,0,0,1.0
sep_k5_d50,sep,6,800,50,5,ISODATA,12,0.034519195556640625,0.725297302703026,0.8307449683620469,0.833237956664073,,,,,,,7,7,0.0
sep_k5_d50,sep,6,800,50,5,MDL split/merge,5,0.038678646087646484,1.0,1.0,1.0,,,,,,,0,0,1.0
sep_k5_d50,sep,6,800,50,5,GMM+BIC,2,0.32141566276550293,0.20969337289812068,0.47309393299825203,0.4743509876140318,,,,,,,3,-3,0.0
sep_k5_d50,sep,6,800,50,5,GMM+ICL,2,0.34590578079223633,0.20969337289812068,0.47309393299825203,0.4743509876140318,,,,,,,3,-3,0.0
sep_k5_d50,sep,6,800,50,5,HDBSCAN,4,0.03293108940124512,0.7817536192297186,0.9052596043033222,0.9057460992755191,,,,,,,1,-1,0.0
sep_k5_d50,sep,6,800,50,5,Bisecting+Sil.,5,0.1419825553894043,1.0,1.0,1.0,,,,,,,0,0,1.0
sep_k5_d50,sep,7,800,50,5,ORACLE k-means(k*),5,0.008217811584472656,1.0,1.0,1.0,,,,,,,0,0,1.0
sep_k5_d50,sep,7,800,50,5,CDK (proposed),5,7.750051736831665,1.0,1.0,1.0,5.0,5.0,37.0,14.0,0.5945945945945946,0.005,0,0,1.0
sep_k5_d50,sep,7,800,50,5,CDK / Gaussian null,4,7.463443756103516,0.7817536192297186,0.9052596043033222,0.9057460992755191,2.0,5.0,37.0,14.0,0.5675675675675675,0.01,1,-1,0.0
sep_k5_d50,sep,7,800,50,5,CDK / AD statistic,5,9.641690731048584,1.0,1.0,1.0,5.0,7.0,37.0,14.0,0.6756756756756757,0.005,0,0,1.0
sep_k5_d50,sep,7,800,50,5,CDK / no multiplicity corr.,5,6.373506546020508,1.0,1.0,1.0,5.0,5.0,37.0,14.0,0.5945945945945946,0.005,0,0,1.0
sep_k5_d50,sep,7,800,50,5,CDK / n_min=15,5,1.9627349376678467,1.0,1.0,1.0,5.0,5.0,58.0,26.0,0.06896551724137931,1.0,0,0,1.0
sep_k5_d50,sep,7,800,50,5,CDK / n_min=40,5,8.093038558959961,1.0,1.0,1.0,5.0,5.0,28.0,10.0,0.8214285714285714,0.005,0,0,1.0
sep_k5_d50,sep,7,800,50,5,Silhouette,5,0.19090032577514648,1.0,1.0,1.0,,,,,,,0,0,1.0
sep_k5_d50,sep,7,800,50,5,Calinski-Har.,5,0.13295412063598633,1.0,1.0,1.0,,,,,,,0,0,1.0
sep_k5_d50,sep,7,800,50,5,Davies-Bouldin,5,0.13755440711975098,1.0,1.0,1.0,,,,,,,0,0,1.0
sep_k5_d50,sep,7,800,50,5,Elbow (Kneedle),5,0.12619423866271973,1.0,1.0,1.0,,,,,,,0,0,1.0
sep_k5_d50,sep,7,800,50,5,Jump statistic,5,0.12504076957702637,1.0,1.0,1.0,,,,,,,0,0,1.0
sep_k5_d50,sep,7,800,50,5,Gap statistic,5,0.6767368316650391,1.0,1.0,1.0,,,,,,,0,0,1.0
sep_k5_d50,sep,7,800,50,5,X-means,5,0.03516244888305664,1.0,1.0,1.0,,,,,,,0,0,1.0
sep_k5_d50,sep,7,800,50,5,G-means,9,0.05760669708251953,0.8986442181127501,0.9136572459273756,0.9146776695315254,,,,,,,4,4,0.0
sep_k5_d50,sep,7,800,50,5,dip-means,1,0.020608901977539062,0.0,0.0,0.0,,,,,,,4,-4,0.0
sep_k5_d50,sep,7,800,50,5,ISODATA,12,0.03762078285217285,0.7258303294839248,0.8283469497173197,0.8308517197870344,,,,,,,7,7,0.0
sep_k5_d50,sep,7,800,50,5,MDL split/merge,17,0.30153656005859375,0.46205495274161534,0.7361389993977382,0.7411738258857673,,,,,,,12,12,0.0
sep_k5_d50,sep,7,800,50,5,GMM+BIC,2,0.3053114414215088,0.3738244514106583,0.5888231915518136,0.589727521756156,,,,,,,3,-3,0.0
sep_k5_d50,sep,7,800,50,5,GMM+ICL,2,0.3338770866394043,0.3738244514106583,0.5888231915518136,0.589727521756156,,,,,,,3,-3,0.0
sep_k5_d50,sep,7,800,50,5,HDBSCAN,3,0.03547406196594238,0.48150551589876706,0.7414665309023167,0.7424834172925042,,,,,,,2,-2,0.0
sep_k5_d50,sep,7,800,50,5,Bisecting+Sil.,5,0.15861749649047852,1.0,1.0,1.0,,,,,,,0,0,1.0
sep_k5_d50,sep,8,800,50,5,ORACLE k-means(k*),5,0.008879899978637695,1.0,1.0,1.0,,,,,,,0,0,1.0
sep_k5_d50,sep,8,800,50,5,CDK (proposed),5,5.789466619491577,1.0,1.0,1.0,5.0,5.0,45.0,18.0,0.4666666666666667,0.9230769230769231,0,0,1.0
sep_k5_d50,sep,8,800,50,5,CDK / Gaussian null,4,5.324000835418701,0.7817536192297186,0.9052596043033222,0.9057460992755191,2.0,5.0,45.0,18.0,0.4444444444444444,0.8461538461538461,1,-1,0.0
sep_k5_d50,sep,8,800,50,5,CDK / AD statistic,5,10.219085216522217,1.0,1.0,1.0,5.0,6.0,45.0,18.0,0.4666666666666667,0.035,0,0,1.0
sep_k5_d50,sep,8,800,50,5,CDK / no multiplicity corr.,5,5.763542652130127,1.0,1.0,1.0,5.0,5.0,45.0,18.0,0.4666666666666667,0.9230769230769231,0,0,1.0
sep_k5_d50,sep,8,800,50,5,CDK / n_min=15,5,1.4297614097595215,1.0,1.0,1.0,5.0,5.0,66.0,29.0,0.0,1.0,0,0,1.0
sep_k5_d50,sep,8,800,50,5,CDK / n_min=40,5,8.083419561386108,1.0,1.0,1.0,5.0,5.0,26.0,10.0,0.7307692307692307,0.005,0,0,1.0
sep_k5_d50,sep,8,800,50,5,Silhouette,5,0.18984484672546387,1.0,1.0,1.0,,,,,,,0,0,1.0
sep_k5_d50,sep,8,800,50,5,Calinski-Har.,5,0.12065434455871582,1.0,1.0,1.0,,,,,,,0,0,1.0
sep_k5_d50,sep,8,800,50,5,Davies-Bouldin,5,0.13257145881652832,1.0,1.0,1.0,,,,,,,0,0,1.0
sep_k5_d50,sep,8,800,50,5,Elbow (Kneedle),5,0.12591004371643066,1.0,1.0,1.0,,,,,,,0,0,1.0
sep_k5_d50,sep,8,800,50,5,Jump statistic,5,0.12114548683166504,1.0,1.0,1.0,,,,,,,0,0,1.0
sep_k5_d50,sep,8,800,50,5,Gap statistic,5,0.6633481979370117,1.0,1.0,1.0,,,,,,,0,0,1.0
sep_k5_d50,sep,8,800,50,5,X-means,5,0.0275876522064209,1.0,1.0,1.0,,,,,,,0,0,1.0
sep_k5_d50,sep,8,800,50,5,G-means,9,0.03035712242126465,0.7695930705470386,0.8681240620670903,0.869573155093682,,,,,,,4,4,0.0
sep_k5_d50,sep,8,800,50,5,dip-means,5,0.09788322448730469,1.0,1.0,1.0,,,,,,,0,0,1.0
sep_k5_d50,sep,8,800,50,5,ISODATA,11,0.029402971267700195,0.7369037963234125,0.8412305609258589,0.8433678335687034,,,,,,,6,6,0.0
sep_k5_d50,sep,8,800,50,5,MDL split/merge,17,0.24845361709594727,0.47409099724672377,0.7371513118597681,0.7422064604498053,,,,,,,12,12,0.0
sep_k5_d50,sep,8,800,50,5,GMM+BIC,2,0.26987385749816895,0.3738244514106583,0.5888231915518136,0.589727521756156,,,,,,,3,-3,0.0
sep_k5_d50,sep,8,800,50,5,GMM+ICL,2,0.29155731201171875,0.3738244514106583,0.5888231915518136,0.589727521756156,,,,,,,3,-3,0.0
sep_k5_d50,sep,8,800,50,5,HDBSCAN,5,0.031002521514892578,1.0,1.0,1.0,,,,,,,0,0,1.0
sep_k5_d50,sep,8,800,50,5,Bisecting+Sil.,5,0.1157832145690918,0.9968691099886755,0.9952518682725183,0.995281596448275,,,,,,,0,0,1.0
sep_k10_d2,sep,0,800,2,10,ORACLE k-means(k*),10,0.006331920623779297,1.0,1.0,1.0,,,,,,,0,0,1.0
sep_k10_d2,sep,0,800,2,10,CDK (proposed),10,3.975522994995117,0.9808899378218139,0.9850267171260859,0.9853654558991948,10.0,10.0,47.0,19.0,0.8085106382978723,0.005,0,0,1.0
sep_k10_d2,sep,0,800,2,10,CDK / Gaussian null,10,4.406401872634888,0.9808899378218139,0.9850267171260859,0.9853654558991948,10.0,11.0,47.0,19.0,0.8085106382978723,0.005,0,0,1.0
sep_k10_d2,sep,0,800,2,10,CDK / AD statistic,10,6.873833894729614,0.9808899378218139,0.9850267171260859,0.9853654558991948,10.0,10.0,47.0,19.0,0.8085106382978723,0.005,0,0,1.0
sep_k10_d2,sep,0,800,2,10,CDK / no multiplicity corr.,10,4.809591293334961,0.9808899378218139,0.9850267171260859,0.9853654558991948,10.0,10.0,47.0,19.0,0.8085106382978723,0.005,0,0,1.0
sep_k10_d2,sep,0,800,2,10,CDK / n_min=15,10,5.260430812835693,0.9808899378218139,0.9850267171260859,0.9853654558991948,10.0,10.0,77.0,32.0,0.5194805194805194,0.005,0,0,1.0
sep_k10_d2,sep,0,800,2,10,CDK / n_min=40,10,3.918410539627075,0.9808899378218139,0.9850267171260859,0.9853654558991948,10.0,10.0,24.0,10.0,1.0,0.005,0,0,1.0
sep_k10_d2,sep,0,800,2,10,Silhouette,10,0.18031740188598633,1.0,1.0,1.0,,,,,,,0,0,1.0
sep_k10_d2,sep,0,800,2,10,Calinski-Har.,10,0.11346244812011719,1.0,1.0,1.0,,,,,,,0,0,1.0
sep_k10_d2,sep,0,800,2,10,Davies-Bouldin,10,0.13418197631835938,1.0,1.0,1.0,,,,,,,0,0,1.0
sep_k10_d2,sep,0,800,2,10,Elbow (Kneedle),10,0.12010765075683594,1.0,1.0,1.0,,,,,,,0,0,1.0
sep_k10_d2,sep,0,800,2,10,Jump statistic,10,0.11559414863586426,1.0,1.0,1.0,,,,,,,0,0,1.0
sep_k10_d2,sep,0,800,2,10,Gap statistic,10,0.48619651794433594,1.0,1.0,1.0,,,,,,,0,0,1.0
sep_k10_d2,sep,0,800,2,10,X-means,11,0.07929134368896484,0.9721578450269243,0.9851246727581562,0.9854961819131393,,,,,,,1,1,0.0
sep_k10_d2,sep,0,800,2,10,G-means,9,0.04077935218811035,0.8969165268997549,0.9683066182665229,0.9689626841273452,,,,,,,1,-1,0.0
sep_k10_d2,sep,0,800,2,10,dip-means,10,0.19972705841064453,1.0,1.0,1.0,,,,,,,0,0,1.0
sep_k10_d2,sep,0,800,2,10,ISODATA,10,0.021741628646850586,1.0,1.0,1.0,,,,,,,0,0,1.0
sep_k10_d2,sep,0,800,2,10,MDL split/merge,10,0.10009193420410156,1.0,1.0,1.0,,,,,,,0,0,1.0
sep_k10_d2,sep,0,800,2,10,GMM+BIC,10,0.1746809482574463,1.0,1.0,1.0,,,,,,,0,0,1.0
sep_k10_d2,sep,0,800,2,10,GMM+ICL,10,0.18154072761535645,1.0,1.0,1.0,,,,,,,0,0,1.0
sep_k10_d2,sep,0,800,2,10,HDBSCAN,10,0.005051612854003906,0.9972081748760527,0.9970106595018916,0.9970782736382753,,,,,,,0,0,1.0
sep_k10_d2,sep,0,800,2,10,Bisecting+Sil.,10,0.14190006256103516,0.9916601118438279,0.9918019440178278,0.991987374544139,,,,,,,0,0,1.0
sep_k5_d50,sep,9,800,50,5,ORACLE k-means(k*),5,0.008933544158935547,1.0,1.0,1.0,,,,,,,0,0,1.0
sep_k5_d50,sep,9,800,50,5,CDK (proposed),5,6.087415933609009,0.9968691099886755,0.9952518682725183,0.995281596448275,5.0,5.0,35.0,14.0,0.5428571428571428,0.005,0,0,1.0
sep_k5_d50,sep,9,800,50,5,CDK / Gaussian null,5,5.396871089935303,0.9968691099886755,0.9952518682725183,0.995281596448275,4.0,5.0,35.0,14.0,0.5428571428571428,0.005,0,0,1.0
sep_k5_d50,sep,9,800,50,5,CDK / AD statistic,5,9.600396394729614,0.9968691099886755,0.9952518682725183,0.995281596448275,5.0,6.0,35.0,14.0,0.5428571428571428,0.005,0,0,1.0
sep_k5_d50,sep,9,800,50,5,CDK / no multiplicity corr.,5,7.057987213134766,0.9968691099886755,0.9952518682725183,0.995281596448275,5.0,5.0,35.0,14.0,0.5428571428571428,0.005,0,0,1.0
sep_k5_d50,sep,9,800,50,5,CDK / n_min=15,5,4.032125949859619,0.9968691099886755,0.9952518682725183,0.995281596448275,5.0,5.0,53.0,23.0,0.1509433962264151,1.0,0,0,1.0
sep_k5_d50,sep,9,800,50,5,CDK / n_min=40,5,8.276480913162231,0.9968691099886755,0.9952518682725183,0.995281596448275,5.0,5.0,27.0,11.0,0.7037037037037037,0.005,0,0,1.0
sep_k5_d50,sep,9,800,50,5,Silhouette,5,0.24700379371643066,1.0,1.0,1.0,,,,,,,0,0,1.0
sep_k5_d50,sep,9,800,50,5,Calinski-Har.,5,0.1313951015472412,1.0,1.0,1.0,,,,,,,0,0,1.0
sep_k5_d50,sep,9,800,50,5,Davies-Bouldin,5,0.1370861530303955,1.0,1.0,1.0,,,,,,,0,0,1.0
sep_k5_d50,sep,9,800,50,5,Elbow (Kneedle),5,0.1463773250579834,1.0,1.0,1.0,,,,,,,0,0,1.0
sep_k5_d50,sep,9,800,50,5,Jump statistic,5,0.17568659782409668,1.0,1.0,1.0,,,,,,,0,0,1.0
sep_k5_d50,sep,9,800,50,5,Gap statistic,5,0.9055838584899902,1.0,1.0,1.0,,,,,,,0,0,1.0
sep_k5_d50,sep,9,800,50,5,X-means,5,0.040059804916381836,1.0,1.0,1.0,,,,,,,0,0,1.0
sep_k5_d50,sep,9,800,50,5,G-means,6,0.05020308494567871,0.9352361995722215,0.9586181980495605,0.9589295309327703,,,,,,,1,1,0.0
sep_k5_d50,sep,9,800,50,5,dip-means,1,0.02182483673095703,0.0,0.0,0.0,,,,,,,4,-4,0.0
sep_k5_d50,sep,9,800,50,5,ISODATA,12,0.04030251502990723,0.645522907792375,0.8094705178682924,0.8121804888060199,,,,,,,7,7,0.0
sep_k5_d50,sep,9,800,50,5,MDL split/merge,5,0.041510581970214844,1.0,1.0,1.0,,,,,,,0,0,1.0
sep_k5_d50,sep,9,800,50,5,GMM+BIC,2,0.37233448028564453,0.3738244514106583,0.5888231915518136,0.589727521756156,,,,,,,3,-3,0.0
sep_k5_d50,sep,9,800,50,5,GMM+ICL,2,0.34203147888183594,0.3738244514106583,0.5888231915518136,0.589727521756156,,,,,,,3,-3,0.0
sep_k5_d50,sep,9,800,50,5,HDBSCAN,2,0.03177070617675781,0.20969337289812068,0.47309393299825203,0.4743509876140318,,,,,,,3,-3,0.0
sep_k5_d50,sep,9,800,50,5,Bisecting+Sil.,5,0.13136959075927734,0.9968691099886755,0.9952518682725183,0.995281596448275,,,,,,,0,0,1.0
sep_k10_d2,sep,1,800,2,10,ORACLE k-means(k*),10,0.00848245620727539,1.0,1.0,1.0,,,,,,,0,0,1.0
sep_k10_d2,sep,1,800,2,10,CDK (proposed),10,5.013952732086182,0.9809936219731817,0.9850469854986889,0.9853852568249435,10.0,10.0,49.0,19.0,0.7959183673469388,0.005,0,0,1.0
sep_k10_d2,sep,1,800,2,10,CDK / Gaussian null,10,5.887926816940308,0.9809936219731817,0.9850469854986889,0.9853852568249435,10.0,10.0,49.0,19.0,0.7959183673469388,0.005,0,0,1.0
sep_k10_d2,sep,1,800,2,10,CDK / AD statistic,10,6.109530925750732,0.9809936219731817,0.9850469854986889,0.9853852568249435,10.0,10.0,49.0,19.0,0.7959183673469388,0.005,0,0,1.0
sep_k10_d2,sep,1,800,2,10,CDK / no multiplicity corr.,10,4.064237594604492,0.9809936219731817,0.9850469854986889,0.9853852568249435,10.0,11.0,49.0,19.0,0.7959183673469388,0.005,0,0,1.0
sep_k10_d2,sep,1,800,2,10,CDK / n_min=15,10,4.3726184368133545,0.9809936219731817,0.9850469854986889,0.9853852568249435,10.0,10.0,70.0,29.0,0.5285714285714286,0.005,0,0,1.0
sep_k10_d2,sep,1,800,2,10,CDK / n_min=40,10,3.3616623878479004,0.9079494419881813,0.9505409320383448,0.9516671091556685,10.0,10.0,27.0,11.0,0.9629629629629629,0.005,0,0,1.0
sep_k10_d2,sep,1,800,2,10,Silhouette,10,0.14749932289123535,1.0,1.0,1.0,,,,,,,0,0,1.0
sep_k10_d2,sep,1,800,2,10,Calinski-Har.,10,0.09148025512695312,1.0,1.0,1.0,,,,,,,0,0,1.0
sep_k10_d2,sep,1,800,2,10,Davies-Bouldin,10,0.1067361831665039,1.0,1.0,1.0,,,,,,,0,0,1.0
sep_k10_d2,sep,1,800,2,10,Elbow (Kneedle),10,0.09261274337768555,1.0,1.0,1.0,,,,,,,0,0,1.0
sep_k10_d2,sep,1,800,2,10,Jump statistic,10,0.08889579772949219,1.0,1.0,1.0,,,,,,,0,0,1.0
sep_k10_d2,sep,1,800,2,10,Gap statistic,10,0.38646745681762695,1.0,1.0,1.0,,,,,,,0,0,1.0
sep_k10_d2,sep,1,800,2,10,X-means,9,0.03540992736816406,0.8900747488442117,0.9555669311599971,0.9564856903949415,,,,,,,1,-1,0.0
sep_k10_d2,sep,1,800,2,10,G-means,10,0.03318166732788086,1.0,1.0,1.0,,,,,,,0,0,1.0
sep_k10_d2,sep,1,800,2,10,dip-means,10,0.15456914901733398,1.0,1.0,1.0,,,,,,,0,0,1.0
sep_k10_d2,sep,1,800,2,10,ISODATA,10,0.01759028434753418,1.0,1.0,1.0,,,,,,,0,0,1.0
sep_k10_d2,sep,1,800,2,10,MDL split/merge,10,0.07888340950012207,1.0,1.0,1.0,,,,,,,0,0,1.0
sep_k10_d2,sep,1,800,2,10,GMM+BIC,10,0.14086413383483887,1.0,1.0,1.0,,,,,,,0,0,1.0
sep_k10_d2,sep,1,800,2,10,GMM+ICL,10,0.1468651294708252,1.0,1.0,1.0,,,,,,,0,0,1.0
sep_k10_d2,sep,1,800,2,10,HDBSCAN,10,0.0042400360107421875,1.0,1.0,1.0,,,,,,,0,0,1.0
sep_k10_d2,sep,1,800,2,10,Bisecting+Sil.,10,0.11083173751831055,0.9944164284049487,0.9940212980624569,0.9941565274494993,,,,,,,0,0,1.0
sep_k10_d2,sep,2,800,2,10,ORACLE k-means(k*),10,0.007039785385131836,1.0,1.0,1.0,,,,,,,0,0,1.0
sep_k10_d2,sep,2,800,2,10,CDK (proposed),10,4.3558807373046875,0.978234940587205,0.9805980113941294,0.9810369056695135,10.0,10.0,47.0,18.0,0.8085106382978723,0.005,0,0,1.0
sep_k10_d2,sep,2,800,2,10,CDK / Gaussian null,10,4.746368169784546,0.978234940587205,0.9805980113941294,0.9810369056695135,10.0,10.0,47.0,18.0,0.8085106382978723,0.005,0,0,1.0
sep_k10_d2,sep,2,800,2,10,CDK / AD statistic,10,6.900651931762695,0.978234940587205,0.9805980113941294,0.9810369056695135,10.0,10.0,47.0,18.0,0.8085106382978723,0.005,0,0,1.0
sep_k10_d2,sep,2,800,2,10,CDK / no multiplicity corr.,10,4.1494715213775635,0.978234940587205,0.9805980113941294,0.9810369056695135,10.0,10.0,47.0,18.0,0.8085106382978723,0.005,0,0,1.0
sep_k10_d2,sep,2,800,2,10,CDK / n_min=15,10,4.748467683792114,0.978234940587205,0.9805980113941294,0.9810369056695135,10.0,10.0,65.0,26.0,0.6,0.005,0,0,1.0
sep_k10_d2,sep,2,800,2,10,CDK / n_min=40,10,3.5802884101867676,0.978234940587205,0.9805980113941294,0.9810369056695135,10.0,10.0,25.0,10.0,1.0,0.005,0,0,1.0
sep_k10_d2,sep,2,800,2,10,Silhouette,10,0.15520262718200684,1.0,1.0,1.0,,,,,,,0,0,1.0
sep_k10_d2,sep,2,800,2,10,Calinski-Har.,10,0.1070549488067627,1.0,1.0,1.0,,,,,,,0,0,1.0
sep_k10_d2,sep,2,800,2,10,Davies-Bouldin,10,0.10550594329833984,1.0,1.0,1.0,,,,,,,0,0,1.0
sep_k10_d2,sep,2,800,2,10,Elbow (Kneedle),10,0.09157800674438477,1.0,1.0,1.0,,,,,,,0,0,1.0
sep_k10_d2,sep,2,800,2,10,Jump statistic,10,0.09125065803527832,1.0,1.0,1.0,,,,,,,0,0,1.0
sep_k10_d2,sep,2,800,2,10,Gap statistic,10,0.38987135887145996,1.0,1.0,1.0,,,,,,,0,0,1.0
sep_k10_d2,sep,2,800,2,10,X-means,15,0.03309345245361328,0.8463782073775011,0.9288687797948438,0.9312685910431807,,,,,,,5,5,0.0
sep_k10_d2,sep,2,800,2,10,G-means,10,0.03097057342529297,1.0,1.0,1.0,,,,,,,0,0,1.0
sep_k10_d2,sep,2,800,2,10,dip-means,10,0.15511679649353027,1.0,1.0,1.0,,,,,,,0,0,1.0
sep_k10_d2,sep,2,800,2,10,ISODATA,10,0.0173494815826416,1.0,1.0,1.0,,,,,,,0,0,1.0
sep_k10_d2,sep,2,800,2,10,MDL split/merge,10,0.07865095138549805,1.0,1.0,1.0,,,,,,,0,0,1.0
sep_k10_d2,sep,2,800,2,10,GMM+BIC,10,0.12158560752868652,1.0,1.0,1.0,,,,,,,0,0,1.0
sep_k10_d2,sep,2,800,2,10,GMM+ICL,10,0.12575364112854004,1.0,1.0,1.0,,,,,,,0,0,1.0
sep_k10_d2,sep,2,800,2,10,HDBSCAN,10,0.004126787185668945,1.0,1.0,1.0,,,,,,,0,0,1.0
sep_k10_d2,sep,2,800,2,10,Bisecting+Sil.,10,0.11359286308288574,0.9681596915067991,0.9759505231609353,0.9764947582638295,,,,,,,0,0,1.0
sep_k10_d2,sep,3,800,2,10,ORACLE k-means(k*),10,0.006564140319824219,1.0,1.0,1.0,,,,,,,0,0,1.0
sep_k10_d2,sep,3,800,2,10,CDK (proposed),10,4.247958421707153,0.9944164284049487,0.9940212980624569,0.9941565274494993,10.0,10.0,52.0,20.0,0.8076923076923077,0.005,0,0,1.0
sep_k10_d2,sep,3,800,2,10,CDK / Gaussian null,11,4.751945495605469,0.9656203061329233,0.9789148544839394,0.9794409685153642,10.0,11.0,52.0,20.0,0.8269230769230769,0.005,1,1,0.0
sep_k10_d2,sep,3,800,2,10,CDK / AD statistic,10,6.8236894607543945,0.9944164284049487,0.9940212980624569,0.9941565274494993,10.0,10.0,52.0,20.0,0.8076923076923077,0.005,0,0,1.0
sep_k10_d2,sep,3,800,2,10,CDK / no multiplicity corr.,10,4.990105390548706,0.9944164284049487,0.9940212980624569,0.9941565274494993,10.0,10.0,52.0,20.0,0.8076923076923077,0.005,0,0,1.0
sep_k10_d2,sep,3,800,2,10,CDK / n_min=15,10,4.8460211753845215,0.9944164284049487,0.9940212980624569,0.9941565274494993,10.0,10.0,79.0,32.0,0.5189873417721519,0.005,0,0,1.0
sep_k10_d2,sep,3,800,2,10,CDK / n_min=40,10,3.141472339630127,0.9944164284049487,0.9940212980624569,0.9941565274494993,10.0,10.0,24.0,10.0,1.0,0.005,0,0,1.0
sep_k10_d2,sep,3,800,2,10,Silhouette,10,0.14643311500549316,1.0,1.0,1.0,,,,,,,0,0,1.0
sep_k10_d2,sep,3,800,2,10,Calinski-Har.,10,0.0876157283782959,1.0,1.0,1.0,,,,,,,0,0,1.0
sep_k10_d2,sep,3,800,2,10,Davies-Bouldin,10,0.10323190689086914,1.0,1.0,1.0,,,,,,,0,0,1.0
sep_k10_d2,sep,3,800,2,10,Elbow (Kneedle),10,0.08959603309631348,1.0,1.0,1.0,,,,,,,0,0,1.0
sep_k10_d2,sep,3,800,2,10,Jump statistic,10,0.08981847763061523,1.0,1.0,1.0,,,,,,,0,0,1.0
sep_k10_d2,sep,3,800,2,10,Gap statistic,10,0.37212634086608887,1.0,1.0,1.0,,,,,,,0,0,1.0
sep_k10_d2,sep,3,800,2,10,X-means,15,0.059407949447631836,0.8456467554116565,0.9286570556775947,0.9310626533920158,,,,,,,5,5,0.0
sep_k10_d2,sep,3,800,2,10,G-means,10,0.028839826583862305,1.0,1.0,1.0,,,,,,,0,0,1.0
sep_k10_d2,sep,3,800,2,10,dip-means,10,0.15282297134399414,1.0,1.0,1.0,,,,,,,0,0,1.0
sep_k10_d2,sep,3,800,2,10,ISODATA,10,0.017254352569580078,1.0,1.0,1.0,,,,,,,0,0,1.0
sep_k10_d2,sep,3,800,2,10,MDL split/merge,10,0.08029699325561523,1.0,1.0,1.0,,,,,,,0,0,1.0
sep_k10_d2,sep,3,800,2,10,GMM+BIC,10,0.12816190719604492,1.0,1.0,1.0,,,,,,,0,0,1.0
sep_k10_d2,sep,3,800,2,10,GMM+ICL,10,0.13109683990478516,1.0,1.0,1.0,,,,,,,0,0,1.0
sep_k10_d2,sep,3,800,2,10,HDBSCAN,10,0.004354000091552734,1.0,1.0,1.0,,,,,,,0,0,1.0
sep_k10_d2,sep,3,800,2,10,Bisecting+Sil.,10,0.11268782615661621,0.9539108510183005,0.9696131098299126,0.9703013406482527,,,,,,,0,0,1.0
sep_k10_d2,sep,4,800,2,10,ORACLE k-means(k*),10,0.0066411495208740234,1.0,1.0,1.0,,,,,,,0,0,1.0
sep_k10_d2,sep,4,800,2,10,CDK (proposed),10,4.037276744842529,0.9944517015171701,0.9947913446469437,0.9949091578370609,10.0,10.0,50.0,20.0,0.8,0.005,0,0,1.0
sep_k10_d2,sep,4,800,2,10,CDK / Gaussian null,11,4.567221403121948,0.9681313954909551,0.9804649463503808,0.9809523232453234,11.0,11.0,50.0,20.0,0.82,0.005,1,1,0.0
sep_k10_d2,sep,4,800,2,10,CDK / AD statistic,11,7.07377028465271,0.9681313954909551,0.9804649463503808,0.9809523232453234,11.0,11.0,50.0,20.0,0.82,0.005,1,1,0.0
sep_k10_d2,sep,4,800,2,10,CDK / no multiplicity corr.,10,4.66506290435791,0.9944517015171701,0.9947913446469437,0.9949091578370609,10.0,10.0,50.0,20.0,0.8,0.005,0,0,1.0
sep_k10_d2,sep,4,800,2,10,CDK / n_min=15,11,5.2738037109375,0.9681313954909551,0.9804649463503808,0.9809523232453234,11.0,11.0,76.0,31.0,0.6052631578947368,0.005,1,1,0.0
sep_k10_d2,sep,4,800,2,10,CDK / n_min=40,10,4.00456166267395,0.9252494955560255,0.9615675423491047,0.9624412266622576,10.0,10.0,24.0,10.0,1.0,0.005,0,0,1.0
sep_k10_d2,sep,4,800,2,10,Silhouette,10,0.18494820594787598,1.0,1.0,1.0,,,,,,,0,0,1.0
sep_k10_d2,sep,4,800,2,10,Calinski-Har.,10,0.12458062171936035,1.0,1.0,1.0,,,,,,,0,0,1.0
sep_k10_d2,sep,4,800,2,10,Davies-Bouldin,10,0.14540481567382812,1.0,1.0,1.0,,,,,,,0,0,1.0
sep_k10_d2,sep,4,800,2,10,Elbow (Kneedle),10,0.12019872665405273,1.0,1.0,1.0,,,,,,,0,0,1.0
sep_k10_d2,sep,4,800,2,10,Jump statistic,10,0.11903524398803711,1.0,1.0,1.0,,,,,,,0,0,1.0
sep_k10_d2,sep,4,800,2,10,Gap statistic,10,0.4951353073120117,1.0,1.0,1.0,,,,,,,0,0,1.0
sep_k10_d2,sep,4,800,2,10,X-means,9,0.04780149459838867,0.8955374532539214,0.9654363071109273,0.9661516261242595,,,,,,,1,-1,0.0
sep_k10_d2,sep,4,800,2,10,G-means,10,0.04299473762512207,1.0,1.0,1.0,,,,,,,0,0,1.0
sep_k10_d2,sep,4,800,2,10,dip-means,10,0.2035667896270752,1.0,1.0,1.0,,,,,,,0,0,1.0
sep_k10_d2,sep,4,800,2,10,ISODATA,10,0.02150893211364746,1.0,1.0,1.0,,,,,,,0,0,1.0
sep_k10_d2,sep,4,800,2,10,MDL split/merge,10,0.09692692756652832,1.0,1.0,1.0,,,,,,,0,0,1.0
sep_k10_d2,sep,4,800,2,10,GMM+BIC,10,0.16205978393554688,1.0,1.0,1.0,,,,,,,0,0,1.0
sep_k10_d2,sep,4,800,2,10,GMM+ICL,10,0.1789546012878418,1.0,1.0,1.0,,,,,,,0,0,1.0
sep_k10_d2,sep,4,800,2,10,HDBSCAN,10,0.0052034854888916016,1.0,1.0,1.0,,,,,,,0,0,1.0
sep_k10_d2,sep,4,800,2,10,Bisecting+Sil.,10,0.1428072452545166,0.9589113984364029,0.9727688678021077,0.9733854259761691,,,,,,,0,0,1.0
sep_k10_d2,sep,5,800,2,10,ORACLE k-means(k*),10,0.0064525604248046875,1.0,1.0,1.0,,,,,,,0,0,1.0
sep_k10_d2,sep,5,800,2,10,CDK (proposed),10,3.8345770835876465,0.9888338005509576,0.988805629826583,0.9890588370269919,10.0,10.0,45.0,18.0,0.8222222222222222,0.005,0,0,1.0
sep_k10_d2,sep,5,800,2,10,CDK / Gaussian null,10,4.3975605964660645,0.9888338005509576,0.988805629826583,0.9890588370269919,10.0,10.0,45.0,18.0,0.8222222222222222,0.005,0,0,1.0
sep_k10_d2,sep,5,800,2,10,CDK / AD statistic,10,5.789490222930908,0.9888338005509576,0.988805629826583,0.9890588370269919,10.0,10.0,45.0,18.0,0.8222222222222222,0.005,0,0,1.0
sep_k10_d2,sep,5,800,2,10,CDK / no multiplicity corr.,10,3.889214038848877,0.9888338005509576,0.988805629826583,0.9890588370269919,10.0,10.0,45.0,18.0,0.8222222222222222,0.005,0,0,1.0
sep_k10_d2,sep,5,800,2,10,CDK / n_min=15,10,5.093635559082031,0.9888338005509576,0.988805629826583,0.9890588370269919,10.0,10.0,76.0,31.0,0.5657894736842105,0.005,0,0,1.0
sep_k10_d2,sep,5,800,2,10,CDK / n_min=40,10,3.952007293701172,0.9888338005509576,0.988805629826583,0.9890588370269919,10.0,10.0,24.0,10.0,1.0,0.005,0,0,1.0
sep_k10_d2,sep,5,800,2,10,Silhouette,10,0.17723512649536133,1.0,1.0,1.0,,,,,,,0,0,1.0
sep_k10_d2,sep,5,800,2,10,Calinski-Har.,10,0.10513496398925781,1.0,1.0,1.0,,,,,,,0,0,1.0
sep_k10_d2,sep,5,800,2,10,Davies-Bouldin,10,0.12370562553405762,1.0,1.0,1.0,,,,,,,0,0,1.0
sep_k10_d2,sep,5,800,2,10,Elbow (Kneedle),10,0.11202764511108398,1.0,1.0,1.0,,,,,,,0,0,1.0
sep_k10_d2,sep,5,800,2,10,Jump statistic,10,0.11498045921325684,1.0,1.0,1.0,,,,,,,0,0,1.0
sep_k10_d2,sep,5,800,2,10,Gap statistic,10,0.4637868404388428,1.0,1.0,1.0,,,,,,,0,0,1.0
sep_k10_d2,sep,5,800,2,10,X-means,11,0.04815363883972168,0.9717172432276628,0.9849614000254047,0.985336800143772,,,,,,,1,1,0.0
sep_k10_d2,sep,5,800,2,10,G-means,10,0.03519129753112793,1.0,1.0,1.0,,,,,,,0,0,1.0
sep_k10_d2,sep,5,800,2,10,dip-means,10,0.16599559783935547,1.0,1.0,1.0,,,,,,,0,0,1.0
sep_k10_d2,sep,5,800,2,10,ISODATA,10,0.017507314682006836,1.0,1.0,1.0,,,,,,,0,0,1.0
sep_k10_d2,sep,5,800,2,10,MDL split/merge,10,0.07598066329956055,1.0,1.0,1.0,,,,,,,0,0,1.0
sep_k10_d2,sep,5,800,2,10,GMM+BIC,10,0.13037753105163574,1.0,1.0,1.0,,,,,,,0,0,1.0
sep_k10_d2,sep,5,800,2,10,GMM+ICL,10,0.13559222221374512,1.0,1.0,1.0,,,,,,,0,0,1.0
sep_k10_d2,sep,5,800,2,10,HDBSCAN,10,0.004204511642456055,0.9972081748760527,0.9970106595018916,0.9970782736382753,,,,,,,0,0,1.0
sep_k10_d2,sep,5,800,2,10,Bisecting+Sil.,10,0.10944676399230957,0.9888338005509576,0.988805629826583,0.9890588370269919,,,,,,,0,0,1.0
sep_k10_d2,sep,6,800,2,10,ORACLE k-means(k*),10,0.008858203887939453,1.0,1.0,1.0,,,,,,,0,0,1.0
sep_k10_d2,sep,6,800,2,10,CDK (proposed),10,5.066655397415161,0.9916252324538937,0.9917950719698342,0.9919806596341608,10.0,10.0,51.0,19.0,0.8235294117647058,0.005,0,0,1.0
sep_k10_d2,sep,6,800,2,10,CDK / Gaussian null,10,5.565362930297852,0.9916252324538937,0.9917950719698342,0.9919806596341608,10.0,10.0,51.0,19.0,0.8235294117647058,0.005,0,0,1.0
sep_k10_d2,sep,6,800,2,10,CDK / AD statistic,10,7.876325607299805,0.9916252324538937,0.9917950719698342,0.9919806596341608,10.0,10.0,51.0,19.0,0.8235294117647058,0.005,0,0,1.0
sep_k10_d2,sep,6,800,2,10,CDK / no multiplicity corr.,10,5.080451250076294,0.9916252324538937,0.9917950719698342,0.9919806596341608,10.0,10.0,51.0,19.0,0.8235294117647058,0.005,0,0,1.0
sep_k10_d2,sep,6,800,2,10,CDK / n_min=15,10,4.8953235149383545,0.9916252324538937,0.9917950719698342,0.9919806596341608,10.0,10.0,76.0,31.0,0.5526315789473685,0.005,0,0,1.0
sep_k10_d2,sep,6,800,2,10,CDK / n_min=40,10,3.730379819869995,0.9916252324538937,0.9917950719698342,0.9919806596341608,10.0,10.0,26.0,11.0,0.9615384615384616,0.005,0,0,1.0
sep_k10_d2,sep,6,800,2,10,Silhouette,10,0.18055987358093262,1.0,1.0,1.0,,,,,,,0,0,1.0
sep_k10_d2,sep,6,800,2,10,Calinski-Har.,10,0.10776495933532715,1.0,1.0,1.0,,,,,,,0,0,1.0
sep_k10_d2,sep,6,800,2,10,Davies-Bouldin,10,0.12282800674438477,1.0,1.0,1.0,,,,,,,0,0,1.0
sep_k10_d2,sep,6,800,2,10,Elbow (Kneedle),10,0.10682082176208496,1.0,1.0,1.0,,,,,,,0,0,1.0
sep_k10_d2,sep,6,800,2,10,Jump statistic,10,0.10656023025512695,1.0,1.0,1.0,,,,,,,0,0,1.0
sep_k10_d2,sep,6,800,2,10,Gap statistic,10,0.4691481590270996,1.0,1.0,1.0,,,,,,,0,0,1.0
sep_k10_d2,sep,6,800,2,10,X-means,11,0.052757978439331055,0.97191922353317,0.9850361229583635,0.9854097428003635,,,,,,,1,1,0.0
sep_k10_d2,sep,6,800,2,10,G-means,10,0.035292863845825195,1.0,1.0,1.0,,,,,,,0,0,1.0
sep_k10_d2,sep,6,800,2,10,dip-means,10,0.18930435180664062,1.0,1.0,1.0,,,,,,,0,0,1.0
sep_k10_d2,sep,6,800,2,10,ISODATA,10,0.021053552627563477,1.0,1.0,1.0,,,,,,,0,0,1.0
sep_k10_d2,sep,6,800,2,10,MDL split/merge,10,0.09532999992370605,1.0,1.0,1.0,,,,,,,0,0,1.0
sep_k10_d2,sep,6,800,2,10,GMM+BIC,10,0.15938854217529297,1.0,1.0,1.0,,,,,,,0,0,1.0
sep_k10_d2,sep,6,800,2,10,GMM+ICL,10,0.17019343376159668,1.0,1.0,1.0,,,,,,,0,0,1.0
sep_k10_d2,sep,6,800,2,10,HDBSCAN,10,0.004816532135009766,1.0,1.0,1.0,,,,,,,0,0,1.0
sep_k10_d2,sep,6,800,2,10,Bisecting+Sil.,10,0.15759968757629395,0.9863241244961009,0.9881472719571829,0.9884153772835749,,,,,,,0,0,1.0
sep_k10_d2,sep,7,800,2,10,ORACLE k-means(k*),10,0.006447315216064453,1.0,1.0,1.0,,,,,,,0,0,1.0
sep_k10_d2,sep,7,800,2,10,CDK (proposed),10,3.7403564453125,0.959886315293953,0.9677653589218228,0.9684947149348115,10.0,10.0,41.0,17.0,0.8292682926829268,0.005,0,0,1.0
sep_k10_d2,sep,7,800,2,10,CDK / Gaussian null,10,4.034337043762207,0.959886315293953,0.9677653589218228,0.9684947149348115,9.0,10.0,41.0,17.0,0.8292682926829268,0.005,0,0,1.0
sep_k10_d2,sep,7,800,2,10,CDK / AD statistic,10,5.4925103187561035,0.959886315293953,0.9677653589218228,0.9684947149348115,10.0,10.0,41.0,17.0,0.8292682926829268,0.005,0,0,1.0
sep_k10_d2,sep,7,800,2,10,CDK / no multiplicity corr.,10,3.5795345306396484,0.959886315293953,0.9677653589218228,0.9684947149348115,10.0,10.0,41.0,17.0,0.8292682926829268,0.005,0,0,1.0
sep_k10_d2,sep,7,800,2,10,CDK / n_min=15,10,3.5524425506591797,0.959886315293953,0.9677653589218228,0.9684947149348115,10.0,10.0,65.0,28.0,0.5076923076923077,0.01,0,0,1.0
sep_k10_d2,sep,7,800,2,10,CDK / n_min=40,10,3.3290159702301025,0.959886315293953,0.9677653589218228,0.9684947149348115,10.0,10.0,25.0,10.0,1.0,0.005,0,0,1.0
sep_k10_d2,sep,7,800,2,10,Silhouette,10,0.1470506191253662,1.0,1.0,1.0,,,,,,,0,0,1.0
sep_k10_d2,sep,7,800,2,10,Calinski-Har.,10,0.0888071060180664,1.0,1.0,1.0,,,,,,,0,0,1.0
sep_k10_d2,sep,7,800,2,10,Davies-Bouldin,10,0.1039116382598877,1.0,1.0,1.0,,,,,,,0,0,1.0
sep_k10_d2,sep,7,800,2,10,Elbow (Kneedle),10,0.09170675277709961,1.0,1.0,1.0,,,,,,,0,0,1.0
sep_k10_d2,sep,7,800,2,10,Jump statistic,10,0.09068942070007324,1.0,1.0,1.0,,,,,,,0,0,1.0
sep_k10_d2,sep,7,800,2,10,Gap statistic,10,0.3817155361175537,1.0,1.0,1.0,,,,,,,0,0,1.0
sep_k10_d2,sep,7,800,2,10,X-means,11,0.042146921157836914,0.97191922353317,0.9850361229583635,0.9854097428003635,,,,,,,1,1,0.0
sep_k10_d2,sep,7,800,2,10,G-means,10,0.030794620513916016,1.0,1.0,1.0,,,,,,,0,0,1.0
sep_k10_d2,sep,7,800,2,10,dip-means,10,0.15353083610534668,1.0,1.0,1.0,,,,,,,0,0,1.0
sep_k10_d2,sep,7,800,2,10,ISODATA,10,0.01773381233215332,1.0,1.0,1.0,,,,,,,0,0,1.0
sep_k10_d2,sep,7,800,2,10,MDL split/merge,10,0.0764470100402832,1.0,1.0,1.0,,,,,,,0,0,1.0
sep_k10_d2,sep,7,800,2,10,GMM+BIC,10,0.12478160858154297,1.0,1.0,1.0,,,,,,,0,0,1.0
sep_k10_d2,sep,7,800,2,10,GMM+ICL,10,0.1293492317199707,1.0,1.0,1.0,,,,,,,0,0,1.0
sep_k10_d2,sep,7,800,2,10,HDBSCAN,10,0.004088878631591797,1.0,1.0,1.0,,,,,,,0,0,1.0
sep_k10_d2,sep,7,800,2,10,Bisecting+Sil.,10,0.11255884170532227,0.967302976444692,0.9702112245837522,0.970885101560012,,,,,,,0,0,1.0
sep_k10_d2,sep,8,800,2,10,ORACLE k-means(k*),10,0.007983922958374023,1.0,1.0,1.0,,,,,,,0,0,1.0
sep_k10_d2,sep,8,800,2,10,CDK (proposed),10,4.81255578994751,0.9862546761338381,0.9881334750550141,0.9884018973843361,10.0,10.0,46.0,19.0,0.8043478260869565,0.005,0,0,1.0
sep_k10_d2,sep,8,800,2,10,CDK / Gaussian null,10,5.14701771736145,0.9862546761338381,0.9881334750550141,0.9884018973843361,10.0,10.0,46.0,19.0,0.8043478260869565,0.005,0,0,1.0
sep_k10_d2,sep,8,800,2,10,CDK / AD statistic,10,6.950120210647583,0.9862546761338381,0.9881334750550141,0.9884018973843361,10.0,10.0,46.0,19.0,0.8043478260869565,0.005,0,0,1.0
sep_k10_d2,sep,8,800,2,10,CDK / no multiplicity corr.,10,4.600659608840942,0.9862546761338381,0.9881334750550141,0.9884018973843361,10.0,10.0,46.0,19.0,0.8043478260869565,0.005,0,0,1.0
sep_k10_d2,sep,8,800,2,10,CDK / n_min=15,10,5.228240489959717,0.9862546761338381,0.9881334750550141,0.9884018973843361,10.0,10.0,70.0,28.0,0.5857142857142857,0.005,0,0,1.0
sep_k10_d2,sep,8,800,2,10,CDK / n_min=40,10,4.113073110580444,0.9862546761338381,0.9881334750550141,0.9884018973843361,10.0,10.0,25.0,10.0,1.0,0.005,0,0,1.0
sep_k10_d2,sep,8,800,2,10,Silhouette,10,0.18942022323608398,1.0,1.0,1.0,,,,,,,0,0,1.0
sep_k10_d2,sep,8,800,2,10,Calinski-Har.,10,0.11920046806335449,1.0,1.0,1.0,,,,,,,0,0,1.0
sep_k10_d2,sep,8,800,2,10,Davies-Bouldin,10,0.13047051429748535,1.0,1.0,1.0,,,,,,,0,0,1.0
sep_k10_d2,sep,8,800,2,10,Elbow (Kneedle),10,0.11723518371582031,1.0,1.0,1.0,,,,,,,0,0,1.0
sep_k10_d2,sep,8,800,2,10,Jump statistic,10,0.12315535545349121,1.0,1.0,1.0,,,,,,,0,0,1.0
sep_k10_d2,sep,8,800,2,10,Gap statistic,10,0.5117650032043457,1.0,1.0,1.0,,,,,,,0,0,1.0
sep_k10_d2,sep,8,800,2,10,X-means,10,0.0369105339050293,1.0,1.0,1.0,,,,,,,0,0,1.0
sep_k10_d2,sep,8,800,2,10,G-means,9,0.03859281539916992,0.8955374532539214,0.9654363071109271,0.9661516261242593,,,,,,,1,-1,0.0
sep_k10_d2,sep,8,800,2,10,dip-means,10,0.1929783821105957,1.0,1.0,1.0,,,,,,,0,0,1.0
sep_k10_d2,sep,8,800,2,10,ISODATA,10,0.022676467895507812,1.0,1.0,1.0,,,,,,,0,0,1.0
sep_k10_d2,sep,8,800,2,10,MDL split/merge,10,0.10044646263122559,1.0,1.0,1.0,,,,,,,0,0,1.0
sep_k10_d2,sep,8,800,2,10,GMM+BIC,10,0.17677927017211914,1.0,1.0,1.0,,,,,,,0,0,1.0
sep_k10_d2,sep,8,800,2,10,GMM+ICL,10,0.19207215309143066,1.0,1.0,1.0,,,,,,,0,0,1.0
sep_k10_d2,sep,8,800,2,10,HDBSCAN,10,0.005293130874633789,1.0,1.0,1.0,,,,,,,0,0,1.0
sep_k10_d2,sep,8,800,2,10,Bisecting+Sil.,10,0.141981840133667,0.9835330031388413,0.9851582822466671,0.9854939988187789,,,,,,,0,0,1.0
sep_k10_d2,sep,9,800,2,10,ORACLE k-means(k*),10,0.006561279296875,1.0,1.0,1.0,,,,,,,0,0,1.0
sep_k10_d2,sep,9,800,2,10,CDK (proposed),10,3.7657766342163086,0.9482438441230044,0.9632187626817152,0.9640515503532505,10.0,10.0,44.0,19.0,0.7954545454545454,0.005,0,0,1.0
sep_k10_d2,sep,9,800,2,10,CDK / Gaussian null,10,4.245668411254883,0.9482438441230044,0.9632187626817152,0.9640515503532505,9.0,10.0,44.0,19.0,0.7954545454545454,0.005,0,0,1.0
sep_k10_d2,sep,9,800,2,10,CDK / AD statistic,10,6.639671087265015,0.9482438441230044,0.9632187626817152,0.9640515503532505,10.0,10.0,44.0,19.0,0.7954545454545454,0.005,0,0,1.0
sep_k10_d2,sep,9,800,2,10,CDK / no multiplicity corr.,10,4.008099317550659,0.9482438441230044,0.9632187626817152,0.9640515503532505,10.0,11.0,44.0,19.0,0.7954545454545454,0.005,0,0,1.0
sep_k10_d2,sep,9,800,2,10,CDK / n_min=15,10,5.216684103012085,0.9482438441230044,0.9632187626817152,0.9640515503532505,10.0,11.0,77.0,32.0,0.5714285714285714,0.005,0,0,1.0
sep_k10_d2,sep,9,800,2,10,CDK / n_min=40,10,3.610488176345825,0.9482438441230044,0.9632187626817152,0.9640515503532505,10.0,10.0,25.0,10.0,1.0,0.005,0,0,1.0
sep_k10_d2,sep,9,800,2,10,Silhouette,10,0.14770030975341797,1.0,1.0,1.0,,,,,,,0,0,1.0
sep_k10_d2,sep,9,800,2,10,Calinski-Har.,10,0.08893227577209473,1.0,1.0,1.0,,,,,,,0,0,1.0
sep_k10_d2,sep,9,800,2,10,Davies-Bouldin,10,0.129502534866333,1.0,1.0,1.0,,,,,,,0,0,1.0
sep_k10_d2,sep,9,800,2,10,Elbow (Kneedle),10,0.12094712257385254,1.0,1.0,1.0,,,,,,,0,0,1.0
sep_k10_d2,sep,9,800,2,10,Jump statistic,10,0.12070441246032715,1.0,1.0,1.0,,,,,,,0,0,1.0
sep_k10_d2,sep,9,800,2,10,Gap statistic,10,0.5075726509094238,1.0,1.0,1.0,,,,,,,0,0,1.0
sep_k10_d2,sep,9,800,2,10,X-means,14,0.055229902267456055,0.8809488230101988,0.9426864485684542,0.9445010064882945,,,,,,,4,4,0.0
sep_k10_d2,sep,9,800,2,10,G-means,11,0.03545951843261719,0.9738989090232902,0.9857799390906942,0.986135793481338,,,,,,,1,1,0.0
sep_k10_d2,sep,9,800,2,10,dip-means,10,0.20500445365905762,1.0,1.0,1.0,,,,,,,0,0,1.0
sep_k10_d2,sep,9,800,2,10,ISODATA,10,0.023270606994628906,1.0,1.0,1.0,,,,,,,0,0,1.0
sep_k10_d2,sep,9,800,2,10,MDL split/merge,10,0.10163235664367676,1.0,1.0,1.0,,,,,,,0,0,1.0
sep_k10_d2,sep,9,800,2,10,GMM+BIC,10,0.1501297950744629,1.0,1.0,1.0,,,,,,,0,0,1.0
sep_k10_d2,sep,9,800,2,10,GMM+ICL,10,0.15654587745666504,1.0,1.0,1.0,,,,,,,0,0,1.0
sep_k10_d2,sep,9,800,2,10,HDBSCAN,10,0.004948139190673828,0.9972081748760527,0.9970106595018918,0.9970782736382755,,,,,,,0,0,1.0
sep_k10_d2,sep,9,800,2,10,Bisecting+Sil.,10,0.1383376121520996,0.9834992866373354,0.9846854755814699,0.9850318976114195,,,,,,,0,0,1.0
sep_k10_d10,sep,0,800,10,10,ORACLE k-means(k*),10,0.009791851043701172,1.0,1.0,1.0,,,,,,,0,0,1.0
sep_k10_d10,sep,0,800,10,10,CDK (proposed),10,5.718158721923828,0.9646751971144223,0.9680122488237677,0.9687360373086565,10.0,10.0,50.0,18.0,0.84,0.005,0,0,1.0
sep_k10_d10,sep,0,800,10,10,CDK / Gaussian null,10,6.117015361785889,0.9646751971144223,0.9680122488237677,0.9687360373086565,7.0,10.0,50.0,18.0,0.84,0.005,0,0,1.0
sep_k10_d10,sep,0,800,10,10,CDK / AD statistic,10,9.420035123825073,0.9646751971144223,0.9680122488237677,0.9687360373086565,10.0,11.0,50.0,18.0,0.84,0.005,0,0,1.0
sep_k10_d10,sep,0,800,10,10,CDK / no multiplicity corr.,10,6.351808547973633,0.9646751971144223,0.9680122488237677,0.9687360373086565,10.0,10.0,50.0,18.0,0.84,0.005,0,0,1.0
sep_k10_d10,sep,0,800,10,10,CDK / n_min=15,10,6.156804800033569,0.9646751971144223,0.9680122488237677,0.9687360373086565,10.0,10.0,67.0,26.0,0.6567164179104478,0.005,0,0,1.0
sep_k10_d10,sep,0,800,10,10,CDK / n_min=40,10,5.108892440795898,0.9646751971144223,0.9680122488237677,0.9687360373086565,10.0,10.0,24.0,10.0,1.0,0.005,0,0,1.0
sep_k10_d10,sep,0,800,10,10,Silhouette,10,0.18977785110473633,1.0,1.0,1.0,,,,,,,0,0,1.0
sep_k10_d10,sep,0,800,10,10,Calinski-Har.,10,0.11799001693725586,1.0,1.0,1.0,,,,,,,0,0,1.0
sep_k10_d10,sep,0,800,10,10,Davies-Bouldin,10,0.12799596786499023,1.0,1.0,1.0,,,,,,,0,0,1.0
sep_k10_d10,sep,0,800,10,10,Elbow (Kneedle),10,0.11644220352172852,1.0,1.0,1.0,,,,,,,0,0,1.0
sep_k10_d10,sep,0,800,10,10,Jump statistic,10,0.12336349487304688,1.0,1.0,1.0,,,,,,,0,0,1.0
sep_k10_d10,sep,0,800,10,10,Gap statistic,10,0.5938935279846191,1.0,1.0,1.0,,,,,,,0,0,1.0
sep_k10_d10,sep,0,800,10,10,X-means,10,0.05256390571594238,1.0,1.0,1.0,,,,,,,0,0,1.0
sep_k10_d10,sep,0,800,10,10,G-means,10,0.05465412139892578,1.0,1.0,1.0,,,,,,,0,0,1.0
sep_k10_d10,sep,0,800,10,10,dip-means,1,0.015793561935424805,0.0,0.0,0.0,,,,,,,9,-9,0.0
sep_k10_d10,sep,0,800,10,10,ISODATA,10,0.023942232131958008,1.0,1.0,1.0,,,,,,,0,0,1.0
sep_k10_d10,sep,0,800,10,10,MDL split/merge,10,0.10689544677734375,1.0,1.0,1.0,,,,,,,0,0,1.0
sep_k10_d10,sep,0,800,10,10,GMM+BIC,5,0.31131553649902344,0.5624315443592552,0.8045399613307954,0.8068574385777885,,,,,,,5,-5,0.0
sep_k10_d10,sep,0,800,10,10,GMM+ICL,5,0.28789472579956055,0.5624315443592552,0.8045399613307954,0.8068574385777885,,,,,,,5,-5,0.0
sep_k10_d10,sep,0,800,10,10,HDBSCAN,10,0.007867813110351562,0.9972081748760527,0.9970106595018916,0.9970782736382753,,,,,,,0,0,1.0
sep_k10_d10,sep,0,800,10,10,Bisecting+Sil.,10,0.12556958198547363,0.9673911892673415,0.9701694797809167,0.9708443055987866,,,,,,,0,0,1.0
sep_k10_d10,sep,1,800,10,10,ORACLE k-means(k*),10,0.01833486557006836,1.0,1.0,1.0,,,,,,,0,0,1.0
sep_k10_d10,sep,1,800,10,10,CDK (proposed),10,6.0189735889434814,0.9861647593691866,0.9858407535611322,0.9861610208248738,10.0,10.0,50.0,19.0,0.82,0.005,0,0,1.0
sep_k10_d10,sep,1,800,10,10,CDK / Gaussian null,10,6.494668960571289,0.9861647593691866,0.9858407535611322,0.9861610208248738,9.0,10.0,50.0,19.0,0.82,0.005,0,0,1.0
sep_k10_d10,sep,1,800,10,10,CDK / AD statistic,10,7.688702583312988,0.9861647593691866,0.9858407535611322,0.9861610208248738,10.0,10.0,50.0,19.0,0.82,0.005,0,0,1.0
sep_k10_d10,sep,1,800,10,10,CDK / no multiplicity corr.,10,5.1328887939453125,0.9861647593691866,0.9858407535611322,0.9861610208248738,10.0,10.0,50.0,19.0,0.82,0.005,0,0,1.0
sep_k10_d10,sep,1,800,10,10,CDK / n_min=15,10,5.500490665435791,0.9861647593691866,0.9858407535611322,0.9861610208248738,10.0,10.0,67.0,26.0,0.6567164179104478,0.005,0,0,1.0
sep_k10_d10,sep,1,800,10,10,CDK / n_min=40,10,4.501998662948608,0.9861647593691866,0.9858407535611322,0.9861610208248738,10.0,10.0,25.0,10.0,1.0,0.005,0,0,1.0
sep_k10_d10,sep,1,800,10,10,Silhouette,10,0.19208979606628418,1.0,1.0,1.0,,,,,,,0,0,1.0
sep_k10_d10,sep,1,800,10,10,Calinski-Har.,10,0.1016232967376709,1.0,1.0,1.0,,,,,,,0,0,1.0
sep_k10_d10,sep,1,800,10,10,Davies-Bouldin,10,0.11785244941711426,1.0,1.0,1.0,,,,,,,0,0,1.0
sep_k10_d10,sep,1,800,10,10,Elbow (Kneedle),10,0.10525894165039062,1.0,1.0,1.0,,,,,,,0,0,1.0
sep_k10_d10,sep,1,800,10,10,Jump statistic,10,0.10858440399169922,1.0,1.0,1.0,,,,,,,0,0,1.0
sep_k10_d10,sep,1,800,10,10,Gap statistic,10,0.5020527839660645,1.0,1.0,1.0,,,,,,,0,0,1.0
sep_k10_d10,sep,1,800,10,10,X-means,10,0.044097185134887695,1.0,1.0,1.0,,,,,,,0,0,1.0
sep_k10_d10,sep,1,800,10,10,G-means,9,0.04055190086364746,0.8955374532539214,0.9654363071109269,0.9661516261242591,,,,,,,1,-1,0.0
sep_k10_d10,sep,1,800,10,10,dip-means,1,0.013759851455688477,0.0,0.0,0.0,,,,,,,9,-9,0.0
sep_k10_d10,sep,1,800,10,10,ISODATA,10,0.021099328994750977,1.0,1.0,1.0,,,,,,,0,0,1.0
sep_k10_d10,sep,1,800,10,10,MDL split/merge,10,0.0848550796508789,1.0,1.0,1.0,,,,,,,0,0,1.0
sep_k10_d10,sep,1,800,10,10,GMM+BIC,5,0.20860600471496582,0.5624315443592552,0.8045399613307952,0.8068574385777882,,,,,,,5,-5,0.0
sep_k10_d10,sep,1,800,10,10,GMM+ICL,5,0.21653318405151367,0.5624315443592552,0.8045399613307952,0.8068574385777882,,,,,,,5,-5,0.0
sep_k10_d10,sep,1,800,10,10,HDBSCAN,10,0.008551597595214844,1.0,1.0,1.0,,,,,,,0,0,1.0
sep_k10_d10,sep,1,800,10,10,Bisecting+Sil.,10,0.12408971786499023,0.9833728966654841,0.98285119911002,0.9832390851550439,,,,,,,0,0,1.0
sep_k10_d10,sep,2,800,10,10,ORACLE k-means(k*),10,0.008024215698242188,1.0,1.0,1.0,,,,,,,0,0,1.0
sep_k10_d10,sep,2,800,10,10,CDK (proposed),10,4.648890256881714,0.9452503589318512,0.9480157155907185,0.9491918872971222,10.0,10.0,44.0,18.0,0.8181818181818182,0.005,0,0,1.0
sep_k10_d10,sep,2,800,10,10,CDK / Gaussian null,10,5.771771669387817,0.9452503589318512,0.9480157155907185,0.9491918872971222,10.0,10.0,44.0,18.0,0.8181818181818182,0.005,0,0,1.0
sep_k10_d10,sep,2,800,10,10,CDK / AD statistic,10,8.2035391330719,0.9452503589318512,0.9480157155907185,0.9491918872971222,10.0,11.0,44.0,18.0,0.8181818181818182,0.005,0,0,1.0
sep_k10_d10,sep,2,800,10,10,CDK / no multiplicity corr.,10,5.661490201950073,0.9452503589318512,0.9480157155907185,0.9491918872971222,10.0,10.0,44.0,18.0,0.8181818181818182,0.005,0,0,1.0
sep_k10_d10,sep,2,800,10,10,CDK / n_min=15,11,6.257533550262451,0.9317007356963215,0.9395639231936352,0.941080250069293,11.0,11.0,77.0,29.0,0.6233766233766234,0.005,1,1,0.0
sep_k10_d10,sep,2,800,10,10,CDK / n_min=40,11,5.15029764175415,0.9194378867733851,0.9346633746369937,0.9362904388787648,11.0,11.0,26.0,11.0,1.0,0.005,1,1,0.0
sep_k10_d10,sep,2,800,10,10,Silhouette,10,0.15717434883117676,1.0,1.0,1.0,,,,,,,0,0,1.0
sep_k10_d10,sep,2,800,10,10,Calinski-Har.,10,0.09998607635498047,1.0,1.0,1.0,,,,,,,0,0,1.0
sep_k10_d10,sep,2,800,10,10,Davies-Bouldin,10,0.11688423156738281,1.0,1.0,1.0,,,,,,,0,0,1.0
sep_k10_d10,sep,2,800,10,10,Elbow (Kneedle),10,0.10312294960021973,1.0,1.0,1.0,,,,,,,0,0,1.0
sep_k10_d10,sep,2,800,10,10,Jump statistic,10,0.10325407981872559,1.0,1.0,1.0,,,,,,,0,0,1.0
sep_k10_d10,sep,2,800,10,10,Gap statistic,10,0.4802830219268799,1.0,1.0,1.0,,,,,,,0,0,1.0
sep_k10_d10,sep,2,800,10,10,X-means,10,0.03175711631774902,1.0,1.0,1.0,,,,,,,0,0,1.0
sep_k10_d10,sep,2,800,10,10,G-means,10,0.04117608070373535,1.0,1.0,1.0,,,,,,,0,0,1.0
sep_k10_d10,sep,2,800,10,10,dip-means,1,0.013654470443725586,0.0,0.0,0.0,,,,,,,9,-9,0.0
sep_k10_d10,sep,2,800,10,10,ISODATA,10,0.019825220108032227,1.0,1.0,1.0,,,,,,,0,0,1.0
sep_k10_d10,sep,2,800,10,10,MDL split/merge,10,0.08393692970275879,1.0,1.0,1.0,,,,,,,0,0,1.0
sep_k10_d10,sep,2,800,10,10,GMM+BIC,5,0.22417044639587402,0.6126999515269026,0.8207241155778578,0.8228161798644421,,,,,,,5,-5,0.0
sep_k10_d10,sep,2,800,10,10,GMM+ICL,5,0.2319929599761963,0.6126999515269026,0.8207241155778578,0.8228161798644421,,,,,,,5,-5,0.0
sep_k10_d10,sep,2,800,10,10,HDBSCAN,10,0.008119344711303711,1.0,1.0,1.0,,,,,,,0,0,1.0
sep_k10_d10,sep,2,800,10,10,Bisecting+Sil.,10,0.11705470085144043,0.964219084681982,0.9668443944234988,0.967594472194496,,,,,,,0,0,1.0
sep_k10_d10,sep,3,800,10,10,ORACLE k-means(k*),10,0.007459402084350586,1.0,1.0,1.0,,,,,,,0,0,1.0
sep_k10_d10,sep,3,800,10,10,CDK (proposed),10,5.769030570983887,0.9888334859883282,0.9880425153854764,0.988312981112255,10.0,10.0,52.0,19.0,0.8269230769230769,0.005,0,0,1.0
sep_k10_d10,sep,3,800,10,10,CDK / Gaussian null,10,6.277881145477295,0.9888334859883282,0.9880425153854764,0.988312981112255,10.0,10.0,52.0,19.0,0.8269230769230769,0.005,0,0,1.0
sep_k10_d10,sep,3,800,10,10,CDK / AD statistic,10,8.87247109413147,0.9888334859883282,0.9880425153854764,0.988312981112255,10.0,10.0,52.0,19.0,0.8269230769230769,0.005,0,0,1.0
sep_k10_d10,sep,3,800,10,10,CDK / no multiplicity corr.,10,5.2303307056427,0.9888334859883282,0.9880425153854764,0.988312981112255,10.0,10.0,52.0,19.0,0.8269230769230769,0.005,0,0,1.0
sep_k10_d10,sep,3,800,10,10,CDK / n_min=15,11,5.302119970321655,0.96385194324907,0.9743607302519144,0.9750012229449946,11.0,11.0,78.0,31.0,0.5641025641025641,0.005,1,1,0.0
sep_k10_d10,sep,3,800,10,10,CDK / n_min=40,10,5.315793752670288,0.9155491391100725,0.9535090163607514,0.9545670070400507,10.0,10.0,28.0,11.0,0.9642857142857143,0.005,0,0,1.0
sep_k10_d10,sep,3,800,10,10,Silhouette,10,0.18595600128173828,1.0,1.0,1.0,,,,,,,0,0,1.0
sep_k10_d10,sep,3,800,10,10,Calinski-Har.,10,0.11403393745422363,1.0,1.0,1.0,,,,,,,0,0,1.0
sep_k10_d10,sep,3,800,10,10,Davies-Bouldin,10,0.1397240161895752,1.0,1.0,1.0,,,,,,,0,0,1.0
sep_k10_d10,sep,3,800,10,10,Elbow (Kneedle),10,0.11618399620056152,1.0,1.0,1.0,,,,,,,0,0,1.0
sep_k10_d10,sep,3,800,10,10,Jump statistic,10,0.1255035400390625,1.0,1.0,1.0,,,,,,,0,0,1.0
sep_k10_d10,sep,3,800,10,10,Gap statistic,10,0.6176221370697021,1.0,1.0,1.0,,,,,,,0,0,1.0
sep_k10_d10,sep,3,800,10,10,X-means,10,0.04467296600341797,1.0,1.0,1.0,,,,,,,0,0,1.0
sep_k10_d10,sep,3,800,10,10,G-means,10,0.032997846603393555,1.0,1.0,1.0,,,,,,,0,0,1.0
sep_k10_d10,sep,3,800,10,10,dip-means,1,0.013652563095092773,0.0,0.0,0.0,,,,,,,9,-9,0.0
sep_k10_d10,sep,3,800,10,10,ISODATA,10,0.026206254959106445,1.0,1.0,1.0,,,,,,,0,0,1.0
sep_k10_d10,sep,3,800,10,10,MDL split/merge,10,0.08807921409606934,1.0,1.0,1.0,,,,,,,0,0,1.0
sep_k10_d10,sep,3,800,10,10,GMM+BIC,7,0.20372605323791504,0.7346396545998007,0.899061786243506,0.9007256325828685,,,,,,,3,-3,0.0
sep_k10_d10,sep,3,800,10,10,GMM+ICL,7,0.21884465217590332,0.7346396545998007,0.899061786243506,0.9007256325828685,,,,,,,3,-3,0.0
sep_k10_d10,sep,3,800,10,10,HDBSCAN,9,0.00822138786315918,0.8969165268997549,0.9683066182665229,0.9689626841273452,,,,,,,1,-1,0.0
sep_k10_d10,sep,3,800,10,10,Bisecting+Sil.,10,0.12882208824157715,0.9806393559757491,0.9829106422736952,0.9832972200178619,,,,,,,0,0,1.0
sep_k10_d10,sep,4,800,10,10,ORACLE k-means(k*),10,0.00794529914855957,1.0,1.0,1.0,,,,,,,0,0,1.0
sep_k10_d10,sep,4,800,10,10,CDK (proposed),10,6.012218713760376,0.9645639758359328,0.9675109699497509,0.9682460553010561,10.0,10.0,51.0,19.0,0.8235294117647058,0.005,0,0,1.0
sep_k10_d10,sep,4,800,10,10,CDK / Gaussian null,10,6.32965612411499,0.9645639758359328,0.9675109699497509,0.9682460553010561,8.0,10.0,51.0,19.0,0.8235294117647058,0.005,0,0,1.0
sep_k10_d10,sep,4,800,10,10,CDK / AD statistic,11,8.772177696228027,0.940406641527352,0.9545359692745116,0.9556717811466964,11.0,11.0,51.0,19.0,0.8431372549019608,0.005,1,1,0.0
sep_k10_d10,sep,4,800,10,10,CDK / no multiplicity corr.,10,5.4910502433776855,0.9645639758359328,0.9675109699497509,0.9682460553010561,10.0,10.0,51.0,19.0,0.8235294117647058,0.005,0,0,1.0
sep_k10_d10,sep,4,800,10,10,CDK / n_min=15,11,5.923630475997925,0.940406641527352,0.9545359692745116,0.9556717811466964,11.0,11.0,65.0,25.0,0.7076923076923077,0.005,1,1,0.0
sep_k10_d10,sep,4,800,10,10,CDK / n_min=40,9,4.814572334289551,0.834613167220464,0.9009932617845416,0.9030329417858233,9.0,9.0,23.0,9.0,1.0,0.005,1,-1,0.0
sep_k10_d10,sep,4,800,10,10,Silhouette,10,0.15985798835754395,1.0,1.0,1.0,,,,,,,0,0,1.0
sep_k10_d10,sep,4,800,10,10,Calinski-Har.,10,0.10013484954833984,1.0,1.0,1.0,,,,,,,0,0,1.0
sep_k10_d10,sep,4,800,10,10,Davies-Bouldin,10,0.12138795852661133,1.0,1.0,1.0,,,,,,,0,0,1.0
sep_k10_d10,sep,4,800,10,10,Elbow (Kneedle),10,0.10174942016601562,1.0,1.0,1.0,,,,,,,0,0,1.0
sep_k10_d10,sep,4,800,10,10,Jump statistic,10,0.1065359115600586,1.0,1.0,1.0,,,,,,,0,0,1.0
sep_k10_d10,sep,4,800,10,10,Gap statistic,10,0.5067451000213623,1.0,1.0,1.0,,,,,,,0,0,1.0
sep_k10_d10,sep,4,800,10,10,X-means,10,0.043015480041503906,1.0,1.0,1.0,,,,,,,0,0,1.0
sep_k10_d10,sep,4,800,10,10,G-means,10,0.03646397590637207,1.0,1.0,1.0,,,,,,,0,0,1.0
sep_k10_d10,sep,4,800,10,10,dip-means,1,0.015372753143310547,0.0,0.0,0.0,,,,,,,9,-9,0.0
sep_k10_d10,sep,4,800,10,10,ISODATA,10,0.02103447914123535,1.0,1.0,1.0,,,,,,,0,0,1.0
sep_k10_d10,sep,4,800,10,10,MDL split/merge,10,0.09255528450012207,1.0,1.0,1.0,,,,,,,0,0,1.0
sep_k10_d10,sep,4,800,10,10,GMM+BIC,7,0.22670269012451172,0.7346396545998007,0.899061786243506,0.9007256325828685,,,,,,,3,-3,0.0
sep_k10_d10,sep,4,800,10,10,GMM+ICL,7,0.22086501121520996,0.7346396545998007,0.899061786243506,0.9007256325828685,,,,,,,3,-3,0.0
sep_k10_d10,sep,4,800,10,10,HDBSCAN,10,0.008319616317749023,0.9972081748760527,0.9970106595018916,0.9970782736382753,,,,,,,0,0,1.0
sep_k10_d10,sep,4,800,10,10,Bisecting+Sil.,10,0.12287759780883789,0.975175917432382,0.9749643397832032,0.9755306367684394,,,,,,,0,0,1.0
sep_k10_d10,sep,5,800,10,10,ORACLE k-means(k*),10,0.007742643356323242,1.0,1.0,1.0,,,,,,,0,0,1.0
sep_k10_d10,sep,5,800,10,10,CDK (proposed),10,5.660150527954102,0.9750698796165537,0.9746597727946119,0.9752329530799493,10.0,10.0,49.0,17.0,0.8571428571428571,0.005,0,0,1.0
sep_k10_d10,sep,5,800,10,10,CDK / Gaussian null,10,5.5697057247161865,0.9750698796165537,0.9746597727946119,0.9752329530799493,10.0,10.0,49.0,17.0,0.8571428571428571,0.005,0,0,1.0
sep_k10_d10,sep,5,800,10,10,CDK / AD statistic,10,9.040403366088867,0.9750698796165537,0.9746597727946119,0.9752329530799493,10.0,10.0,49.0,17.0,0.8571428571428571,0.005,0,0,1.0
sep_k10_d10,sep,5,800,10,10,CDK / no multiplicity corr.,10,6.372941017150879,0.9750698796165537,0.9746597727946119,0.9752329530799493,10.0,10.0,49.0,17.0,0.8571428571428571,0.005,0,0,1.0
sep_k10_d10,sep,5,800,10,10,CDK / n_min=15,10,5.655792713165283,0.9750182659280507,0.9746492223174573,0.9752226492180548,10.0,10.0,75.0,29.0,0.5466666666666666,0.005,0,0,1.0
sep_k10_d10,sep,5,800,10,10,CDK / n_min=40,11,4.984419345855713,0.9471691310593598,0.9601734705690044,0.961166426706207,11.0,11.0,29.0,11.0,1.0,0.005,1,1,0.0
sep_k10_d10,sep,5,800,10,10,Silhouette,10,0.209212064743042,1.0,1.0,1.0,,,,,,,0,0,1.0
sep_k10_d10,sep,5,800,10,10,Calinski-Har.,10,0.13277792930603027,1.0,1.0,1.0,,,,,,,0,0,1.0
sep_k10_d10,sep,5,800,10,10,Davies-Bouldin,10,0.1538982391357422,1.0,1.0,1.0,,,,,,,0,0,1.0
sep_k10_d10,sep,5,800,10,10,Elbow (Kneedle),10,0.12835979461669922,1.0,1.0,1.0,,,,,,,0,0,1.0
sep_k10_d10,sep,5,800,10,10,Jump statistic,10,0.12590575218200684,1.0,1.0,1.0,,,,,,,0,0,1.0
sep_k10_d10,sep,5,800,10,10,Gap statistic,10,0.6197597980499268,1.0,1.0,1.0,,,,,,,0,0,1.0
sep_k10_d10,sep,5,800,10,10,X-means,10,0.06006026268005371,1.0,1.0,1.0,,,,,,,0,0,1.0
sep_k10_d10,sep,5,800,10,10,G-means,10,0.05057835578918457,1.0,1.0,1.0,,,,,,,0,0,1.0
sep_k10_d10,sep,5,800,10,10,dip-means,1,0.016580581665039062,0.0,0.0,0.0,,,,,,,9,-9,0.0
sep_k10_d10,sep,5,800,10,10,ISODATA,10,0.023893117904663086,1.0,1.0,1.0,,,,,,,0,0,1.0
sep_k10_d10,sep,5,800,10,10,MDL split/merge,10,0.09885811805725098,1.0,1.0,1.0,,,,,,,0,0,1.0
sep_k10_d10,sep,5,800,10,10,GMM+BIC,6,0.2653946876525879,0.6126999515269026,0.8460127774461766,0.8482259045752858,,,,,,,4,-4,0.0
sep_k10_d10,sep,5,800,10,10,GMM+ICL,6,0.271148681640625,0.6126999515269026,0.8460127774461766,0.8482259045752858,,,,,,,4,-4,0.0
sep_k10_d10,sep,5,800,10,10,HDBSCAN,10,0.009509086608886719,1.0,1.0,1.0,,,,,,,0,0,1.0
sep_k10_d10,sep,5,800,10,10,Bisecting+Sil.,10,0.13632941246032715,0.9615155680677657,0.9634070378595623,0.9642348724807277,,,,,,,0,0,1.0
sep_k10_d10,sep,6,800,10,10,ORACLE k-means(k*),10,0.00790548324584961,1.0,1.0,1.0,,,,,,,0,0,1.0
sep_k10_d10,sep,6,800,10,10,CDK (proposed),10,5.821166515350342,0.9645730424865625,0.9672328254017554,0.9679741376612655,10.0,10.0,43.0,17.0,0.8372093023255814,0.005,0,0,1.0
sep_k10_d10,sep,6,800,10,10,CDK / Gaussian null,10,5.302727699279785,0.9645730424865625,0.9672328254017554,0.9679741376612655,10.0,10.0,43.0,17.0,0.8372093023255814,0.005,0,0,1.0
sep_k10_d10,sep,6,800,10,10,CDK / AD statistic,10,7.7948691844940186,0.9645730424865625,0.9672328254017554,0.9679741376612655,10.0,10.0,43.0,17.0,0.8372093023255814,0.005,0,0,1.0
sep_k10_d10,sep,6,800,10,10,CDK / no multiplicity corr.,10,4.959726095199585,0.9645730424865625,0.9672328254017554,0.9679741376612655,10.0,10.0,43.0,17.0,0.8372093023255814,0.005,0,0,1.0
sep_k10_d10,sep,6,800,10,10,CDK / n_min=15,10,4.98805832862854,0.9645730424865625,0.9672328254017551,0.9679741376612654,10.0,10.0,73.0,29.0,0.5753424657534246,0.005,0,0,1.0
sep_k10_d10,sep,6,800,10,10,CDK / n_min=40,10,4.344823122024536,0.9645730424865625,0.9672328254017551,0.9679741376612654,10.0,10.0,24.0,10.0,1.0,0.005,0,0,1.0
sep_k10_d10,sep,6,800,10,10,Silhouette,10,0.1635589599609375,1.0,1.0,1.0,,,,,,,0,0,1.0
sep_k10_d10,sep,6,800,10,10,Calinski-Har.,10,0.10174393653869629,1.0,1.0,1.0,,,,,,,0,0,1.0
sep_k10_d10,sep,6,800,10,10,Davies-Bouldin,10,0.12533354759216309,1.0,1.0,1.0,,,,,,,0,0,1.0
sep_k10_d10,sep,6,800,10,10,Elbow (Kneedle),10,0.10598373413085938,1.0,1.0,1.0,,,,,,,0,0,1.0
sep_k10_d10,sep,6,800,10,10,Jump statistic,10,0.10197901725769043,1.0,1.0,1.0,,,,,,,0,0,1.0
sep_k10_d10,sep,6,800,10,10,Gap statistic,10,0.5079162120819092,1.0,1.0,1.0,,,,,,,0,0,1.0
sep_k10_d10,sep,6,800,10,10,X-means,10,0.041837215423583984,1.0,1.0,1.0,,,,,,,0,0,1.0
sep_k10_d10,sep,6,800,10,10,G-means,9,0.0349423885345459,0.8969165268997549,0.9683066182665229,0.9689626841273452,,,,,,,1,-1,0.0
sep_k10_d10,sep,6,800,10,10,dip-means,1,0.014097929000854492,0.0,0.0,0.0,,,,,,,9,-9,0.0
sep_k10_d10,sep,6,800,10,10,ISODATA,10,0.02071380615234375,1.0,1.0,1.0,,,,,,,0,0,1.0
sep_k10_d10,sep,6,800,10,10,MDL split/merge,10,0.0860755443572998,1.0,1.0,1.0,,,,,,,0,0,1.0
sep_k10_d10,sep,6,800,10,10,GMM+BIC,7,0.22608542442321777,0.7346396545998007,0.899061786243506,0.9007256325828685,,,,,,,3,-3,0.0
sep_k10_d10,sep,6,800,10,10,GMM+ICL,7,0.23150396347045898,0.7346396545998007,0.899061786243506,0.9007256325828685,,,,,,,3,-3,0.0
sep_k10_d10,sep,6,800,10,10,HDBSCAN,10,0.007686138153076172,0.9972081748760527,0.9970106595018918,0.9970782736382755,,,,,,,0,0,1.0
sep_k10_d10,sep,6,800,10,10,Bisecting+Sil.,10,0.1219167709350586,0.9861836790480506,0.9866071337843941,0.9869100766595412,,,,,,,0,0,1.0
sep_k10_d10,sep,7,800,10,10,ORACLE k-means(k*),10,0.008003950119018555,1.0,1.0,1.0,,,,,,,0,0,1.0
sep_k10_d10,sep,7,800,10,10,CDK (proposed),10,5.743455171585083,0.9944339084006838,0.9940247905501669,0.9941599403020662,10.0,10.0,52.0,20.0,0.8076923076923077,0.005,0,0,1.0
sep_k10_d10,sep,7,800,10,10,CDK / Gaussian null,10,6.3327813148498535,0.9944339084006838,0.9940247905501669,0.9941599403020662,10.0,10.0,52.0,20.0,0.8076923076923077,0.005,0,0,1.0
sep_k10_d10,sep,7,800,10,10,CDK / AD statistic,10,7.454413890838623,0.9944339084006838,0.9940247905501669,0.9941599403020662,10.0,10.0,52.0,20.0,0.8076923076923077,0.005,0,0,1.0
sep_k10_d10,sep,7,800,10,10,CDK / no multiplicity corr.,10,4.925337553024292,0.9944339084006838,0.9940247905501669,0.9941599403020662,10.0,10.0,52.0,20.0,0.8076923076923077,0.005,0,0,1.0
sep_k10_d10,sep,7,800,10,10,CDK / n_min=15,10,5.168490171432495,0.9944339084006838,0.9940247905501669,0.9941599403020662,10.0,10.0,81.0,32.0,0.5555555555555556,0.005,0,0,1.0
sep_k10_d10,sep,7,800,10,10,CDK / n_min=40,10,4.916555881500244,0.9944339084006838,0.9940247905501669,0.9941599403020662,10.0,10.0,28.0,11.0,0.9642857142857143,0.005,0,0,1.0
sep_k10_d10,sep,7,800,10,10,Silhouette,10,0.18636679649353027,1.0,1.0,1.0,,,,,,,0,0,1.0
sep_k10_d10,sep,7,800,10,10,Calinski-Har.,10,0.1140589714050293,1.0,1.0,1.0,,,,,,,0,0,1.0
sep_k10_d10,sep,7,800,10,10,Davies-Bouldin,10,0.13753414154052734,1.0,1.0,1.0,,,,,,,0,0,1.0
sep_k10_d10,sep,7,800,10,10,Elbow (Kneedle),10,0.15584015846252441,1.0,1.0,1.0,,,,,,,0,0,1.0
sep_k10_d10,sep,7,800,10,10,Jump statistic,10,0.13213610649108887,1.0,1.0,1.0,,,,,,,0,0,1.0
sep_k10_d10,sep,7,800,10,10,Gap statistic,10,0.5603227615356445,1.0,1.0,1.0,,,,,,,0,0,1.0
sep_k10_d10,sep,7,800,10,10,X-means,10,0.054079532623291016,1.0,1.0,1.0,,,,,,,0,0,1.0
sep_k10_d10,sep,7,800,10,10,G-means,8,0.0324099063873291,0.7346396545998007,0.9214288823381364,0.9229149763084817,,,,,,,2,-2,0.0
sep_k10_d10,sep,7,800,10,10,dip-means,1,0.017603397369384766,0.0,0.0,0.0,,,,,,,9,-9,0.0
sep_k10_d10,sep,7,800,10,10,ISODATA,10,0.024582386016845703,1.0,1.0,1.0,,,,,,,0,0,1.0
sep_k10_d10,sep,7,800,10,10,MDL split/merge,10,0.10390973091125488,1.0,1.0,1.0,,,,,,,0,0,1.0
sep_k10_d10,sep,7,800,10,10,GMM+BIC,7,0.22023844718933105,0.7346396545998007,0.899061786243506,0.9007256325828685,,,,,,,3,-3,0.0
sep_k10_d10,sep,7,800,10,10,GMM+ICL,7,0.22942328453063965,0.7346396545998007,0.899061786243506,0.9007256325828685,,,,,,,3,-3,0.0
sep_k10_d10,sep,7,800,10,10,HDBSCAN,9,0.00910806655883789,0.8969165268997549,0.9683066182665229,0.9689626841273452,,,,,,,1,-1,0.0
sep_k10_d10,sep,7,800,10,10,Bisecting+Sil.,10,0.1338663101196289,0.9916422010086653,0.9910354186522286,0.9912381842112772,,,,,,,0,0,1.0
sep_k10_d10,sep,8,800,10,10,ORACLE k-means(k*),10,0.007530689239501953,1.0,1.0,1.0,,,,,,,0,0,1.0
sep_k10_d10,sep,8,800,10,10,CDK (proposed),10,5.091426372528076,0.9377773797224231,0.9427067921661783,0.9440028352044817,10.0,10.0,36.0,14.0,0.8888888888888888,0.005,0,0,1.0
sep_k10_d10,sep,8,800,10,10,CDK / Gaussian null,10,5.479746103286743,0.9377773797224231,0.9427067921661783,0.9440028352044817,10.0,10.0,36.0,14.0,0.8888888888888888,0.005,0,0,1.0
sep_k10_d10,sep,8,800,10,10,CDK / AD statistic,10,8.169286012649536,0.9377773797224231,0.9427067921661783,0.9440028352044817,10.0,10.0,36.0,14.0,0.8888888888888888,0.005,0,0,1.0
sep_k10_d10,sep,8,800,10,10,CDK / no multiplicity corr.,10,6.186933517456055,0.9377773797224231,0.9427067921661783,0.9440028352044817,10.0,10.0,36.0,14.0,0.8888888888888888,0.005,0,0,1.0
sep_k10_d10,sep,8,800,10,10,CDK / n_min=15,10,7.146421194076538,0.9377773797224231,0.9427067921661785,0.9440028352044819,10.0,10.0,81.0,29.0,0.6419753086419753,0.005,0,0,1.0
sep_k10_d10,sep,8,800,10,10,CDK / n_min=40,10,5.279494524002075,0.9378107327489386,0.942714091832535,0.9440099576023983,10.0,10.0,27.0,10.0,1.0,0.005,0,0,1.0
sep_k10_d10,sep,8,800,10,10,Silhouette,10,0.16330718994140625,1.0,1.0,1.0,,,,,,,0,0,1.0
sep_k10_d10,sep,8,800,10,10,Calinski-Har.,10,0.10095024108886719,1.0,1.0,1.0,,,,,,,0,0,1.0
sep_k10_d10,sep,8,800,10,10,Davies-Bouldin,10,0.11983060836791992,1.0,1.0,1.0,,,,,,,0,0,1.0
sep_k10_d10,sep,8,800,10,10,Elbow (Kneedle),10,0.10281682014465332,1.0,1.0,1.0,,,,,,,0,0,1.0
sep_k10_d10,sep,8,800,10,10,Jump statistic,10,0.1044607162475586,1.0,1.0,1.0,,,,,,,0,0,1.0
sep_k10_d10,sep,8,800,10,10,Gap statistic,10,0.49593019485473633,1.0,1.0,1.0,,,,,,,0,0,1.0
sep_k10_d10,sep,8,800,10,10,X-means,10,0.04305911064147949,1.0,1.0,1.0,,,,,,,0,0,1.0
sep_k10_d10,sep,8,800,10,10,G-means,10,0.032158613204956055,1.0,1.0,1.0,,,,,,,0,0,1.0
sep_k10_d10,sep,8,800,10,10,dip-means,1,0.01372218132019043,0.0,0.0,0.0,,,,,,,9,-9,0.0
sep_k10_d10,sep,8,800,10,10,ISODATA,10,0.020676374435424805,1.0,1.0,1.0,,,,,,,0,0,1.0
sep_k10_d10,sep,8,800,10,10,MDL split/merge,10,0.08536767959594727,1.0,1.0,1.0,,,,,,,0,0,1.0
sep_k10_d10,sep,8,800,10,10,GMM+BIC,6,0.21031451225280762,0.6675814696654361,0.8577702200063893,0.8597840627621091,,,,,,,4,-4,0.0
sep_k10_d10,sep,8,800,10,10,GMM+ICL,6,0.21664142608642578,0.6675814696654361,0.8577702200063893,0.8597840627621091,,,,,,,4,-4,0.0
sep_k10_d10,sep,8,800,10,10,HDBSCAN,10,0.008249521255493164,1.0,1.0,1.0,,,,,,,0,0,1.0
sep_k10_d10,sep,8,800,10,10,Bisecting+Sil.,10,0.12291812896728516,0.9536771415175449,0.9560304863034891,0.9570252356602069,,,,,,,0,0,1.0
sep_k10_d10,sep,9,800,10,10,ORACLE k-means(k*),10,0.01623988151550293,1.0,1.0,1.0,,,,,,,0,0,1.0
sep_k10_d10,sep,9,800,10,10,CDK (proposed),11,6.101357460021973,0.9478471026221911,0.9603821565183753,0.9613695939642013,11.0,11.0,53.0,19.0,0.8301886792452831,0.005,1,1,0.0
sep_k10_d10,sep,9,800,10,10,CDK / Gaussian null,10,5.6092634201049805,0.9749157581526791,0.9746278537419384,0.9752017856317066,8.0,10.0,53.0,19.0,0.8113207547169812,0.005,0,0,1.0
sep_k10_d10,sep,9,800,10,10,CDK / AD statistic,10,7.800083637237549,0.9749157581526791,0.9746278537419384,0.9752017856317066,10.0,11.0,53.0,19.0,0.8113207547169812,0.005,0,0,1.0
sep_k10_d10,sep,9,800,10,10,CDK / no multiplicity corr.,11,5.486982822418213,0.9478471026221911,0.9603821565183753,0.9613695939642013,11.0,12.0,53.0,19.0,0.8301886792452831,0.005,1,1,0.0
sep_k10_d10,sep,9,800,10,10,CDK / n_min=15,10,4.704436779022217,0.9749501600299094,0.9746350201261724,0.9752087844081202,10.0,10.0,66.0,26.0,0.6212121212121212,0.005,0,0,1.0
sep_k10_d10,sep,9,800,10,10,CDK / n_min=40,10,4.3866119384765625,0.9696171069956318,0.9705143397620012,0.9711813417264505,10.0,10.0,25.0,10.0,1.0,0.005,0,0,1.0
sep_k10_d10,sep,9,800,10,10,Silhouette,10,0.15713214874267578,1.0,1.0,1.0,,,,,,,0,0,1.0
sep_k10_d10,sep,9,800,10,10,Calinski-Har.,10,0.10554695129394531,1.0,1.0,1.0,,,,,,,0,0,1.0
sep_k10_d10,sep,9,800,10,10,Davies-Bouldin,10,0.11860036849975586,1.0,1.0,1.0,,,,,,,0,0,1.0
sep_k10_d10,sep,9,800,10,10,Elbow (Kneedle),10,0.1122429370880127,1.0,1.0,1.0,,,,,,,0,0,1.0
sep_k10_d10,sep,9,800,10,10,Jump statistic,10,0.11384248733520508,1.0,1.0,1.0,,,,,,,0,0,1.0
sep_k10_d10,sep,9,800,10,10,Gap statistic,10,0.5263378620147705,1.0,1.0,1.0,,,,,,,0,0,1.0
sep_k10_d10,sep,9,800,10,10,X-means,10,0.04369544982910156,1.0,1.0,1.0,,,,,,,0,0,1.0
sep_k10_d10,sep,9,800,10,10,G-means,9,0.03446555137634277,0.8969165268997549,0.9683066182665229,0.9689626841273452,,,,,,,1,-1,0.0
sep_k10_d10,sep,9,800,10,10,dip-means,1,0.018374204635620117,0.0,0.0,0.0,,,,,,,9,-9,0.0
sep_k10_d10,sep,9,800,10,10,ISODATA,10,0.02126026153564453,1.0,1.0,1.0,,,,,,,0,0,1.0
sep_k10_d10,sep,9,800,10,10,MDL split/merge,10,0.08849883079528809,1.0,1.0,1.0,,,,,,,0,0,1.0
sep_k10_d10,sep,9,800,10,10,GMM+BIC,6,0.19395828247070312,0.6696299359106884,0.8611379371096765,0.8631040918837465,,,,,,,4,-4,0.0
sep_k10_d10,sep,9,800,10,10,GMM+ICL,6,0.19744157791137695,0.6696299359106884,0.8611379371096765,0.8631040918837465,,,,,,,4,-4,0.0
sep_k10_d10,sep,9,800,10,10,HDBSCAN,10,0.007941484451293945,0.9972081748760527,0.9970106595018916,0.9970782736382753,,,,,,,0,0,1.0
sep_k10_d10,sep,9,800,10,10,Bisecting+Sil.,10,0.11907315254211426,0.9562281672475487,0.9569025684183354,0.9578776532376818,,,,,,,0,0,1.0
sep_k10_d50,sep,0,800,50,10,ORACLE k-means(k*),10,0.010930061340332031,1.0,1.0,1.0,,,,,,,0,0,1.0
sep_k10_d50,sep,0,800,50,10,CDK (proposed),10,10.531784296035767,0.9722647583904148,0.9734764376749288,0.974076411876276,10.0,10.0,43.0,15.0,0.8837209302325582,0.005,0,0,1.0
sep_k10_d50,sep,0,800,50,10,CDK / Gaussian null,9,9.09453797340393,0.8749489504668821,0.9416411519824777,0.9428484782350641,6.0,10.0,43.0,15.0,0.8604651162790697,0.005,1,-1,0.0
sep_k10_d50,sep,0,800,50,10,CDK / AD statistic,11,11.146185398101807,0.9442050256320211,0.9589822304424439,0.9600067482164076,11.0,11.0,43.0,15.0,0.9069767441860465,0.005,1,1,0.0
sep_k10_d50,sep,0,800,50,10,CDK / no multiplicity corr.,10,8.77745532989502,0.9722647583904148,0.9734764376749288,0.974076411876276,10.0,10.0,43.0,15.0,0.8837209302325582,0.005,0,0,1.0
sep_k10_d50,sep,0,800,50,10,CDK / n_min=15,10,7.743407726287842,0.9695794323852993,0.9705080717402651,0.9711751949477448,9.0,10.0,71.0,27.0,0.6197183098591549,0.005,0,0,1.0
sep_k10_d50,sep,0,800,50,10,CDK / n_min=40,10,9.315832376480103,0.9695794323852993,0.9705080717402651,0.9711751949477448,10.0,10.0,26.0,10.0,1.0,0.005,0,0,1.0
sep_k10_d50,sep,0,800,50,10,Silhouette,10,0.23997998237609863,1.0,1.0,1.0,,,,,,,0,0,1.0
sep_k10_d50,sep,0,800,50,10,Calinski-Har.,10,0.1732029914855957,1.0,1.0,1.0,,,,,,,0,0,1.0
sep_k10_d50,sep,0,800,50,10,Davies-Bouldin,10,0.1977214813232422,1.0,1.0,1.0,,,,,,,0,0,1.0
sep_k10_d50,sep,0,800,50,10,Elbow (Kneedle),10,0.183213472366333,1.0,1.0,1.0,,,,,,,0,0,1.0
sep_k10_d50,sep,0,800,50,10,Jump statistic,10,0.17878246307373047,1.0,1.0,1.0,,,,,,,0,0,1.0
sep_k10_d50,sep,0,800,50,10,Gap statistic,10,0.9622657299041748,1.0,1.0,1.0,,,,,,,0,0,1.0
sep_k10_d50,sep,0,800,50,10,X-means,10,0.06038498878479004,1.0,1.0,1.0,,,,,,,0,0,1.0
sep_k10_d50,sep,0,800,50,10,G-means,10,0.043561697006225586,0.684853635893477,0.890897194114185,0.8935325877379111,,,,,,,0,0,1.0
sep_k10_d50,sep,0,800,50,10,dip-means,1,0.019406557083129883,0.0,0.0,0.0,,,,,,,9,-9,0.0
sep_k10_d50,sep,0,800,50,10,ISODATA,14,0.03645205497741699,0.9000851990869939,0.9476672542057968,0.9493434365847984,,,,,,,4,4,0.0
sep_k10_d50,sep,0,800,50,10,MDL split/merge,20,0.4005298614501953,0.7245771849490327,0.879244097264871,0.8846485979845712,,,,,,,10,10,0.0
sep_k10_d50,sep,0,800,50,10,GMM+BIC,5,0.49999356269836426,0.5165397982619991,0.7844934164311134,0.7870896139557404,,,,,,,5,-5,0.0
sep_k10_d50,sep,0,800,50,10,GMM+ICL,5,0.5094244480133057,0.5165397982619991,0.7844934164311134,0.7870896139557404,,,,,,,5,-5,0.0
sep_k10_d50,sep,0,800,50,10,HDBSCAN,9,0.03937101364135742,0.8943569119553009,0.9652304182686816,0.9659501663254317,,,,,,,1,-1,0.0
sep_k10_d50,sep,0,800,50,10,Bisecting+Sil.,10,0.17048287391662598,0.9752454438446061,0.974695291765673,0.9752676686338271,,,,,,,0,0,1.0
sep_k10_d50,sep,1,800,50,10,ORACLE k-means(k*),10,0.010453462600708008,1.0,1.0,1.0,,,,,,,0,0,1.0
sep_k10_d50,sep,1,800,50,10,CDK (proposed),10,9.339047908782959,0.9833738334290381,0.9828512672919903,0.9832391591059496,10.0,10.0,50.0,18.0,0.84,0.005,0,0,1.0
sep_k10_d50,sep,1,800,50,10,CDK / Gaussian null,10,8.558457851409912,0.9833738334290381,0.9828512672919903,0.9832391591059496,5.0,10.0,50.0,18.0,0.84,0.005,0,0,1.0
sep_k10_d50,sep,1,800,50,10,CDK / AD statistic,11,14.233046531677246,0.9557587116426252,0.9683984960954186,0.9691882990886783,11.0,11.0,50.0,18.0,0.86,0.005,1,1,0.0
sep_k10_d50,sep,1,800,50,10,CDK / no multiplicity corr.,10,10.484139204025269,0.9833738334290381,0.9828512672919903,0.9832391591059496,10.0,10.0,50.0,18.0,0.84,0.005,0,0,1.0
sep_k10_d50,sep,1,800,50,10,CDK / n_min=15,10,10.336703300476074,0.9834258031021728,0.9828618634204497,0.9832495100463955,10.0,10.0,57.0,20.0,0.7719298245614035,0.005,0,0,1.0
sep_k10_d50,sep,1,800,50,10,CDK / n_min=40,10,11.885132551193237,0.9833738334290381,0.9828512672919903,0.9832391591059496,10.0,10.0,27.0,10.0,1.0,0.005,0,0,1.0
sep_k10_d50,sep,1,800,50,10,Silhouette,10,0.25772738456726074,1.0,1.0,1.0,,,,,,,0,0,1.0
sep_k10_d50,sep,1,800,50,10,Calinski-Har.,10,0.17348790168762207,1.0,1.0,1.0,,,,,,,0,0,1.0
sep_k10_d50,sep,1,800,50,10,Davies-Bouldin,10,0.18336772918701172,1.0,1.0,1.0,,,,,,,0,0,1.0
sep_k10_d50,sep,1,800,50,10,Elbow (Kneedle),10,0.17697358131408691,1.0,1.0,1.0,,,,,,,0,0,1.0
sep_k10_d50,sep,1,800,50,10,Jump statistic,10,0.17629528045654297,1.0,1.0,1.0,,,,,,,0,0,1.0
sep_k10_d50,sep,1,800,50,10,Gap statistic,10,1.0897109508514404,1.0,1.0,1.0,,,,,,,0,0,1.0
sep_k10_d50,sep,1,800,50,10,X-means,10,0.0530550479888916,1.0,1.0,1.0,,,,,,,0,0,1.0
sep_k10_d50,sep,1,800,50,10,G-means,9,0.04991793632507324,0.5216396526720157,0.8347349730555257,0.8385103668037603,,,,,,,1,-1,0.0
sep_k10_d50,sep,1,800,50,10,dip-means,1,0.022195100784301758,0.0,0.0,0.0,,,,,,,9,-9,0.0
sep_k10_d50,sep,1,800,50,10,ISODATA,14,0.03924298286437988,0.9006585809616098,0.9479151557793842,0.9495845532338391,,,,,,,4,4,0.0
sep_k10_d50,sep,1,800,50,10,MDL split/merge,20,0.4033546447753906,0.7535918801482457,0.8863713172639243,0.8915218766209043,,,,,,,10,10,0.0
sep_k10_d50,sep,1,800,50,10,GMM+BIC,5,0.48079347610473633,0.6107793336531618,0.8172457590843597,0.819378418961699,,,,,,,5,-5,0.0
sep_k10_d50,sep,1,800,50,10,GMM+ICL,5,0.47722721099853516,0.6107793336531618,0.8172457590843597,0.819378418961699,,,,,,,5,-5,0.0
sep_k10_d50,sep,1,800,50,10,HDBSCAN,10,0.036022186279296875,0.9972081748760527,0.9970106595018916,0.9970782736382753,,,,,,,0,0,1.0
sep_k10_d50,sep,1,800,50,10,Bisecting+Sil.,10,0.18133854866027832,0.9752854300488777,0.9757493813678714,0.9762979522749858,,,,,,,0,0,1.0
sep_k10_d50,sep,2,800,50,10,ORACLE k-means(k*),10,0.014188289642333984,1.0,1.0,1.0,,,,,,,0,0,1.0
sep_k10_d50,sep,2,800,50,10,CDK (proposed),10,10.002318382263184,0.9617582384384438,0.9671071253522786,0.9678513481000558,10.0,10.0,41.0,16.0,0.8536585365853658,0.005,0,0,1.0
sep_k10_d50,sep,2,800,50,10,CDK / Gaussian null,10,8.815751075744629,0.9617582384384438,0.9671071253522786,0.9678513481000558,9.0,10.0,41.0,16.0,0.8536585365853658,0.005,0,0,1.0
sep_k10_d50,sep,2,800,50,10,CDK / AD statistic,11,11.066445112228394,0.9365388946222021,0.9533993497203209,0.9545652100055253,11.0,13.0,41.0,16.0,0.8780487804878049,0.005,1,1,0.0
sep_k10_d50,sep,2,800,50,10,CDK / no multiplicity corr.,10,9.602949380874634,0.9617582384384438,0.9671071253522786,0.9678513481000558,10.0,10.0,41.0,16.0,0.8536585365853658,0.005,0,0,1.0
sep_k10_d50,sep,2,800,50,10,CDK / n_min=15,9,9.029654264450073,0.864482024305375,0.9375282783577408,0.9388219064783565,9.0,9.0,58.0,23.0,0.6551724137931034,0.005,1,-1,0.0
sep_k10_d50,sep,2,800,50,10,CDK / n_min=40,10,8.173631191253662,0.9617582384384438,0.9671071253522788,0.9678513481000559,10.0,10.0,24.0,10.0,1.0,0.005,0,0,1.0
sep_k10_d50,sep,2,800,50,10,Silhouette,10,0.2034294605255127,1.0,1.0,1.0,,,,,,,0,0,1.0
sep_k10_d50,sep,2,800,50,10,Calinski-Har.,10,0.13519501686096191,1.0,1.0,1.0,,,,,,,0,0,1.0
sep_k10_d50,sep,2,800,50,10,Davies-Bouldin,10,0.1529521942138672,1.0,1.0,1.0,,,,,,,0,0,1.0
sep_k10_d50,sep,2,800,50,10,Elbow (Kneedle),10,0.14068198204040527,1.0,1.0,1.0,,,,,,,0,0,1.0
sep_k10_d50,sep,2,800,50,10,Jump statistic,10,0.1412370204925537,1.0,1.0,1.0,,,,,,,0,0,1.0
sep_k10_d50,sep,2,800,50,10,Gap statistic,10,0.8109438419342041,1.0,1.0,1.0,,,,,,,0,0,1.0
sep_k10_d50,sep,2,800,50,10,X-means,10,0.05026841163635254,1.0,1.0,1.0,,,,,,,0,0,1.0
sep_k10_d50,sep,2,800,50,10,G-means,14,0.03411388397216797,0.8034407382465143,0.9138498563802482,0.9167398346773795,,,,,,,4,4,0.0
sep_k10_d50,sep,2,800,50,10,dip-means,1,0.016869068145751953,0.0,0.0,0.0,,,,,,,9,-9,0.0
sep_k10_d50,sep,2,800,50,10,ISODATA,14,0.03316903114318848,0.9000237363356723,0.947633229164352,0.9493101839167294,,,,,,,4,4,0.0
sep_k10_d50,sep,2,800,50,10,MDL split/merge,20,0.3145570755004883,0.7391728015839296,0.882422495140797,0.8877234230805202,,,,,,,10,10,0.0
sep_k10_d50,sep,2,800,50,10,GMM+BIC,5,0.3612043857574463,0.5624315443592552,0.8045399613307952,0.8068574385777882,,,,,,,5,-5,0.0
sep_k10_d50,sep,2,800,50,10,GMM+ICL,5,0.3759124279022217,0.5624315443592552,0.8045399613307952,0.8068574385777882,,,,,,,5,-5,0.0
sep_k10_d50,sep,2,800,50,10,HDBSCAN,9,0.02897167205810547,0.8943569119553009,0.9652304182686817,0.965950166325432,,,,,,,1,-1,0.0
sep_k10_d50,sep,2,800,50,10,Bisecting+Sil.,10,0.1393415927886963,0.9221065158291547,0.9375563014984335,0.938969689374486,,,,,,,0,0,1.0
sep_k10_d50,sep,3,800,50,10,ORACLE k-means(k*),10,0.013460636138916016,1.0,1.0,1.0,,,,,,,0,0,1.0
sep_k10_d50,sep,3,800,50,10,CDK (proposed),10,9.393948793411255,0.986112673962375,0.9865930825626984,0.9868963372470476,10.0,10.0,48.0,19.0,0.8125,0.005,0,0,1.0
sep_k10_d50,sep,3,800,50,10,CDK / Gaussian null,7,7.581658363342285,0.5552624220504137,0.8489395605756992,0.851524151424549,5.0,10.0,48.0,19.0,0.75,0.005,3,-3,0.0
sep_k10_d50,sep,3,800,50,10,CDK / AD statistic,10,13.42224907875061,0.986112673962375,0.9865930825626984,0.9868963372470476,10.0,13.0,48.0,19.0,0.8125,0.005,0,0,1.0
sep_k10_d50,sep,3,800,50,10,CDK / no multiplicity corr.,10,9.689332485198975,0.986112673962375,0.9865930825626984,0.9868963372470476,10.0,10.0,48.0,19.0,0.8125,0.005,0,0,1.0
sep_k10_d50,sep,3,800,50,10,CDK / n_min=15,10,8.629825592041016,0.986112673962375,0.9865930825626984,0.9868963372470476,10.0,10.0,65.0,26.0,0.6461538461538462,0.005,0,0,1.0
sep_k10_d50,sep,3,800,50,10,CDK / n_min=40,10,9.169893264770508,0.986112673962375,0.9865930825626984,0.9868963372470476,10.0,10.0,25.0,10.0,1.0,0.005,0,0,1.0
sep_k10_d50,sep,3,800,50,10,Silhouette,10,0.2541341781616211,1.0,1.0,1.0,,,,,,,0,0,1.0
sep_k10_d50,sep,3,800,50,10,Calinski-Har.,10,0.17708945274353027,1.0,1.0,1.0,,,,,,,0,0,1.0
sep_k10_d50,sep,3,800,50,10,Davies-Bouldin,10,0.19173264503479004,1.0,1.0,1.0,,,,,,,0,0,1.0
sep_k10_d50,sep,3,800,50,10,Elbow (Kneedle),10,0.15922999382019043,1.0,1.0,1.0,,,,,,,0,0,1.0
sep_k10_d50,sep,3,800,50,10,Jump statistic,10,0.15780973434448242,1.0,1.0,1.0,,,,,,,0,0,1.0
sep_k10_d50,sep,3,800,50,10,Gap statistic,10,0.8897333145141602,1.0,1.0,1.0,,,,,,,0,0,1.0
sep_k10_d50,sep,3,800,50,10,X-means,10,0.05448031425476074,1.0,1.0,1.0,,,,,,,0,0,1.0
sep_k10_d50,sep,3,800,50,10,G-means,13,0.05490851402282715,0.8313616087116849,0.9301821482785728,0.932244379586334,,,,,,,3,3,0.0
sep_k10_d50,sep,3,800,50,10,dip-means,1,0.018067359924316406,0.0,0.0,0.0,,,,,,,9,-9,0.0
sep_k10_d50,sep,3,800,50,10,ISODATA,14,0.03264594078063965,0.9016608249950345,0.9483793183483523,0.9500357842479854,,,,,,,4,4,0.0
sep_k10_d50,sep,3,800,50,10,MDL split/merge,20,0.3484227657318115,0.7381964780881826,0.8845894221149281,0.889732614062846,,,,,,,10,10,0.0
sep_k10_d50,sep,3,800,50,10,GMM+BIC,5,0.4558844566345215,0.5165397982619991,0.7844934164311135,0.7870896139557405,,,,,,,5,-5,0.0
sep_k10_d50,sep,3,800,50,10,GMM+ICL,5,0.46043848991394043,0.5165397982619991,0.7844934164311135,0.7870896139557405,,,,,,,5,-5,0.0
sep_k10_d50,sep,3,800,50,10,HDBSCAN,10,0.03467392921447754,0.9972081748760527,0.9970106595018916,0.9970782736382753,,,,,,,0,0,1.0
sep_k10_d50,sep,3,800,50,10,Bisecting+Sil.,10,0.17714786529541016,0.9944339084006838,0.9940247905501669,0.9941599403020662,,,,,,,0,0,1.0
sep_k10_d50,sep,4,800,50,10,ORACLE k-means(k*),10,0.010627508163452148,1.0,1.0,1.0,,,,,,,0,0,1.0
sep_k10_d50,sep,4,800,50,10,CDK (proposed),10,8.631139278411865,0.9161839439200041,0.9345376818606921,0.936020566223567,10.0,10.0,41.0,16.0,0.8536585365853658,0.005,0,0,1.0
sep_k10_d50,sep,4,800,50,10,CDK / Gaussian null,9,8.364152908325195,0.8217856263543095,0.9012050974890461,0.9032527805503511,6.0,10.0,41.0,16.0,0.8292682926829268,0.005,1,-1,0.0
sep_k10_d50,sep,4,800,50,10,CDK / AD statistic,10,12.167428255081177,0.9161839439200041,0.9345376818606921,0.936020566223567,10.0,11.0,41.0,16.0,0.8536585365853658,0.005,0,0,1.0
sep_k10_d50,sep,4,800,50,10,CDK / no multiplicity corr.,10,10.223221063613892,0.9161839439200041,0.9345376818606921,0.936020566223567,10.0,10.0,41.0,16.0,0.8536585365853658,0.005,0,0,1.0
sep_k10_d50,sep,4,800,50,10,CDK / n_min=15,10,9.214832782745361,0.9159719797283126,0.9344881643248636,0.9359722670757974,10.0,10.0,68.0,26.0,0.6176470588235294,0.005,0,0,1.0
sep_k10_d50,sep,4,800,50,10,CDK / n_min=40,10,8.724266529083252,0.9170370886584605,0.9377826374338168,0.9391921627164762,10.0,10.0,26.0,10.0,1.0,0.005,0,0,1.0
sep_k10_d50,sep,4,800,50,10,Silhouette,10,0.20200371742248535,1.0,1.0,1.0,,,,,,,0,0,1.0
sep_k10_d50,sep,4,800,50,10,Calinski-Har.,10,0.13727164268493652,1.0,1.0,1.0,,,,,,,0,0,1.0
sep_k10_d50,sep,4,800,50,10,Davies-Bouldin,10,0.15369534492492676,1.0,1.0,1.0,,,,,,,0,0,1.0
sep_k10_d50,sep,4,800,50,10,Elbow (Kneedle),10,0.14104437828063965,1.0,1.0,1.0,,,,,,,0,0,1.0
sep_k10_d50,sep,4,800,50,10,Jump statistic,10,0.14522719383239746,1.0,1.0,1.0,,,,,,,0,0,1.0
sep_k10_d50,sep,4,800,50,10,Gap statistic,10,0.7941081523895264,1.0,1.0,1.0,,,,,,,0,0,1.0
sep_k10_d50,sep,4,800,50,10,X-means,10,0.04884839057922363,1.0,1.0,1.0,,,,,,,0,0,1.0
sep_k10_d50,sep,4,800,50,10,G-means,10,0.03644919395446777,0.8710387568460808,0.9540514187050556,0.9551177907714674,,,,,,,0,0,1.0
sep_k10_d50,sep,4,800,50,10,dip-means,1,0.01688694953918457,0.0,0.0,0.0,,,,,,,9,-9,0.0
sep_k10_d50,sep,4,800,50,10,ISODATA,14,0.03079080581665039,0.9024370483615206,0.9486970809338833,0.950344813913405,,,,,,,4,4,0.0
sep_k10_d50,sep,4,800,50,10,MDL split/merge,20,0.3174936771392822,0.7113757816844509,0.8784317606929926,0.8838393845527167,,,,,,,10,10,0.0
sep_k10_d50,sep,4,800,50,10,GMM+BIC,5,0.3639700412750244,0.5121030326603287,0.7762456414933264,0.7789397638188609,,,,,,,5,-5,0.0
sep_k10_d50,sep,4,800,50,10,GMM+ICL,5,0.38443946838378906,0.5121030326603287,0.7762456414933264,0.7789397638188609,,,,,,,5,-5,0.0
sep_k10_d50,sep,4,800,50,10,HDBSCAN,2,0.029387950897216797,0.04710793082886106,0.24410921271613195,0.24743077525664636,,,,,,,8,-8,0.0
sep_k10_d50,sep,4,800,50,10,Bisecting+Sil.,10,0.14156842231750488,0.9776713751092453,0.9768475215815016,0.9773712407805842,,,,,,,0,0,1.0
sep_k10_d50,sep,5,800,50,10,ORACLE k-means(k*),10,0.01448202133178711,1.0,1.0,1.0,,,,,,,0,0,1.0
sep_k10_d50,sep,5,800,50,10,CDK (proposed),11,11.982952117919922,0.9475353460002485,0.9610092350153054,0.9619829290637394,11.0,11.0,52.0,18.0,0.8653846153846154,0.005,1,1,0.0
sep_k10_d50,sep,5,800,50,10,CDK / Gaussian null,9,9.053525686264038,0.8718796390946231,0.9423576569296154,0.94355102803688,2.0,10.0,52.0,18.0,0.8269230769230769,0.005,1,-1,0.0
sep_k10_d50,sep,5,800,50,10,CDK / AD statistic,10,13.975994110107422,0.9726704236212524,0.9747856494182928,0.9753560235786174,10.0,12.0,52.0,18.0,0.8461538461538461,0.005,0,0,1.0
sep_k10_d50,sep,5,800,50,10,CDK / no multiplicity corr.,11,12.51733136177063,0.9475353460002485,0.9610092350153054,0.9619829290637394,11.0,11.0,52.0,18.0,0.8653846153846154,0.005,1,1,0.0
sep_k10_d50,sep,5,800,50,10,CDK / n_min=15,11,9.66134786605835,0.9441980792418422,0.9573878150477872,0.9584507636909101,10.0,11.0,73.0,26.0,0.6712328767123288,0.005,1,1,0.0
sep_k10_d50,sep,5,800,50,10,CDK / n_min=40,10,11.971133470535278,0.8920924057621855,0.9389493255605504,0.9403403733502802,10.0,10.0,29.0,10.0,1.0,0.005,0,0,1.0
sep_k10_d50,sep,5,800,50,10,Silhouette,10,0.24251008033752441,1.0,1.0,1.0,,,,,,,0,0,1.0
sep_k10_d50,sep,5,800,50,10,Calinski-Har.,10,0.1630995273590088,1.0,1.0,1.0,,,,,,,0,0,1.0
sep_k10_d50,sep,5,800,50,10,Davies-Bouldin,10,0.18129420280456543,1.0,1.0,1.0,,,,,,,0,0,1.0
sep_k10_d50,sep,5,800,50,10,Elbow (Kneedle),10,0.19067597389221191,1.0,1.0,1.0,,,,,,,0,0,1.0
sep_k10_d50,sep,5,800,50,10,Jump statistic,10,0.18816494941711426,1.0,1.0,1.0,,,,,,,0,0,1.0
sep_k10_d50,sep,5,800,50,10,Gap statistic,10,1.0806665420532227,1.0,1.0,1.0,,,,,,,0,0,1.0
sep_k10_d50,sep,5,800,50,10,X-means,10,0.06635642051696777,1.0,1.0,1.0,,,,,,,0,0,1.0
sep_k10_d50,sep,5,800,50,10,G-means,10,0.06102800369262695,0.8725044266267693,0.9546185596525103,0.9556737436708932,,,,,,,0,0,1.0
sep_k10_d50,sep,5,800,50,10,dip-means,1,0.022571802139282227,0.0,0.0,0.0,,,,,,,9,-9,0.0
sep_k10_d50,sep,5,800,50,10,ISODATA,14,0.039591312408447266,0.8993472755265658,0.9473250701594875,0.9490105370935857,,,,,,,4,4,0.0
sep_k10_d50,sep,5,800,50,10,MDL split/merge,20,0.372722864151001,0.7079860708577382,0.8768312862658093,0.8823151157954602,,,,,,,10,10,0.0
sep_k10_d50,sep,5,800,50,10,GMM+BIC,5,0.4300518035888672,0.5581852136578542,0.7942834370504913,0.7967218377605055,,,,,,,5,-5,0.0
sep_k10_d50,sep,5,800,50,10,GMM+ICL,5,0.46828556060791016,0.5581852136578542,0.7942834370504913,0.7967218377605055,,,,,,,5,-5,0.0
sep_k10_d50,sep,5,800,50,10,HDBSCAN,5,0.03345894813537598,0.28359418672769887,0.6854008946418741,0.6895115407239504,,,,,,,5,-5,0.0
sep_k10_d50,sep,5,800,50,10,Bisecting+Sil.,10,0.17189598083496094,0.933003005446531,0.9611636142161679,0.962045055309562,,,,,,,0,0,1.0
sep_k10_d50,sep,6,800,50,10,ORACLE k-means(k*),10,0.013170719146728516,1.0,1.0,1.0,,,,,,,0,0,1.0
sep_k10_d50,sep,6,800,50,10,CDK (proposed),10,11.466091871261597,0.9805842371673613,0.9816712696036,0.9820858658193174,10.0,10.0,43.0,16.0,0.8372093023255814,0.005,0,0,1.0
sep_k10_d50,sep,6,800,50,10,CDK / Gaussian null,9,10.492403507232666,0.8837561442521156,0.9502799561770079,0.9513082988070886,7.0,10.0,43.0,16.0,0.813953488372093,0.005,1,-1,0.0
sep_k10_d50,sep,6,800,50,10,CDK / AD statistic,11,13.595752477645874,0.9545470842928059,0.9678314721970693,0.968636970204023,11.0,12.0,43.0,16.0,0.8604651162790697,0.005,1,1,0.0
sep_k10_d50,sep,6,800,50,10,CDK / no multiplicity corr.,10,10.207146406173706,0.9805842371673613,0.9816712696036,0.9820858658193174,10.0,10.0,43.0,16.0,0.8372093023255814,0.005,0,0,1.0
sep_k10_d50,sep,6,800,50,10,CDK / n_min=15,10,9.988267660140991,0.9806015189081333,0.9816747618468916,0.9820892771482259,10.0,10.0,71.0,27.0,0.6056338028169014,0.005,0,0,1.0
sep_k10_d50,sep,6,800,50,10,CDK / n_min=40,10,9.317095041275024,0.9805842371673613,0.9816712696036,0.9820858658193174,10.0,10.0,27.0,10.0,1.0,0.005,0,0,1.0
sep_k10_d50,sep,6,800,50,10,Silhouette,10,0.19991493225097656,1.0,1.0,1.0,,,,,,,0,0,1.0
sep_k10_d50,sep,6,800,50,10,Calinski-Har.,10,0.13602828979492188,1.0,1.0,1.0,,,,,,,0,0,1.0
sep_k10_d50,sep,6,800,50,10,Davies-Bouldin,10,0.15186738967895508,1.0,1.0,1.0,,,,,,,0,0,1.0
sep_k10_d50,sep,6,800,50,10,Elbow (Kneedle),10,0.14243245124816895,1.0,1.0,1.0,,,,,,,0,0,1.0
sep_k10_d50,sep,6,800,50,10,Jump statistic,10,0.14143610000610352,1.0,1.0,1.0,,,,,,,0,0,1.0
sep_k10_d50,sep,6,800,50,10,Gap statistic,10,0.802060604095459,1.0,1.0,1.0,,,,,,,0,0,1.0
sep_k10_d50,sep,6,800,50,10,X-means,10,0.05065464973449707,1.0,1.0,1.0,,,,,,,0,0,1.0
sep_k10_d50,sep,6,800,50,10,G-means,12,0.0456545352935791,0.8405624946422592,0.9346066358387445,0.9364774591168056,,,,,,,2,2,0.0
sep_k10_d50,sep,6,800,50,10,dip-means,1,0.016821861267089844,0.0,0.0,0.0,,,,,,,9,-9,0.0
sep_k10_d50,sep,6,800,50,10,ISODATA,14,0.031252384185791016,0.9041090074242153,0.949396472260454,0.9510244790945218,,,,,,,4,4,0.0
sep_k10_d50,sep,6,800,50,10,MDL split/merge,20,0.3678882122039795,0.7663030101092724,0.8889203012067597,0.8939524671728151,,,,,,,10,10,0.0
sep_k10_d50,sep,6,800,50,10,GMM+BIC,5,0.4996352195739746,0.5624315443592552,0.8045399613307954,0.8068574385777885,,,,,,,5,-5,0.0
sep_k10_d50,sep,6,800,50,10,GMM+ICL,5,0.5242395401000977,0.5624315443592552,0.8045399613307954,0.8068574385777885,,,,,,,5,-5,0.0
sep_k10_d50,sep,6,800,50,10,HDBSCAN,5,0.03536200523376465,0.2810461308803261,0.6837027412900527,0.6878415883389759,,,,,,,5,-5,0.0
sep_k10_d50,sep,6,800,50,10,Bisecting+Sil.,10,0.17409873008728027,0.9809936219731817,0.9850469854986889,0.9853852568249435,,,,,,,0,0,1.0
sep_k10_d50,sep,7,800,50,10,ORACLE k-means(k*),10,0.011582374572753906,1.0,1.0,1.0,,,,,,,0,0,1.0
sep_k10_d50,sep,7,800,50,10,CDK (proposed),10,10.24164891242981,0.9944164284049487,0.9940212980624569,0.9941565274494993,10.0,10.0,39.0,14.0,0.8974358974358975,0.005,0,0,1.0
sep_k10_d50,sep,7,800,50,10,CDK / Gaussian null,10,8.08537483215332,0.9944164284049487,0.9940212980624569,0.9941565274494993,8.0,10.0,39.0,14.0,0.8974358974358975,0.005,0,0,1.0
sep_k10_d50,sep,7,800,50,10,CDK / AD statistic,10,10.392337083816528,0.9944164284049487,0.9940212980624569,0.9941565274494993,10.0,11.0,39.0,14.0,0.8974358974358975,0.005,0,0,1.0
sep_k10_d50,sep,7,800,50,10,CDK / no multiplicity corr.,10,9.484129428863525,0.9944164284049487,0.9940212980624569,0.9941565274494993,10.0,10.0,39.0,14.0,0.8974358974358975,0.005,0,0,1.0
sep_k10_d50,sep,7,800,50,10,CDK / n_min=15,10,8.931108236312866,0.9944164284049487,0.9940212980624569,0.9941565274494993,10.0,10.0,71.0,27.0,0.6197183098591549,0.005,0,0,1.0
sep_k10_d50,sep,7,800,50,10,CDK / n_min=40,10,11.628458976745605,0.9944164284049487,0.9940212980624569,0.9941565274494993,10.0,10.0,27.0,10.0,1.0,0.005,0,0,1.0
sep_k10_d50,sep,7,800,50,10,Silhouette,10,0.24187517166137695,1.0,1.0,1.0,,,,,,,0,0,1.0
sep_k10_d50,sep,7,800,50,10,Calinski-Har.,10,0.1887681484222412,1.0,1.0,1.0,,,,,,,0,0,1.0
sep_k10_d50,sep,7,800,50,10,Davies-Bouldin,10,0.19031095504760742,1.0,1.0,1.0,,,,,,,0,0,1.0
sep_k10_d50,sep,7,800,50,10,Elbow (Kneedle),10,0.17143821716308594,1.0,1.0,1.0,,,,,,,0,0,1.0
sep_k10_d50,sep,7,800,50,10,Jump statistic,10,0.16820645332336426,1.0,1.0,1.0,,,,,,,0,0,1.0
sep_k10_d50,sep,7,800,50,10,Gap statistic,10,0.9468123912811279,1.0,1.0,1.0,,,,,,,0,0,1.0
sep_k10_d50,sep,7,800,50,10,X-means,10,0.05296158790588379,1.0,1.0,1.0,,,,,,,0,0,1.0
sep_k10_d50,sep,7,800,50,10,G-means,11,0.04638361930847168,0.8414703367258927,0.9391814441173543,0.9407364818153208,,,,,,,1,1,0.0
sep_k10_d50,sep,7,800,50,10,dip-means,1,0.017588138580322266,0.0,0.0,0.0,,,,,,,9,-9,0.0
sep_k10_d50,sep,7,800,50,10,ISODATA,15,0.03374838829040527,0.8951297450718658,0.9422060131664842,0.9442155630370489,,,,,,,5,5,0.0
sep_k10_d50,sep,7,800,50,10,MDL split/merge,11,1.1089258193969727,0.9753796420537788,0.9863505877126044,0.9866927518571305,,,,,,,1,1,0.0
sep_k10_d50,sep,7,800,50,10,GMM+BIC,5,0.4521806240081787,0.4416491963661775,0.759432076308219,0.7624065855072554,,,,,,,5,-5,0.0
sep_k10_d50,sep,7,800,50,10,GMM+ICL,5,0.5145947933197021,0.4416491963661775,0.759432076308219,0.7624065855072554,,,,,,,5,-5,0.0
sep_k10_d50,sep,7,800,50,10,HDBSCAN,9,0.03525495529174805,0.8969165268997549,0.9683066182665229,0.9689626841273452,,,,,,,1,-1,0.0
sep_k10_d50,sep,7,800,50,10,Bisecting+Sil.,10,0.18110871315002441,0.9944164284049487,0.9940212980624566,0.9941565274494991,,,,,,,0,0,1.0
sep_k10_d50,sep,8,800,50,10,ORACLE k-means(k*),10,0.015228748321533203,1.0,1.0,1.0,,,,,,,0,0,1.0
sep_k10_d50,sep,8,800,50,10,CDK (proposed),10,10.526155710220337,0.9806868468351589,0.979882973279767,0.9803379992679171,10.0,10.0,51.0,18.0,0.8431372549019608,0.005,0,0,1.0
sep_k10_d50,sep,8,800,50,10,CDK / Gaussian null,8,9.196204423904419,0.7177831573184127,0.9003127135281117,0.9021989453737997,3.0,10.0,51.0,18.0,0.803921568627451,0.005,2,-2,0.0
sep_k10_d50,sep,8,800,50,10,CDK / AD statistic,11,12.20459532737732,0.9530339457829035,0.964620475494237,0.9655026934949887,11.0,13.0,51.0,18.0,0.8627450980392157,0.005,1,1,0.0
sep_k10_d50,sep,8,800,50,10,CDK / no multiplicity corr.,10,9.330352544784546,0.9806868468351589,0.979882973279767,0.9803379992679171,10.0,11.0,51.0,18.0,0.8431372549019608,0.005,0,0,1.0
sep_k10_d50,sep,8,800,50,10,CDK / n_min=15,10,9.19314980506897,0.9806868468351589,0.979882973279767,0.9803379992679171,10.0,10.0,76.0,27.0,0.6973684210526315,0.005,0,0,1.0
sep_k10_d50,sep,8,800,50,10,CDK / n_min=40,10,8.389724016189575,0.9806522770552756,0.9798758442240221,0.980331035827358,10.0,10.0,27.0,11.0,0.9629629629629629,0.005,0,0,1.0
sep_k10_d50,sep,8,800,50,10,Silhouette,10,0.21158838272094727,1.0,1.0,1.0,,,,,,,0,0,1.0
sep_k10_d50,sep,8,800,50,10,Calinski-Har.,10,0.1430957317352295,1.0,1.0,1.0,,,,,,,0,0,1.0
sep_k10_d50,sep,8,800,50,10,Davies-Bouldin,10,0.1708998680114746,1.0,1.0,1.0,,,,,,,0,0,1.0
sep_k10_d50,sep,8,800,50,10,Elbow (Kneedle),10,0.16042351722717285,1.0,1.0,1.0,,,,,,,0,0,1.0
sep_k10_d50,sep,8,800,50,10,Jump statistic,10,0.15623760223388672,1.0,1.0,1.0,,,,,,,0,0,1.0
sep_k10_d50,sep,8,800,50,10,Gap statistic,10,0.874211311340332,1.0,1.0,1.0,,,,,,,0,0,1.0
sep_k10_d50,sep,8,800,50,10,X-means,10,0.06464171409606934,1.0,1.0,1.0,,,,,,,0,0,1.0
sep_k10_d50,sep,8,800,50,10,G-means,12,0.04765677452087402,0.8463675106157119,0.9383690171972308,0.9401157059636148,,,,,,,2,2,0.0
sep_k10_d50,sep,8,800,50,10,dip-means,1,0.018390893936157227,0.0,0.0,0.0,,,,,,,9,-9,0.0
sep_k10_d50,sep,8,800,50,10,ISODATA,14,0.042437076568603516,0.7919249766446078,0.9094306907100654,0.912444468381531,,,,,,,4,4,0.0
sep_k10_d50,sep,8,800,50,10,MDL split/merge,10,1.1687638759613037,0.8879460638376517,0.9616701487617488,0.9625682793745883,,,,,,,0,0,1.0
sep_k10_d50,sep,8,800,50,10,GMM+BIC,5,0.50563645362854,0.5177201000258688,0.7879045870217767,0.790460054640208,,,,,,,5,-5,0.0
sep_k10_d50,sep,8,800,50,10,GMM+ICL,5,0.42819976806640625,0.5177201000258688,0.7879045870217767,0.790460054640208,,,,,,,5,-5,0.0
sep_k10_d50,sep,8,800,50,10,HDBSCAN,9,0.029370784759521484,0.8955374532539214,0.9654363071109273,0.9661516261242595,,,,,,,1,-1,0.0
sep_k10_d50,sep,8,800,50,10,Bisecting+Sil.,10,0.1392049789428711,0.9860941379797429,0.9850635984633693,0.9854014409930069,,,,,,,0,0,1.0
sep_k10_d50,sep,9,800,50,10,ORACLE k-means(k*),10,0.015377044677734375,1.0,1.0,1.0,,,,,,,0,0,1.0
sep_k10_d50,sep,9,800,50,10,CDK (proposed),10,11.20618224143982,0.9833743017712335,0.9838978281614245,0.9842620509912415,10.0,10.0,47.0,17.0,0.851063829787234,0.005,0,0,1.0
sep_k10_d50,sep,9,800,50,10,CDK / Gaussian null,10,9.128955841064453,0.9833743017712335,0.9838978281614245,0.9842620509912415,8.0,11.0,47.0,17.0,0.851063829787234,0.005,0,0,1.0
sep_k10_d50,sep,9,800,50,10,CDK / AD statistic,12,13.219353914260864,0.9291403834068238,0.9559992747334645,0.9572027595456643,12.0,14.0,47.0,17.0,0.8936170212765957,0.005,2,2,0.0
sep_k10_d50,sep,9,800,50,10,CDK / no multiplicity corr.,10,9.396955490112305,0.9833743017712335,0.9838978281614245,0.9842620509912415,10.0,10.0,47.0,17.0,0.851063829787234,0.005,0,0,1.0
sep_k10_d50,sep,9,800,50,10,CDK / n_min=15,10,7.094343185424805,0.9833743017712335,0.9838978281614248,0.984262050991242,10.0,10.0,73.0,29.0,0.6027397260273972,0.005,0,0,1.0
sep_k10_d50,sep,9,800,50,10,CDK / n_min=40,10,11.770429849624634,0.9833743017712335,0.9838978281614245,0.9842620509912415,10.0,10.0,33.0,11.0,0.9696969696969697,0.005,0,0,1.0
sep_k10_d50,sep,9,800,50,10,Silhouette,10,0.22597122192382812,1.0,1.0,1.0,,,,,,,0,0,1.0
sep_k10_d50,sep,9,800,50,10,Calinski-Har.,10,0.18077492713928223,1.0,1.0,1.0,,,,,,,0,0,1.0
sep_k10_d50,sep,9,800,50,10,Davies-Bouldin,10,0.20149707794189453,1.0,1.0,1.0,,,,,,,0,0,1.0
sep_k10_d50,sep,9,800,50,10,Elbow (Kneedle),10,0.1680915355682373,1.0,1.0,1.0,,,,,,,0,0,1.0
sep_k10_d50,sep,9,800,50,10,Jump statistic,10,0.18212127685546875,1.0,1.0,1.0,,,,,,,0,0,1.0
sep_k10_d50,sep,9,800,50,10,Gap statistic,10,1.043081283569336,1.0,1.0,1.0,,,,,,,0,0,1.0
sep_k10_d50,sep,9,800,50,10,X-means,10,0.06509828567504883,1.0,1.0,1.0,,,,,,,0,0,1.0
sep_k10_d50,sep,9,800,50,10,G-means,13,0.04024815559387207,0.8173811280898384,0.924838719293347,0.9271096920999071,,,,,,,3,3,0.0
sep_k10_d50,sep,9,800,50,10,dip-means,1,0.02122044563293457,0.0,0.0,0.0,,,,,,,9,-9,0.0
sep_k10_d50,sep,9,800,50,10,ISODATA,14,0.039092302322387695,0.9006995181230245,0.9479386277867252,0.9496073422529819,,,,,,,4,4,0.0
sep_k10_d50,sep,9,800,50,10,MDL split/merge,20,0.4097447395324707,0.739147125053964,0.8847971044758892,0.8899942984469558,,,,,,,10,10,0.0
sep_k10_d50,sep,9,800,50,10,GMM+BIC,5,0.41602540016174316,0.5582348411944702,0.7973305461361611,0.7997338493646621,,,,,,,5,-5,0.0
sep_k10_d50,sep,9,800,50,10,GMM+ICL,5,0.4506800174713135,0.5582348411944702,0.7973305461361611,0.7997338493646621,,,,,,,5,-5,0.0
sep_k10_d50,sep,9,800,50,10,HDBSCAN,2,0.03391909599304199,0.04710793082886106,0.24410921271613195,0.24743077525664636,,,,,,,8,-8,0.0
sep_k10_d50,sep,9,800,50,10,Bisecting+Sil.,10,0.1791689395904541,0.9751573118290273,0.9746775770706073,0.9752503517899508,,,,,,,0,0,1.0
sep_k20_d2,sep,0,800,2,20,ORACLE k-means(k*),20,0.013227224349975586,1.0,1.0,1.0,,,,,,,0,0,1.0
sep_k20_d2,sep,0,800,2,20,CDK (proposed),19,4.993265390396118,0.8612442420915888,0.9221326272490205,0.9285850247494637,19.0,19.0,46.0,19.0,1.0,0.005,1,-1,0.0
sep_k20_d2,sep,0,800,2,20,CDK / Gaussian null,19,5.137155294418335,0.8612442420915888,0.9221326272490205,0.9285850247494637,16.0,19.0,46.0,19.0,1.0,0.005,1,-1,0.0
sep_k20_d2,sep,0,800,2,20,CDK / AD statistic,19,6.992279052734375,0.8612442420915888,0.9221326272490205,0.9285850247494637,18.0,19.0,46.0,19.0,1.0,0.005,1,-1,0.0
sep_k20_d2,sep,0,800,2,20,CDK / no multiplicity corr.,19,4.624001741409302,0.8612442420915888,0.9221326272490205,0.9285850247494637,19.0,19.0,46.0,19.0,1.0,0.005,1,-1,0.0
sep_k20_d2,sep,0,800,2,20,CDK / n_min=15,20,5.267505884170532,0.9120192960198643,0.9437806533901488,0.9486743267893849,20.0,20.0,70.0,29.0,0.8714285714285714,0.005,0,0,1.0
sep_k20_d2,sep,0,800,2,20,CDK / n_min=40,16,4.366397380828857,0.7527281778250382,0.8907853578006631,0.8984784951506141,16.0,16.0,40.0,16.0,1.0,0.005,4,-4,0.0
sep_k20_d2,sep,0,800,2,20,Silhouette,20,0.2033689022064209,1.0,1.0,1.0,,,,,,,0,0,1.0
sep_k20_d2,sep,0,800,2,20,Calinski-Har.,20,0.1483626365661621,1.0,1.0,1.0,,,,,,,0,0,1.0
sep_k20_d2,sep,0,800,2,20,Davies-Bouldin,20,0.17542695999145508,1.0,1.0,1.0,,,,,,,0,0,1.0
sep_k20_d2,sep,0,800,2,20,Elbow (Kneedle),20,0.1570298671722412,1.0,1.0,1.0,,,,,,,0,0,1.0
sep_k20_d2,sep,0,800,2,20,Jump statistic,20,0.17511343955993652,1.0,1.0,1.0,,,,,,,0,0,1.0
sep_k20_d2,sep,0,800,2,20,Gap statistic,20,0.5689520835876465,1.0,1.0,1.0,,,,,,,0,0,1.0
sep_k20_d2,sep,0,800,2,20,X-means,25,0.0966026782989502,0.9324893713506152,0.967817492452069,0.9712591308875789,,,,,,,5,5,0.0
sep_k20_d2,sep,0,800,2,20,G-means,20,0.05366015434265137,1.0,1.0,1.0,,,,,,,0,0,1.0
sep_k20_d2,sep,0,800,2,20,dip-means,20,0.31139636039733887,1.0,1.0,1.0,,,,,,,0,0,1.0
sep_k20_d2,sep,0,800,2,20,ISODATA,20,0.024347782135009766,1.0,1.0,1.0,,,,,,,0,0,1.0
sep_k20_d2,sep,0,800,2,20,MDL split/merge,20,0.28354978561401367,1.0,1.0,1.0,,,,,,,0,0,1.0
sep_k20_d2,sep,0,800,2,20,GMM+BIC,20,0.22875380516052246,0.9947440603125025,0.9963480795672052,0.9966657578848876,,,,,,,0,0,1.0
sep_k20_d2,sep,0,800,2,20,GMM+ICL,20,0.24869298934936523,0.9947440603125025,0.9963480795672052,0.9966657578848876,,,,,,,0,0,1.0
sep_k20_d2,sep,0,800,2,20,HDBSCAN,20,0.004320621490478516,0.9920482231132874,0.9935771194095002,0.994135836484475,,,,,,,0,0,1.0
sep_k20_d2,sep,0,800,2,20,Bisecting+Sil.,23,0.180497407913208,0.9061096425249336,0.9399044599421782,0.9457629497085415,,,,,,,3,3,0.0
sep_k20_d2,sep,1,800,2,20,ORACLE k-means(k*),20,0.013837575912475586,0.9973380954467436,0.9978571475190574,0.9980435502500207,,,,,,,0,0,1.0
sep_k20_d2,sep,1,800,2,20,CDK (proposed),20,5.855973243713379,0.8771597141195844,0.9422671460018097,0.9473071692320042,20.0,20.0,48.0,20.0,1.0,0.005,0,0,1.0
sep_k20_d2,sep,1,800,2,20,CDK / Gaussian null,20,6.272291421890259,0.8771597141195844,0.9422671460018097,0.9473071692320042,20.0,20.0,48.0,20.0,1.0,0.005,0,0,1.0
sep_k20_d2,sep,1,800,2,20,CDK / AD statistic,20,8.480248928070068,0.8771597141195844,0.9422671460018097,0.9473071692320042,20.0,20.0,48.0,20.0,1.0,0.005,0,0,1.0
sep_k20_d2,sep,1,800,2,20,CDK / no multiplicity corr.,20,5.564947605133057,0.8771597141195844,0.9422671460018097,0.9473071692320042,20.0,20.0,48.0,20.0,1.0,0.005,0,0,1.0
sep_k20_d2,sep,1,800,2,20,CDK / n_min=15,20,6.004572153091431,0.9129194817094246,0.9546756611766385,0.9586241102579843,20.0,20.0,75.0,32.0,0.84,0.005,0,0,1.0
sep_k20_d2,sep,1,800,2,20,CDK / n_min=40,10,4.12340235710144,0.4059815115416334,0.7690977850353484,0.7799049505500427,9.0,13.0,30.0,13.0,0.9,0.005,10,-10,0.0
sep_k20_d2,sep,1,800,2,20,Silhouette,20,0.24162006378173828,0.9973380954467436,0.9978571475190574,0.9980435502500207,,,,,,,0,0,1.0
sep_k20_d2,sep,1,800,2,20,Calinski-Har.,20,0.17322015762329102,0.9973380954467436,0.9978571475190574,0.9980435502500207,,,,,,,0,0,1.0
sep_k20_d2,sep,1,800,2,20,Davies-Bouldin,20,0.20790719985961914,0.9973380954467436,0.9978571475190574,0.9980435502500207,,,,,,,0,0,1.0
sep_k20_d2,sep,1,800,2,20,Elbow (Kneedle),20,0.2043774127960205,0.9973380954467436,0.9978571475190574,0.9980435502500207,,,,,,,0,0,1.0
sep_k20_d2,sep,1,800,2,20,Jump statistic,20,0.19693875312805176,0.9973380954467436,0.9978571475190574,0.9980435502500207,,,,,,,0,0,1.0
sep_k20_d2,sep,1,800,2,20,Gap statistic,20,0.6820206642150879,0.9973380954467436,0.9978571475190574,0.9980435502500207,,,,,,,0,0,1.0
sep_k20_d2,sep,1,800,2,20,X-means,25,0.07090926170349121,0.929647467789898,0.9676458721341311,0.9711127963493317,,,,,,,5,5,0.0
sep_k20_d2,sep,1,800,2,20,G-means,19,0.06074261665344238,0.8723570964533546,0.9525329735949166,0.9564701892818291,,,,,,,1,-1,0.0
sep_k20_d2,sep,1,800,2,20,dip-means,20,0.40352296829223633,0.9973380954467436,0.9978571475190574,0.9980435502500207,,,,,,,0,0,1.0
sep_k20_d2,sep,1,800,2,20,ISODATA,20,0.029323577880859375,0.9973380954467436,0.9978571475190574,0.9980435502500207,,,,,,,0,0,1.0
sep_k20_d2,sep,1,800,2,20,MDL split/merge,20,0.3497180938720703,0.9973380954467436,0.9978571475190574,0.9980435502500207,,,,,,,0,0,1.0
sep_k20_d2,sep,1,800,2,20,GMM+BIC,20,0.2944760322570801,0.9973380954467436,0.9978571475190574,0.9980435502500207,,,,,,,0,0,1.0
sep_k20_d2,sep,1,800,2,20,GMM+ICL,20,0.2917659282684326,0.9973380954467436,0.9978571475190574,0.9980435502500207,,,,,,,0,0,1.0
sep_k20_d2,sep,1,800,2,20,HDBSCAN,20,0.004937171936035156,0.9973380954467436,0.9978571475190574,0.9980435502500207,,,,,,,0,0,1.0
sep_k20_d2,sep,1,800,2,20,Bisecting+Sil.,23,0.18881916999816895,0.900200075186496,0.9424522576274903,0.9481505816492627,,,,,,,3,3,0.0
sep_k20_d2,sep,2,800,2,20,ORACLE k-means(k*),20,0.013200044631958008,0.9973380954467436,0.9978571475190574,0.9980435502500207,,,,,,,0,0,1.0
sep_k20_d2,sep,2,800,2,20,CDK (proposed),18,4.60992693901062,0.767110406337196,0.8993574402609705,0.90735940932932,18.0,18.0,47.0,19.0,0.9787234042553191,0.005,2,-2,0.0
sep_k20_d2,sep,2,800,2,20,CDK / Gaussian null,19,5.176476001739502,0.8438648944301996,0.9179937956357158,0.9247964952002768,19.0,19.0,47.0,19.0,1.0,0.005,1,-1,0.0
sep_k20_d2,sep,2,800,2,20,CDK / AD statistic,18,7.0669567584991455,0.767110406337196,0.8993574402609705,0.90735940932932,17.0,18.0,47.0,19.0,0.9787234042553191,0.005,2,-2,0.0
sep_k20_d2,sep,2,800,2,20,CDK / no multiplicity corr.,18,4.732786178588867,0.767110406337196,0.8993574402609705,0.90735940932932,18.0,18.0,47.0,19.0,0.9787234042553191,0.005,2,-2,0.0
sep_k20_d2,sep,2,800,2,20,CDK / n_min=15,20,5.882572412490845,0.9055053814848567,0.944834221343514,0.9496378547314943,19.0,20.0,68.0,29.0,0.8676470588235294,0.005,0,0,1.0
sep_k20_d2,sep,2,800,2,20,CDK / n_min=40,10,4.528448581695557,0.5212883459273739,0.7912319117044663,0.8004967574027548,10.0,11.0,33.0,13.0,0.9090909090909091,0.005,10,-10,0.0
sep_k20_d2,sep,2,800,2,20,Silhouette,20,0.23824596405029297,0.9973380954467436,0.9978571475190574,0.9980435502500207,,,,,,,0,0,1.0
sep_k20_d2,sep,2,800,2,20,Calinski-Har.,20,0.1734752655029297,0.9973380954467436,0.9978571475190574,0.9980435502500207,,,,,,,0,0,1.0
sep_k20_d2,sep,2,800,2,20,Davies-Bouldin,20,0.2355213165283203,0.9973380954467436,0.9978571475190574,0.9980435502500207,,,,,,,0,0,1.0
sep_k20_d2,sep,2,800,2,20,Elbow (Kneedle),20,0.20078396797180176,0.9973380954467436,0.9978571475190574,0.9980435502500207,,,,,,,0,0,1.0
sep_k20_d2,sep,2,800,2,20,Jump statistic,20,0.2015547752380371,0.9973380954467436,0.9978571475190574,0.9980435502500207,,,,,,,0,0,1.0
sep_k20_d2,sep,2,800,2,20,Gap statistic,20,0.6815390586853027,0.9973380954467436,0.9978571475190574,0.9980435502500207,,,,,,,0,0,1.0
sep_k20_d2,sep,2,800,2,20,X-means,25,0.07907891273498535,0.9299895277776001,0.9677320690609147,0.9711895153158984,,,,,,,5,5,0.0
sep_k20_d2,sep,2,800,2,20,G-means,19,0.05675148963928223,0.8797028508795048,0.9563903795350672,0.9600080055441559,,,,,,,1,-1,0.0
sep_k20_d2,sep,2,800,2,20,dip-means,20,0.39126110076904297,0.9973380954467436,0.9978571475190574,0.9980435502500207,,,,,,,0,0,1.0
sep_k20_d2,sep,2,800,2,20,ISODATA,20,0.02918553352355957,0.9973380954467436,0.9978571475190574,0.9980435502500207,,,,,,,0,0,1.0
sep_k20_d2,sep,2,800,2,20,MDL split/merge,20,0.3577263355255127,0.9973380954467436,0.9978571475190574,0.9980435502500207,,,,,,,0,0,1.0
sep_k20_d2,sep,2,800,2,20,GMM+BIC,20,0.26152467727661133,0.9946763527622856,0.9957142707084975,0.9960870800889838,,,,,,,0,0,1.0
sep_k20_d2,sep,2,800,2,20,GMM+ICL,20,0.254547119140625,0.9946763527622856,0.9957142707084975,0.9960870800889838,,,,,,,0,0,1.0
sep_k20_d2,sep,2,800,2,20,HDBSCAN,20,0.00469970703125,0.9947102075666765,0.9957201058798589,0.9960924093154027,,,,,,,0,0,1.0
sep_k20_d2,sep,2,800,2,20,Bisecting+Sil.,23,0.1759037971496582,0.9275578135453884,0.9570644329126269,0.9613143796457231,,,,,,,3,3,0.0
sep_k20_d2,sep,3,800,2,20,ORACLE k-means(k*),20,0.014344215393066406,1.0,1.0,1.0,,,,,,,0,0,1.0
sep_k20_d2,sep,3,800,2,20,CDK (proposed),19,5.401079177856445,0.7996218644550459,0.8886380982874339,0.8978833740009592,19.0,19.0,46.0,19.0,1.0,0.005,1,-1,0.0
sep_k20_d2,sep,3,800,2,20,CDK / Gaussian null,19,6.053500413894653,0.7996218644550459,0.8886380982874339,0.8978833740009592,19.0,19.0,46.0,19.0,1.0,0.005,1,-1,0.0
sep_k20_d2,sep,3,800,2,20,CDK / AD statistic,19,8.50165057182312,0.7996218644550459,0.8886380982874339,0.8978833740009592,19.0,19.0,46.0,19.0,1.0,0.005,1,-1,0.0
sep_k20_d2,sep,3,800,2,20,CDK / no multiplicity corr.,19,5.576868057250977,0.7996218644550459,0.8886380982874339,0.8978833740009592,19.0,19.0,46.0,19.0,1.0,0.005,1,-1,0.0
sep_k20_d2,sep,3,800,2,20,CDK / n_min=15,20,5.998497724533081,0.8244728825156847,0.8981492164304921,0.9070298842187764,20.0,20.0,61.0,24.0,0.9344262295081968,0.005,0,0,1.0
sep_k20_d2,sep,3,800,2,20,CDK / n_min=40,14,4.071163892745972,0.6072043880979455,0.8267523881687013,0.8375715285461349,14.0,14.0,36.0,15.0,0.9722222222222222,0.005,6,-6,0.0
sep_k20_d2,sep,3,800,2,20,Silhouette,20,0.21110773086547852,1.0,1.0,1.0,,,,,,,0,0,1.0
sep_k20_d2,sep,3,800,2,20,Calinski-Har.,20,0.14787983894348145,1.0,1.0,1.0,,,,,,,0,0,1.0
sep_k20_d2,sep,3,800,2,20,Davies-Bouldin,20,0.1775529384613037,1.0,1.0,1.0,,,,,,,0,0,1.0
sep_k20_d2,sep,3,800,2,20,Elbow (Kneedle),20,0.15149998664855957,1.0,1.0,1.0,,,,,,,0,0,1.0
sep_k20_d2,sep,3,800,2,20,Jump statistic,20,0.1532750129699707,1.0,1.0,1.0,,,,,,,0,0,1.0
sep_k20_d2,sep,3,800,2,20,Gap statistic,20,0.5546221733093262,1.0,1.0,1.0,,,,,,,0,0,1.0
sep_k20_d2,sep,3,800,2,20,X-means,25,0.06598830223083496,0.9318319439556818,0.968254999791079,0.9716530584086313,,,,,,,5,5,0.0
sep_k20_d2,sep,3,800,2,20,G-means,18,0.04870724678039551,0.8943595688447484,0.9665690038172067,0.9692107873466731,,,,,,,2,-2,0.0
sep_k20_d2,sep,3,800,2,20,dip-means,20,0.30142760276794434,1.0,1.0,1.0,,,,,,,0,0,1.0
sep_k20_d2,sep,3,800,2,20,ISODATA,20,0.02384638786315918,1.0,1.0,1.0,,,,,,,0,0,1.0
sep_k20_d2,sep,3,800,2,20,MDL split/merge,20,0.2727324962615967,1.0,1.0,1.0,,,,,,,0,0,1.0
sep_k20_d2,sep,3,800,2,20,GMM+BIC,20,0.24221253395080566,0.9973380954467436,0.9978571475190571,0.9980435502500203,,,,,,,0,0,1.0
sep_k20_d2,sep,3,800,2,20,GMM+ICL,20,0.2527315616607666,0.9973380954467436,0.9978571475190571,0.9980435502500203,,,,,,,0,0,1.0
sep_k20_d2,sep,3,800,2,20,HDBSCAN,20,0.004330873489379883,0.9946763527622856,0.9957142707084972,0.9960870800889837,,,,,,,0,0,1.0
sep_k20_d2,sep,3,800,2,20,Bisecting+Sil.,20,0.16658949851989746,0.8979192909963382,0.9373733871254956,0.9428247219468241,,,,,,,0,0,1.0
sep_k20_d2,sep,4,800,2,20,ORACLE k-means(k*),20,0.013002157211303711,1.0,1.0,1.0,,,,,,,0,0,1.0
sep_k20_d2,sep,4,800,2,20,CDK (proposed),20,5.374244451522827,0.9419494733174704,0.9661975069573947,0.969139812781553,20.0,20.0,47.0,20.0,1.0,0.005,0,0,1.0
sep_k20_d2,sep,4,800,2,20,CDK / Gaussian null,20,6.042481422424316,0.9419494733174704,0.9661975069573947,0.969139812781553,19.0,20.0,47.0,20.0,1.0,0.005,0,0,1.0
sep_k20_d2,sep,4,800,2,20,CDK / AD statistic,20,8.582259178161621,0.9419494733174704,0.9661975069573947,0.969139812781553,20.0,20.0,47.0,20.0,1.0,0.005,0,0,1.0
sep_k20_d2,sep,4,800,2,20,CDK / no multiplicity corr.,20,5.655383348464966,0.9419494733174704,0.9661975069573947,0.969139812781553,20.0,20.0,47.0,20.0,1.0,0.005,0,0,1.0
sep_k20_d2,sep,4,800,2,20,CDK / n_min=15,20,6.841801643371582,0.8864080644394766,0.9501348054735599,0.9544893799080395,20.0,21.0,80.0,33.0,0.8375,0.005,0,0,1.0
sep_k20_d2,sep,4,800,2,20,CDK / n_min=40,14,4.798644542694092,0.6945386562429686,0.8838596931884657,0.8910855899400044,14.0,14.0,33.0,14.0,1.0,0.005,6,-6,0.0
sep_k20_d2,sep,4,800,2,20,Silhouette,20,0.25408387184143066,1.0,1.0,1.0,,,,,,,0,0,1.0
sep_k20_d2,sep,4,800,2,20,Calinski-Har.,20,0.19641375541687012,1.0,1.0,1.0,,,,,,,0,0,1.0
sep_k20_d2,sep,4,800,2,20,Davies-Bouldin,20,0.21234703063964844,1.0,1.0,1.0,,,,,,,0,0,1.0
sep_k20_d2,sep,4,800,2,20,Elbow (Kneedle),20,0.190018892288208,1.0,1.0,1.0,,,,,,,0,0,1.0
sep_k20_d2,sep,4,800,2,20,Jump statistic,20,0.19496965408325195,1.0,1.0,1.0,,,,,,,0,0,1.0
sep_k20_d2,sep,4,800,2,20,Gap statistic,20,0.7098894119262695,1.0,1.0,1.0,,,,,,,0,0,1.0
sep_k20_d2,sep,4,800,2,20,X-means,23,0.14052867889404297,0.9600625258441671,0.9816971830850018,0.9835141830533312,,,,,,,3,3,0.0
sep_k20_d2,sep,4,800,2,20,G-means,18,0.0668644905090332,0.9017341040462428,0.9742808495420878,0.9763141394754926,,,,,,,2,-2,0.0
sep_k20_d2,sep,4,800,2,20,dip-means,20,0.4298877716064453,1.0,1.0,1.0,,,,,,,0,0,1.0
sep_k20_d2,sep,4,800,2,20,ISODATA,20,0.03237175941467285,1.0,1.0,1.0,,,,,,,0,0,1.0
sep_k20_d2,sep,4,800,2,20,MDL split/merge,20,0.365126371383667,1.0,1.0,1.0,,,,,,,0,0,1.0
sep_k20_d2,sep,4,800,2,20,GMM+BIC,20,0.2329707145690918,1.0,1.0,1.0,,,,,,,0,0,1.0
sep_k20_d2,sep,4,800,2,20,GMM+ICL,20,0.2666041851043701,1.0,1.0,1.0,,,,,,,0,0,1.0
sep_k20_d2,sep,4,800,2,20,HDBSCAN,20,0.0052945613861083984,1.0,1.0,1.0,,,,,,,0,0,1.0
sep_k20_d2,sep,4,800,2,20,Bisecting+Sil.,20,0.19761037826538086,0.9497801054089078,0.9709125480990863,0.9734442586601918,,,,,,,0,0,1.0
sep_k20_d2,sep,5,800,2,20,ORACLE k-means(k*),20,0.011504411697387695,0.9973380954467436,0.9978571475190573,0.9980435502500206,,,,,,,0,0,1.0
sep_k20_d2,sep,5,800,2,20,CDK (proposed),18,4.725579738616943,0.8252562367835836,0.918767361592852,0.9251601728578875,18.0,18.0,43.0,18.0,1.0,0.005,2,-2,0.0
sep_k20_d2,sep,5,800,2,20,CDK / Gaussian null,18,5.0801050662994385,0.8252562367835836,0.918767361592852,0.9251601728578875,18.0,18.0,43.0,18.0,1.0,0.005,2,-2,0.0
sep_k20_d2,sep,5,800,2,20,CDK / AD statistic,17,6.751683712005615,0.7574029530268128,0.9008642101108726,0.9083057641754282,17.0,18.0,43.0,18.0,0.9767441860465116,0.005,3,-3,0.0
sep_k20_d2,sep,5,800,2,20,CDK / no multiplicity corr.,18,4.572340488433838,0.8252562367835836,0.918767361592852,0.9251601728578875,18.0,18.0,43.0,18.0,1.0,0.005,2,-2,0.0
sep_k20_d2,sep,5,800,2,20,CDK / n_min=15,21,5.5970916748046875,0.939996104092497,0.9624450627111595,0.9658721873386015,21.0,21.0,73.0,30.0,0.8767123287671232,0.005,1,1,0.0
sep_k20_d2,sep,5,800,2,20,CDK / n_min=40,14,4.260753154754639,0.6366808293114438,0.860144584034636,0.8688918593528517,13.0,14.0,34.0,15.0,0.9705882352941176,0.005,6,-6,0.0
sep_k20_d2,sep,5,800,2,20,Silhouette,20,0.2707092761993408,0.9973380954467436,0.9978571475190573,0.9980435502500206,,,,,,,0,0,1.0
sep_k20_d2,sep,5,800,2,20,Calinski-Har.,20,0.19254016876220703,0.9973380954467436,0.9978571475190573,0.9980435502500206,,,,,,,0,0,1.0
sep_k20_d2,sep,5,800,2,20,Davies-Bouldin,20,0.23102784156799316,0.9973380954467436,0.9978571475190573,0.9980435502500206,,,,,,,0,0,1.0
sep_k20_d2,sep,5,800,2,20,Elbow (Kneedle),20,0.28025174140930176,0.9973380954467436,0.9978571475190573,0.9980435502500206,,,,,,,0,0,1.0
sep_k20_d2,sep,5,800,2,20,Jump statistic,20,0.16782665252685547,0.9973380954467436,0.9978571475190573,0.9980435502500206,,,,,,,0,0,1.0
sep_k20_d2,sep,5,800,2,20,Gap statistic,20,0.6300828456878662,0.9973380954467436,0.9978571475190573,0.9980435502500206,,,,,,,0,0,1.0
sep_k20_d2,sep,5,800,2,20,X-means,21,0.08273100852966309,0.9891456865196454,0.9946273480916187,0.9951155855743494,,,,,,,1,1,0.0
sep_k20_d2,sep,5,800,2,20,G-means,18,0.05917978286743164,0.8918624408269266,0.9626679491747735,0.9656154334699254,,,,,,,2,-2,0.0
sep_k20_d2,sep,5,800,2,20,dip-means,20,0.3942084312438965,0.9973380954467436,0.9978571475190573,0.9980435502500206,,,,,,,0,0,1.0
sep_k20_d2,sep,5,800,2,20,ISODATA,20,0.02907848358154297,0.9973380954467436,0.9978571475190573,0.9980435502500206,,,,,,,0,0,1.0
sep_k20_d2,sep,5,800,2,20,MDL split/merge,20,0.3118607997894287,0.9973380954467436,0.9978571475190573,0.9980435502500206,,,,,,,0,0,1.0
sep_k20_d2,sep,5,800,2,20,GMM+BIC,20,0.2402958869934082,0.9973380954467436,0.9978571475190573,0.9980435502500206,,,,,,,0,0,1.0
sep_k20_d2,sep,5,800,2,20,GMM+ICL,20,0.23948955535888672,0.9973380954467436,0.9978571475190573,0.9980435502500206,,,,,,,0,0,1.0
sep_k20_d2,sep,5,800,2,20,HDBSCAN,20,0.004677772521972656,0.9920147719318619,0.9935713695679061,0.9941305895165704,,,,,,,0,0,1.0
sep_k20_d2,sep,5,800,2,20,Bisecting+Sil.,22,0.17368149757385254,0.9293083227871166,0.9579804799065894,0.9619902525964962,,,,,,,2,2,0.0
sep_k20_d2,sep,6,800,2,20,ORACLE k-means(k*),20,0.014540672302246094,0.9947098858878322,0.9957200083524345,0.9960923168238301,,,,,,,0,0,1.0
sep_k20_d2,sep,6,800,2,20,CDK (proposed),20,5.977454423904419,0.9533891221390203,0.9662035564646713,0.9691439991309526,20.0,20.0,49.0,20.0,1.0,0.005,0,0,1.0
sep_k20_d2,sep,6,800,2,20,CDK / Gaussian null,20,6.231245994567871,0.9533891221390203,0.9662035564646713,0.9691439991309526,20.0,20.0,49.0,20.0,1.0,0.005,0,0,1.0
sep_k20_d2,sep,6,800,2,20,CDK / AD statistic,20,8.185540437698364,0.9533891221390203,0.9662035564646713,0.9691439991309526,20.0,20.0,49.0,20.0,1.0,0.005,0,0,1.0
sep_k20_d2,sep,6,800,2,20,CDK / no multiplicity corr.,20,5.532609701156616,0.9533891221390203,0.9662035564646713,0.9691439991309526,20.0,20.0,49.0,20.0,1.0,0.005,0,0,1.0
sep_k20_d2,sep,6,800,2,20,CDK / n_min=15,20,6.191240549087524,0.9210750526507305,0.951197741143061,0.9554463369032645,20.0,20.0,67.0,27.0,0.8955223880597015,0.005,0,0,1.0
sep_k20_d2,sep,6,800,2,20,CDK / n_min=40,10,3.989199161529541,0.331928263629411,0.746393192739212,0.7588405499509767,10.0,12.0,30.0,13.0,0.9,0.005,10,-10,0.0
sep_k20_d2,sep,6,800,2,20,Silhouette,20,0.22397375106811523,0.9947098858878322,0.9957200083524345,0.9960923168238301,,,,,,,0,0,1.0
sep_k20_d2,sep,6,800,2,20,Calinski-Har.,20,0.15193414688110352,0.9947098858878322,0.9957200083524345,0.9960923168238301,,,,,,,0,0,1.0
sep_k20_d2,sep,6,800,2,20,Davies-Bouldin,20,0.18596982955932617,0.9947098858878322,0.9957200083524345,0.9960923168238301,,,,,,,0,0,1.0
sep_k20_d2,sep,6,800,2,20,Elbow (Kneedle),20,0.1595149040222168,0.9947098858878322,0.9957200083524345,0.9960923168238301,,,,,,,0,0,1.0
sep_k20_d2,sep,6,800,2,20,Jump statistic,20,0.16040873527526855,0.9947098858878322,0.9957200083524345,0.9960923168238301,,,,,,,0,0,1.0
sep_k20_d2,sep,6,800,2,20,Gap statistic,20,0.5551586151123047,0.9947098858878322,0.9957200083524345,0.9960923168238301,,,,,,,0,0,1.0
sep_k20_d2,sep,6,800,2,20,X-means,25,0.07587838172912598,0.9338337827172402,0.9655991633325464,0.9692424242667297,,,,,,,5,5,0.0
sep_k20_d2,sep,6,800,2,20,G-means,18,0.05016183853149414,0.8194878049922947,0.9274647412894431,0.9332140711318411,,,,,,,2,-2,0.0
sep_k20_d2,sep,6,800,2,20,dip-means,20,0.30939579010009766,0.9947098858878322,0.9957200083524345,0.9960923168238301,,,,,,,0,0,1.0
sep_k20_d2,sep,6,800,2,20,ISODATA,20,0.024500608444213867,0.9947098858878322,0.9957200083524345,0.9960923168238301,,,,,,,0,0,1.0
sep_k20_d2,sep,6,800,2,20,MDL split/merge,20,0.27053308486938477,0.9947098858878322,0.9957200083524345,0.9960923168238301,,,,,,,0,0,1.0
sep_k20_d2,sep,6,800,2,20,GMM+BIC,20,0.2430102825164795,0.9866920957740695,0.9892856346873923,0.9902176756368103,,,,,,,0,0,1.0
sep_k20_d2,sep,6,800,2,20,GMM+ICL,20,0.2530333995819092,0.9866920957740695,0.9892856346873923,0.9902176756368103,,,,,,,0,0,1.0
sep_k20_d2,sep,6,800,2,20,HDBSCAN,20,0.0041828155517578125,0.9973380954467436,0.9978571475190573,0.9980435502500206,,,,,,,0,0,1.0
sep_k20_d2,sep,6,800,2,20,Bisecting+Sil.,20,0.1678471565246582,0.9355907856417623,0.9569200728601899,0.9606692490248081,,,,,,,0,0,1.0
sep_k20_d2,sep,7,800,2,20,ORACLE k-means(k*),20,0.012283802032470703,1.0,1.0,1.0,,,,,,,0,0,1.0
sep_k20_d2,sep,7,800,2,20,CDK (proposed),19,5.07048773765564,0.8855364813927687,0.9357002981478288,0.9410277416438895,19.0,19.0,45.0,19.0,1.0,0.005,1,-1,0.0
sep_k20_d2,sep,7,800,2,20,CDK / Gaussian null,19,5.59120774269104,0.8855364813927687,0.9357002981478288,0.9410277416438895,19.0,19.0,45.0,19.0,1.0,0.005,1,-1,0.0
sep_k20_d2,sep,7,800,2,20,CDK / AD statistic,19,7.774969816207886,0.8855364813927687,0.9357002981478288,0.9410277416438895,19.0,19.0,45.0,19.0,1.0,0.005,1,-1,0.0
sep_k20_d2,sep,7,800,2,20,CDK / no multiplicity corr.,19,5.215906858444214,0.8855364813927687,0.9357002981478288,0.9410277416438895,19.0,19.0,45.0,19.0,1.0,0.005,1,-1,0.0
sep_k20_d2,sep,7,800,2,20,CDK / n_min=15,19,6.350359678268433,0.8942592244521315,0.9471471073425708,0.9515392950800445,19.0,21.0,74.0,31.0,0.8378378378378378,0.005,1,-1,0.0
sep_k20_d2,sep,7,800,2,20,CDK / n_min=40,14,4.85077166557312,0.5939219648668701,0.8536988674686539,0.8629948027914901,14.0,15.0,39.0,16.0,0.9487179487179487,0.005,6,-6,0.0
sep_k20_d2,sep,7,800,2,20,Silhouette,20,0.2471299171447754,1.0,1.0,1.0,,,,,,,0,0,1.0
sep_k20_d2,sep,7,800,2,20,Calinski-Har.,20,0.17671871185302734,1.0,1.0,1.0,,,,,,,0,0,1.0
sep_k20_d2,sep,7,800,2,20,Davies-Bouldin,20,0.19974470138549805,1.0,1.0,1.0,,,,,,,0,0,1.0
sep_k20_d2,sep,7,800,2,20,Elbow (Kneedle),20,0.18658137321472168,1.0,1.0,1.0,,,,,,,0,0,1.0
sep_k20_d2,sep,7,800,2,20,Jump statistic,20,0.1796095371246338,1.0,1.0,1.0,,,,,,,0,0,1.0
sep_k20_d2,sep,7,800,2,20,Gap statistic,20,0.6183388233184814,1.0,1.0,1.0,,,,,,,0,0,1.0
sep_k20_d2,sep,7,800,2,20,X-means,25,0.09661626815795898,0.9320710863646782,0.9682779636920469,0.971676547983388,,,,,,,5,5,0.0
sep_k20_d2,sep,7,800,2,20,G-means,19,0.06236004829406738,0.946026577776359,0.9838866690448301,0.9852245984045335,,,,,,,1,-1,0.0
sep_k20_d2,sep,7,800,2,20,dip-means,20,0.37052249908447266,1.0,1.0,1.0,,,,,,,0,0,1.0
sep_k20_d2,sep,7,800,2,20,ISODATA,20,0.030231237411499023,1.0,1.0,1.0,,,,,,,0,0,1.0
sep_k20_d2,sep,7,800,2,20,MDL split/merge,20,0.38219404220581055,1.0,1.0,1.0,,,,,,,0,0,1.0
sep_k20_d2,sep,7,800,2,20,GMM+BIC,20,0.2517664432525635,1.0,1.0,1.0,,,,,,,0,0,1.0
sep_k20_d2,sep,7,800,2,20,GMM+ICL,20,0.22424912452697754,1.0,1.0,1.0,,,,,,,0,0,1.0
sep_k20_d2,sep,7,800,2,20,HDBSCAN,20,0.004308223724365234,0.9947098858878322,0.9957200083524346,0.9960923168238303,,,,,,,0,0,1.0
sep_k20_d2,sep,7,800,2,20,Bisecting+Sil.,21,0.17575836181640625,0.9141834108323623,0.9408752929493034,0.946267835315081,,,,,,,1,1,0.0
sep_k20_d2,sep,8,800,2,20,ORACLE k-means(k*),20,0.012075424194335938,0.9946428216758061,0.9957086727834935,0.9960819710523804,,,,,,,0,0,1.0
sep_k20_d2,sep,8,800,2,20,CDK (proposed),19,4.759426116943359,0.8035783804950786,0.9020910385752534,0.9102238605271411,19.0,19.0,46.0,19.0,1.0,0.005,1,-1,0.0
sep_k20_d2,sep,8,800,2,20,CDK / Gaussian null,19,5.177159070968628,0.8035783804950786,0.9020910385752534,0.9102238605271411,18.0,19.0,46.0,19.0,1.0,0.005,1,-1,0.0
sep_k20_d2,sep,8,800,2,20,CDK / AD statistic,18,6.997403621673584,0.7324484530320069,0.8864225687671805,0.8954714221114325,18.0,19.0,46.0,19.0,0.9782608695652174,0.005,2,-2,0.0
sep_k20_d2,sep,8,800,2,20,CDK / no multiplicity corr.,19,4.558365106582642,0.8035783804950786,0.9020910385752534,0.9102238605271411,19.0,19.0,46.0,19.0,1.0,0.005,1,-1,0.0
sep_k20_d2,sep,8,800,2,20,CDK / n_min=15,22,5.62165641784668,0.8667534127980054,0.9266483749076072,0.9336518705160837,22.0,22.0,71.0,29.0,0.9014084507042254,0.005,2,2,0.0
sep_k20_d2,sep,8,800,2,20,CDK / n_min=40,12,4.304159879684448,0.5153093260877967,0.7985131986350817,0.8094705643845282,12.0,13.0,32.0,13.0,0.96875,0.005,8,-8,0.0
sep_k20_d2,sep,8,800,2,20,Silhouette,20,0.22478604316711426,0.9946428216758061,0.9957086727834935,0.9960819710523804,,,,,,,0,0,1.0
sep_k20_d2,sep,8,800,2,20,Calinski-Har.,20,0.15288686752319336,0.9946428216758061,0.9957086727834935,0.9960819710523804,,,,,,,0,0,1.0
sep_k20_d2,sep,8,800,2,20,Davies-Bouldin,20,0.18352937698364258,0.9946428216758061,0.9957086727834935,0.9960819710523804,,,,,,,0,0,1.0
sep_k20_d2,sep,8,800,2,20,Elbow (Kneedle),20,0.15714812278747559,0.9946428216758061,0.9957086727834935,0.9960819710523804,,,,,,,0,0,1.0
sep_k20_d2,sep,8,800,2,20,Jump statistic,20,0.15460920333862305,0.9946428216758061,0.9957086727834935,0.9960819710523804,,,,,,,0,0,1.0
sep_k20_d2,sep,8,800,2,20,Gap statistic,20,0.567756175994873,0.9946428216758061,0.9957086727834935,0.9960819710523804,,,,,,,0,0,1.0
sep_k20_d2,sep,8,800,2,20,X-means,24,0.09698104858398438,0.9403162606502764,0.97122231175036,0.9741966098253472,,,,,,,4,4,0.0
sep_k20_d2,sep,8,800,2,20,G-means,18,0.04978656768798828,0.894387408237832,0.9665720418397307,0.9692135733239851,,,,,,,2,-2,0.0
sep_k20_d2,sep,8,800,2,20,dip-means,20,0.3104550838470459,0.9946428216758061,0.9957086727834935,0.9960819710523804,,,,,,,0,0,1.0
sep_k20_d2,sep,8,800,2,20,ISODATA,20,0.024459362030029297,0.9946428216758061,0.9957086727834935,0.9960819710523804,,,,,,,0,0,1.0
sep_k20_d2,sep,8,800,2,20,MDL split/merge,20,0.27999186515808105,0.9946428216758061,0.9957086727834935,0.9960819710523804,,,,,,,0,0,1.0
sep_k20_d2,sep,8,800,2,20,GMM+BIC,20,0.26160693168640137,0.9946428216758061,0.9957086727834935,0.9960819710523804,,,,,,,0,0,1.0
sep_k20_d2,sep,8,800,2,20,GMM+ICL,20,0.25835084915161133,0.9946428216758061,0.9957086727834935,0.9960819710523804,,,,,,,0,0,1.0
sep_k20_d2,sep,8,800,2,20,HDBSCAN,20,0.004695892333984375,0.9946763527622856,0.9957142707084975,0.9960870800889838,,,,,,,0,0,1.0
sep_k20_d2,sep,8,800,2,20,Bisecting+Sil.,21,0.17362380027770996,0.9541427258121157,0.9689551453890282,0.9717842096824594,,,,,,,1,1,0.0
sep_k20_d2,sep,9,800,2,20,ORACLE k-means(k*),20,0.012067317962646484,1.0,1.0,1.0,,,,,,,0,0,1.0
sep_k20_d2,sep,9,800,2,20,CDK (proposed),19,5.3883888721466064,0.8582112764003852,0.9293536696400101,0.9352105015287093,19.0,19.0,46.0,19.0,1.0,0.005,1,-1,0.0
sep_k20_d2,sep,9,800,2,20,CDK / Gaussian null,19,5.7568371295928955,0.8582112764003852,0.9293536696400101,0.9352105015287093,19.0,19.0,46.0,19.0,1.0,0.005,1,-1,0.0
sep_k20_d2,sep,9,800,2,20,CDK / AD statistic,19,7.449095726013184,0.8582112764003852,0.9293536696400101,0.9352105015287093,19.0,19.0,46.0,19.0,1.0,0.005,1,-1,0.0
sep_k20_d2,sep,9,800,2,20,CDK / no multiplicity corr.,19,4.620513439178467,0.8582112764003852,0.9293536696400101,0.9352105015287093,19.0,19.0,46.0,19.0,1.0,0.005,1,-1,0.0
sep_k20_d2,sep,9,800,2,20,CDK / n_min=15,20,5.752379417419434,0.9168770325248404,0.9529056941213468,0.9570060604059428,20.0,20.0,77.0,31.0,0.8571428571428571,0.005,0,0,1.0
sep_k20_d2,sep,9,800,2,20,CDK / n_min=40,11,3.471452236175537,0.33966903995963604,0.764669888640219,0.7771199488587512,11.0,11.0,31.0,14.0,0.9032258064516129,0.005,9,-9,0.0
sep_k20_d2,sep,9,800,2,20,Silhouette,20,0.2166154384613037,1.0,1.0,1.0,,,,,,,0,0,1.0
sep_k20_d2,sep,9,800,2,20,Calinski-Har.,20,0.14946770668029785,1.0,1.0,1.0,,,,,,,0,0,1.0
sep_k20_d2,sep,9,800,2,20,Davies-Bouldin,20,0.17680621147155762,1.0,1.0,1.0,,,,,,,0,0,1.0
sep_k20_d2,sep,9,800,2,20,Elbow (Kneedle),20,0.15705060958862305,1.0,1.0,1.0,,,,,,,0,0,1.0
sep_k20_d2,sep,9,800,2,20,Jump statistic,20,0.1517200469970703,1.0,1.0,1.0,,,,,,,0,0,1.0
sep_k20_d2,sep,9,800,2,20,Gap statistic,20,0.5576491355895996,1.0,1.0,1.0,,,,,,,0,0,1.0
sep_k20_d2,sep,9,800,2,20,X-means,25,0.06439709663391113,0.931967639893313,0.9682968412241714,0.9716890328450467,,,,,,,5,5,0.0
sep_k20_d2,sep,9,800,2,20,G-means,18,0.05381131172180176,0.8577217278315767,0.9622390415901986,0.9652419737152217,,,,,,,2,-2,0.0
sep_k20_d2,sep,9,800,2,20,dip-means,20,0.3746652603149414,1.0,1.0,1.0,,,,,,,0,0,1.0
sep_k20_d2,sep,9,800,2,20,ISODATA,20,0.02903914451599121,1.0,1.0,1.0,,,,,,,0,0,1.0
sep_k20_d2,sep,9,800,2,20,MDL split/merge,20,0.288257360458374,1.0,1.0,1.0,,,,,,,0,0,1.0
sep_k20_d2,sep,9,800,2,20,GMM+BIC,20,0.27055931091308594,0.9894547493095791,0.9920679699949725,0.9927579757536942,,,,,,,0,0,1.0
sep_k20_d2,sep,9,800,2,20,GMM+ICL,20,0.28298473358154297,0.9894547493095791,0.9920679699949725,0.9927579757536942,,,,,,,0,0,1.0
sep_k20_d2,sep,9,800,2,20,HDBSCAN,20,0.004427671432495117,0.9894547493095791,0.9920679699949725,0.9927579757536942,,,,,,,0,0,1.0
sep_k20_d2,sep,9,800,2,20,Bisecting+Sil.,20,0.18743371963500977,0.9567300727750254,0.9711815503366821,0.9736889448980635,,,,,,,0,0,1.0
sep_k20_d10,sep,0,800,10,20,ORACLE k-means(k*),20,0.014509439468383789,1.0,1.0,1.0,,,,,,,0,0,1.0
sep_k20_d10,sep,0,800,10,20,CDK (proposed),20,6.74604058265686,0.9088436801594809,0.9308684118868938,0.9368843611520632,20.0,20.0,53.0,20.0,1.0,0.005,0,0,1.0
sep_k20_d10,sep,0,800,10,20,CDK / Gaussian null,20,6.367598056793213,0.9088436801594809,0.9308684118868938,0.9368843611520632,20.0,20.0,53.0,20.0,1.0,0.005,0,0,1.0
sep_k20_d10,sep,0,800,10,20,CDK / AD statistic,20,9.38125467300415,0.9088436801594809,0.9308684118868938,0.9368843611520632,20.0,20.0,53.0,20.0,1.0,0.005,0,0,1.0
sep_k20_d10,sep,0,800,10,20,CDK / no multiplicity corr.,20,6.66343355178833,0.9088436801594809,0.9308684118868938,0.9368843611520632,20.0,20.0,53.0,20.0,1.0,0.005,0,0,1.0
sep_k20_d10,sep,0,800,10,20,CDK / n_min=15,20,7.302106618881226,0.9091776030459711,0.9311850927081226,0.9371730831145623,20.0,20.0,61.0,23.0,0.9508196721311475,0.005,0,0,1.0
sep_k20_d10,sep,0,800,10,20,CDK / n_min=40,10,6.497290849685669,0.49194829031168974,0.7661155259269768,0.7766553718203987,10.0,10.0,27.0,10.0,1.0,0.005,10,-10,0.0
sep_k20_d10,sep,0,800,10,20,Silhouette,20,0.2612600326538086,1.0,1.0,1.0,,,,,,,0,0,1.0
sep_k20_d10,sep,0,800,10,20,Calinski-Har.,20,0.18463778495788574,1.0,1.0,1.0,,,,,,,0,0,1.0
sep_k20_d10,sep,0,800,10,20,Davies-Bouldin,20,0.21704554557800293,1.0,1.0,1.0,,,,,,,0,0,1.0
sep_k20_d10,sep,0,800,10,20,Elbow (Kneedle),20,0.19261980056762695,1.0,1.0,1.0,,,,,,,0,0,1.0
sep_k20_d10,sep,0,800,10,20,Jump statistic,20,0.19486045837402344,1.0,1.0,1.0,,,,,,,0,0,1.0
sep_k20_d10,sep,0,800,10,20,Gap statistic,20,0.8145139217376709,1.0,1.0,1.0,,,,,,,0,0,1.0
sep_k20_d10,sep,0,800,10,20,X-means,20,0.11227226257324219,1.0,1.0,1.0,,,,,,,0,0,1.0
sep_k20_d10,sep,0,800,10,20,G-means,18,0.06423258781433105,0.897975236955643,0.970098331584846,0.9724617543583631,,,,,,,2,-2,0.0
sep_k20_d10,sep,0,800,10,20,dip-means,1,0.017747163772583008,0.0,0.0,0.0,,,,,,,19,-19,0.0
sep_k20_d10,sep,0,800,10,20,ISODATA,20,0.03288531303405762,1.0,1.0,1.0,,,,,,,0,0,1.0
sep_k20_d10,sep,0,800,10,20,MDL split/merge,20,0.33689260482788086,1.0,1.0,1.0,,,,,,,0,0,1.0
sep_k20_d10,sep,0,800,10,20,GMM+BIC,15,0.31806278228759766,0.7831750339213026,0.9342351548183714,0.9386040238986794,,,,,,,5,-5,0.0
sep_k20_d10,sep,0,800,10,20,GMM+ICL,15,0.2802307605743408,0.7831750339213026,0.9342351548183714,0.9386040238986794,,,,,,,5,-5,0.0
sep_k20_d10,sep,0,800,10,20,HDBSCAN,20,0.009622335433959961,1.0,1.0,1.0,,,,,,,0,0,1.0
sep_k20_d10,sep,0,800,10,20,Bisecting+Sil.,20,0.21689915657043457,0.8647405656050412,0.9107620939043136,0.9185386010686822,,,,,,,0,0,1.0
sep_k20_d10,sep,1,800,10,20,ORACLE k-means(k*),20,0.01686835289001465,1.0,1.0,1.0,,,,,,,0,0,1.0
sep_k20_d10,sep,1,800,10,20,CDK (proposed),19,7.394970655441284,0.8431069759323546,0.9162535979789113,0.9232004066385734,19.0,19.0,53.0,19.0,1.0,0.005,1,-1,0.0
sep_k20_d10,sep,1,800,10,20,CDK / Gaussian null,19,7.9182939529418945,0.8431069759323546,0.9162535979789113,0.9232004066385734,17.0,19.0,53.0,19.0,1.0,0.005,1,-1,0.0
sep_k20_d10,sep,1,800,10,20,CDK / AD statistic,18,11.713172912597656,0.7821561990562153,0.899767514037497,0.9077127314813606,18.0,19.0,53.0,19.0,0.9811320754716981,0.005,2,-2,0.0
sep_k20_d10,sep,1,800,10,20,CDK / no multiplicity corr.,19,8.124491453170776,0.8431069759323546,0.9162535979789113,0.9232004066385734,19.0,19.0,53.0,19.0,1.0,0.005,1,-1,0.0
sep_k20_d10,sep,1,800,10,20,CDK / n_min=15,21,8.966341018676758,0.8906955369894719,0.9352804733005196,0.9411863798185103,21.0,21.0,85.0,30.0,0.8941176470588236,0.005,1,1,0.0
sep_k20_d10,sep,1,800,10,20,CDK / n_min=40,11,6.376032829284668,0.447610532619045,0.7682536792983634,0.7799863765181302,11.0,11.0,31.0,11.0,1.0,0.005,9,-9,0.0
sep_k20_d10,sep,1,800,10,20,Silhouette,20,0.21448349952697754,1.0,1.0,1.0,,,,,,,0,0,1.0
sep_k20_d10,sep,1,800,10,20,Calinski-Har.,20,0.15810322761535645,1.0,1.0,1.0,,,,,,,0,0,1.0
sep_k20_d10,sep,1,800,10,20,Davies-Bouldin,20,0.1862788200378418,1.0,1.0,1.0,,,,,,,0,0,1.0
sep_k20_d10,sep,1,800,10,20,Elbow (Kneedle),20,0.16933131217956543,1.0,1.0,1.0,,,,,,,0,0,1.0
sep_k20_d10,sep,1,800,10,20,Jump statistic,20,0.17076683044433594,1.0,1.0,1.0,,,,,,,0,0,1.0
sep_k20_d10,sep,1,800,10,20,Gap statistic,19,0.6454415321350098,0.9472748061689509,0.9852400968926113,0.9864659114554939,,,,,,,1,-1,0.0
sep_k20_d10,sep,1,800,10,20,X-means,20,0.064788818359375,1.0,1.0,1.0,,,,,,,0,0,1.0
sep_k20_d10,sep,1,800,10,20,G-means,18,0.05188393592834473,0.9004288817383163,0.9722729012423013,0.9744644267227383,,,,,,,2,-2,0.0
sep_k20_d10,sep,1,800,10,20,dip-means,1,0.01394963264465332,0.0,0.0,0.0,,,,,,,19,-19,0.0
sep_k20_d10,sep,1,800,10,20,ISODATA,20,0.026279687881469727,0.9348771275502047,0.9792985628846197,0.9811036539639213,,,,,,,0,0,1.0
sep_k20_d10,sep,1,800,10,20,MDL split/merge,20,1.2795772552490234,0.9348771275502047,0.9792985628846197,0.9811036539639213,,,,,,,0,0,1.0
sep_k20_d10,sep,1,800,10,20,GMM+BIC,15,0.23585152626037598,0.7831750339213026,0.9342351548183714,0.9386040238986794,,,,,,,5,-5,0.0
sep_k20_d10,sep,1,800,10,20,GMM+ICL,15,0.24709630012512207,0.7831750339213026,0.9342351548183714,0.9386040238986794,,,,,,,5,-5,0.0
sep_k20_d10,sep,1,800,10,20,HDBSCAN,20,0.008379459381103516,1.0,1.0,1.0,,,,,,,0,0,1.0
sep_k20_d10,sep,1,800,10,20,Bisecting+Sil.,20,0.17144775390625,0.9070810112941949,0.9360995315908839,0.941662040831984,,,,,,,0,0,1.0
sep_k20_d10,sep,2,800,10,20,ORACLE k-means(k*),20,0.017033815383911133,1.0,1.0,1.0,,,,,,,0,0,1.0
sep_k20_d10,sep,2,800,10,20,CDK (proposed),20,8.247227907180786,0.8884165446827014,0.9272567090288231,0.9335895358274382,20.0,20.0,55.0,20.0,1.0,0.005,0,0,1.0
sep_k20_d10,sep,2,800,10,20,CDK / Gaussian null,20,7.820014715194702,0.8884165446827014,0.9272567090288231,0.9335895358274382,17.0,20.0,55.0,20.0,1.0,0.005,0,0,1.0
sep_k20_d10,sep,2,800,10,20,CDK / AD statistic,20,9.73195195198059,0.8884165446827014,0.9272567090288231,0.9335895358274382,20.0,20.0,55.0,20.0,1.0,0.005,0,0,1.0
sep_k20_d10,sep,2,800,10,20,CDK / no multiplicity corr.,20,6.932136535644531,0.8884165446827014,0.9272567090288231,0.9335895358274382,20.0,20.0,55.0,20.0,1.0,0.005,0,0,1.0
sep_k20_d10,sep,2,800,10,20,CDK / n_min=15,20,8.304394006729126,0.8881251161842202,0.9262108645661772,0.9326348532289459,20.0,20.0,71.0,26.0,0.9154929577464789,0.005,0,0,1.0
sep_k20_d10,sep,2,800,10,20,CDK / n_min=40,13,7.531210422515869,0.5624612863795124,0.8152170217736195,0.8260642941096062,13.0,13.0,36.0,13.0,1.0,0.005,7,-7,0.0
sep_k20_d10,sep,2,800,10,20,Silhouette,20,0.22414517402648926,1.0,1.0,1.0,,,,,,,0,0,1.0
sep_k20_d10,sep,2,800,10,20,Calinski-Har.,20,0.16439104080200195,1.0,1.0,1.0,,,,,,,0,0,1.0
sep_k20_d10,sep,2,800,10,20,Davies-Bouldin,20,0.19159722328186035,1.0,1.0,1.0,,,,,,,0,0,1.0
sep_k20_d10,sep,2,800,10,20,Elbow (Kneedle),20,0.17117023468017578,1.0,1.0,1.0,,,,,,,0,0,1.0
sep_k20_d10,sep,2,800,10,20,Jump statistic,20,0.16716504096984863,1.0,1.0,1.0,,,,,,,0,0,1.0
sep_k20_d10,sep,2,800,10,20,Gap statistic,20,0.6717839241027832,1.0,1.0,1.0,,,,,,,0,0,1.0
sep_k20_d10,sep,2,800,10,20,X-means,20,0.11785769462585449,1.0,1.0,1.0,,,,,,,0,0,1.0
sep_k20_d10,sep,2,800,10,20,G-means,19,0.08164787292480469,0.9485876069750981,0.9872353354969796,0.9882956831460155,,,,,,,1,-1,0.0
sep_k20_d10,sep,2,800,10,20,dip-means,1,0.017331361770629883,0.0,0.0,0.0,,,,,,,19,-19,0.0
sep_k20_d10,sep,2,800,10,20,ISODATA,20,0.03338742256164551,1.0,1.0,1.0,,,,,,,0,0,1.0
sep_k20_d10,sep,2,800,10,20,MDL split/merge,20,0.3424704074859619,1.0,1.0,1.0,,,,,,,0,0,1.0
sep_k20_d10,sep,2,800,10,20,GMM+BIC,15,0.2647533416748047,0.7496082732685678,0.9288999547272607,0.9336618606549169,,,,,,,5,-5,0.0
sep_k20_d10,sep,2,800,10,20,GMM+ICL,15,0.275470495223999,0.7496082732685678,0.9288999547272607,0.9336618606549169,,,,,,,5,-5,0.0
sep_k20_d10,sep,2,800,10,20,HDBSCAN,20,0.009897232055664062,0.9946763527622856,0.9957142707084975,0.9960870800889838,,,,,,,0,0,1.0
sep_k20_d10,sep,2,800,10,20,Bisecting+Sil.,21,0.2175307273864746,0.9006310334079958,0.9358973572878106,0.9417307277985445,,,,,,,1,1,0.0
sep_k20_d10,sep,3,800,10,20,ORACLE k-means(k*),20,0.013262033462524414,1.0,1.0,1.0,,,,,,,0,0,1.0
sep_k20_d10,sep,3,800,10,20,CDK (proposed),20,6.615243673324585,0.8995357712564676,0.9262059198688185,0.9326284820461359,20.0,20.0,53.0,20.0,1.0,0.005,0,0,1.0
sep_k20_d10,sep,3,800,10,20,CDK / Gaussian null,20,6.223443508148193,0.8995357712564676,0.9262059198688185,0.9326284820461359,19.0,20.0,53.0,20.0,1.0,0.005,0,0,1.0
sep_k20_d10,sep,3,800,10,20,CDK / AD statistic,20,9.317542552947998,0.8995357712564676,0.9262059198688185,0.9326284820461359,20.0,20.0,53.0,20.0,1.0,0.005,0,0,1.0
sep_k20_d10,sep,3,800,10,20,CDK / no multiplicity corr.,20,7.218087911605835,0.8995357712564676,0.9262059198688185,0.9326284820461359,20.0,20.0,53.0,20.0,1.0,0.005,0,0,1.0
sep_k20_d10,sep,3,800,10,20,CDK / n_min=15,21,9.13121509552002,0.8895105947009183,0.9213787255376344,0.9285481182275093,21.0,21.0,76.0,27.0,0.9210526315789473,0.005,1,1,0.0
sep_k20_d10,sep,3,800,10,20,CDK / n_min=40,12,6.231280565261841,0.5447967103772142,0.7976068535833026,0.8085832700689004,12.0,12.0,32.0,12.0,1.0,0.005,8,-8,0.0
sep_k20_d10,sep,3,800,10,20,Silhouette,20,0.2263200283050537,1.0,1.0,1.0,,,,,,,0,0,1.0
sep_k20_d10,sep,3,800,10,20,Calinski-Har.,20,0.17256379127502441,1.0,1.0,1.0,,,,,,,0,0,1.0
sep_k20_d10,sep,3,800,10,20,Davies-Bouldin,20,0.19588136672973633,1.0,1.0,1.0,,,,,,,0,0,1.0
sep_k20_d10,sep,3,800,10,20,Elbow (Kneedle),20,0.17730474472045898,1.0,1.0,1.0,,,,,,,0,0,1.0
sep_k20_d10,sep,3,800,10,20,Jump statistic,20,0.1713414192199707,1.0,1.0,1.0,,,,,,,0,0,1.0
sep_k20_d10,sep,3,800,10,20,Gap statistic,20,0.6994948387145996,1.0,1.0,1.0,,,,,,,0,0,1.0
sep_k20_d10,sep,3,800,10,20,X-means,20,0.09060168266296387,1.0,1.0,1.0,,,,,,,0,0,1.0
sep_k20_d10,sep,3,800,10,20,G-means,19,0.05159878730773926,0.9485876069750981,0.9872353354969796,0.9882956831460155,,,,,,,1,-1,0.0
sep_k20_d10,sep,3,800,10,20,dip-means,1,0.01393580436706543,0.0,0.0,0.0,,,,,,,19,-19,0.0
sep_k20_d10,sep,3,800,10,20,ISODATA,20,0.028164386749267578,1.0,1.0,1.0,,,,,,,0,0,1.0
sep_k20_d10,sep,3,800,10,20,MDL split/merge,20,0.3293285369873047,1.0,1.0,1.0,,,,,,,0,0,1.0
sep_k20_d10,sep,3,800,10,20,GMM+BIC,15,0.24891042709350586,0.7496082732685678,0.9288999547272607,0.9336618606549169,,,,,,,5,-5,0.0
sep_k20_d10,sep,3,800,10,20,GMM+ICL,15,0.26084423065185547,0.7496082732685678,0.9288999547272607,0.9336618606549169,,,,,,,5,-5,0.0
sep_k20_d10,sep,3,800,10,20,HDBSCAN,20,0.008181095123291016,0.9973380954467436,0.9978571475190573,0.9980435502500206,,,,,,,0,0,1.0
sep_k20_d10,sep,3,800,10,20,Bisecting+Sil.,20,0.17501497268676758,0.9329284243905548,0.9531505650970986,0.9572270178487827,,,,,,,0,0,1.0
sep_k20_d10,sep,4,800,10,20,ORACLE k-means(k*),20,0.020121097564697266,1.0,1.0,1.0,,,,,,,0,0,1.0
sep_k20_d10,sep,4,800,10,20,CDK (proposed),20,7.650284051895142,0.9079098829052921,0.9406464799043163,0.9458135326912834,20.0,20.0,53.0,20.0,1.0,0.005,0,0,1.0
sep_k20_d10,sep,4,800,10,20,CDK / Gaussian null,20,7.4345269203186035,0.9079098829052921,0.9406464799043163,0.9458135326912834,16.0,20.0,53.0,20.0,1.0,0.005,0,0,1.0
sep_k20_d10,sep,4,800,10,20,CDK / AD statistic,20,9.657446384429932,0.9079098829052921,0.9406464799043163,0.9458135326912834,20.0,20.0,53.0,20.0,1.0,0.005,0,0,1.0
sep_k20_d10,sep,4,800,10,20,CDK / no multiplicity corr.,20,6.674325942993164,0.9079098829052921,0.9406464799043163,0.9458135326912834,20.0,20.0,53.0,20.0,1.0,0.005,0,0,1.0
sep_k20_d10,sep,4,800,10,20,CDK / n_min=15,20,7.784358263015747,0.9108849588716543,0.9422540609462111,0.9472812044078499,20.0,20.0,82.0,29.0,0.8902439024390244,0.005,0,0,1.0
sep_k20_d10,sep,4,800,10,20,CDK / n_min=40,11,6.179688453674316,0.30923547649796185,0.7428145238408189,0.7565688003451095,11.0,11.0,34.0,12.0,0.9705882352941176,0.005,9,-9,0.0
sep_k20_d10,sep,4,800,10,20,Silhouette,20,0.22833609580993652,1.0,1.0,1.0,,,,,,,0,0,1.0
sep_k20_d10,sep,4,800,10,20,Calinski-Har.,20,0.15787220001220703,1.0,1.0,1.0,,,,,,,0,0,1.0
sep_k20_d10,sep,4,800,10,20,Davies-Bouldin,20,0.18551874160766602,1.0,1.0,1.0,,,,,,,0,0,1.0
sep_k20_d10,sep,4,800,10,20,Elbow (Kneedle),20,0.16897130012512207,1.0,1.0,1.0,,,,,,,0,0,1.0
sep_k20_d10,sep,4,800,10,20,Jump statistic,20,0.17590093612670898,1.0,1.0,1.0,,,,,,,0,0,1.0
sep_k20_d10,sep,4,800,10,20,Gap statistic,20,0.6683332920074463,1.0,1.0,1.0,,,,,,,0,0,1.0
sep_k20_d10,sep,4,800,10,20,X-means,20,0.08788037300109863,1.0,1.0,1.0,,,,,,,0,0,1.0
sep_k20_d10,sep,4,800,10,20,G-means,18,0.05202078819274902,0.9017341040462428,0.9742808495420878,0.9763141394754926,,,,,,,2,-2,0.0
sep_k20_d10,sep,4,800,10,20,dip-means,1,0.013797521591186523,0.0,0.0,0.0,,,,,,,19,-19,0.0
sep_k20_d10,sep,4,800,10,20,ISODATA,20,0.027005672454833984,1.0,1.0,1.0,,,,,,,0,0,1.0
sep_k20_d10,sep,4,800,10,20,MDL split/merge,20,0.29258298873901367,1.0,1.0,1.0,,,,,,,0,0,1.0
sep_k20_d10,sep,4,800,10,20,GMM+BIC,15,0.2700231075286865,0.7483600731516031,0.9268430881744966,0.9317414894768419,,,,,,,5,-5,0.0
sep_k20_d10,sep,4,800,10,20,GMM+ICL,15,0.2806050777435303,0.7483600731516031,0.9268430881744966,0.9317414894768419,,,,,,,5,-5,0.0
sep_k20_d10,sep,4,800,10,20,HDBSCAN,19,0.008249044418334961,0.9485876069750981,0.9872353354969795,0.9882956831460153,,,,,,,1,-1,0.0
sep_k20_d10,sep,4,800,10,20,Bisecting+Sil.,20,0.1767265796661377,0.8968965393703539,0.9301312614179441,0.9362121933956359,,,,,,,0,0,1.0
sep_k20_d10,sep,5,800,10,20,ORACLE k-means(k*),20,0.013262748718261719,1.0,1.0,1.0,,,,,,,0,0,1.0
sep_k20_d10,sep,5,800,10,20,CDK (proposed),20,6.661558389663696,0.895114120722118,0.9320985946977435,0.9380094875096523,20.0,20.0,54.0,20.0,1.0,0.005,0,0,1.0
sep_k20_d10,sep,5,800,10,20,CDK / Gaussian null,20,6.556274652481079,0.895114120722118,0.9320985946977435,0.9380094875096523,19.0,20.0,54.0,20.0,1.0,0.005,0,0,1.0
sep_k20_d10,sep,5,800,10,20,CDK / AD statistic,20,10.27405071258545,0.895114120722118,0.9320985946977435,0.9380094875096523,20.0,20.0,54.0,20.0,1.0,0.005,0,0,1.0
sep_k20_d10,sep,5,800,10,20,CDK / no multiplicity corr.,20,7.348068952560425,0.895114120722118,0.9320985946977435,0.9380094875096523,20.0,20.0,54.0,20.0,1.0,0.005,0,0,1.0
sep_k20_d10,sep,5,800,10,20,CDK / n_min=15,20,9.386622190475464,0.8934492700820839,0.9306932432239919,0.9367267128512478,20.0,20.0,72.0,25.0,0.9305555555555556,0.005,0,0,1.0
sep_k20_d10,sep,5,800,10,20,CDK / n_min=40,8,6.087198734283447,0.44409741449785906,0.7306747500903057,0.7401453981470824,8.0,8.0,20.0,8.0,1.0,0.005,12,-12,0.0
sep_k20_d10,sep,5,800,10,20,Silhouette,20,0.2867605686187744,1.0,1.0,1.0,,,,,,,0,0,1.0
sep_k20_d10,sep,5,800,10,20,Calinski-Har.,20,0.22177767753601074,1.0,1.0,1.0,,,,,,,0,0,1.0
sep_k20_d10,sep,5,800,10,20,Davies-Bouldin,20,0.24385714530944824,1.0,1.0,1.0,,,,,,,0,0,1.0
sep_k20_d10,sep,5,800,10,20,Elbow (Kneedle),20,0.21881437301635742,1.0,1.0,1.0,,,,,,,0,0,1.0
sep_k20_d10,sep,5,800,10,20,Jump statistic,20,0.2286984920501709,1.0,1.0,1.0,,,,,,,0,0,1.0
sep_k20_d10,sep,5,800,10,20,Gap statistic,20,0.7813220024108887,1.0,1.0,1.0,,,,,,,0,0,1.0
sep_k20_d10,sep,5,800,10,20,X-means,22,0.10987973213195801,0.9728310822584629,0.9875055038887857,0.9886963571639333,,,,,,,2,2,0.0
sep_k20_d10,sep,5,800,10,20,G-means,17,0.0831611156463623,0.8188364858821595,0.9521669772778156,0.9557765783463948,,,,,,,3,-3,0.0
sep_k20_d10,sep,5,800,10,20,dip-means,1,0.017425060272216797,0.0,0.0,0.0,,,,,,,19,-19,0.0
sep_k20_d10,sep,5,800,10,20,ISODATA,20,0.037988901138305664,1.0,1.0,1.0,,,,,,,0,0,1.0
sep_k20_d10,sep,5,800,10,20,MDL split/merge,20,0.3422708511352539,1.0,1.0,1.0,,,,,,,0,0,1.0
sep_k20_d10,sep,5,800,10,20,GMM+BIC,15,0.2832331657409668,0.7831750339213026,0.9342351548183714,0.9386040238986794,,,,,,,5,-5,0.0
sep_k20_d10,sep,5,800,10,20,GMM+ICL,15,0.29886913299560547,0.7831750339213026,0.9342351548183714,0.9386040238986794,,,,,,,5,-5,0.0
sep_k20_d10,sep,5,800,10,20,HDBSCAN,20,0.009902715682983398,0.9973380954467436,0.9978571475190573,0.9980435502500206,,,,,,,0,0,1.0
sep_k20_d10,sep,5,800,10,20,Bisecting+Sil.,21,0.20542645454406738,0.9185286177330345,0.940970007578652,0.9463467502058722,,,,,,,1,1,0.0
sep_k20_d10,sep,6,800,10,20,ORACLE k-means(k*),20,0.013239383697509766,1.0,1.0,1.0,,,,,,,0,0,1.0
sep_k20_d10,sep,6,800,10,20,CDK (proposed),19,7.74376368522644,0.8304664525309785,0.8965085403855824,0.9050877192993002,19.0,19.0,55.0,19.0,1.0,0.005,1,-1,0.0
sep_k20_d10,sep,6,800,10,20,CDK / Gaussian null,19,8.48132610321045,0.8304664525309785,0.8965085403855824,0.9050877192993002,17.0,19.0,55.0,19.0,1.0,0.005,1,-1,0.0
sep_k20_d10,sep,6,800,10,20,CDK / AD statistic,19,12.755964040756226,0.8304664525309785,0.8965085403855824,0.9050877192993002,19.0,19.0,55.0,19.0,1.0,0.005,1,-1,0.0
sep_k20_d10,sep,6,800,10,20,CDK / no multiplicity corr.,19,9.146694660186768,0.8304664525309785,0.8965085403855824,0.9050877192993002,19.0,19.0,55.0,19.0,1.0,0.005,1,-1,0.0
sep_k20_d10,sep,6,800,10,20,CDK / n_min=15,22,8.871408939361572,0.8633647404939959,0.9072065909870587,0.9160530925118805,22.0,22.0,71.0,26.0,0.9436619718309859,0.005,2,2,0.0
sep_k20_d10,sep,6,800,10,20,CDK / n_min=40,12,6.51254677772522,0.5145086629038494,0.7739511914276594,0.786219538379937,12.0,12.0,34.0,12.0,1.0,0.005,8,-8,0.0
sep_k20_d10,sep,6,800,10,20,Silhouette,20,0.2180190086364746,1.0,1.0,1.0,,,,,,,0,0,1.0
sep_k20_d10,sep,6,800,10,20,Calinski-Har.,20,0.15881586074829102,1.0,1.0,1.0,,,,,,,0,0,1.0
sep_k20_d10,sep,6,800,10,20,Davies-Bouldin,20,0.1899120807647705,1.0,1.0,1.0,,,,,,,0,0,1.0
sep_k20_d10,sep,6,800,10,20,Elbow (Kneedle),20,0.1652686595916748,1.0,1.0,1.0,,,,,,,0,0,1.0
sep_k20_d10,sep,6,800,10,20,Jump statistic,20,0.17064189910888672,1.0,1.0,1.0,,,,,,,0,0,1.0
sep_k20_d10,sep,6,800,10,20,Gap statistic,20,0.7057301998138428,1.0,1.0,1.0,,,,,,,0,0,1.0
sep_k20_d10,sep,6,800,10,20,X-means,20,0.07185769081115723,1.0,1.0,1.0,,,,,,,0,0,1.0
sep_k20_d10,sep,6,800,10,20,G-means,18,0.08536601066589355,0.8481939201495791,0.9556639931728277,0.9591681577560476,,,,,,,2,-2,0.0
sep_k20_d10,sep,6,800,10,20,dip-means,1,0.01549673080444336,0.0,0.0,0.0,,,,,,,19,-19,0.0
sep_k20_d10,sep,6,800,10,20,ISODATA,20,0.028755903244018555,1.0,1.0,1.0,,,,,,,0,0,1.0
sep_k20_d10,sep,6,800,10,20,MDL split/merge,20,0.3377962112426758,1.0,1.0,1.0,,,,,,,0,0,1.0
sep_k20_d10,sep,6,800,10,20,GMM+BIC,15,0.29982876777648926,0.7496082732685678,0.928899954727261,0.933661860654917,,,,,,,5,-5,0.0
sep_k20_d10,sep,6,800,10,20,GMM+ICL,15,0.2850651741027832,0.7496082732685678,0.928899954727261,0.933661860654917,,,,,,,5,-5,0.0
sep_k20_d10,sep,6,800,10,20,HDBSCAN,20,0.008098363876342773,1.0,1.0,1.0,,,,,,,0,0,1.0
sep_k20_d10,sep,6,800,10,20,Bisecting+Sil.,20,0.17297577857971191,0.8627784154683212,0.9056233108935289,0.9138403929881079,,,,,,,0,0,1.0
sep_k20_d10,sep,7,800,10,20,ORACLE k-means(k*),20,0.01590871810913086,1.0,1.0,1.0,,,,,,,0,0,1.0
sep_k20_d10,sep,7,800,10,20,CDK (proposed),20,6.866365194320679,0.9461296602649545,0.9636021062228224,0.966768974346694,20.0,20.0,50.0,20.0,1.0,0.005,0,0,1.0
sep_k20_d10,sep,7,800,10,20,CDK / Gaussian null,20,6.434767246246338,0.9461296602649545,0.9636021062228224,0.966768974346694,20.0,20.0,50.0,20.0,1.0,0.005,0,0,1.0
sep_k20_d10,sep,7,800,10,20,CDK / AD statistic,20,8.921147584915161,0.9461296602649545,0.9636021062228224,0.966768974346694,20.0,20.0,50.0,20.0,1.0,0.005,0,0,1.0
sep_k20_d10,sep,7,800,10,20,CDK / no multiplicity corr.,20,5.982054233551025,0.9461296602649545,0.9636021062228224,0.966768974346694,20.0,20.0,50.0,20.0,1.0,0.005,0,0,1.0
sep_k20_d10,sep,7,800,10,20,CDK / n_min=15,20,6.417056083679199,0.9462257057907176,0.9636194485200652,0.9667847587372281,20.0,20.0,73.0,30.0,0.863013698630137,0.005,0,0,1.0
sep_k20_d10,sep,7,800,10,20,CDK / n_min=40,11,5.659087896347046,0.49468920229587415,0.8036172991169781,0.8135888733987378,11.0,11.0,28.0,11.0,1.0,0.005,9,-9,0.0
sep_k20_d10,sep,7,800,10,20,Silhouette,20,0.21291208267211914,1.0,1.0,1.0,,,,,,,0,0,1.0
sep_k20_d10,sep,7,800,10,20,Calinski-Har.,20,0.158066987991333,1.0,1.0,1.0,,,,,,,0,0,1.0
sep_k20_d10,sep,7,800,10,20,Davies-Bouldin,20,0.18605327606201172,1.0,1.0,1.0,,,,,,,0,0,1.0
sep_k20_d10,sep,7,800,10,20,Elbow (Kneedle),20,0.16373896598815918,1.0,1.0,1.0,,,,,,,0,0,1.0
sep_k20_d10,sep,7,800,10,20,Jump statistic,20,0.16431236267089844,1.0,1.0,1.0,,,,,,,0,0,1.0
sep_k20_d10,sep,7,800,10,20,Gap statistic,20,0.6457431316375732,1.0,1.0,1.0,,,,,,,0,0,1.0
sep_k20_d10,sep,7,800,10,20,X-means,20,0.08367800712585449,1.0,1.0,1.0,,,,,,,0,0,1.0
sep_k20_d10,sep,7,800,10,20,G-means,18,0.05024099349975586,0.9017341040462428,0.9742808495420878,0.9763141394754926,,,,,,,2,-2,0.0
sep_k20_d10,sep,7,800,10,20,dip-means,1,0.0145111083984375,0.0,0.0,0.0,,,,,,,19,-19,0.0
sep_k20_d10,sep,7,800,10,20,ISODATA,20,0.02599191665649414,1.0,1.0,1.0,,,,,,,0,0,1.0
sep_k20_d10,sep,7,800,10,20,MDL split/merge,20,0.2841475009918213,1.0,1.0,1.0,,,,,,,0,0,1.0
sep_k20_d10,sep,7,800,10,20,GMM+BIC,15,0.2792379856109619,0.7496082732685678,0.9288999547272607,0.9336618606549169,,,,,,,5,-5,0.0
sep_k20_d10,sep,7,800,10,20,GMM+ICL,15,0.2924165725708008,0.7496082732685678,0.9288999547272607,0.9336618606549169,,,,,,,5,-5,0.0
sep_k20_d10,sep,7,800,10,20,HDBSCAN,19,0.008161783218383789,0.9485876069750981,0.9872353354969795,0.9882956831460153,,,,,,,1,-1,0.0
sep_k20_d10,sep,7,800,10,20,Bisecting+Sil.,20,0.17705106735229492,0.9347449460455275,0.9598358383152571,0.9633316261090458,,,,,,,0,0,1.0
sep_k20_d10,sep,8,800,10,20,ORACLE k-means(k*),20,0.012881755828857422,0.9973380954467436,0.9978571475190574,0.9980435502500207,,,,,,,0,0,1.0
sep_k20_d10,sep,8,800,10,20,CDK (proposed),20,6.1230528354644775,0.911881736085006,0.9367486496034106,0.9422536525612375,20.0,20.0,50.0,20.0,1.0,0.005,0,0,1.0
sep_k20_d10,sep,8,800,10,20,CDK / Gaussian null,20,5.872251510620117,0.911881736085006,0.9367486496034106,0.9422536525612375,18.0,20.0,50.0,20.0,1.0,0.005,0,0,1.0
sep_k20_d10,sep,8,800,10,20,CDK / AD statistic,20,8.446057558059692,0.911881736085006,0.9367486496034106,0.9422536525612375,20.0,20.0,50.0,20.0,1.0,0.005,0,0,1.0
sep_k20_d10,sep,8,800,10,20,CDK / no multiplicity corr.,20,6.166929721832275,0.911881736085006,0.9367486496034106,0.9422536525612375,20.0,20.0,50.0,20.0,1.0,0.005,0,0,1.0
sep_k20_d10,sep,8,800,10,20,CDK / n_min=15,20,7.990540027618408,0.911881736085006,0.9367486496034106,0.9422536525612375,20.0,20.0,73.0,28.0,0.8904109589041096,0.005,0,0,1.0
sep_k20_d10,sep,8,800,10,20,CDK / n_min=40,12,6.94657826423645,0.5156729591625999,0.808029516751939,0.8185350126375329,12.0,12.0,36.0,13.0,0.9722222222222222,0.005,8,-8,0.0
sep_k20_d10,sep,8,800,10,20,Silhouette,20,0.21267962455749512,0.9973380954467436,0.9978571475190574,0.9980435502500207,,,,,,,0,0,1.0
sep_k20_d10,sep,8,800,10,20,Calinski-Har.,20,0.15753579139709473,0.9973380954467436,0.9978571475190574,0.9980435502500207,,,,,,,0,0,1.0
sep_k20_d10,sep,8,800,10,20,Davies-Bouldin,20,0.18478846549987793,0.9973380954467436,0.9978571475190574,0.9980435502500207,,,,,,,0,0,1.0
sep_k20_d10,sep,8,800,10,20,Elbow (Kneedle),20,0.16380929946899414,0.9973380954467436,0.9978571475190574,0.9980435502500207,,,,,,,0,0,1.0
sep_k20_d10,sep,8,800,10,20,Jump statistic,20,0.1640012264251709,0.9973380954467436,0.9978571475190574,0.9980435502500207,,,,,,,0,0,1.0
sep_k20_d10,sep,8,800,10,20,Gap statistic,20,0.6716389656066895,0.9973380954467436,0.9978571475190574,0.9980435502500207,,,,,,,0,0,1.0
sep_k20_d10,sep,8,800,10,20,X-means,21,0.06669878959655762,0.9839728118660858,0.9916338756532034,0.9923965694577306,,,,,,,1,1,0.0
sep_k20_d10,sep,8,800,10,20,G-means,18,0.0663919448852539,0.8980031473000603,0.9700983792672084,0.9724617886511924,,,,,,,2,-2,0.0
sep_k20_d10,sep,8,800,10,20,dip-means,1,0.013826608657836914,0.0,0.0,0.0,,,,,,,19,-19,0.0
sep_k20_d10,sep,8,800,10,20,ISODATA,20,0.02856755256652832,0.9973380954467436,0.9978571475190574,0.9980435502500207,,,,,,,0,0,1.0
sep_k20_d10,sep,8,800,10,20,MDL split/merge,20,0.29430079460144043,0.9973380954467436,0.9978571475190574,0.9980435502500207,,,,,,,0,0,1.0
sep_k20_d10,sep,8,800,10,20,GMM+BIC,15,0.2637307643890381,0.7463036413338708,0.924607038201982,0.9296551851424091,,,,,,,5,-5,0.0
sep_k20_d10,sep,8,800,10,20,GMM+ICL,15,0.273468017578125,0.7463036413338708,0.924607038201982,0.9296551851424091,,,,,,,5,-5,0.0
sep_k20_d10,sep,8,800,10,20,HDBSCAN,20,0.008101940155029297,0.9920147719318619,0.9935713695679064,0.9941305895165705,,,,,,,0,0,1.0
sep_k20_d10,sep,8,800,10,20,Bisecting+Sil.,20,0.19085001945495605,0.917963765709024,0.9427615041919958,0.9477429093447264,,,,,,,0,0,1.0
sep_k20_d10,sep,9,800,10,20,ORACLE k-means(k*),20,0.013614654541015625,1.0,1.0,1.0,,,,,,,0,0,1.0
sep_k20_d10,sep,9,800,10,20,CDK (proposed),20,7.039857864379883,0.8765330328579171,0.9203642830759773,0.9272989083005508,20.0,20.0,54.0,20.0,1.0,0.005,0,0,1.0
sep_k20_d10,sep,9,800,10,20,CDK / Gaussian null,20,7.954045057296753,0.8765330328579171,0.9203642830759773,0.9272989083005508,19.0,20.0,54.0,20.0,1.0,0.005,0,0,1.0
sep_k20_d10,sep,9,800,10,20,CDK / AD statistic,20,10.750955581665039,0.8765330328579171,0.9203642830759773,0.9272989083005508,20.0,20.0,54.0,20.0,1.0,0.005,0,0,1.0
sep_k20_d10,sep,9,800,10,20,CDK / no multiplicity corr.,20,7.522208213806152,0.8765330328579171,0.9203642830759773,0.9272989083005508,20.0,20.0,54.0,20.0,1.0,0.005,0,0,1.0
sep_k20_d10,sep,9,800,10,20,CDK / n_min=15,20,7.699976921081543,0.876206443489963,0.9202841039537423,0.9272257448841763,20.0,20.0,67.0,24.0,0.9402985074626866,0.005,0,0,1.0
sep_k20_d10,sep,9,800,10,20,CDK / n_min=40,17,7.351630926132202,0.7820512490502397,0.8844800301761555,0.8930805291633199,17.0,17.0,46.0,17.0,1.0,0.005,3,-3,0.0
sep_k20_d10,sep,9,800,10,20,Silhouette,20,0.21847295761108398,1.0,1.0,1.0,,,,,,,0,0,1.0
sep_k20_d10,sep,9,800,10,20,Calinski-Har.,20,0.1602926254272461,1.0,1.0,1.0,,,,,,,0,0,1.0
sep_k20_d10,sep,9,800,10,20,Davies-Bouldin,20,0.19312834739685059,1.0,1.0,1.0,,,,,,,0,0,1.0
sep_k20_d10,sep,9,800,10,20,Elbow (Kneedle),20,0.16586780548095703,1.0,1.0,1.0,,,,,,,0,0,1.0
sep_k20_d10,sep,9,800,10,20,Jump statistic,20,0.16673040390014648,1.0,1.0,1.0,,,,,,,0,0,1.0
sep_k20_d10,sep,9,800,10,20,Gap statistic,20,0.6776599884033203,1.0,1.0,1.0,,,,,,,0,0,1.0
sep_k20_d10,sep,9,800,10,20,X-means,20,0.06305241584777832,1.0,1.0,1.0,,,,,,,0,0,1.0
sep_k20_d10,sep,9,800,10,20,G-means,17,0.052848100662231445,0.7415877300119567,0.9302482790898082,0.9354828443570239,,,,,,,3,-3,0.0
sep_k20_d10,sep,9,800,10,20,dip-means,1,0.013816356658935547,0.0,0.0,0.0,,,,,,,19,-19,0.0
sep_k20_d10,sep,9,800,10,20,ISODATA,20,0.026416778564453125,1.0,1.0,1.0,,,,,,,0,0,1.0
sep_k20_d10,sep,9,800,10,20,MDL split/merge,20,0.2929215431213379,1.0,1.0,1.0,,,,,,,0,0,1.0
sep_k20_d10,sep,9,800,10,20,GMM+BIC,15,0.2209775447845459,0.7491679677960702,0.9269476101195431,0.9318383258618826,,,,,,,5,-5,0.0
sep_k20_d10,sep,9,800,10,20,GMM+ICL,15,0.22788596153259277,0.7491679677960702,0.9269476101195431,0.9318383258618826,,,,,,,5,-5,0.0
sep_k20_d10,sep,9,800,10,20,HDBSCAN,19,0.008438587188720703,0.9460506843774759,0.9850765944992861,0.9863162725993072,,,,,,,1,-1,0.0
sep_k20_d10,sep,9,800,10,20,Bisecting+Sil.,20,0.16820788383483887,0.9099701112425924,0.9340104231127009,0.939752636469864,,,,,,,0,0,1.0
sep_k20_d50,sep,0,800,50,20,ORACLE k-means(k*),20,0.019001483917236328,1.0,1.0,1.0,,,,,,,0,0,1.0
sep_k20_d50,sep,0,800,50,20,CDK (proposed),20,11.323531866073608,0.886580150769292,0.917959862227661,0.925102479900868,20.0,20.0,54.0,20.0,1.0,0.005,0,0,1.0
sep_k20_d50,sep,0,800,50,20,CDK / Gaussian null,15,9.870583772659302,0.6303220656098041,0.8411935254430624,0.8519512322819602,4.0,20.0,54.0,20.0,0.9074074074074074,0.005,5,-5,0.0
sep_k20_d50,sep,0,800,50,20,CDK / AD statistic,20,15.670856952667236,0.886580150769292,0.917959862227661,0.925102479900868,20.0,20.0,54.0,20.0,1.0,0.005,0,0,1.0
sep_k20_d50,sep,0,800,50,20,CDK / no multiplicity corr.,20,12.6895272731781,0.886580150769292,0.917959862227661,0.925102479900868,20.0,20.0,54.0,20.0,1.0,0.005,0,0,1.0
sep_k20_d50,sep,0,800,50,20,CDK / n_min=15,20,12.827334880828857,0.8871128392559787,0.916263466092657,0.9235540099496862,20.0,20.0,81.0,29.0,0.8888888888888888,0.005,0,0,1.0
sep_k20_d50,sep,0,800,50,20,CDK / n_min=40,9,15.503134965896606,0.3993434193782983,0.7228012352162966,0.7342760243617599,9.0,9.0,26.0,9.0,1.0,0.005,11,-11,0.0
sep_k20_d50,sep,0,800,50,20,Silhouette,20,0.3637566566467285,1.0,1.0,1.0,,,,,,,0,0,1.0
sep_k20_d50,sep,0,800,50,20,Calinski-Har.,20,0.2951691150665283,1.0,1.0,1.0,,,,,,,0,0,1.0
sep_k20_d50,sep,0,800,50,20,Davies-Bouldin,20,0.3223121166229248,1.0,1.0,1.0,,,,,,,0,0,1.0
sep_k20_d50,sep,0,800,50,20,Elbow (Kneedle),20,0.30664825439453125,1.0,1.0,1.0,,,,,,,0,0,1.0
sep_k20_d50,sep,0,800,50,20,Jump statistic,20,0.25248026847839355,1.0,1.0,1.0,,,,,,,0,0,1.0
sep_k20_d50,sep,0,800,50,20,Gap statistic,19,1.0552306175231934,0.9485876069750981,0.9872353354969795,0.9882956831460153,,,,,,,1,-1,0.0
sep_k20_d50,sep,0,800,50,20,X-means,20,0.07642960548400879,1.0,1.0,1.0,,,,,,,0,0,1.0
sep_k20_d50,sep,0,800,50,20,G-means,21,0.05608820915222168,0.7304411191806046,0.9156190718069305,0.9233177953120307,,,,,,,1,1,0.0
sep_k20_d50,sep,0,800,50,20,dip-means,1,0.017023086547851562,0.0,0.0,0.0,,,,,,,19,-19,0.0
sep_k20_d50,sep,0,800,50,20,ISODATA,24,0.03916311264038086,0.9606770613054044,0.9800282063723845,0.9820632075788116,,,,,,,4,4,0.0
sep_k20_d50,sep,0,800,50,20,MDL split/merge,20,1.3601160049438477,0.939915621005028,0.9826324610073061,0.9841378605248581,,,,,,,0,0,1.0
sep_k20_d50,sep,0,800,50,20,GMM+BIC,15,0.6258454322814941,0.6955577942673673,0.9077843803979776,0.913998298920589,,,,,,,5,-5,0.0
sep_k20_d50,sep,0,800,50,20,GMM+ICL,15,0.6636528968811035,0.6955577942673673,0.9077843803979776,0.913998298920589,,,,,,,5,-5,0.0
sep_k20_d50,sep,0,800,50,20,HDBSCAN,13,0.02874445915222168,0.636242681338693,0.8881284704846839,0.8947009137273303,,,,,,,7,-7,0.0
sep_k20_d50,sep,0,800,50,20,Bisecting+Sil.,20,0.1985797882080078,0.9133920179949866,0.9390009038480415,0.9443112116799651,,,,,,,0,0,1.0
sep_k20_d50,sep,1,800,50,20,ORACLE k-means(k*),20,0.0380101203918457,1.0,1.0,1.0,,,,,,,0,0,1.0
sep_k20_d50,sep,1,800,50,20,CDK (proposed),19,14.312130689620972,0.8171833923307001,0.8897796452641583,0.898917176289058,19.0,19.0,58.0,19.0,1.0,0.005,1,-1,0.0
sep_k20_d50,sep,1,800,50,20,CDK / Gaussian null,13,11.368668556213379,0.3435958502714045,0.7749162004997673,0.7891139042458992,8.0,18.0,58.0,19.0,0.896551724137931,0.005,7,-7,0.0
sep_k20_d50,sep,1,800,50,20,CDK / AD statistic,19,16.585258960723877,0.8171833923307001,0.8897796452641583,0.898917176289058,19.0,19.0,58.0,19.0,1.0,0.005,1,-1,0.0
sep_k20_d50,sep,1,800,50,20,CDK / no multiplicity corr.,19,14.666222333908081,0.8171833923307001,0.8897796452641583,0.898917176289058,19.0,19.0,58.0,19.0,1.0,0.005,1,-1,0.0
sep_k20_d50,sep,1,800,50,20,CDK / n_min=15,20,13.44581127166748,0.7909882044681679,0.8901379491110816,0.899780562900399,19.0,21.0,83.0,27.0,0.9156626506024096,0.005,0,0,1.0
sep_k20_d50,sep,1,800,50,20,CDK / n_min=40,7,10.854115724563599,0.2604551857951859,0.6228107817833084,0.6352250976156313,7.0,7.0,18.0,7.0,1.0,0.005,13,-13,0.0
sep_k20_d50,sep,1,800,50,20,Silhouette,20,0.28063201904296875,1.0,1.0,1.0,,,,,,,0,0,1.0
sep_k20_d50,sep,1,800,50,20,Calinski-Har.,20,0.22090673446655273,1.0,1.0,1.0,,,,,,,0,0,1.0
sep_k20_d50,sep,1,800,50,20,Davies-Bouldin,20,0.2518887519836426,1.0,1.0,1.0,,,,,,,0,0,1.0
sep_k20_d50,sep,1,800,50,20,Elbow (Kneedle),20,0.22984862327575684,1.0,1.0,1.0,,,,,,,0,0,1.0
sep_k20_d50,sep,1,800,50,20,Jump statistic,20,0.23434209823608398,1.0,1.0,1.0,,,,,,,0,0,1.0
sep_k20_d50,sep,1,800,50,20,Gap statistic,19,1.0206358432769775,0.9485876069750981,0.9872353354969795,0.9882956831460153,,,,,,,1,-1,0.0
sep_k20_d50,sep,1,800,50,20,X-means,20,0.07328557968139648,1.0,1.0,1.0,,,,,,,0,0,1.0
sep_k20_d50,sep,1,800,50,20,G-means,18,0.0670011043548584,0.9017341040462428,0.9742808495420879,0.9763141394754927,,,,,,,2,-2,0.0
sep_k20_d50,sep,1,800,50,20,dip-means,1,0.017983436584472656,0.0,0.0,0.0,,,,,,,19,-19,0.0
sep_k20_d50,sep,1,800,50,20,ISODATA,24,0.04262113571166992,0.9574888054971135,0.9788273320487828,0.9809962015539826,,,,,,,4,4,0.0
sep_k20_d50,sep,1,800,50,20,MDL split/merge,30,0.642005443572998,0.8843016558928471,0.9479176378594495,0.9543352294845064,,,,,,,10,10,0.0
sep_k20_d50,sep,1,800,50,20,GMM+BIC,15,0.6371161937713623,0.7160781137161873,0.9199015947987608,0.9253086389594556,,,,,,,5,-5,0.0
sep_k20_d50,sep,1,800,50,20,GMM+ICL,15,0.6734604835510254,0.7160781137161873,0.9199015947987608,0.9253086389594556,,,,,,,5,-5,0.0
sep_k20_d50,sep,1,800,50,20,HDBSCAN,19,0.03038477897644043,0.9485876069750981,0.9872353354969796,0.9882956831460155,,,,,,,1,-1,0.0
sep_k20_d50,sep,1,800,50,20,Bisecting+Sil.,20,0.2124016284942627,0.8805304518294073,0.92365858123851,0.9303064931013493,,,,,,,0,0,1.0
sep_k20_d50,sep,2,800,50,20,ORACLE k-means(k*),20,0.023597240447998047,1.0,1.0,1.0,,,,,,,0,0,1.0
sep_k20_d50,sep,2,800,50,20,CDK (proposed),20,10.266834020614624,0.8598903517968962,0.9121554883089625,0.9198084491059271,20.0,20.0,55.0,20.0,1.0,0.005,0,0,1.0
sep_k20_d50,sep,2,800,50,20,CDK / Gaussian null,13,10.480803966522217,0.3692833798467344,0.7850112110055617,0.7984285805650021,6.0,20.0,55.0,20.0,0.8545454545454545,0.005,7,-7,0.0
sep_k20_d50,sep,2,800,50,20,CDK / AD statistic,20,13.501431703567505,0.8598903517968962,0.9121554883089625,0.9198084491059271,20.0,20.0,55.0,20.0,1.0,0.005,0,0,1.0
sep_k20_d50,sep,2,800,50,20,CDK / no multiplicity corr.,20,11.688299655914307,0.8598903517968962,0.9121554883089625,0.9198084491059271,20.0,20.0,55.0,20.0,1.0,0.005,0,0,1.0
sep_k20_d50,sep,2,800,50,20,CDK / n_min=15,20,14.154723644256592,0.8829707629340801,0.9267720019326493,0.9331513591459664,20.0,20.0,74.0,25.0,0.9324324324324325,0.005,0,0,1.0
sep_k20_d50,sep,2,800,50,20,CDK / n_min=40,12,16.9088294506073,0.5655545589022857,0.7941669247411567,0.8051844787901351,12.0,12.0,36.0,12.0,1.0,0.005,8,-8,0.0
sep_k20_d50,sep,2,800,50,20,Silhouette,20,0.3252708911895752,1.0,1.0,1.0,,,,,,,0,0,1.0
sep_k20_d50,sep,2,800,50,20,Calinski-Har.,20,0.27332162857055664,1.0,1.0,1.0,,,,,,,0,0,1.0
sep_k20_d50,sep,2,800,50,20,Davies-Bouldin,20,0.32112646102905273,1.0,1.0,1.0,,,,,,,0,0,1.0
sep_k20_d50,sep,2,800,50,20,Elbow (Kneedle),20,0.30064916610717773,1.0,1.0,1.0,,,,,,,0,0,1.0
sep_k20_d50,sep,2,800,50,20,Jump statistic,20,0.27146291732788086,1.0,1.0,1.0,,,,,,,0,0,1.0
sep_k20_d50,sep,2,800,50,20,Gap statistic,20,1.3301386833190918,1.0,1.0,1.0,,,,,,,0,0,1.0
sep_k20_d50,sep,2,800,50,20,X-means,20,0.09423112869262695,1.0,1.0,1.0,,,,,,,0,0,1.0
sep_k20_d50,sep,2,800,50,20,G-means,20,0.07125735282897949,0.8894753162353596,0.9670466105599871,0.9698551756929802,,,,,,,0,0,1.0
sep_k20_d50,sep,2,800,50,20,dip-means,1,0.021172046661376953,0.0,0.0,0.0,,,,,,,19,-19,0.0
sep_k20_d50,sep,2,800,50,20,ISODATA,24,0.04790496826171875,0.9542097119176746,0.9777897114271743,0.9800721882116088,,,,,,,4,4,0.0
sep_k20_d50,sep,2,800,50,20,MDL split/merge,25,2.020714521408081,0.9382438666121944,0.971556319993918,0.9745879919421604,,,,,,,5,5,0.0
sep_k20_d50,sep,2,800,50,20,GMM+BIC,15,0.8682277202606201,0.717247454358015,0.9213691794665123,0.92667783586524,,,,,,,5,-5,0.0
sep_k20_d50,sep,2,800,50,20,GMM+ICL,15,0.9106073379516602,0.717247454358015,0.9213691794665123,0.92667783586524,,,,,,,5,-5,0.0
sep_k20_d50,sep,2,800,50,20,HDBSCAN,19,0.035681724548339844,0.9422271498921496,0.9791264608188713,0.9808592587980174,,,,,,,1,-1,0.0
sep_k20_d50,sep,2,800,50,20,Bisecting+Sil.,21,0.2736032009124756,0.8967369405391543,0.9289798489894214,0.9354236103275692,,,,,,,1,1,0.0
sep_k20_d50,sep,3,800,50,20,ORACLE k-means(k*),20,0.018732547760009766,1.0,1.0,1.0,,,,,,,0,0,1.0
sep_k20_d50,sep,3,800,50,20,CDK (proposed),20,14.515454292297363,0.8918924659393194,0.917811256821916,0.924963660280205,20.0,20.0,61.0,20.0,1.0,0.005,0,0,1.0
sep_k20_d50,sep,3,800,50,20,CDK / Gaussian null,15,10.23688268661499,0.6313200812047307,0.8502992262852334,0.8604275219730767,3.0,20.0,61.0,20.0,0.9180327868852459,0.005,5,-5,0.0
sep_k20_d50,sep,3,800,50,20,CDK / AD statistic,20,16.750553846359253,0.8918924659393194,0.917811256821916,0.924963660280205,20.0,20.0,61.0,20.0,1.0,0.005,0,0,1.0
sep_k20_d50,sep,3,800,50,20,CDK / no multiplicity corr.,20,14.876166582107544,0.8918924659393194,0.917811256821916,0.924963660280205,20.0,20.0,61.0,20.0,1.0,0.005,0,0,1.0
sep_k20_d50,sep,3,800,50,20,CDK / n_min=15,21,14.48503041267395,0.8828931535966283,0.9128208631971508,0.9207792866828399,20.0,21.0,93.0,31.0,0.8924731182795699,0.005,1,1,0.0
sep_k20_d50,sep,3,800,50,20,CDK / n_min=40,12,15.633676767349243,0.5040289476878526,0.7885689699632786,0.8001426287829524,12.0,13.0,40.0,13.0,0.975,0.005,8,-8,0.0
sep_k20_d50,sep,3,800,50,20,Silhouette,20,0.36359405517578125,1.0,1.0,1.0,,,,,,,0,0,1.0
sep_k20_d50,sep,3,800,50,20,Calinski-Har.,20,0.31603097915649414,1.0,1.0,1.0,,,,,,,0,0,1.0
sep_k20_d50,sep,3,800,50,20,Davies-Bouldin,20,0.31939053535461426,1.0,1.0,1.0,,,,,,,0,0,1.0
sep_k20_d50,sep,3,800,50,20,Elbow (Kneedle),20,0.31028032302856445,1.0,1.0,1.0,,,,,,,0,0,1.0
sep_k20_d50,sep,3,800,50,20,Jump statistic,20,0.2863006591796875,1.0,1.0,1.0,,,,,,,0,0,1.0
sep_k20_d50,sep,3,800,50,20,Gap statistic,20,1.3446376323699951,1.0,1.0,1.0,,,,,,,0,0,1.0
sep_k20_d50,sep,3,800,50,20,X-means,20,0.12651658058166504,1.0,1.0,1.0,,,,,,,0,0,1.0
sep_k20_d50,sep,3,800,50,20,G-means,21,0.0944826602935791,0.8790850805617207,0.960402890180682,0.9639151841544098,,,,,,,1,1,0.0
sep_k20_d50,sep,3,800,50,20,dip-means,1,0.02115345001220703,0.0,0.0,0.0,,,,,,,19,-19,0.0
sep_k20_d50,sep,3,800,50,20,ISODATA,23,0.050484418869018555,0.9025109509292829,0.9646833663559159,0.968187691627513,,,,,,,3,3,0.0
sep_k20_d50,sep,3,800,50,20,MDL split/merge,30,0.7829368114471436,0.8717625066291673,0.9436696153730307,0.9507260425286301,,,,,,,10,10,0.0
sep_k20_d50,sep,3,800,50,20,GMM+BIC,15,0.8367044925689697,0.7467488430171958,0.9265632217364994,0.9314823327257614,,,,,,,5,-5,0.0
sep_k20_d50,sep,3,800,50,20,GMM+ICL,15,0.9499735832214355,0.7467488430171958,0.9265632217364994,0.9314823327257614,,,,,,,5,-5,0.0
sep_k20_d50,sep,3,800,50,20,HDBSCAN,18,0.03648805618286133,0.8585918467363782,0.9673512334608566,0.9699503734798418,,,,,,,2,-2,0.0
sep_k20_d50,sep,3,800,50,20,Bisecting+Sil.,20,0.26862621307373047,0.8802414783781639,0.914700689041834,0.9221233583703277,,,,,,,0,0,1.0
sep_k20_d50,sep,4,800,50,20,ORACLE k-means(k*),20,0.025252580642700195,1.0,1.0,1.0,,,,,,,0,0,1.0
sep_k20_d50,sep,4,800,50,20,CDK (proposed),19,15.908037900924683,0.8470883898108316,0.9016504391337544,0.9097956709072783,19.0,19.0,60.0,19.0,1.0,0.005,1,-1,0.0
sep_k20_d50,sep,4,800,50,20,CDK / Gaussian null,12,12.298104524612427,0.4401842756640507,0.7704490696134647,0.7833822186462541,4.0,19.0,60.0,19.0,0.8666666666666667,0.005,8,-8,0.0
sep_k20_d50,sep,4,800,50,20,CDK / AD statistic,19,17.94537115097046,0.8470883898108316,0.9016504391337544,0.9097956709072783,19.0,19.0,60.0,19.0,1.0,0.005,1,-1,0.0
sep_k20_d50,sep,4,800,50,20,CDK / no multiplicity corr.,19,13.734053611755371,0.8470883898108316,0.9016504391337544,0.9097956709072783,19.0,19.0,60.0,19.0,1.0,0.005,1,-1,0.0
sep_k20_d50,sep,4,800,50,20,CDK / n_min=15,19,14.579660654067993,0.8170350104360539,0.8970342292590806,0.9056107404940973,18.0,19.0,79.0,26.0,0.9113924050632911,0.005,1,-1,0.0
sep_k20_d50,sep,4,800,50,20,CDK / n_min=40,16,16.0552237033844,0.7023137088901751,0.8567796801472077,0.8669356712983165,16.0,16.0,48.0,16.0,1.0,0.005,4,-4,0.0
sep_k20_d50,sep,4,800,50,20,Silhouette,20,0.3780710697174072,1.0,1.0,1.0,,,,,,,0,0,1.0
sep_k20_d50,sep,4,800,50,20,Calinski-Har.,20,0.2827873229980469,1.0,1.0,1.0,,,,,,,0,0,1.0
sep_k20_d50,sep,4,800,50,20,Davies-Bouldin,20,0.33101391792297363,1.0,1.0,1.0,,,,,,,0,0,1.0
sep_k20_d50,sep,4,800,50,20,Elbow (Kneedle),20,0.30179572105407715,1.0,1.0,1.0,,,,,,,0,0,1.0
sep_k20_d50,sep,4,800,50,20,Jump statistic,20,0.2896616458892822,1.0,1.0,1.0,,,,,,,0,0,1.0
sep_k20_d50,sep,4,800,50,20,Gap statistic,20,1.3639392852783203,1.0,1.0,1.0,,,,,,,0,0,1.0
sep_k20_d50,sep,4,800,50,20,X-means,20,0.11308097839355469,1.0,1.0,1.0,,,,,,,0,0,1.0
sep_k20_d50,sep,4,800,50,20,G-means,18,0.06226348876953125,0.8130957485985427,0.9489923514927826,0.9529855472852903,,,,,,,2,-2,0.0
sep_k20_d50,sep,4,800,50,20,dip-means,1,0.01935410499572754,0.0,0.0,0.0,,,,,,,19,-19,0.0
sep_k20_d50,sep,4,800,50,20,ISODATA,24,0.04526996612548828,0.9534053112090745,0.9774508347213188,0.9797720492019677,,,,,,,4,4,0.0
sep_k20_d50,sep,4,800,50,20,MDL split/merge,30,0.7411317825317383,0.8844660309468109,0.9482616046878607,0.9546147864031225,,,,,,,10,10,0.0
sep_k20_d50,sep,4,800,50,20,GMM+BIC,15,0.8618803024291992,0.7455193147581107,0.9244366997809756,0.9294975561050365,,,,,,,5,-5,0.0
sep_k20_d50,sep,4,800,50,20,GMM+ICL,15,0.9052224159240723,0.7455193147581107,0.9244366997809756,0.9294975561050365,,,,,,,5,-5,0.0
sep_k20_d50,sep,4,800,50,20,HDBSCAN,13,0.03735208511352539,0.5467635167560534,0.8665758336757629,0.8746170428425802,,,,,,,7,-7,0.0
sep_k20_d50,sep,4,800,50,20,Bisecting+Sil.,20,0.27715110778808594,0.8785053626785019,0.9147954838779637,0.9222138057864823,,,,,,,0,0,1.0
sep_k20_d50,sep,5,800,50,20,ORACLE k-means(k*),20,0.024997234344482422,0.9366644118530039,0.9814445982185024,0.9830619401046177,,,,,,,0,0,1.0
sep_k20_d50,sep,5,800,50,20,CDK (proposed),20,14.422399044036865,0.8667735111107172,0.9119671428082053,0.9196340244495836,20.0,20.0,59.0,20.0,1.0,0.005,0,0,1.0
sep_k20_d50,sep,5,800,50,20,CDK / Gaussian null,14,12.312969207763672,0.5660176804744482,0.817871333468771,0.8294651256219697,5.0,20.0,59.0,20.0,0.8983050847457628,0.005,6,-6,0.0
sep_k20_d50,sep,5,800,50,20,CDK / AD statistic,20,17.917457818984985,0.8667735111107172,0.9119671428082053,0.9196340244495836,20.0,20.0,59.0,20.0,1.0,0.005,0,0,1.0
sep_k20_d50,sep,5,800,50,20,CDK / no multiplicity corr.,20,14.071089744567871,0.8667735111107172,0.9119671428082053,0.9196340244495836,20.0,20.0,59.0,20.0,1.0,0.005,0,0,1.0
sep_k20_d50,sep,5,800,50,20,CDK / n_min=15,22,13.04532790184021,0.8499008513673091,0.9027221479316148,0.9119994431719375,22.0,22.0,75.0,25.0,0.96,0.005,2,2,0.0
sep_k20_d50,sep,5,800,50,20,CDK / n_min=40,10,14.442229509353638,0.3856714764981044,0.7172267385982244,0.730449213879705,9.0,10.0,30.0,10.0,1.0,0.005,10,-10,0.0
sep_k20_d50,sep,5,800,50,20,Silhouette,21,0.28968334197998047,0.9872182495880725,0.9939590598094321,0.9945094319178123,,,,,,,1,1,0.0
sep_k20_d50,sep,5,800,50,20,Calinski-Har.,19,0.22641634941101074,0.9485876069750981,0.9872353354969795,0.9882956831460153,,,,,,,1,-1,0.0
sep_k20_d50,sep,5,800,50,20,Davies-Bouldin,19,0.2566525936126709,0.9485876069750981,0.9872353354969795,0.9882956831460153,,,,,,,1,-1,0.0
sep_k20_d50,sep,5,800,50,20,Elbow (Kneedle),21,0.24122929573059082,0.9872182495880725,0.9939590598094321,0.9945094319178123,,,,,,,1,1,0.0
sep_k20_d50,sep,5,800,50,20,Jump statistic,21,0.2433948516845703,0.9872182495880725,0.9939590598094321,0.9945094319178123,,,,,,,1,1,0.0
sep_k20_d50,sep,5,800,50,20,Gap statistic,19,1.0168449878692627,0.9485876069750981,0.9872353354969795,0.9882956831460153,,,,,,,1,-1,0.0
sep_k20_d50,sep,5,800,50,20,X-means,20,0.07423996925354004,0.9366644118530039,0.9814445982185024,0.9830619401046177,,,,,,,0,0,1.0
sep_k20_d50,sep,5,800,50,20,G-means,19,0.06167411804199219,0.840185943525565,0.9513303346127778,0.9553460583413969,,,,,,,1,-1,0.0
sep_k20_d50,sep,5,800,50,20,dip-means,1,0.01698756217956543,0.0,0.0,0.0,,,,,,,19,-19,0.0
sep_k20_d50,sep,5,800,50,20,ISODATA,23,0.03847098350524902,0.9728310822584629,0.9855930579366545,0.9870062424186893,,,,,,,3,3,0.0
sep_k20_d50,sep,5,800,50,20,MDL split/merge,30,0.6455268859863281,0.8764010181552265,0.9457904385516236,0.9525084023407605,,,,,,,10,10,0.0
sep_k20_d50,sep,5,800,50,20,GMM+BIC,15,0.6337580680847168,0.7471095773402558,0.9247149759618166,0.9297551872514221,,,,,,,5,-5,0.0
sep_k20_d50,sep,5,800,50,20,GMM+ICL,15,0.6688997745513916,0.7471095773402558,0.9247149759618166,0.9297551872514221,,,,,,,5,-5,0.0
sep_k20_d50,sep,5,800,50,20,HDBSCAN,20,0.028795480728149414,0.9946763527622856,0.9957142707084975,0.9960870800889838,,,,,,,0,0,1.0
sep_k20_d50,sep,5,800,50,20,Bisecting+Sil.,21,0.20468354225158691,0.9028837024283171,0.940756730744049,0.9461604529482223,,,,,,,1,1,0.0
sep_k20_d50,sep,6,800,50,20,ORACLE k-means(k*),20,0.02653193473815918,1.0,1.0,1.0,,,,,,,0,0,1.0
sep_k20_d50,sep,6,800,50,20,CDK (proposed),20,14.291239976882935,0.853019391147012,0.9079929486252759,0.9160109297619665,20.0,20.0,58.0,20.0,1.0,0.005,0,0,1.0
sep_k20_d50,sep,6,800,50,20,CDK / Gaussian null,14,10.61169981956482,0.5881314179782783,0.8223741736503545,0.8336027379298515,2.0,20.0,58.0,20.0,0.896551724137931,0.0075,6,-6,0.0
sep_k20_d50,sep,6,800,50,20,CDK / AD statistic,20,14.503676176071167,0.853019391147012,0.9079929486252759,0.9160109297619665,20.0,20.0,58.0,20.0,1.0,0.005,0,0,1.0
sep_k20_d50,sep,6,800,50,20,CDK / no multiplicity corr.,20,12.011825323104858,0.853019391147012,0.9079929486252759,0.9160109297619665,20.0,20.0,58.0,20.0,1.0,0.005,0,0,1.0
sep_k20_d50,sep,6,800,50,20,CDK / n_min=15,18,11.500594854354858,0.7022539600183635,0.8659776025945966,0.8766916784207646,17.0,20.0,87.0,29.0,0.8735632183908046,0.005,2,-2,0.0
sep_k20_d50,sep,6,800,50,20,CDK / n_min=40,13,15.635067701339722,0.5856023891153459,0.8080169240015157,0.8191512966374667,13.0,13.0,39.0,13.0,1.0,0.005,7,-7,0.0
sep_k20_d50,sep,6,800,50,20,Silhouette,20,0.37720394134521484,1.0,1.0,1.0,,,,,,,0,0,1.0
sep_k20_d50,sep,6,800,50,20,Calinski-Har.,20,0.3009982109069824,1.0,1.0,1.0,,,,,,,0,0,1.0
sep_k20_d50,sep,6,800,50,20,Davies-Bouldin,20,0.325575590133667,1.0,1.0,1.0,,,,,,,0,0,1.0
sep_k20_d50,sep,6,800,50,20,Elbow (Kneedle),20,0.30379724502563477,1.0,1.0,1.0,,,,,,,0,0,1.0
sep_k20_d50,sep,6,800,50,20,Jump statistic,20,0.2844080924987793,1.0,1.0,1.0,,,,,,,0,0,1.0
sep_k20_d50,sep,6,800,50,20,Gap statistic,19,1.2935614585876465,0.9485876069750981,0.9872353354969795,0.9882956831460153,,,,,,,1,-1,0.0
sep_k20_d50,sep,6,800,50,20,X-means,20,0.12250709533691406,1.0,1.0,1.0,,,,,,,0,0,1.0
sep_k20_d50,sep,6,800,50,20,G-means,17,0.07062983512878418,0.7649737522097768,0.9279792087839454,0.9334297875814473,,,,,,,3,-3,0.0
sep_k20_d50,sep,6,800,50,20,dip-means,1,0.021378040313720703,0.0,0.0,0.0,,,,,,,19,-19,0.0
sep_k20_d50,sep,6,800,50,20,ISODATA,24,0.048444271087646484,0.8969433351418252,0.9595966087204821,0.9637423195457476,,,,,,,4,4,0.0
sep_k20_d50,sep,6,800,50,20,MDL split/merge,30,0.8041648864746094,0.8766091410860503,0.9456993451277723,0.952439569136628,,,,,,,10,10,0.0
sep_k20_d50,sep,6,800,50,20,GMM+BIC,15,0.7842862606048584,0.7387600425166888,0.9184076530959845,0.9238725283607757,,,,,,,5,-5,0.0
sep_k20_d50,sep,6,800,50,20,GMM+ICL,15,0.8548586368560791,0.7387600425166888,0.9184076530959845,0.9238725283607757,,,,,,,5,-5,0.0
sep_k20_d50,sep,6,800,50,20,HDBSCAN,20,0.029320478439331055,0.9893533529407101,0.9914284440968695,0.9921740785324612,,,,,,,0,0,1.0
sep_k20_d50,sep,6,800,50,20,Bisecting+Sil.,20,0.20831727981567383,0.8819888169383838,0.9209938249003955,0.9278735291113007,,,,,,,0,0,1.0
sep_k20_d50,sep,7,800,50,20,ORACLE k-means(k*),20,0.01891493797302246,1.0,1.0,1.0,,,,,,,0,0,1.0
sep_k20_d50,sep,7,800,50,20,CDK (proposed),18,12.25704836845398,0.8158315913782702,0.8861561156982316,0.8951038152285153,18.0,18.0,53.0,18.0,1.0,0.005,2,-2,0.0
sep_k20_d50,sep,7,800,50,20,CDK / Gaussian null,15,11.110895156860352,0.5487142183775003,0.8317887448014207,0.8433517119721852,5.0,18.0,53.0,18.0,0.9433962264150944,0.005,5,-5,0.0
sep_k20_d50,sep,7,800,50,20,CDK / AD statistic,18,14.809353351593018,0.8158315913782702,0.8861561156982316,0.8951038152285153,18.0,18.0,53.0,18.0,1.0,0.005,2,-2,0.0
sep_k20_d50,sep,7,800,50,20,CDK / no multiplicity corr.,18,12.810799837112427,0.8158315913782702,0.8861561156982316,0.8951038152285153,18.0,18.0,53.0,18.0,1.0,0.005,2,-2,0.0
sep_k20_d50,sep,7,800,50,20,CDK / n_min=15,19,13.576544284820557,0.7582826814138345,0.8852630949884784,0.8948980013700969,17.0,20.0,96.0,31.0,0.875,0.005,1,-1,0.0
sep_k20_d50,sep,7,800,50,20,CDK / n_min=40,11,15.056356191635132,0.4880652553625422,0.761166984129588,0.773076569806475,11.0,11.0,32.0,11.0,1.0,0.005,9,-9,0.0
sep_k20_d50,sep,7,800,50,20,Silhouette,20,0.34962034225463867,1.0,1.0,1.0,,,,,,,0,0,1.0
sep_k20_d50,sep,7,800,50,20,Calinski-Har.,20,0.268998384475708,1.0,1.0,1.0,,,,,,,0,0,1.0
sep_k20_d50,sep,7,800,50,20,Davies-Bouldin,20,0.3169441223144531,1.0,1.0,1.0,,,,,,,0,0,1.0
sep_k20_d50,sep,7,800,50,20,Elbow (Kneedle),20,0.27816128730773926,1.0,1.0,1.0,,,,,,,0,0,1.0
sep_k20_d50,sep,7,800,50,20,Jump statistic,20,0.2769639492034912,1.0,1.0,1.0,,,,,,,0,0,1.0
sep_k20_d50,sep,7,800,50,20,Gap statistic,20,1.0412085056304932,1.0,1.0,1.0,,,,,,,0,0,1.0
sep_k20_d50,sep,7,800,50,20,X-means,20,0.09921908378601074,1.0,1.0,1.0,,,,,,,0,0,1.0
sep_k20_d50,sep,7,800,50,20,G-means,20,0.05974698066711426,0.8827865936221277,0.9644179394751546,0.9675006947678282,,,,,,,0,0,1.0
sep_k20_d50,sep,7,800,50,20,dip-means,1,0.017552614212036133,0.0,0.0,0.0,,,,,,,19,-19,0.0
sep_k20_d50,sep,7,800,50,20,ISODATA,24,0.0392763614654541,0.9544654226339123,0.9779089861740614,0.9801775237615306,,,,,,,4,4,0.0
sep_k20_d50,sep,7,800,50,20,MDL split/merge,30,0.7731649875640869,0.8811288068948648,0.9474206562275103,0.9538866461463209,,,,,,,10,10,0.0
sep_k20_d50,sep,7,800,50,20,GMM+BIC,15,0.7291736602783203,0.7184778778879549,0.9235085361866471,0.9286734578553296,,,,,,,5,-5,0.0
sep_k20_d50,sep,7,800,50,20,GMM+ICL,15,0.878014326095581,0.7184778778879549,0.9235085361866471,0.9286734578553296,,,,,,,5,-5,0.0
sep_k20_d50,sep,7,800,50,20,HDBSCAN,18,0.03215622901916504,0.8968879399670462,0.9699340715696244,0.9723110288345688,,,,,,,2,-2,0.0
sep_k20_d50,sep,7,800,50,20,Bisecting+Sil.,20,0.2544114589691162,0.9276642372205525,0.9430818154919841,0.9480338270797992,,,,,,,0,0,1.0
sep_k20_d50,sep,8,800,50,20,ORACLE k-means(k*),20,0.019485950469970703,1.0,1.0,1.0,,,,,,,0,0,1.0
sep_k20_d50,sep,8,800,50,20,CDK (proposed),20,14.959272861480713,0.8160344905638403,0.884018226760977,0.8941337882501735,20.0,20.0,65.0,20.0,1.0,0.005,0,0,1.0
sep_k20_d50,sep,8,800,50,20,CDK / Gaussian null,4,11.521336317062378,0.03694476055761201,0.3006159946616028,0.316375599449188,3.0,20.0,65.0,20.0,0.6615384615384615,0.01,16,-16,0.0
sep_k20_d50,sep,8,800,50,20,CDK / AD statistic,20,16.343430042266846,0.8160344905638403,0.884018226760977,0.8941337882501735,19.0,20.0,65.0,20.0,1.0,0.005,0,0,1.0
sep_k20_d50,sep,8,800,50,20,CDK / no multiplicity corr.,20,13.294327735900879,0.8160344905638403,0.884018226760977,0.8941337882501735,20.0,20.0,65.0,20.0,1.0,0.005,0,0,1.0
sep_k20_d50,sep,8,800,50,20,CDK / n_min=15,21,13.178894758224487,0.824450417089124,0.8810525539321029,0.8919183400426413,21.0,21.0,75.0,24.0,0.96,0.005,1,1,0.0
sep_k20_d50,sep,8,800,50,20,CDK / n_min=40,12,15.757497072219849,0.39815441975674626,0.7406640173489838,0.7551901918736333,12.0,12.0,41.0,13.0,0.975609756097561,0.005,8,-8,0.0
sep_k20_d50,sep,8,800,50,20,Silhouette,20,0.28694629669189453,1.0,1.0,1.0,,,,,,,0,0,1.0
sep_k20_d50,sep,8,800,50,20,Calinski-Har.,20,0.22630810737609863,1.0,1.0,1.0,,,,,,,0,0,1.0
sep_k20_d50,sep,8,800,50,20,Davies-Bouldin,20,0.253572940826416,1.0,1.0,1.0,,,,,,,0,0,1.0
sep_k20_d50,sep,8,800,50,20,Elbow (Kneedle),20,0.2423849105834961,1.0,1.0,1.0,,,,,,,0,0,1.0
sep_k20_d50,sep,8,800,50,20,Jump statistic,20,0.24131035804748535,1.0,1.0,1.0,,,,,,,0,0,1.0
sep_k20_d50,sep,8,800,50,20,Gap statistic,19,1.0128307342529297,0.9472748061689509,0.9852400968926113,0.9864659114554939,,,,,,,1,-1,0.0
sep_k20_d50,sep,8,800,50,20,X-means,20,0.09497427940368652,1.0,1.0,1.0,,,,,,,0,0,1.0
sep_k20_d50,sep,8,800,50,20,G-means,19,0.07232379913330078,0.7243623213132792,0.9184554017537815,0.9251451953902956,,,,,,,1,-1,0.0
sep_k20_d50,sep,8,800,50,20,dip-means,1,0.0169527530670166,0.0,0.0,0.0,,,,,,,19,-19,0.0
sep_k20_d50,sep,8,800,50,20,ISODATA,24,0.03878283500671387,0.8891332378241666,0.9588891329100871,0.9631263824042581,,,,,,,4,4,0.0
sep_k20_d50,sep,8,800,50,20,MDL split/merge,30,0.6442527770996094,0.8654384618538733,0.9418301678020812,0.9491555407305198,,,,,,,10,10,0.0
sep_k20_d50,sep,8,800,50,20,GMM+BIC,16,0.6580467224121094,0.743157824301237,0.9293314956137785,0.9344077829769848,,,,,,,4,-4,0.0
sep_k20_d50,sep,8,800,50,20,GMM+ICL,16,0.6699342727661133,0.743157824301237,0.9293314956137785,0.9344077829769848,,,,,,,4,-4,0.0
sep_k20_d50,sep,8,800,50,20,HDBSCAN,2,0.02887558937072754,0.010730499380932727,0.11675849670367545,0.12429546695776315,,,,,,,18,-18,0.0
sep_k20_d50,sep,8,800,50,20,Bisecting+Sil.,20,0.23899531364440918,0.8596038942016765,0.9008329366115767,0.9094670005123667,,,,,,,0,0,1.0
overlap_s6.0,overlap,0,800,2,5,ORACLE k-means(k*),5,0.004337310791015625,1.0,1.0,1.0,,,,,,,0,0,1.0
overlap_s6.0,overlap,0,800,2,5,CDK (proposed),5,2.876904010772705,0.984444616051696,0.9784405911667833,0.9785755786589211,5.0,5.0,42.0,18.0,0.5,0.0125,0,0,1.0
overlap_s6.0,overlap,0,800,2,5,CDK / Gaussian null,5,4.795126914978027,0.984444616051696,0.9784405911667833,0.9785755786589211,5.0,6.0,42.0,18.0,0.5476190476190477,0.005,0,0,1.0
overlap_s6.0,overlap,0,800,2,5,CDK / AD statistic,5,4.478970527648926,0.984444616051696,0.9784405911667833,0.9785755786589211,5.0,5.0,42.0,18.0,0.4523809523809524,0.24634615384615385,0,0,1.0
overlap_s6.0,overlap,0,800,2,5,CDK / no multiplicity corr.,5,3.432549476623535,0.984444616051696,0.9784405911667833,0.9785755786589211,5.0,5.0,42.0,18.0,0.5476190476190477,0.0125,0,0,1.0
overlap_s6.0,overlap,0,800,2,5,CDK / n_min=15,5,4.114596128463745,0.984444616051696,0.9784405911667833,0.9785755786589211,5.0,5.0,71.0,31.0,0.2676056338028169,0.2692307692307692,0,0,1.0
overlap_s6.0,overlap,0,800,2,5,CDK / n_min=40,5,2.946272611618042,0.984444616051696,0.9784405911667833,0.9785755786589211,5.0,5.0,30.0,12.0,0.7333333333333333,0.005,0,0,1.0
overlap_s6.0,overlap,0,800,2,5,Silhouette,5,0.13559198379516602,1.0,1.0,1.0,,,,,,,0,0,1.0
overlap_s6.0,overlap,0,800,2,5,Calinski-Har.,5,0.07921600341796875,1.0,1.0,1.0,,,,,,,0,0,1.0
overlap_s6.0,overlap,0,800,2,5,Davies-Bouldin,5,0.0914144515991211,1.0,1.0,1.0,,,,,,,0,0,1.0
overlap_s6.0,overlap,0,800,2,5,Elbow (Kneedle),5,0.07798886299133301,1.0,1.0,1.0,,,,,,,0,0,1.0
overlap_s6.0,overlap,0,800,2,5,Jump statistic,5,0.0777735710144043,1.0,1.0,1.0,,,,,,,0,0,1.0
overlap_s6.0,overlap,0,800,2,5,Gap statistic,5,0.3258490562438965,1.0,1.0,1.0,,,,,,,0,0,1.0
overlap_s6.0,overlap,0,800,2,5,X-means,7,0.035492897033691406,0.8661691832785999,0.9207541161611368,0.9214427660226906,,,,,,,2,2,0.0
overlap_s6.0,overlap,0,800,2,5,G-means,6,0.023988008499145508,0.9359987021449931,0.9589434455831003,0.9592524566741233,,,,,,,1,1,0.0
overlap_s6.0,overlap,0,800,2,5,dip-means,5,0.08330035209655762,1.0,1.0,1.0,,,,,,,0,0,1.0
overlap_s6.0,overlap,0,800,2,5,ISODATA,5,0.015445709228515625,1.0,1.0,1.0,,,,,,,0,0,1.0
overlap_s6.0,overlap,0,800,2,5,MDL split/merge,5,0.025217533111572266,1.0,1.0,1.0,,,,,,,0,0,1.0
overlap_s6.0,overlap,0,800,2,5,GMM+BIC,5,0.11881661415100098,1.0,1.0,1.0,,,,,,,0,0,1.0
overlap_s6.0,overlap,0,800,2,5,GMM+ICL,5,0.12144279479980469,1.0,1.0,1.0,,,,,,,0,0,1.0
overlap_s6.0,overlap,0,800,2,5,HDBSCAN,5,0.00435328483581543,0.9968691099886755,0.9952518682725184,0.9952815964482751,,,,,,,0,0,1.0
overlap_s6.0,overlap,0,800,2,5,Bisecting+Sil.,6,0.10319161415100098,0.9302455413396464,0.942314356167938,0.9427508120673032,,,,,,,1,1,0.0
sep_k20_d50,sep,9,800,50,20,ORACLE k-means(k*),20,0.021900177001953125,1.0,1.0,1.0,,,,,,,0,0,1.0
sep_k20_d50,sep,9,800,50,20,CDK (proposed),18,15.233389854431152,0.7958407496077998,0.9059874038315804,0.9134369417104152,18.0,19.0,61.0,19.0,0.9836065573770492,0.005,2,-2,0.0
sep_k20_d50,sep,9,800,50,20,CDK / Gaussian null,14,12.994365453720093,0.4602106812956681,0.8046454037128326,0.8174811429851302,12.0,18.0,61.0,19.0,0.9180327868852459,0.005,6,-6,0.0
sep_k20_d50,sep,9,800,50,20,CDK / AD statistic,18,18.908499479293823,0.7958407496077998,0.9059874038315804,0.9134369417104152,18.0,18.0,61.0,19.0,0.9836065573770492,0.005,2,-2,0.0
sep_k20_d50,sep,9,800,50,20,CDK / no multiplicity corr.,18,15.085228204727173,0.7958407496077998,0.9059874038315804,0.9134369417104152,18.0,19.0,61.0,19.0,0.9836065573770492,0.005,2,-2,0.0
sep_k20_d50,sep,9,800,50,20,CDK / n_min=15,20,14.46256136894226,0.9171167529799527,0.9452858576224796,0.9500486452769152,20.0,20.0,85.0,28.0,0.9058823529411765,0.005,0,0,1.0
sep_k20_d50,sep,9,800,50,20,CDK / n_min=40,14,15.967039108276367,0.60683754070927,0.8376451543332706,0.8478733022738579,14.0,14.0,45.0,14.0,1.0,0.005,6,-6,0.0
sep_k20_d50,sep,9,800,50,20,Silhouette,20,0.28768038749694824,1.0,1.0,1.0,,,,,,,0,0,1.0
sep_k20_d50,sep,9,800,50,20,Calinski-Har.,20,0.22522425651550293,1.0,1.0,1.0,,,,,,,0,0,1.0
sep_k20_d50,sep,9,800,50,20,Davies-Bouldin,20,0.26497840881347656,1.0,1.0,1.0,,,,,,,0,0,1.0
sep_k20_d50,sep,9,800,50,20,Elbow (Kneedle),20,0.25082850456237793,1.0,1.0,1.0,,,,,,,0,0,1.0
sep_k20_d50,sep,9,800,50,20,Jump statistic,20,0.23865747451782227,1.0,1.0,1.0,,,,,,,0,0,1.0
sep_k20_d50,sep,9,800,50,20,Gap statistic,19,1.019000768661499,0.9472748061689509,0.9852400968926115,0.9864659114554941,,,,,,,1,-1,0.0
sep_k20_d50,sep,9,800,50,20,X-means,20,0.09643936157226562,1.0,1.0,1.0,,,,,,,0,0,1.0
sep_k20_d50,sep,9,800,50,20,G-means,19,0.07730984687805176,0.8283013011801931,0.941223790756755,0.9461181828965781,,,,,,,1,-1,0.0
sep_k20_d50,sep,9,800,50,20,dip-means,1,0.01725602149963379,0.0,0.0,0.0,,,,,,,19,-19,0.0
sep_k20_d50,sep,9,800,50,20,ISODATA,24,0.04006528854370117,0.8987553782740942,0.9600539484585908,0.9641350341155912,,,,,,,4,4,0.0
sep_k20_d50,sep,9,800,50,20,MDL split/merge,30,0.6485013961791992,0.8736471883589629,0.9449597910952653,0.9517995765322547,,,,,,,10,10,0.0
sep_k20_d50,sep,9,800,50,20,GMM+BIC,15,0.643444299697876,0.6747143401925677,0.8957337786261494,0.9027362117014591,,,,,,,5,-5,0.0
sep_k20_d50,sep,9,800,50,20,GMM+ICL,15,0.6803171634674072,0.6747143401925677,0.8957337786261494,0.9027362117014591,,,,,,,5,-5,0.0
sep_k20_d50,sep,9,800,50,20,HDBSCAN,2,0.029015779495239258,0.010730499380932727,0.11675849670367545,0.12429546695776315,,,,,,,18,-18,0.0
sep_k20_d50,sep,9,800,50,20,Bisecting+Sil.,21,0.2175283432006836,0.8982783543564172,0.929311788370873,0.9357545553131801,,,,,,,1,1,0.0
overlap_s6.0,overlap,1,800,2,5,ORACLE k-means(k*),5,0.004378557205200195,1.0,1.0,1.0,,,,,,,0,0,1.0
overlap_s6.0,overlap,1,800,2,5,CDK (proposed),5,3.100771188735962,0.9404896074356037,0.9432421195646719,0.9435977824489933,5.0,5.0,37.0,15.0,0.5675675675675675,0.005,0,0,1.0
overlap_s6.0,overlap,1,800,2,5,CDK / Gaussian null,5,4.1746180057525635,0.9404896074356037,0.9432421195646719,0.9435977824489933,5.0,5.0,37.0,15.0,0.5675675675675675,0.005,0,0,1.0
overlap_s6.0,overlap,1,800,2,5,CDK / AD statistic,5,4.520129442214966,0.9404896074356037,0.9432421195646719,0.9435977824489933,5.0,5.0,37.0,15.0,0.4864864864864865,0.025,0,0,1.0
overlap_s6.0,overlap,1,800,2,5,CDK / no multiplicity corr.,5,2.83443284034729,0.9404896074356037,0.9432421195646719,0.9435977824489933,5.0,5.0,37.0,15.0,0.5945945945945946,0.005,0,0,1.0
overlap_s6.0,overlap,1,800,2,5,CDK / n_min=15,5,3.4011282920837402,0.9845440356963782,0.9825483218796528,0.9826575939983835,5.0,5.0,73.0,31.0,0.3013698630136986,0.3076923076923077,0,0,1.0
overlap_s6.0,overlap,1,800,2,5,CDK / n_min=40,5,2.8536434173583984,0.9404896074356037,0.9432421195646719,0.9435977824489933,5.0,5.0,22.0,9.0,0.8181818181818182,0.005,0,0,1.0
overlap_s6.0,overlap,1,800,2,5,Silhouette,5,0.1425793170928955,1.0,1.0,1.0,,,,,,,0,0,1.0
overlap_s6.0,overlap,1,800,2,5,Calinski-Har.,5,0.07990550994873047,1.0,1.0,1.0,,,,,,,0,0,1.0
overlap_s6.0,overlap,1,800,2,5,Davies-Bouldin,5,0.09210491180419922,1.0,1.0,1.0,,,,,,,0,0,1.0
overlap_s6.0,overlap,1,800,2,5,Elbow (Kneedle),5,0.08269596099853516,1.0,1.0,1.0,,,,,,,0,0,1.0
overlap_s6.0,overlap,1,800,2,5,Jump statistic,5,0.08014559745788574,1.0,1.0,1.0,,,,,,,0,0,1.0
overlap_s6.0,overlap,1,800,2,5,Gap statistic,5,0.3780333995819092,1.0,1.0,1.0,,,,,,,0,0,1.0
overlap_s6.0,overlap,1,800,2,5,X-means,4,0.022076845169067383,0.7461288470846679,0.8391411023414435,0.8399621991845719,,,,,,,1,-1,0.0
overlap_s6.0,overlap,1,800,2,5,G-means,6,0.02989029884338379,0.9347274899409335,0.9584021701717691,0.9587150443484853,,,,,,,1,1,0.0
overlap_s6.0,overlap,1,800,2,5,dip-means,5,0.08537149429321289,1.0,1.0,1.0,,,,,,,0,0,1.0
overlap_s6.0,overlap,1,800,2,5,ISODATA,5,0.016423940658569336,1.0,1.0,1.0,,,,,,,0,0,1.0
overlap_s6.0,overlap,1,800,2,5,MDL split/merge,5,0.027994632720947266,1.0,1.0,1.0,,,,,,,0,0,1.0
overlap_s6.0,overlap,1,800,2,5,GMM+BIC,5,0.13152122497558594,1.0,1.0,1.0,,,,,,,0,0,1.0
overlap_s6.0,overlap,1,800,2,5,GMM+ICL,5,0.13051390647888184,1.0,1.0,1.0,,,,,,,0,0,1.0
overlap_s6.0,overlap,1,800,2,5,HDBSCAN,5,0.0048444271087646484,1.0,1.0,1.0,,,,,,,0,0,1.0
overlap_s6.0,overlap,1,800,2,5,Bisecting+Sil.,5,0.1141815185546875,0.9432798763319323,0.9451080922611602,0.945452031751827,,,,,,,0,0,1.0
overlap_s6.0,overlap,3,800,2,5,ORACLE k-means(k*),5,0.004564046859741211,0.9937578125,0.9905086445410444,0.9905680700114551,,,,,,,0,0,1.0
overlap_s6.0,overlap,3,800,2,5,CDK (proposed),5,2.7264039516448975,0.9722165478813642,0.9642301525517978,0.9644541153451637,5.0,5.0,41.0,17.0,0.5365853658536586,0.005,0,0,1.0
overlap_s6.0,overlap,3,800,2,5,CDK / Gaussian null,5,4.032347202301025,0.9722165478813642,0.9642301525517978,0.9644541153451637,5.0,6.0,41.0,17.0,0.5609756097560976,0.005,0,0,1.0
overlap_s6.0,overlap,3,800,2,5,CDK / AD statistic,5,4.681066989898682,0.9722165478813642,0.9642301525517978,0.9644541153451637,5.0,5.0,41.0,17.0,0.4878048780487805,0.02,0,0,1.0
overlap_s6.0,overlap,3,800,2,5,CDK / no multiplicity corr.,5,3.2194457054138184,0.9722165478813642,0.9642301525517978,0.9644541153451637,5.0,5.0,41.0,17.0,0.5365853658536586,0.005,0,0,1.0
overlap_s6.0,overlap,3,800,2,5,CDK / n_min=15,5,4.008952856063843,0.9722165478813642,0.9642301525517978,0.9644541153451637,5.0,5.0,74.0,32.0,0.21621621621621623,0.2692307692307692,0,0,1.0
overlap_s6.0,overlap,3,800,2,5,CDK / n_min=40,5,2.606750249862671,0.9722165478813642,0.9642301525517978,0.9644541153451637,5.0,5.0,33.0,14.0,0.6060606060606061,0.005,0,0,1.0
overlap_s6.0,overlap,3,800,2,5,Silhouette,5,0.14519238471984863,0.9937578125,0.9905086445410444,0.9905680700114551,,,,,,,0,0,1.0
overlap_s6.0,overlap,3,800,2,5,Calinski-Har.,5,0.08215117454528809,0.9937578125,0.9905086445410444,0.9905680700114551,,,,,,,0,0,1.0
overlap_s6.0,overlap,3,800,2,5,Davies-Bouldin,5,0.09314298629760742,0.9937578125,0.9905086445410444,0.9905680700114551,,,,,,,0,0,1.0
overlap_s6.0,overlap,3,800,2,5,Elbow (Kneedle),5,0.0837562084197998,0.9937578125,0.9905086445410444,0.9905680700114551,,,,,,,0,0,1.0
overlap_s6.0,overlap,3,800,2,5,Jump statistic,5,0.0812070369720459,0.9937578125,0.9905086445410444,0.9905680700114551,,,,,,,0,0,1.0
overlap_s6.0,overlap,3,800,2,5,Gap statistic,5,0.342639684677124,0.9937578125,0.9905086445410444,0.9905680700114551,,,,,,,0,0,1.0
overlap_s6.0,overlap,3,800,2,5,X-means,6,0.034087419509887695,0.9302394648517662,0.9499642622566594,0.950340702376735,,,,,,,1,1,0.0
overlap_s6.0,overlap,3,800,2,5,G-means,6,0.03139042854309082,0.9482465857310062,0.9439836215347214,0.9444119131292995,,,,,,,1,1,0.0
overlap_s6.0,overlap,3,800,2,5,dip-means,5,0.0898888111114502,0.9937578125,0.9905086445410444,0.9905680700114551,,,,,,,0,0,1.0
overlap_s6.0,overlap,3,800,2,5,ISODATA,5,0.02113938331604004,0.9937578125,0.9905086445410444,0.9905680700114551,,,,,,,0,0,1.0
overlap_s6.0,overlap,3,800,2,5,MDL split/merge,5,0.02773427963256836,0.9937578125,0.9905086445410444,0.9905680700114551,,,,,,,0,0,1.0
overlap_s6.0,overlap,3,800,2,5,GMM+BIC,5,0.13218116760253906,0.9906269593704863,0.9857604896240163,0.9858496435673862,,,,,,,0,0,1.0
overlap_s6.0,overlap,3,800,2,5,GMM+ICL,5,0.14257168769836426,0.9906269593704863,0.9857604896240163,0.9858496435673862,,,,,,,0,0,1.0
overlap_s6.0,overlap,3,800,2,5,HDBSCAN,5,0.004481315612792969,0.9937578125,0.9905086445410443,0.9905680700114549,,,,,,,0,0,1.0
overlap_s6.0,overlap,3,800,2,5,Bisecting+Sil.,6,0.13472890853881836,0.9194574062877606,0.9292196337914245,0.9297537310390863,,,,,,,1,1,0.0
overlap_s6.0,overlap,2,800,2,5,ORACLE k-means(k*),5,0.006884574890136719,1.0,1.0,1.0,,,,,,,0,0,1.0
overlap_s6.0,overlap,2,800,2,5,CDK (proposed),5,3.0842156410217285,0.9783828090746228,0.9737009594749086,0.9738656337408038,5.0,5.0,44.0,18.0,0.5681818181818182,0.005,0,0,1.0
overlap_s6.0,overlap,2,800,2,5,CDK / Gaussian null,5,4.362064838409424,0.9783828090746228,0.9737009594749086,0.9738656337408038,5.0,5.0,44.0,18.0,0.5909090909090909,0.005,0,0,1.0
overlap_s6.0,overlap,2,800,2,5,CDK / AD statistic,5,4.990496397018433,0.9783828090746228,0.9737009594749086,0.9738656337408038,5.0,5.0,44.0,18.0,0.4772727272727273,0.12,0,0,1.0
overlap_s6.0,overlap,2,800,2,5,CDK / no multiplicity corr.,5,3.676527500152588,0.9783828090746228,0.9737009594749086,0.9738656337408038,5.0,6.0,44.0,18.0,0.5909090909090909,0.005,0,0,1.0
overlap_s6.0,overlap,2,800,2,5,CDK / n_min=15,5,4.213052749633789,0.9783828090746228,0.9737009594749088,0.9738656337408039,5.0,6.0,62.0,27.0,0.41935483870967744,0.035,0,0,1.0
overlap_s6.0,overlap,2,800,2,5,CDK / n_min=40,5,3.40179443359375,0.9783828090746228,0.9737009594749086,0.9738656337408038,5.0,5.0,31.0,12.0,0.7096774193548387,0.005,0,0,1.0
overlap_s6.0,overlap,2,800,2,5,Silhouette,5,0.14224481582641602,1.0,1.0,1.0,,,,,,,0,0,1.0
overlap_s6.0,overlap,2,800,2,5,Calinski-Har.,5,0.0802161693572998,1.0,1.0,1.0,,,,,,,0,0,1.0
overlap_s6.0,overlap,2,800,2,5,Davies-Bouldin,5,0.09356379508972168,1.0,1.0,1.0,,,,,,,0,0,1.0
overlap_s6.0,overlap,2,800,2,5,Elbow (Kneedle),5,0.07895207405090332,1.0,1.0,1.0,,,,,,,0,0,1.0
overlap_s6.0,overlap,2,800,2,5,Jump statistic,5,0.08007335662841797,1.0,1.0,1.0,,,,,,,0,0,1.0
overlap_s6.0,overlap,2,800,2,5,Gap statistic,5,0.360882043838501,1.0,1.0,1.0,,,,,,,0,0,1.0
overlap_s6.0,overlap,2,800,2,5,X-means,6,0.024765491485595703,0.9353951098555107,0.9586858381693764,0.9589966883245079,,,,,,,1,1,0.0
overlap_s6.0,overlap,2,800,2,5,G-means,6,0.025742292404174805,0.9349818822369335,0.9585101042076759,0.95882220839065,,,,,,,1,1,0.0
overlap_s6.0,overlap,2,800,2,5,dip-means,5,0.08699631690979004,1.0,1.0,1.0,,,,,,,0,0,1.0
overlap_s6.0,overlap,2,800,2,5,ISODATA,5,0.015766620635986328,1.0,1.0,1.0,,,,,,,0,0,1.0
overlap_s6.0,overlap,2,800,2,5,MDL split/merge,5,0.027031898498535156,1.0,1.0,1.0,,,,,,,0,0,1.0
overlap_s6.0,overlap,2,800,2,5,GMM+BIC,5,0.12830114364624023,1.0,1.0,1.0,,,,,,,0,0,1.0
overlap_s6.0,overlap,2,800,2,5,GMM+ICL,5,0.15347933769226074,1.0,1.0,1.0,,,,,,,0,0,1.0
overlap_s6.0,overlap,2,800,2,5,HDBSCAN,5,0.0050318241119384766,0.9968691099886755,0.9952518682725183,0.995281596448275,,,,,,,0,0,1.0
overlap_s6.0,overlap,2,800,2,5,Bisecting+Sil.,5,0.14204883575439453,0.8662210283267857,0.8981417825422737,0.8987832757345745,,,,,,,0,0,1.0
overlap_s6.0,overlap,4,800,2,5,ORACLE k-means(k*),5,0.0043985843658447266,0.9874961432378907,0.9810123115052803,0.9811311942189699,,,,,,,0,0,1.0
overlap_s6.0,overlap,4,800,2,5,CDK (proposed),5,2.735119104385376,0.9813429124706873,0.9726214138421163,0.9727928345196065,5.0,5.0,44.0,19.0,0.5,0.0275,0,0,1.0
overlap_s6.0,overlap,4,800,2,5,CDK / Gaussian null,5,3.540571928024292,0.9813429124706873,0.9726214138421163,0.9727928345196065,5.0,5.0,44.0,19.0,0.5227272727272727,0.01,0,0,1.0
overlap_s6.0,overlap,4,800,2,5,CDK / AD statistic,5,4.346360921859741,0.9813429124706873,0.9726214138421163,0.9727928345196065,5.0,5.0,44.0,19.0,0.38636363636363635,0.5384615384615385,0,0,1.0
overlap_s6.0,overlap,4,800,2,5,CDK / no multiplicity corr.,5,2.8080716133117676,0.9813429124706873,0.9726214138421163,0.9727928345196065,5.0,5.0,44.0,19.0,0.5227272727272727,0.0275,0,0,1.0
overlap_s6.0,overlap,4,800,2,5,CDK / n_min=15,5,3.1236798763275146,0.9813429124706873,0.9726214138421163,0.9727928345196065,5.0,5.0,56.0,25.0,0.35714285714285715,0.23357142857142854,0,0,1.0
overlap_s6.0,overlap,4,800,2,5,CDK / n_min=40,5,2.7939469814300537,0.9054788428749452,0.9142661147859592,0.9148040392234743,5.0,5.0,26.0,11.0,0.6923076923076923,0.005,0,0,1.0
overlap_s6.0,overlap,4,800,2,5,Silhouette,5,0.13991689682006836,0.9874961432378907,0.9810123115052803,0.9811311942189699,,,,,,,0,0,1.0
overlap_s6.0,overlap,4,800,2,5,Calinski-Har.,5,0.09173154830932617,0.9874961432378907,0.9810123115052803,0.9811311942189699,,,,,,,0,0,1.0
overlap_s6.0,overlap,4,800,2,5,Davies-Bouldin,5,0.09809494018554688,0.9874961432378907,0.9810123115052803,0.9811311942189699,,,,,,,0,0,1.0
overlap_s6.0,overlap,4,800,2,5,Elbow (Kneedle),5,0.0849461555480957,0.9874961432378907,0.9810123115052803,0.9811311942189699,,,,,,,0,0,1.0
overlap_s6.0,overlap,4,800,2,5,Jump statistic,5,0.08507108688354492,0.9874961432378907,0.9810123115052803,0.9811311942189699,,,,,,,0,0,1.0
overlap_s6.0,overlap,4,800,2,5,Gap statistic,5,0.3451242446899414,0.9874961432378907,0.9810123115052803,0.9811311942189699,,,,,,,0,0,1.0
overlap_s6.0,overlap,4,800,2,5,X-means,6,0.02845311164855957,0.9236356412548516,0.9368039650078277,0.9372796007789667,,,,,,,1,1,0.0
overlap_s6.0,overlap,4,800,2,5,G-means,6,0.027446985244750977,0.9249012539961781,0.9412919873704044,0.9417336053577015,,,,,,,1,1,0.0
overlap_s6.0,overlap,4,800,2,5,dip-means,5,0.08660387992858887,0.9874961432378907,0.9810123115052803,0.9811311942189699,,,,,,,0,0,1.0
overlap_s6.0,overlap,4,800,2,5,ISODATA,5,0.01649022102355957,0.9874961432378907,0.9810123115052803,0.9811311942189699,,,,,,,0,0,1.0
overlap_s6.0,overlap,4,800,2,5,MDL split/merge,5,0.025270938873291016,0.9874961432378907,0.9810123115052803,0.9811311942189699,,,,,,,0,0,1.0
overlap_s6.0,overlap,4,800,2,5,GMM+BIC,5,0.13079190254211426,0.9874961432378907,0.9810123115052803,0.9811311942189699,,,,,,,0,0,1.0
overlap_s6.0,overlap,4,800,2,5,GMM+ICL,5,0.13472294807434082,0.9874961432378907,0.9810123115052803,0.9811311942189699,,,,,,,0,0,1.0
overlap_s6.0,overlap,4,800,2,5,HDBSCAN,5,0.004534482955932617,0.9844046224465631,0.9773525242367241,0.9774943213921631,,,,,,,0,0,1.0
overlap_s6.0,overlap,4,800,2,5,Bisecting+Sil.,5,0.10293912887573242,0.9054788428749452,0.9142661147859592,0.9148040392234743,,,,,,,0,0,1.0
overlap_s6.0,overlap,5,800,2,5,ORACLE k-means(k*),5,0.00594329833984375,1.0,1.0,1.0,,,,,,,0,0,1.0
overlap_s6.0,overlap,5,800,2,5,CDK (proposed),5,3.353646755218506,0.9783404878750162,0.9711310479477238,0.9713118027343506,5.0,5.0,45.0,19.0,0.4444444444444444,0.025,0,0,1.0
overlap_s6.0,overlap,5,800,2,5,CDK / Gaussian null,5,4.142515659332275,0.9783404878750162,0.9711310479477238,0.9713118027343506,5.0,5.0,45.0,19.0,0.5333333333333333,0.01,0,0,1.0
overlap_s6.0,overlap,5,800,2,5,CDK / AD statistic,5,3.8957936763763428,0.9783404878750162,0.9711310479477238,0.9713118027343506,5.0,5.0,45.0,19.0,0.4222222222222222,0.2692307692307692,0,0,1.0
overlap_s6.0,overlap,5,800,2,5,CDK / no multiplicity corr.,5,3.255032777786255,0.9783404878750162,0.9711310479477238,0.9713118027343506,5.0,5.0,45.0,19.0,0.5111111111111111,0.025,0,0,1.0
overlap_s6.0,overlap,5,800,2,5,CDK / n_min=15,5,2.9852983951568604,0.9783404878750162,0.9711310479477236,0.9713118027343504,5.0,5.0,66.0,29.0,0.24242424242424243,0.46153846153846156,0,0,1.0
overlap_s6.0,overlap,5,800,2,5,CDK / n_min=40,5,3.3821520805358887,0.9783404878750162,0.9711310479477236,0.9713118027343504,5.0,5.0,33.0,12.0,0.7272727272727273,0.005,0,0,1.0
overlap_s6.0,overlap,5,800,2,5,Silhouette,5,0.19015836715698242,1.0,1.0,1.0,,,,,,,0,0,1.0
overlap_s6.0,overlap,5,800,2,5,Calinski-Har.,5,0.09782886505126953,1.0,1.0,1.0,,,,,,,0,0,1.0
overlap_s6.0,overlap,5,800,2,5,Davies-Bouldin,5,0.1093130111694336,1.0,1.0,1.0,,,,,,,0,0,1.0
overlap_s6.0,overlap,5,800,2,5,Elbow (Kneedle),5,0.09403014183044434,1.0,1.0,1.0,,,,,,,0,0,1.0
overlap_s6.0,overlap,5,800,2,5,Jump statistic,5,0.10039377212524414,1.0,1.0,1.0,,,,,,,0,0,1.0
overlap_s6.0,overlap,5,800,2,5,Gap statistic,5,0.3969423770904541,1.0,1.0,1.0,,,,,,,0,0,1.0
overlap_s6.0,overlap,5,800,2,5,X-means,9,0.06717538833618164,0.7036348563839617,0.8460605079833907,0.8477166418086135,,,,,,,4,4,0.0
overlap_s6.0,overlap,5,800,2,5,G-means,6,0.028057336807250977,0.9304524121256603,0.9511521241289674,0.9515193942610962,,,,,,,1,1,0.0
overlap_s6.0,overlap,5,800,2,5,dip-means,5,0.09605646133422852,1.0,1.0,1.0,,,,,,,0,0,1.0
overlap_s6.0,overlap,5,800,2,5,ISODATA,5,0.020078420639038086,1.0,1.0,1.0,,,,,,,0,0,1.0
overlap_s6.0,overlap,5,800,2,5,MDL split/merge,5,0.031119346618652344,1.0,1.0,1.0,,,,,,,0,0,1.0
overlap_s6.0,overlap,5,800,2,5,GMM+BIC,5,0.14939141273498535,1.0,1.0,1.0,,,,,,,0,0,1.0
overlap_s6.0,overlap,5,800,2,5,GMM+ICL,5,0.15921378135681152,1.0,1.0,1.0,,,,,,,0,0,1.0
overlap_s6.0,overlap,5,800,2,5,HDBSCAN,5,0.005113363265991211,0.9937480346795808,0.9905061789482673,0.9905656200078305,,,,,,,0,0,1.0
overlap_s6.0,overlap,5,800,2,5,Bisecting+Sil.,6,0.13361024856567383,0.9048873192075052,0.9167209370348948,0.9173527277554338,,,,,,,1,1,0.0
overlap_s6.0,overlap,6,800,2,5,ORACLE k-means(k*),5,0.0043218135833740234,0.9968691099886755,0.9952518682725184,0.9952815964482751,,,,,,,0,0,1.0
overlap_s6.0,overlap,6,800,2,5,CDK (proposed),5,2.702226400375366,0.9906466993024384,0.9868439181866433,0.9869262891785979,5.0,5.0,41.0,18.0,0.4878048780487805,0.045,0,0,1.0
overlap_s6.0,overlap,6,800,2,5,CDK / Gaussian null,5,3.315119504928589,0.9906466993024384,0.9868439181866433,0.9869262891785979,5.0,5.0,41.0,18.0,0.5365853658536586,0.01,0,0,1.0
overlap_s6.0,overlap,6,800,2,5,CDK / AD statistic,5,3.665792942047119,0.9906466993024384,0.9868439181866433,0.9869262891785979,5.0,5.0,41.0,18.0,0.4146341463414634,0.3076923076923077,0,0,1.0
overlap_s6.0,overlap,6,800,2,5,CDK / no multiplicity corr.,5,2.630690097808838,0.9906466993024384,0.9868439181866433,0.9869262891785979,5.0,5.0,41.0,18.0,0.5365853658536586,0.045,0,0,1.0
overlap_s6.0,overlap,6,800,2,5,CDK / n_min=15,5,2.885749340057373,0.9906466993024384,0.9868439181866433,0.9869262891785979,5.0,5.0,66.0,30.0,0.2727272727272727,0.3076923076923077,0,0,1.0
overlap_s6.0,overlap,6,800,2,5,CDK / n_min=40,5,3.090156316757202,0.9906466993024384,0.9868439181866433,0.9869262891785979,5.0,5.0,29.0,12.0,0.6896551724137931,0.005,0,0,1.0
overlap_s6.0,overlap,6,800,2,5,Silhouette,5,0.164170503616333,0.9968691099886755,0.9952518682725184,0.9952815964482751,,,,,,,0,0,1.0
overlap_s6.0,overlap,6,800,2,5,Calinski-Har.,5,0.10062599182128906,0.9968691099886755,0.9952518682725184,0.9952815964482751,,,,,,,0,0,1.0
overlap_s6.0,overlap,6,800,2,5,Davies-Bouldin,5,0.11187005043029785,0.9968691099886755,0.9952518682725184,0.9952815964482751,,,,,,,0,0,1.0
overlap_s6.0,overlap,6,800,2,5,Elbow (Kneedle),5,0.09861493110656738,0.9968691099886755,0.9952518682725184,0.9952815964482751,,,,,,,0,0,1.0
overlap_s6.0,overlap,6,800,2,5,Jump statistic,5,0.09598326683044434,0.9968691099886755,0.9952518682725184,0.9952815964482751,,,,,,,0,0,1.0
overlap_s6.0,overlap,6,800,2,5,Gap statistic,5,0.40380191802978516,0.9968691099886755,0.9952518682725184,0.9952815964482751,,,,,,,0,0,1.0
overlap_s6.0,overlap,6,800,2,5,X-means,8,0.04573798179626465,0.7810461487954098,0.8740401179323668,0.8752684730286998,,,,,,,3,3,0.0
overlap_s6.0,overlap,6,800,2,5,G-means,5,0.02867746353149414,0.9968691099886755,0.9952518682725184,0.9952815964482751,,,,,,,0,0,1.0
overlap_s6.0,overlap,6,800,2,5,dip-means,5,0.1067953109741211,0.9968691099886755,0.9952518682725184,0.9952815964482751,,,,,,,0,0,1.0
overlap_s6.0,overlap,6,800,2,5,ISODATA,5,0.025229215621948242,0.9968691099886755,0.9952518682725184,0.9952815964482751,,,,,,,0,0,1.0
overlap_s6.0,overlap,6,800,2,5,MDL split/merge,5,0.033188819885253906,0.9968691099886755,0.9952518682725184,0.9952815964482751,,,,,,,0,0,1.0
overlap_s6.0,overlap,6,800,2,5,GMM+BIC,5,0.15162992477416992,0.9906466993024384,0.9868439181866433,0.9869262891785979,,,,,,,0,0,1.0
overlap_s6.0,overlap,6,800,2,5,GMM+ICL,5,0.16454863548278809,0.9906466993024384,0.9868439181866433,0.9869262891785979,,,,,,,0,0,1.0
overlap_s6.0,overlap,6,800,2,5,HDBSCAN,5,0.005361795425415039,0.9937579600246279,0.9915871831020886,0.9916398563708724,,,,,,,0,0,1.0
overlap_s6.0,overlap,6,800,2,5,Bisecting+Sil.,5,0.135345458984375,0.9235565399784952,0.9291095936660099,0.9295540365803998,,,,,,,0,0,1.0
overlap_s6.0,overlap,7,800,2,5,ORACLE k-means(k*),5,0.005397319793701172,0.9968691099886755,0.9952518682725184,0.9952815964482751,,,,,,,0,0,1.0
overlap_s6.0,overlap,7,800,2,5,CDK (proposed),5,3.0790066719055176,0.969156764567439,0.9614337376217043,0.9616752169463846,5.0,5.0,43.0,19.0,0.4186046511627907,0.2692307692307692,0,0,1.0
overlap_s6.0,overlap,7,800,2,5,CDK / Gaussian null,5,4.701936721801758,0.969156764567439,0.9614337376217043,0.9616752169463846,5.0,7.0,43.0,19.0,0.5116279069767442,0.01,0,0,1.0
overlap_s6.0,overlap,7,800,2,5,CDK / AD statistic,5,4.032345771789551,0.969156764567439,0.9614337376217043,0.9616752169463846,5.0,5.0,43.0,19.0,0.3953488372093023,0.5769230769230769,0,0,1.0
overlap_s6.0,overlap,7,800,2,5,CDK / no multiplicity corr.,5,2.857457399368286,0.969156764567439,0.9614337376217043,0.9616752169463846,5.0,6.0,43.0,19.0,0.4418604651162791,0.2692307692307692,0,0,1.0
overlap_s6.0,overlap,7,800,2,5,CDK / n_min=15,5,4.239627122879028,0.969156764567439,0.9614337376217043,0.9616752169463846,5.0,5.0,73.0,32.0,0.273972602739726,0.34615384615384615,0,0,1.0
overlap_s6.0,overlap,7,800,2,5,CDK / n_min=40,5,3.236081600189209,0.969156764567439,0.9614337376217043,0.9616752169463846,5.0,5.0,24.0,10.0,0.7916666666666666,0.005,0,0,1.0
overlap_s6.0,overlap,7,800,2,5,Silhouette,5,0.16730761528015137,0.9968691099886755,0.9952518682725184,0.9952815964482751,,,,,,,0,0,1.0
overlap_s6.0,overlap,7,800,2,5,Calinski-Har.,5,0.09293437004089355,0.9968691099886755,0.9952518682725184,0.9952815964482751,,,,,,,0,0,1.0
overlap_s6.0,overlap,7,800,2,5,Davies-Bouldin,5,0.11434721946716309,0.9968691099886755,0.9952518682725184,0.9952815964482751,,,,,,,0,0,1.0
overlap_s6.0,overlap,7,800,2,5,Elbow (Kneedle),5,0.09728479385375977,0.9968691099886755,0.9952518682725184,0.9952815964482751,,,,,,,0,0,1.0
overlap_s6.0,overlap,7,800,2,5,Jump statistic,5,0.09241175651550293,0.9968691099886755,0.9952518682725184,0.9952815964482751,,,,,,,0,0,1.0
overlap_s6.0,overlap,7,800,2,5,Gap statistic,5,0.4040873050689697,0.9968691099886755,0.9952518682725184,0.9952815964482751,,,,,,,0,0,1.0
overlap_s6.0,overlap,7,800,2,5,X-means,3,0.018503189086914062,0.5606275690161324,0.7104833527742697,0.7115750155518648,,,,,,,2,-2,0.0
overlap_s6.0,overlap,7,800,2,5,G-means,6,0.03178572654724121,0.9305778730761144,0.9426937189993578,0.9431263146259431,,,,,,,1,1,0.0
overlap_s6.0,overlap,7,800,2,5,dip-means,5,0.1051034927368164,0.9968691099886755,0.9952518682725184,0.9952815964482751,,,,,,,0,0,1.0
overlap_s6.0,overlap,7,800,2,5,ISODATA,5,0.019295454025268555,0.9968691099886755,0.9952518682725183,0.995281596448275,,,,,,,0,0,1.0
overlap_s6.0,overlap,7,800,2,5,MDL split/merge,5,0.0317072868347168,0.9968691099886755,0.9952518682725184,0.9952815964482751,,,,,,,0,0,1.0
overlap_s6.0,overlap,7,800,2,5,GMM+BIC,5,0.15926694869995117,0.9968691099886755,0.9952518682725184,0.9952815964482751,,,,,,,0,0,1.0
overlap_s6.0,overlap,7,800,2,5,GMM+ICL,5,0.16256332397460938,0.9968691099886755,0.9952518682725184,0.9952815964482751,,,,,,,0,0,1.0
overlap_s6.0,overlap,7,800,2,5,HDBSCAN,5,0.0053522586822509766,0.9906270701299357,0.9857604351852677,0.9858495899271911,,,,,,,0,0,1.0
overlap_s6.0,overlap,7,800,2,5,Bisecting+Sil.,5,0.13161349296569824,0.969156764567439,0.9614337376217041,0.9616752169463845,,,,,,,0,0,1.0
overlap_s6.0,overlap,8,800,2,5,ORACLE k-means(k*),5,0.005408525466918945,0.9968691099886755,0.9952518682725184,0.9952815964482751,,,,,,,0,0,1.0
overlap_s6.0,overlap,8,800,2,5,CDK (proposed),5,3.3662660121917725,0.984385177791463,0.9762689403034951,0.9764175226034119,5.0,5.0,47.0,21.0,0.3617021276595745,0.075,0,0,1.0
overlap_s6.0,overlap,8,800,2,5,CDK / Gaussian null,5,4.412564754486084,0.984385177791463,0.9762689403034951,0.9764175226034119,5.0,5.0,47.0,21.0,0.46808510638297873,0.025,0,0,1.0
overlap_s6.0,overlap,8,800,2,5,CDK / AD statistic,5,4.547295331954956,0.984385177791463,0.9762689403034951,0.9764175226034119,5.0,5.0,47.0,21.0,0.2765957446808511,0.2692307692307692,0,0,1.0
overlap_s6.0,overlap,8,800,2,5,CDK / no multiplicity corr.,5,3.4980993270874023,0.984385177791463,0.9762689403034951,0.9764175226034119,5.0,5.0,47.0,21.0,0.44680851063829785,0.075,0,0,1.0
overlap_s6.0,overlap,8,800,2,5,CDK / n_min=15,5,4.1848204135894775,0.984385177791463,0.9762689403034951,0.9764175226034119,5.0,6.0,63.0,29.0,0.2698412698412698,0.135,0,0,1.0
overlap_s6.0,overlap,8,800,2,5,CDK / n_min=40,5,3.43489408493042,0.9187787537926564,0.9268261580708015,0.9272850163294245,5.0,5.0,24.0,10.0,0.75,0.005,0,0,1.0
overlap_s6.0,overlap,8,800,2,5,Silhouette,5,0.17387819290161133,0.9968691099886755,0.9952518682725184,0.9952815964482751,,,,,,,0,0,1.0
overlap_s6.0,overlap,8,800,2,5,Calinski-Har.,5,0.1032097339630127,0.9968691099886755,0.9952518682725184,0.9952815964482751,,,,,,,0,0,1.0
overlap_s6.0,overlap,8,800,2,5,Davies-Bouldin,5,0.10969924926757812,0.9968691099886755,0.9952518682725184,0.9952815964482751,,,,,,,0,0,1.0
overlap_s6.0,overlap,8,800,2,5,Elbow (Kneedle),5,0.0999758243560791,0.9968691099886755,0.9952518682725184,0.9952815964482751,,,,,,,0,0,1.0
overlap_s6.0,overlap,8,800,2,5,Jump statistic,5,0.09918570518493652,0.9968691099886755,0.9952518682725184,0.9952815964482751,,,,,,,0,0,1.0
overlap_s6.0,overlap,8,800,2,5,Gap statistic,5,0.3898580074310303,0.9968691099886755,0.9952518682725184,0.9952815964482751,,,,,,,0,0,1.0
overlap_s6.0,overlap,8,800,2,5,X-means,6,0.036240339279174805,0.9366802141453018,0.9560339950431642,0.9563652964464363,,,,,,,1,1,0.0
overlap_s6.0,overlap,8,800,2,5,G-means,6,0.029201507568359375,0.9323232508061028,0.9542028737549821,0.954547487755274,,,,,,,1,1,0.0
overlap_s6.0,overlap,8,800,2,5,dip-means,5,0.10246109962463379,0.9968691099886755,0.9952518682725184,0.9952815964482751,,,,,,,0,0,1.0
overlap_s6.0,overlap,8,800,2,5,ISODATA,5,0.019179344177246094,0.9968691099886755,0.9952518682725184,0.9952815964482751,,,,,,,0,0,1.0
overlap_s6.0,overlap,8,800,2,5,MDL split/merge,5,0.03628897666931152,0.9968691099886755,0.9952518682725184,0.9952815964482751,,,,,,,0,0,1.0
overlap_s6.0,overlap,8,800,2,5,GMM+BIC,5,0.14568877220153809,0.9968691099886755,0.9952518682725184,0.9952815964482751,,,,,,,0,0,1.0
overlap_s6.0,overlap,8,800,2,5,GMM+ICL,5,0.1450347900390625,0.9968691099886755,0.9952518682725184,0.9952815964482751,,,,,,,0,0,1.0
overlap_s6.0,overlap,8,800,2,5,HDBSCAN,5,0.005286455154418945,0.9968691099886755,0.9952518682725184,0.9952815964482751,,,,,,,0,0,1.0
overlap_s6.0,overlap,8,800,2,5,Bisecting+Sil.,5,0.12646842002868652,0.9159369096563752,0.9232180790305026,0.9236996004986819,,,,,,,0,0,1.0
overlap_s6.0,overlap,9,800,2,5,ORACLE k-means(k*),5,0.005064725875854492,1.0,1.0,1.0,,,,,,,0,0,1.0
overlap_s6.0,overlap,9,800,2,5,CDK (proposed),5,3.392009735107422,0.9875953157730175,0.9853411519308972,0.9854329348806473,5.0,5.0,47.0,20.0,0.44680851063829785,0.045,0,0,1.0
overlap_s6.0,overlap,9,800,2,5,CDK / Gaussian null,5,4.1127002239227295,0.9875953157730175,0.9853411519308972,0.9854329348806473,4.0,5.0,47.0,20.0,0.44680851063829785,0.015,0,0,1.0
overlap_s6.0,overlap,9,800,2,5,CDK / AD statistic,5,4.500305414199829,0.9875953157730175,0.9853411519308972,0.9854329348806473,5.0,5.0,47.0,20.0,0.3829787234042553,0.3076923076923077,0,0,1.0
overlap_s6.0,overlap,9,800,2,5,CDK / no multiplicity corr.,5,3.3495798110961914,0.9875953157730175,0.9853411519308972,0.9854329348806473,5.0,5.0,47.0,20.0,0.5106382978723404,0.045,0,0,1.0
overlap_s6.0,overlap,9,800,2,5,CDK / n_min=15,5,3.8031046390533447,0.9875953157730175,0.9853411519308972,0.9854329348806473,5.0,5.0,73.0,31.0,0.2602739726027397,0.38461538461538464,0,0,1.0
overlap_s6.0,overlap,9,800,2,5,CDK / n_min=40,5,3.1197497844696045,0.9875953157730175,0.9853411519308973,0.9854329348806474,5.0,5.0,33.0,14.0,0.6060606060606061,0.005,0,0,1.0
overlap_s6.0,overlap,9,800,2,5,Silhouette,5,0.16982603073120117,1.0,1.0,1.0,,,,,,,0,0,1.0
overlap_s6.0,overlap,9,800,2,5,Calinski-Har.,5,0.09521269798278809,1.0,1.0,1.0,,,,,,,0,0,1.0
overlap_s6.0,overlap,9,800,2,5,Davies-Bouldin,5,0.11376523971557617,1.0,1.0,1.0,,,,,,,0,0,1.0
overlap_s6.0,overlap,9,800,2,5,Elbow (Kneedle),5,0.0967857837677002,1.0,1.0,1.0,,,,,,,0,0,1.0
overlap_s6.0,overlap,9,800,2,5,Jump statistic,5,0.10287117958068848,1.0,1.0,1.0,,,,,,,0,0,1.0
overlap_s6.0,overlap,9,800,2,5,Gap statistic,5,0.4217231273651123,1.0,1.0,1.0,,,,,,,0,0,1.0
overlap_s6.0,overlap,9,800,2,5,X-means,5,0.028185606002807617,1.0,1.0,1.0,,,,,,,0,0,1.0
overlap_s6.0,overlap,9,800,2,5,G-means,6,0.029270410537719727,0.93509845365196,0.9585596273385414,0.958871378171583,,,,,,,1,1,0.0
overlap_s6.0,overlap,9,800,2,5,dip-means,5,0.09618473052978516,1.0,1.0,1.0,,,,,,,0,0,1.0
overlap_s6.0,overlap,9,800,2,5,ISODATA,5,0.018352985382080078,1.0,1.0,1.0,,,,,,,0,0,1.0
overlap_s6.0,overlap,9,800,2,5,MDL split/merge,5,0.030436277389526367,1.0,1.0,1.0,,,,,,,0,0,1.0
overlap_s6.0,overlap,9,800,2,5,GMM+BIC,5,0.14440274238586426,1.0,1.0,1.0,,,,,,,0,0,1.0
overlap_s6.0,overlap,9,800,2,5,GMM+ICL,5,0.16437292098999023,1.0,1.0,1.0,,,,,,,0,0,1.0
overlap_s6.0,overlap,9,800,2,5,HDBSCAN,5,0.005636930465698242,1.0,1.0,1.0,,,,,,,0,0,1.0
overlap_s6.0,overlap,9,800,2,5,Bisecting+Sil.,5,0.1286177635192871,0.9875953157730175,0.9853411519308972,0.9854329348806473,,,,,,,0,0,1.0
overlap_s4.0,overlap,0,800,2,5,ORACLE k-means(k*),5,0.01082301139831543,0.900014540305342,0.8733982717859482,0.8741909851034937,,,,,,,0,0,1.0
overlap_s4.0,overlap,0,800,2,5,CDK (proposed),5,3.843991279602051,0.8043797937712228,0.8033353560597074,0.8045700754158044,5.0,5.0,43.0,18.0,0.4883720930232558,0.03,0,0,1.0
overlap_s4.0,overlap,0,800,2,5,CDK / Gaussian null,5,5.4311182498931885,0.8043797937712228,0.8033353560597074,0.8045700754158044,5.0,7.0,43.0,18.0,0.5581395348837209,0.005,0,0,1.0
overlap_s4.0,overlap,0,800,2,5,CDK / AD statistic,3,4.677410125732422,0.43236327199064506,0.6230238049956871,0.6245026539687258,3.0,4.0,43.0,18.0,0.4186046511627907,0.21,2,-2,0.0
overlap_s4.0,overlap,0,800,2,5,CDK / no multiplicity corr.,5,3.3418331146240234,0.8043797937712228,0.8033353560597074,0.8045700754158044,5.0,5.0,43.0,18.0,0.5116279069767442,0.03,0,0,1.0
overlap_s4.0,overlap,0,800,2,5,CDK / n_min=15,1,3.4170069694519043,0.0,0.0,0.0,1.0,4.0,72.0,31.0,0.2361111111111111,0.2692307692307692,4,-4,0.0
overlap_s4.0,overlap,0,800,2,5,CDK / n_min=40,5,3.555297374725342,0.8043797937712228,0.8033353560597074,0.8045700754158044,5.0,5.0,36.0,14.0,0.6388888888888888,0.005,0,0,1.0
overlap_s4.0,overlap,0,800,2,5,Silhouette,5,0.17793488502502441,0.900014540305342,0.8733982717859482,0.8741909851034937,,,,,,,0,0,1.0
overlap_s4.0,overlap,0,800,2,5,Calinski-Har.,5,0.1172780990600586,0.900014540305342,0.8733982717859482,0.8741909851034937,,,,,,,0,0,1.0
overlap_s4.0,overlap,0,800,2,5,Davies-Bouldin,5,0.12909197807312012,0.900014540305342,0.8733982717859482,0.8741909851034937,,,,,,,0,0,1.0
overlap_s4.0,overlap,0,800,2,5,Elbow (Kneedle),5,0.11770772933959961,0.900014540305342,0.8733982717859482,0.8741909851034937,,,,,,,0,0,1.0
overlap_s4.0,overlap,0,800,2,5,Jump statistic,5,0.12116217613220215,0.900014540305342,0.8733982717859482,0.8741909851034937,,,,,,,0,0,1.0
overlap_s4.0,overlap,0,800,2,5,Gap statistic,5,0.42329931259155273,0.900014540305342,0.8733982717859482,0.8741909851034937,,,,,,,0,0,1.0
overlap_s4.0,overlap,0,800,2,5,X-means,7,0.04175519943237305,0.765857744621721,0.8015183383061603,0.8032361744468632,,,,,,,2,2,0.0
overlap_s4.0,overlap,0,800,2,5,G-means,7,0.028929710388183594,0.7838836754414583,0.7880838742075051,0.7899374914558965,,,,,,,2,2,0.0
overlap_s4.0,overlap,0,800,2,5,dip-means,1,0.016844987869262695,0.0,0.0,0.0,,,,,,,4,-4,0.0
overlap_s4.0,overlap,0,800,2,5,ISODATA,7,0.020154714584350586,0.765857744621721,0.8015183383061603,0.8032361744468632,,,,,,,2,2,0.0
overlap_s4.0,overlap,0,800,2,5,MDL split/merge,5,0.03485679626464844,0.900014540305342,0.8733982717859482,0.8741909851034937,,,,,,,0,0,1.0
overlap_s4.0,overlap,0,800,2,5,GMM+BIC,5,0.1813344955444336,0.8914254040970682,0.8677441038888081,0.8685723444337929,,,,,,,0,0,1.0
overlap_s4.0,overlap,0,800,2,5,GMM+ICL,5,0.18279719352722168,0.8914254040970682,0.8677441038888081,0.8685723444337929,,,,,,,0,0,1.0
overlap_s4.0,overlap,0,800,2,5,HDBSCAN,5,0.005548238754272461,0.8854972420195015,0.8628966181453812,0.8637553031905674,,,,,,,0,0,1.0
overlap_s4.0,overlap,0,800,2,5,Bisecting+Sil.,5,0.1331930160522461,0.7668417208063385,0.774996006952128,0.776416094683705,,,,,,,0,0,1.0
overlap_s4.0,overlap,1,800,2,5,ORACLE k-means(k*),5,0.006866931915283203,0.9172237464830564,0.8913585354078544,0.8920387808287199,,,,,,,0,0,1.0
overlap_s4.0,overlap,1,800,2,5,CDK (proposed),5,3.6239380836486816,0.885279472123872,0.8671395326333303,0.8679716926010009,4.0,5.0,45.0,19.0,0.5333333333333333,0.01,0,0,1.0
overlap_s4.0,overlap,1,800,2,5,CDK / Gaussian null,5,5.010657787322998,0.885279472123872,0.8671395326333303,0.8679716926010009,5.0,6.0,45.0,19.0,0.5333333333333333,0.01,0,0,1.0
overlap_s4.0,overlap,1,800,2,5,CDK / AD statistic,4,4.308923959732056,0.6725936280154994,0.7808526539109022,0.7819850064121495,3.0,5.0,45.0,19.0,0.4222222222222222,0.25806451612903225,1,-1,0.0
overlap_s4.0,overlap,1,800,2,5,CDK / no multiplicity corr.,5,3.1989269256591797,0.885279472123872,0.8671395326333303,0.8679716926010009,5.0,5.0,45.0,19.0,0.5777777777777777,0.01,0,0,1.0
overlap_s4.0,overlap,1,800,2,5,CDK / n_min=15,3,3.9290153980255127,0.4328760147051776,0.6316932646662169,0.6331390462655202,3.0,4.0,69.0,30.0,0.2463768115942029,0.25925925925925924,2,-2,0.0
overlap_s4.0,overlap,1,800,2,5,CDK / n_min=40,5,3.51450777053833,0.8312092152098957,0.8293499161644552,0.8304220250616425,5.0,5.0,30.0,12.0,0.6666666666666666,0.005,0,0,1.0
overlap_s4.0,overlap,1,800,2,5,Silhouette,5,0.1786186695098877,0.9172237464830564,0.8913585354078544,0.8920387808287199,,,,,,,0,0,1.0
overlap_s4.0,overlap,1,800,2,5,Calinski-Har.,5,0.1104729175567627,0.9172237464830564,0.8913585354078544,0.8920387808287199,,,,,,,0,0,1.0
overlap_s4.0,overlap,1,800,2,5,Davies-Bouldin,5,0.12592244148254395,0.9172237464830564,0.8913585354078544,0.8920387808287199,,,,,,,0,0,1.0
overlap_s4.0,overlap,1,800,2,5,Elbow (Kneedle),5,0.11177492141723633,0.9172237464830564,0.8913585354078544,0.8920387808287199,,,,,,,0,0,1.0
overlap_s4.0,overlap,1,800,2,5,Jump statistic,5,0.11132049560546875,0.9172237464830564,0.8913585354078544,0.8920387808287199,,,,,,,0,0,1.0
overlap_s4.0,overlap,1,800,2,5,Gap statistic,2,0.42588019371032715,0.32412071233645234,0.475555957066844,0.4767014980354937,,,,,,,3,-3,0.0
overlap_s4.0,overlap,1,800,2,5,X-means,6,0.03215837478637695,0.8578463193571557,0.858653916818564,0.8597162177864098,,,,,,,1,1,0.0
overlap_s4.0,overlap,1,800,2,5,G-means,5,0.02758049964904785,0.9172237464830564,0.8913585354078544,0.8920387808287199,,,,,,,0,0,1.0
overlap_s4.0,overlap,1,800,2,5,dip-means,5,0.11551165580749512,0.914355190123948,0.8888261761375031,0.8895222667473723,,,,,,,0,0,1.0
overlap_s4.0,overlap,1,800,2,5,ISODATA,7,0.020840883255004883,0.7791166725747763,0.8137772811222491,0.8153891021703532,,,,,,,2,2,0.0
overlap_s4.0,overlap,1,800,2,5,MDL split/merge,5,0.03319573402404785,0.914355190123948,0.8888261761375031,0.8895222667473723,,,,,,,0,0,1.0
overlap_s4.0,overlap,1,800,2,5,GMM+BIC,5,0.15653133392333984,0.9322611175127354,0.9099637046733833,0.9105274677336964,,,,,,,0,0,1.0
overlap_s4.0,overlap,1,800,2,5,GMM+ICL,5,0.14487171173095703,0.9322611175127354,0.9099637046733833,0.9105274677336964,,,,,,,0,0,1.0
overlap_s4.0,overlap,1,800,2,5,HDBSCAN,5,0.004746198654174805,0.9172237464830564,0.8913585354078544,0.8920387808287199,,,,,,,0,0,1.0
overlap_s4.0,overlap,1,800,2,5,Bisecting+Sil.,5,0.11324739456176758,0.820809060579911,0.8266063577830127,0.8276969193199915,,,,,,,0,0,1.0
overlap_s4.0,overlap,2,800,2,5,ORACLE k-means(k*),5,0.0060977935791015625,0.9263997351790622,0.9010239793498015,0.9016437071030471,,,,,,,0,0,1.0
overlap_s4.0,overlap,2,800,2,5,CDK (proposed),5,2.8287386894226074,0.8875472222959921,0.8609780640833911,0.8618486611227474,5.0,5.0,46.0,20.0,0.41304347826086957,0.28076923076923077,0,0,1.0
overlap_s4.0,overlap,2,800,2,5,CDK / Gaussian null,5,3.675138235092163,0.8875472222959921,0.8609780640833911,0.8618486611227474,5.0,5.0,46.0,20.0,0.5,0.0175,0,0,1.0
overlap_s4.0,overlap,2,800,2,5,CDK / AD statistic,3,3.325927495956421,0.4349842337718274,0.6425494620906914,0.6439571043305187,3.0,5.0,46.0,20.0,0.32608695652173914,0.6153846153846154,2,-2,0.0
overlap_s4.0,overlap,2,800,2,5,CDK / no multiplicity corr.,5,2.523707389831543,0.8875472222959921,0.8609780640833911,0.8618486611227474,5.0,5.0,46.0,20.0,0.4782608695652174,0.28076923076923077,0,0,1.0
overlap_s4.0,overlap,2,800,2,5,CDK / n_min=15,3,3.092820882797241,0.5633337697754967,0.6823204247185736,0.6835161064278122,1.0,3.0,63.0,28.0,0.2698412698412698,0.2553191489361702,2,-2,0.0
overlap_s4.0,overlap,2,800,2,5,CDK / n_min=40,5,2.965442180633545,0.8875472222959921,0.8609780640833912,0.8618486611227476,5.0,5.0,28.0,12.0,0.6785714285714286,0.005,0,0,1.0
overlap_s4.0,overlap,2,800,2,5,Silhouette,5,0.14299631118774414,0.9263997351790622,0.9010239793498015,0.9016437071030471,,,,,,,0,0,1.0
overlap_s4.0,overlap,2,800,2,5,Calinski-Har.,5,0.08753252029418945,0.9263997351790622,0.9010239793498015,0.9016437071030471,,,,,,,0,0,1.0
overlap_s4.0,overlap,2,800,2,5,Davies-Bouldin,5,0.09795427322387695,0.9263997351790622,0.9010239793498015,0.9016437071030471,,,,,,,0,0,1.0
overlap_s4.0,overlap,2,800,2,5,Elbow (Kneedle),5,0.08681607246398926,0.9263997351790622,0.9010239793498015,0.9016437071030471,,,,,,,0,0,1.0
overlap_s4.0,overlap,2,800,2,5,Jump statistic,5,0.08707070350646973,0.9263997351790622,0.9010239793498015,0.9016437071030471,,,,,,,0,0,1.0
overlap_s4.0,overlap,2,800,2,5,Gap statistic,5,0.32807230949401855,0.9263997351790622,0.9010239793498015,0.9016437071030471,,,,,,,0,0,1.0
overlap_s4.0,overlap,2,800,2,5,X-means,6,0.026448965072631836,0.8458365797936271,0.8406886932723929,0.8418843499875361,,,,,,,1,1,0.0
overlap_s4.0,overlap,2,800,2,5,G-means,6,0.025279998779296875,0.8417815708502808,0.8474371997055968,0.8485789554015746,,,,,,,1,1,0.0
overlap_s4.0,overlap,2,800,2,5,dip-means,5,0.08356523513793945,0.9263997351790622,0.9010239793498015,0.9016437071030471,,,,,,,0,0,1.0
overlap_s4.0,overlap,2,800,2,5,ISODATA,7,0.01705336570739746,0.7540102421472756,0.7942185745564059,0.7959925756276005,,,,,,,2,2,0.0
overlap_s4.0,overlap,2,800,2,5,MDL split/merge,5,0.02604198455810547,0.9263997351790622,0.9010239793498015,0.9016437071030471,,,,,,,0,0,1.0
overlap_s4.0,overlap,2,800,2,5,GMM+BIC,5,0.13097095489501953,0.9323584479659164,0.9104424232314194,0.9110031857114843,,,,,,,0,0,1.0
overlap_s4.0,overlap,2,800,2,5,GMM+ICL,5,0.1333017349243164,0.9323584479659164,0.9104424232314194,0.9110031857114843,,,,,,,0,0,1.0
overlap_s4.0,overlap,2,800,2,5,HDBSCAN,5,0.004403829574584961,0.9263997351790622,0.9010239793498016,0.9016437071030473,,,,,,,0,0,1.0
overlap_s4.0,overlap,2,800,2,5,Bisecting+Sil.,6,0.10869646072387695,0.8357908612237888,0.8312726436368384,0.8325388588421759,,,,,,,1,1,0.0
overlap_s4.0,overlap,3,800,2,5,ORACLE k-means(k*),5,0.0049076080322265625,0.9171451914954564,0.8977497357311284,0.8983900279438849,,,,,,,0,0,1.0
overlap_s4.0,overlap,3,800,2,5,CDK (proposed),4,3.504563331604004,0.684592113149095,0.7790462845697108,0.7801814232091144,3.0,5.0,45.0,20.0,0.4,0.05,1,-1,0.0
overlap_s4.0,overlap,3,800,2,5,CDK / Gaussian null,5,5.067808389663696,0.8333070830599499,0.8311887741224294,0.8322472397355284,5.0,6.0,45.0,20.0,0.4666666666666667,0.03,0,0,1.0
overlap_s4.0,overlap,3,800,2,5,CDK / AD statistic,2,3.7679498195648193,0.18692524985330294,0.4247554581833359,0.42613756917712037,2.0,3.0,45.0,20.0,0.28888888888888886,0.46153846153846156,3,-3,0.0
overlap_s4.0,overlap,3,800,2,5,CDK / no multiplicity corr.,5,2.9652531147003174,0.8333070830599499,0.8311887741224294,0.8322472397355284,4.0,6.0,45.0,20.0,0.5111111111111111,0.05,0,0,1.0
overlap_s4.0,overlap,3,800,2,5,CDK / n_min=15,4,3.0863864421844482,0.6810176756056306,0.7881871768744354,0.7892816443013172,4.0,4.0,68.0,30.0,0.2647058823529412,0.3269230769230769,1,-1,0.0
overlap_s4.0,overlap,3,800,2,5,CDK / n_min=40,4,3.1584341526031494,0.6107778919458052,0.7467804309654376,0.7481013893345488,4.0,5.0,32.0,12.0,0.71875,0.005,1,-1,0.0
overlap_s4.0,overlap,3,800,2,5,Silhouette,5,0.1416459083557129,0.9171451914954564,0.8977497357311284,0.8983900279438849,,,,,,,0,0,1.0
overlap_s4.0,overlap,3,800,2,5,Calinski-Har.,5,0.08541154861450195,0.9171451914954564,0.8977497357311284,0.8983900279438849,,,,,,,0,0,1.0
overlap_s4.0,overlap,3,800,2,5,Davies-Bouldin,5,0.09634947776794434,0.9171451914954564,0.8977497357311284,0.8983900279438849,,,,,,,0,0,1.0
overlap_s4.0,overlap,3,800,2,5,Elbow (Kneedle),5,0.08501720428466797,0.9171451914954564,0.8977497357311284,0.8983900279438849,,,,,,,0,0,1.0
overlap_s4.0,overlap,3,800,2,5,Jump statistic,5,0.08410811424255371,0.9171451914954564,0.8977497357311284,0.8983900279438849,,,,,,,0,0,1.0
overlap_s4.0,overlap,3,800,2,5,Gap statistic,2,0.3345756530761719,0.3186443968839753,0.4805272222389208,0.481659504469675,,,,,,,3,-3,0.0
overlap_s4.0,overlap,3,800,2,5,X-means,6,0.02546381950378418,0.841116950049917,0.8410144902691178,0.8422028393199473,,,,,,,1,1,0.0
overlap_s4.0,overlap,3,800,2,5,G-means,7,0.025668621063232422,0.7851546662213899,0.8190981240647309,0.8206645957016522,,,,,,,2,2,0.0
overlap_s4.0,overlap,3,800,2,5,dip-means,4,0.06884646415710449,0.6912333154147489,0.7483344127084077,0.749607136220821,,,,,,,1,-1,0.0
overlap_s4.0,overlap,3,800,2,5,ISODATA,7,0.016796350479125977,0.7664340040822829,0.7959629172536142,0.7977268601872045,,,,,,,2,2,0.0
overlap_s4.0,overlap,3,800,2,5,MDL split/merge,5,0.02556324005126953,0.9170323585249007,0.8968411615964373,0.8974871593679433,,,,,,,0,0,1.0
overlap_s4.0,overlap,3,800,2,5,GMM+BIC,5,0.14446020126342773,0.9080393279416793,0.888818943464418,0.8895152204055625,,,,,,,0,0,1.0
overlap_s4.0,overlap,3,800,2,5,GMM+ICL,5,0.14979767799377441,0.9080393279416793,0.888818943464418,0.8895152204055625,,,,,,,0,0,1.0
overlap_s4.0,overlap,3,800,2,5,HDBSCAN,5,0.004485607147216797,0.9172467597217557,0.8964491615390899,0.8970975766386471,,,,,,,0,0,1.0
overlap_s4.0,overlap,3,800,2,5,Bisecting+Sil.,4,0.1064903736114502,0.6812081005207221,0.7359178839081038,0.7372518516118048,,,,,,,1,-1,0.0
overlap_s4.0,overlap,4,800,2,5,ORACLE k-means(k*),5,0.005456209182739258,0.9507469937524583,0.9332589606124478,0.933676853872668,,,,,,,0,0,1.0
overlap_s4.0,overlap,4,800,2,5,CDK (proposed),3,3.1023528575897217,0.4646246670421142,0.6720367052582819,0.6733133332255362,3.0,3.0,44.0,18.0,0.4772727272727273,0.02,2,-2,0.0
overlap_s4.0,overlap,4,800,2,5,CDK / Gaussian null,3,3.998361587524414,0.4646246670421142,0.6720367052582819,0.6733133332255362,2.0,6.0,44.0,18.0,0.5454545454545454,0.01,2,-2,0.0
overlap_s4.0,overlap,4,800,2,5,CDK / AD statistic,3,3.655956268310547,0.4646246670421142,0.6720367052582819,0.6733133332255362,2.0,3.0,44.0,18.0,0.4090909090909091,0.3110079575596817,2,-2,0.0
overlap_s4.0,overlap,4,800,2,5,CDK / no multiplicity corr.,3,3.010648012161255,0.4646246670421142,0.6720367052582819,0.6733133332255362,3.0,5.0,44.0,18.0,0.5454545454545454,0.02,2,-2,0.0
overlap_s4.0,overlap,4,800,2,5,CDK / n_min=15,3,3.657334327697754,0.45139239062962283,0.6703482770848926,0.6716442273025859,2.0,4.0,67.0,29.0,0.2835820895522388,0.135,2,-2,0.0
overlap_s4.0,overlap,4,800,2,5,CDK / n_min=40,4,3.1498489379882812,0.7195180051423893,0.8023840836961901,0.8033942017994704,4.0,5.0,32.0,12.0,0.6875,0.005,1,-1,0.0
overlap_s4.0,overlap,4,800,2,5,Silhouette,5,0.13909530639648438,0.9507469937524583,0.9332589606124478,0.933676853872668,,,,,,,0,0,1.0
overlap_s4.0,overlap,4,800,2,5,Calinski-Har.,5,0.08334088325500488,0.9507469937524583,0.9332589606124478,0.933676853872668,,,,,,,0,0,1.0
overlap_s4.0,overlap,4,800,2,5,Davies-Bouldin,5,0.09441423416137695,0.9507469937524583,0.9332589606124478,0.933676853872668,,,,,,,0,0,1.0
overlap_s4.0,overlap,4,800,2,5,Elbow (Kneedle),5,0.08415770530700684,0.9507469937524583,0.9332589606124478,0.933676853872668,,,,,,,0,0,1.0
overlap_s4.0,overlap,4,800,2,5,Jump statistic,5,0.0874946117401123,0.9507469937524583,0.9332589606124478,0.933676853872668,,,,,,,0,0,1.0
overlap_s4.0,overlap,4,800,2,5,Gap statistic,5,0.35123491287231445,0.9507469937524583,0.9332589606124478,0.933676853872668,,,,,,,0,0,1.0
overlap_s4.0,overlap,4,800,2,5,X-means,6,0.026555538177490234,0.8649568821363599,0.8687802378158461,0.8697644840571551,,,,,,,1,1,0.0
overlap_s4.0,overlap,4,800,2,5,G-means,6,0.024490833282470703,0.8615948971066494,0.8698419090565735,0.8708162628528802,,,,,,,1,1,0.0
overlap_s4.0,overlap,4,800,2,5,dip-means,1,0.01329946517944336,0.0,0.0,0.0,,,,,,,4,-4,0.0
overlap_s4.0,overlap,4,800,2,5,ISODATA,7,0.016631364822387695,0.7819996075636757,0.8307495455408236,0.8322106470283731,,,,,,,2,2,0.0
overlap_s4.0,overlap,4,800,2,5,MDL split/merge,5,0.02626490592956543,0.9507469937524583,0.9332589606124478,0.933676853872668,,,,,,,0,0,1.0
overlap_s4.0,overlap,4,800,2,5,GMM+BIC,5,0.13143134117126465,0.9418995063689705,0.9249176254396066,0.9253877613359227,,,,,,,0,0,1.0
overlap_s4.0,overlap,4,800,2,5,GMM+ICL,5,0.14156079292297363,0.9418995063689705,0.9249176254396066,0.9253877613359227,,,,,,,0,0,1.0
overlap_s4.0,overlap,4,800,2,5,HDBSCAN,5,0.004569053649902344,0.9477244940664167,0.9304735046396855,0.9309088387921712,,,,,,,0,0,1.0
overlap_s4.0,overlap,4,800,2,5,Bisecting+Sil.,4,0.12354516983032227,0.702271004034952,0.7671122662864941,0.768292154605158,,,,,,,1,-1,0.0
overlap_s4.0,overlap,5,800,2,5,ORACLE k-means(k*),5,0.005305290222167969,0.9325954128937105,0.9135413705365066,0.91408269994892,,,,,,,0,0,1.0
overlap_s4.0,overlap,5,800,2,5,CDK (proposed),5,2.773306131362915,0.8608292628054057,0.8575736903028034,0.8584663380692148,5.0,5.0,44.0,19.0,0.5,0.0125,0,0,1.0
overlap_s4.0,overlap,5,800,2,5,CDK / Gaussian null,4,3.8577780723571777,0.6890359616871223,0.7852747272460457,0.7863791272649217,3.0,7.0,44.0,19.0,0.45454545454545453,0.025,1,-1,0.0
overlap_s4.0,overlap,5,800,2,5,CDK / AD statistic,2,3.6667776107788086,0.3582130247030477,0.5364884440580762,0.5375071955430223,1.0,5.0,44.0,19.0,0.36363636363636365,0.3076923076923077,3,-3,0.0
overlap_s4.0,overlap,5,800,2,5,CDK / no multiplicity corr.,5,2.738544225692749,0.8608292628054057,0.8575736903028034,0.8584663380692148,5.0,6.0,44.0,19.0,0.5227272727272727,0.0125,0,0,1.0
overlap_s4.0,overlap,5,800,2,5,CDK / n_min=15,2,4.4127037525177,0.1990651742003874,0.40249089961592277,0.40390011936013787,1.0,5.0,83.0,35.0,0.1686746987951807,0.125,3,-3,0.0
overlap_s4.0,overlap,5,800,2,5,CDK / n_min=40,5,3.1123530864715576,0.8608292628054057,0.8575736903028034,0.8584663380692148,5.0,5.0,27.0,11.0,0.7777777777777778,0.005,0,0,1.0
overlap_s4.0,overlap,5,800,2,5,Silhouette,5,0.14957928657531738,0.9325954128937105,0.9135413705365066,0.91408269994892,,,,,,,0,0,1.0
overlap_s4.0,overlap,5,800,2,5,Calinski-Har.,5,0.09416341781616211,0.9325954128937105,0.9135413705365066,0.91408269994892,,,,,,,0,0,1.0
overlap_s4.0,overlap,5,800,2,5,Davies-Bouldin,5,0.10257244110107422,0.9325954128937105,0.9135413705365066,0.91408269994892,,,,,,,0,0,1.0
overlap_s4.0,overlap,5,800,2,5,Elbow (Kneedle),5,0.08644247055053711,0.9325954128937105,0.9135413705365066,0.91408269994892,,,,,,,0,0,1.0
overlap_s4.0,overlap,5,800,2,5,Jump statistic,5,0.08598804473876953,0.9325954128937105,0.9135413705365066,0.91408269994892,,,,,,,0,0,1.0
overlap_s4.0,overlap,5,800,2,5,Gap statistic,5,0.34369659423828125,0.9325954128937105,0.9135413705365066,0.91408269994892,,,,,,,0,0,1.0
overlap_s4.0,overlap,5,800,2,5,X-means,4,0.021408796310424805,0.7176670558845738,0.7929296989187631,0.793985770966774,,,,,,,1,-1,0.0
overlap_s4.0,overlap,5,800,2,5,G-means,6,0.024608135223388672,0.8522667929339588,0.856079156768646,0.8571580669871373,,,,,,,1,1,0.0
overlap_s4.0,overlap,5,800,2,5,dip-means,1,0.013793468475341797,0.0,0.0,0.0,,,,,,,4,-4,0.0
overlap_s4.0,overlap,5,800,2,5,ISODATA,7,0.017040014266967773,0.7794454654213954,0.8229241038045016,0.8244543306398473,,,,,,,2,2,0.0
overlap_s4.0,overlap,5,800,2,5,MDL split/merge,5,0.02701592445373535,0.9325954128937105,0.9135413705365066,0.91408269994892,,,,,,,0,0,1.0
overlap_s4.0,overlap,5,800,2,5,GMM+BIC,5,0.14084720611572266,0.9356757153956626,0.9208621807073349,0.9213577352710336,,,,,,,0,0,1.0
overlap_s4.0,overlap,5,800,2,5,GMM+ICL,5,0.15320563316345215,0.9356757153956626,0.9208621807073349,0.9213577352710336,,,,,,,0,0,1.0
overlap_s4.0,overlap,5,800,2,5,HDBSCAN,5,0.004537820816040039,0.9389274381722817,0.9234387372107984,0.9239181040279327,,,,,,,0,0,1.0
overlap_s4.0,overlap,5,800,2,5,Bisecting+Sil.,5,0.11103153228759766,0.8136075728115311,0.8376733154081325,0.838695862243804,,,,,,,0,0,1.0
overlap_s4.0,overlap,6,800,2,5,ORACLE k-means(k*),5,0.0051343441009521484,0.9268657160926393,0.9101334102130427,0.9106961157669919,,,,,,,0,0,1.0
overlap_s4.0,overlap,6,800,2,5,CDK (proposed),4,3.3981621265411377,0.4033580828186124,0.6169610541337844,0.6191181841065886,4.0,5.0,46.0,19.0,0.4782608695652174,0.015,1,-1,0.0
overlap_s4.0,overlap,6,800,2,5,CDK / Gaussian null,4,4.580260515213013,0.4033580828186124,0.6169610541337844,0.6191181841065886,3.0,8.0,46.0,19.0,0.5652173913043478,0.01,1,-1,0.0
overlap_s4.0,overlap,6,800,2,5,CDK / AD statistic,1,4.059604167938232,0.0,0.0,0.0,1.0,4.0,46.0,19.0,0.32608695652173914,0.21164634146341466,4,-4,0.0
overlap_s4.0,overlap,6,800,2,5,CDK / no multiplicity corr.,4,3.5103073120117188,0.4033580828186124,0.6169610541337845,0.6191181841065887,4.0,7.0,46.0,19.0,0.5434782608695652,0.015,1,-1,0.0
overlap_s4.0,overlap,6,800,2,5,CDK / n_min=15,1,3.910919189453125,0.0,0.0,0.0,1.0,6.0,70.0,30.0,0.32857142857142857,0.0975,4,-4,0.0
overlap_s4.0,overlap,6,800,2,5,CDK / n_min=40,5,3.0535943508148193,0.7406251708751046,0.7841464001226099,0.7855094302550832,5.0,6.0,30.0,12.0,0.7,0.005,0,0,1.0
overlap_s4.0,overlap,6,800,2,5,Silhouette,5,0.168503999710083,0.9268657160926393,0.9101334102130427,0.9106961157669919,,,,,,,0,0,1.0
overlap_s4.0,overlap,6,800,2,5,Calinski-Har.,5,0.09806323051452637,0.9268657160926393,0.9101334102130427,0.9106961157669919,,,,,,,0,0,1.0
overlap_s4.0,overlap,6,800,2,5,Davies-Bouldin,5,0.10872483253479004,0.9268657160926393,0.9101334102130427,0.9106961157669919,,,,,,,0,0,1.0
overlap_s4.0,overlap,6,800,2,5,Elbow (Kneedle),5,0.09456300735473633,0.9268657160926393,0.9101334102130427,0.9106961157669919,,,,,,,0,0,1.0
overlap_s4.0,overlap,6,800,2,5,Jump statistic,5,0.09693408012390137,0.9268657160926393,0.9101334102130427,0.9106961157669919,,,,,,,0,0,1.0
overlap_s4.0,overlap,6,800,2,5,Gap statistic,5,0.4050478935241699,0.9268657160926393,0.9101334102130427,0.9106961157669919,,,,,,,0,0,1.0
overlap_s4.0,overlap,6,800,2,5,X-means,8,0.05522274971008301,0.715157292010842,0.7889073332701277,0.79096901168948,,,,,,,3,3,0.0
overlap_s4.0,overlap,6,800,2,5,G-means,7,0.026998281478881836,0.7875154958671481,0.8125002143032789,0.8141261319271038,,,,,,,2,2,0.0
overlap_s4.0,overlap,6,800,2,5,dip-means,4,0.08034205436706543,0.7052966533157068,0.769841318966722,0.771010023606888,,,,,,,1,-1,0.0
overlap_s4.0,overlap,6,800,2,5,ISODATA,7,0.01957225799560547,0.7825123561336828,0.8142535129177847,0.8158648822459784,,,,,,,2,2,0.0
overlap_s4.0,overlap,6,800,2,5,MDL split/merge,5,0.03128981590270996,0.9268657160926393,0.9101334102130427,0.9106961157669919,,,,,,,0,0,1.0
overlap_s4.0,overlap,6,800,2,5,GMM+BIC,5,0.15713262557983398,0.9117676619623423,0.8940499747099272,0.8947134318651693,,,,,,,0,0,1.0
overlap_s4.0,overlap,6,800,2,5,GMM+ICL,5,0.170943021774292,0.9117676619623423,0.8940499747099272,0.8947134318651693,,,,,,,0,0,1.0
overlap_s4.0,overlap,6,800,2,5,HDBSCAN,4,0.005388975143432617,0.7285226440230148,0.8131103060245467,0.8140670686240203,,,,,,,1,-1,0.0
overlap_s4.0,overlap,6,800,2,5,Bisecting+Sil.,4,0.12972617149353027,0.7003049260550923,0.7632036111443222,0.7644045520580347,,,,,,,1,-1,0.0
overlap_s4.0,overlap,7,800,2,5,ORACLE k-means(k*),5,0.005326747894287109,0.9415169537773572,0.9209549811796678,0.9214498942013455,,,,,,,0,0,1.0
overlap_s4.0,overlap,7,800,2,5,CDK (proposed),5,2.8878226280212402,0.8262353727701115,0.8466350593921753,0.8475994765129061,5.0,5.0,44.0,19.0,0.4772727272727273,0.08750000000000001,0,0,1.0
overlap_s4.0,overlap,7,800,2,5,CDK / Gaussian null,5,3.459470272064209,0.8262353727701115,0.8466350593921753,0.8475994765129061,5.0,5.0,44.0,19.0,0.5227272727272727,0.01,0,0,1.0
overlap_s4.0,overlap,7,800,2,5,CDK / AD statistic,2,3.9496052265167236,0.17844859226180093,0.4047868598742215,0.40621956510883755,2.0,5.0,44.0,19.0,0.36363636363636365,0.34615384615384615,3,-3,0.0
overlap_s4.0,overlap,7,800,2,5,CDK / no multiplicity corr.,5,2.831158399581909,0.8262353727701115,0.8466350593921753,0.8475994765129061,5.0,5.0,44.0,19.0,0.5,0.08750000000000001,0,0,1.0
overlap_s4.0,overlap,7,800,2,5,CDK / n_min=15,2,4.0369791984558105,0.20670628881211328,0.43724316330334306,0.4385746350381191,1.0,5.0,72.0,31.0,0.25,0.10250000000000001,3,-3,0.0
overlap_s4.0,overlap,7,800,2,5,CDK / n_min=40,5,2.8063557147979736,0.8262353727701115,0.8466350593921753,0.8475994765129061,5.0,5.0,33.0,13.0,0.6666666666666666,0.005,0,0,1.0
overlap_s4.0,overlap,7,800,2,5,Silhouette,5,0.14453911781311035,0.9415169537773572,0.9209549811796678,0.9214498942013455,,,,,,,0,0,1.0
overlap_s4.0,overlap,7,800,2,5,Calinski-Har.,5,0.08397102355957031,0.9415169537773572,0.9209549811796678,0.9214498942013455,,,,,,,0,0,1.0
overlap_s4.0,overlap,7,800,2,5,Davies-Bouldin,5,0.10086870193481445,0.9415169537773572,0.9209549811796678,0.9214498942013455,,,,,,,0,0,1.0
overlap_s4.0,overlap,7,800,2,5,Elbow (Kneedle),5,0.08411526679992676,0.9415169537773572,0.9209549811796678,0.9214498942013455,,,,,,,0,0,1.0
overlap_s4.0,overlap,7,800,2,5,Jump statistic,5,0.08672499656677246,0.9415169537773572,0.9209549811796678,0.9214498942013455,,,,,,,0,0,1.0
overlap_s4.0,overlap,7,800,2,5,Gap statistic,2,0.34113049507141113,0.31906822078869007,0.48108176872383634,0.48221291765094076,,,,,,,3,-3,0.0
overlap_s4.0,overlap,7,800,2,5,X-means,10,0.04378318786621094,0.6289635175026965,0.7688098553196709,0.7715456654209034,,,,,,,5,5,0.0
overlap_s4.0,overlap,7,800,2,5,G-means,8,0.022708654403686523,0.7449087736086107,0.8024171635193053,0.8043573859198286,,,,,,,3,3,0.0
overlap_s4.0,overlap,7,800,2,5,dip-means,5,0.08666086196899414,0.9415169537773572,0.9209549811796678,0.9214498942013455,,,,,,,0,0,1.0
overlap_s4.0,overlap,7,800,2,5,ISODATA,7,0.016587018966674805,0.7877273760744019,0.8202584563983143,0.8218132408717876,,,,,,,2,2,0.0
overlap_s4.0,overlap,7,800,2,5,MDL split/merge,5,0.027386188507080078,0.9415169537773572,0.9209549811796678,0.9214498942013455,,,,,,,0,0,1.0
overlap_s4.0,overlap,7,800,2,5,GMM+BIC,5,0.13842105865478516,0.9415169537773572,0.9209549811796678,0.9214498942013455,,,,,,,0,0,1.0
overlap_s4.0,overlap,7,800,2,5,GMM+ICL,5,0.14923882484436035,0.9415169537773572,0.9209549811796678,0.9214498942013455,,,,,,,0,0,1.0
overlap_s4.0,overlap,7,800,2,5,HDBSCAN,5,0.0045032501220703125,0.9444435662302187,0.9245715826775324,0.9250438588256948,,,,,,,0,0,1.0
overlap_s4.0,overlap,7,800,2,5,Bisecting+Sil.,4,0.11935544013977051,0.6781253859653509,0.7289362420950256,0.7303029020702406,,,,,,,1,-1,0.0
overlap_s4.0,overlap,8,800,2,5,ORACLE k-means(k*),5,0.010764360427856445,0.8643097501625633,0.8327040995498666,0.8337516024172926,,,,,,,0,0,1.0
overlap_s4.0,overlap,8,800,2,5,CDK (proposed),4,3.391733407974243,0.6626392559370443,0.7369413913608523,0.7382933498033906,4.0,4.0,48.0,21.0,0.4791666666666667,0.155,1,-1,0.0
overlap_s4.0,overlap,8,800,2,5,CDK / Gaussian null,4,4.747605562210083,0.6546676100136678,0.7239052438905352,0.7253202045085254,2.0,5.0,48.0,21.0,0.4583333333333333,0.015,1,-1,0.0
overlap_s4.0,overlap,8,800,2,5,CDK / AD statistic,2,4.07129168510437,0.31578232751572294,0.4618762229576929,0.4630626316099632,2.0,4.0,48.0,21.0,0.25,0.28846153846153844,3,-3,0.0
overlap_s4.0,overlap,8,800,2,5,CDK / no multiplicity corr.,4,2.844783306121826,0.6626392559370443,0.7369413913608523,0.7382933498033906,4.0,6.0,48.0,21.0,0.4791666666666667,0.155,1,-1,0.0
overlap_s4.0,overlap,8,800,2,5,CDK / n_min=15,2,4.020742177963257,0.1751792006676558,0.3640942780292661,0.3656113761859693,1.0,4.0,63.0,28.0,0.3333333333333333,0.15,3,-3,0.0
overlap_s4.0,overlap,8,800,2,5,CDK / n_min=40,3,2.8154592514038086,0.39797915723456073,0.5949168152968449,0.596519365089476,3.0,4.0,28.0,12.0,0.6428571428571429,0.005,2,-2,0.0
overlap_s4.0,overlap,8,800,2,5,Silhouette,5,0.15104985237121582,0.8643097501625633,0.8327040995498666,0.8337516024172926,,,,,,,0,0,1.0
overlap_s4.0,overlap,8,800,2,5,Calinski-Har.,5,0.09025406837463379,0.8643097501625633,0.8327040995498666,0.8337516024172926,,,,,,,0,0,1.0
overlap_s4.0,overlap,8,800,2,5,Davies-Bouldin,5,0.10384845733642578,0.8643097501625633,0.8327040995498666,0.8337516024172926,,,,,,,0,0,1.0
overlap_s4.0,overlap,8,800,2,5,Elbow (Kneedle),5,0.0903019905090332,0.8643097501625633,0.8327040995498666,0.8337516024172926,,,,,,,0,0,1.0
overlap_s4.0,overlap,8,800,2,5,Jump statistic,5,0.09020566940307617,0.8643097501625633,0.8327040995498666,0.8337516024172926,,,,,,,0,0,1.0
overlap_s4.0,overlap,8,800,2,5,Gap statistic,3,0.3409841060638428,0.4554821174921317,0.5599449674829085,0.561580747936195,,,,,,,2,-2,0.0
overlap_s4.0,overlap,8,800,2,5,X-means,6,0.027274370193481445,0.7939607055591675,0.7952416327364215,0.7967750234149339,,,,,,,1,1,0.0
overlap_s4.0,overlap,8,800,2,5,G-means,6,0.028913259506225586,0.7906948233224388,0.7959537282577349,0.7974808558040013,,,,,,,1,1,0.0
overlap_s4.0,overlap,8,800,2,5,dip-means,1,0.013576984405517578,0.0,0.0,0.0,,,,,,,4,-4,0.0
overlap_s4.0,overlap,8,800,2,5,ISODATA,7,0.017317533493041992,0.7238083825958005,0.7619270874305271,0.7639816163240296,,,,,,,2,2,0.0
overlap_s4.0,overlap,8,800,2,5,MDL split/merge,5,0.027229785919189453,0.8643097501625633,0.8327040995498666,0.8337516024172926,,,,,,,0,0,1.0
overlap_s4.0,overlap,8,800,2,5,GMM+BIC,5,0.146653413772583,0.8614483487376235,0.8309823701586179,0.8320407638736709,,,,,,,0,0,1.0
overlap_s4.0,overlap,8,800,2,5,GMM+ICL,5,0.1500544548034668,0.8614483487376235,0.8309823701586179,0.8320407638736709,,,,,,,0,0,1.0
overlap_s4.0,overlap,8,800,2,5,HDBSCAN,5,0.0045588016510009766,0.838838861024362,0.8105276830802333,0.8117144632496337,,,,,,,0,0,1.0
overlap_s4.0,overlap,8,800,2,5,Bisecting+Sil.,6,0.11277294158935547,0.7727975548821818,0.7793834789661526,0.7810355950116729,,,,,,,1,1,0.0
overlap_s4.0,overlap,9,800,2,5,ORACLE k-means(k*),5,0.004840373992919922,0.9300547499056389,0.9112631998291378,0.9118187973592555,,,,,,,0,0,1.0
overlap_s4.0,overlap,9,800,2,5,CDK (proposed),5,2.7961795330047607,0.9074034406511199,0.9009987821497049,0.9016188486841646,5.0,5.0,45.0,20.0,0.4666666666666667,0.04,0,0,1.0
overlap_s4.0,overlap,9,800,2,5,CDK / Gaussian null,5,3.80928373336792,0.9074034406511199,0.9009987821497049,0.9016188486841646,3.0,6.0,45.0,20.0,0.4888888888888889,0.015,0,0,1.0
overlap_s4.0,overlap,9,800,2,5,CDK / AD statistic,3,3.5506250858306885,0.4626370441798118,0.69187756199794,0.6930875773443,3.0,4.0,45.0,20.0,0.28888888888888886,0.38461538461538464,2,-2,0.0
overlap_s4.0,overlap,9,800,2,5,CDK / no multiplicity corr.,5,2.7676823139190674,0.9074034406511199,0.9009987821497049,0.9016188486841646,5.0,5.0,45.0,20.0,0.5333333333333333,0.04,0,0,1.0
overlap_s4.0,overlap,9,800,2,5,CDK / n_min=15,2,3.5022478103637695,0.17346060497727478,0.40179214717655576,0.40323608322910715,2.0,4.0,74.0,32.0,0.25675675675675674,0.2692307692307692,3,-3,0.0
overlap_s4.0,overlap,9,800,2,5,CDK / n_min=40,5,3.248218297958374,0.9074034406511199,0.9009987821497047,0.9016188486841644,5.0,5.0,32.0,13.0,0.65625,0.005,0,0,1.0
overlap_s4.0,overlap,9,800,2,5,Silhouette,5,0.19108939170837402,0.9300547499056389,0.9112631998291378,0.9118187973592555,,,,,,,0,0,1.0
overlap_s4.0,overlap,9,800,2,5,Calinski-Har.,5,0.11571383476257324,0.9300547499056389,0.9112631998291378,0.9118187973592555,,,,,,,0,0,1.0
overlap_s4.0,overlap,9,800,2,5,Davies-Bouldin,5,0.1309053897857666,0.9300547499056389,0.9112631998291378,0.9118187973592555,,,,,,,0,0,1.0
overlap_s4.0,overlap,9,800,2,5,Elbow (Kneedle),5,0.11120772361755371,0.9300547499056389,0.9112631998291378,0.9118187973592555,,,,,,,0,0,1.0
overlap_s4.0,overlap,9,800,2,5,Jump statistic,5,0.1117866039276123,0.9300547499056389,0.9112631998291378,0.9118187973592555,,,,,,,0,0,1.0
overlap_s4.0,overlap,9,800,2,5,Gap statistic,3,0.4267563819885254,0.505718631958012,0.6217616193369115,0.623171413430046,,,,,,,2,-2,0.0
overlap_s4.0,overlap,9,800,2,5,X-means,6,0.03266167640686035,0.8746918579205267,0.8801014566875108,0.8810014308206556,,,,,,,1,1,0.0
overlap_s4.0,overlap,9,800,2,5,G-means,6,0.03163409233093262,0.8768044890681664,0.8835789024176569,0.884450621951085,,,,,,,1,1,0.0
overlap_s4.0,overlap,9,800,2,5,dip-means,1,0.017685651779174805,0.0,0.0,0.0,,,,,,,4,-4,0.0
overlap_s4.0,overlap,9,800,2,5,ISODATA,7,0.020469188690185547,0.7995700192168765,0.8376993746374448,0.8391053062871793,,,,,,,2,2,0.0
overlap_s4.0,overlap,9,800,2,5,MDL split/merge,5,0.033509254455566406,0.9300547499056389,0.9112631998291378,0.9118187973592555,,,,,,,0,0,1.0
overlap_s4.0,overlap,9,800,2,5,GMM+BIC,5,0.1882781982421875,0.9297677951678607,0.9113763245764952,0.9119312392229564,,,,,,,0,0,1.0
overlap_s4.0,overlap,9,800,2,5,GMM+ICL,5,0.1911313533782959,0.9297677951678607,0.9113763245764952,0.9119312392229564,,,,,,,0,0,1.0
overlap_s4.0,overlap,9,800,2,5,HDBSCAN,5,0.005703926086425781,0.9389340051465961,0.9206214036830537,0.9211183989363304,,,,,,,0,0,1.0
overlap_s4.0,overlap,9,800,2,5,Bisecting+Sil.,4,0.12966465950012207,0.7067724140273481,0.7823236966541123,0.7834268271967268,,,,,,,1,-1,0.0
overlap_s3.0,overlap,0,800,2,5,ORACLE k-means(k*),5,0.009813308715820312,0.8015194960621442,0.77546792871043,0.776873827619749,,,,,,,0,0,1.0
overlap_s3.0,overlap,0,800,2,5,CDK (proposed),1,2.9263017177581787,0.0,0.0,0.0,1.0,1.0,46.0,19.0,0.45652173913043476,0.02,4,-4,0.0
overlap_s3.0,overlap,0,800,2,5,CDK / Gaussian null,3,4.1309826374053955,0.46498173984426006,0.6103354917637092,0.6118183537907975,1.0,5.0,46.0,19.0,0.5434782608695652,0.01,2,-2,0.0
overlap_s3.0,overlap,0,800,2,5,CDK / AD statistic,1,4.947561264038086,0.0,0.0,0.0,1.0,2.0,46.0,19.0,0.2608695652173913,0.23095238095238096,4,-4,0.0
overlap_s3.0,overlap,0,800,2,5,CDK / no multiplicity corr.,1,3.4725050926208496,0.0,0.0,0.0,1.0,4.0,46.0,19.0,0.5434782608695652,0.02,4,-4,0.0
overlap_s3.0,overlap,0,800,2,5,CDK / n_min=15,1,4.048240423202515,0.0,0.0,0.0,1.0,2.0,66.0,28.0,0.30303030303030304,0.155,4,-4,0.0
overlap_s3.0,overlap,0,800,2,5,CDK / n_min=40,2,3.378364086151123,0.13533626086428008,0.3246197584437663,0.3262675726194283,2.0,3.0,30.0,12.0,0.6,0.005,3,-3,0.0
overlap_s3.0,overlap,0,800,2,5,Silhouette,5,0.17626237869262695,0.8015194960621442,0.77546792871043,0.776873827619749,,,,,,,0,0,1.0
overlap_s3.0,overlap,0,800,2,5,Calinski-Har.,5,0.11512541770935059,0.8015194960621442,0.77546792871043,0.776873827619749,,,,,,,0,0,1.0
overlap_s3.0,overlap,0,800,2,5,Davies-Bouldin,5,0.1297285556793213,0.8015194960621442,0.77546792871043,0.776873827619749,,,,,,,0,0,1.0
overlap_s3.0,overlap,0,800,2,5,Elbow (Kneedle),5,0.12054109573364258,0.8015194960621442,0.77546792871043,0.776873827619749,,,,,,,0,0,1.0
overlap_s3.0,overlap,0,800,2,5,Jump statistic,5,0.11450839042663574,0.8015194960621442,0.77546792871043,0.776873827619749,,,,,,,0,0,1.0
overlap_s3.0,overlap,0,800,2,5,Gap statistic,3,0.39253759384155273,0.43374528626276204,0.5427709612864944,0.5444791190342568,,,,,,,2,-2,0.0
overlap_s3.0,overlap,0,800,2,5,X-means,5,0.03073859214782715,0.8015194960621442,0.77546792871043,0.776873827619749,,,,,,,0,0,1.0
overlap_s3.0,overlap,0,800,2,5,G-means,6,0.03925275802612305,0.7314284109314098,0.7403289641378584,0.7422633605396353,,,,,,,1,1,0.0
overlap_s3.0,overlap,0,800,2,5,dip-means,1,0.017261981964111328,0.0,0.0,0.0,,,,,,,4,-4,0.0
overlap_s3.0,overlap,0,800,2,5,ISODATA,7,0.02227783203125,0.6871167924614505,0.733063265093397,0.735362968667839,,,,,,,2,2,0.0
overlap_s3.0,overlap,0,800,2,5,MDL split/merge,5,0.03622245788574219,0.7992240837384742,0.7732774547798449,0.7746971015738674,,,,,,,0,0,1.0
overlap_s3.0,overlap,0,800,2,5,GMM+BIC,5,0.18151116371154785,0.8044542435728436,0.7821157100069394,0.7834801949913676,,,,,,,0,0,1.0
overlap_s3.0,overlap,0,800,2,5,GMM+ICL,5,0.1841275691986084,0.8044542435728436,0.7821157100069394,0.7834801949913676,,,,,,,0,0,1.0
overlap_s3.0,overlap,0,800,2,5,HDBSCAN,5,0.005301952362060547,0.7918084148450193,0.7684368718150378,0.769887072211071,,,,,,,0,0,1.0
overlap_s3.0,overlap,0,800,2,5,Bisecting+Sil.,4,0.1349468231201172,0.6288128320691807,0.6672655873071983,0.6689447290383377,,,,,,,1,-1,0.0
overlap_s3.0,overlap,1,800,2,5,ORACLE k-means(k*),5,0.0077288150787353516,0.7906607060612781,0.7739480902642468,0.7753637496134841,,,,,,,0,0,1.0
overlap_s3.0,overlap,1,800,2,5,CDK (proposed),2,3.3661394119262695,0.13921993827963197,0.30155860348257313,0.30323978384873845,1.0,5.0,49.0,22.0,0.3877551020408163,0.06,3,-3,0.0
overlap_s3.0,overlap,1,800,2,5,CDK / Gaussian null,1,4.33441948890686,0.0,0.0,0.0,1.0,8.0,49.0,22.0,0.40816326530612246,0.025,4,-4,0.0
overlap_s3.0,overlap,1,800,2,5,CDK / AD statistic,1,3.903451442718506,0.0,0.0,0.0,1.0,1.0,49.0,22.0,0.2653061224489796,0.3076923076923077,4,-4,0.0
overlap_s3.0,overlap,1,800,2,5,CDK / no multiplicity corr.,4,3.724374771118164,0.46553038103864625,0.5797511433943013,0.5819512115979661,2.0,7.0,49.0,22.0,0.4897959183673469,0.06,1,-1,0.0
overlap_s3.0,overlap,1,800,2,5,CDK / n_min=15,1,5.024998426437378,0.0,0.0,0.0,1.0,1.0,70.0,29.0,0.24285714285714285,0.13,4,-4,0.0
overlap_s3.0,overlap,1,800,2,5,CDK / n_min=40,3,3.761350154876709,0.2511831835211732,0.48199468603417384,0.4841314102954575,3.0,4.0,30.0,12.0,0.6333333333333333,0.005,2,-2,0.0
overlap_s3.0,overlap,1,800,2,5,Silhouette,5,0.2023916244506836,0.7906607060612781,0.7739480902642468,0.7753637496134841,,,,,,,0,0,1.0
overlap_s3.0,overlap,1,800,2,5,Calinski-Har.,5,0.1225273609161377,0.7906607060612781,0.7739480902642468,0.7753637496134841,,,,,,,0,0,1.0
overlap_s3.0,overlap,1,800,2,5,Davies-Bouldin,5,0.13850951194763184,0.7906607060612781,0.7739480902642468,0.7753637496134841,,,,,,,0,0,1.0
overlap_s3.0,overlap,1,800,2,5,Elbow (Kneedle),5,0.12422633171081543,0.7906607060612781,0.7739480902642468,0.7753637496134841,,,,,,,0,0,1.0
overlap_s3.0,overlap,1,800,2,5,Jump statistic,5,0.12604665756225586,0.7906607060612781,0.7739480902642468,0.7753637496134841,,,,,,,0,0,1.0
overlap_s3.0,overlap,1,800,2,5,Gap statistic,3,0.4446709156036377,0.4633740170042955,0.566090943997903,0.567716132509191,,,,,,,2,-2,0.0
overlap_s3.0,overlap,1,800,2,5,X-means,6,0.033194780349731445,0.7014006023877585,0.7167577819442345,0.7188691003007183,,,,,,,1,1,0.0
overlap_s3.0,overlap,1,800,2,5,G-means,5,0.02962327003479004,0.7879548121619057,0.7717171701803464,0.7731468330206851,,,,,,,0,0,1.0
overlap_s3.0,overlap,1,800,2,5,dip-means,1,0.015822887420654297,0.0,0.0,0.0,,,,,,,4,-4,0.0
overlap_s3.0,overlap,1,800,2,5,ISODATA,7,0.021038293838500977,0.6268982876206904,0.6862745776760982,0.6889722867036093,,,,,,,2,2,0.0
overlap_s3.0,overlap,1,800,2,5,MDL split/merge,4,0.023230791091918945,0.6174066915961918,0.6646211941679175,0.666314680212771,,,,,,,1,-1,0.0
overlap_s3.0,overlap,1,800,2,5,GMM+BIC,4,0.16128039360046387,0.6271127660908026,0.6968553937735568,0.6983943469210703,,,,,,,1,-1,0.0
overlap_s3.0,overlap,1,800,2,5,GMM+ICL,3,0.17545008659362793,0.5116467551610857,0.638189855041349,0.6395579085641648,,,,,,,2,-2,0.0
overlap_s3.0,overlap,1,800,2,5,HDBSCAN,2,0.005276679992675781,0.1993745954472495,0.39124971388734786,0.39267359260059526,,,,,,,3,-3,0.0
overlap_s3.0,overlap,1,800,2,5,Bisecting+Sil.,3,0.12953996658325195,0.4410717696888477,0.5355935543915473,0.5373333862444445,,,,,,,2,-2,0.0
overlap_s3.0,overlap,2,800,2,5,ORACLE k-means(k*),5,0.00765228271484375,0.7445797412023062,0.7267674938269143,0.7284791874025947,,,,,,,0,0,1.0
overlap_s3.0,overlap,2,800,2,5,CDK (proposed),1,3.8650290966033936,0.0,0.0,0.0,1.0,3.0,52.0,22.0,0.34615384615384615,0.0875,4,-4,0.0
overlap_s3.0,overlap,2,800,2,5,CDK / Gaussian null,1,5.028790473937988,0.0,0.0,0.0,1.0,6.0,52.0,22.0,0.38461538461538464,0.03,4,-4,0.0
overlap_s3.0,overlap,2,800,2,5,CDK / AD statistic,1,4.240404367446899,0.0,0.0,0.0,1.0,1.0,52.0,22.0,0.23076923076923078,0.2692307692307692,4,-4,0.0
overlap_s3.0,overlap,2,800,2,5,CDK / no multiplicity corr.,2,3.7204840183258057,0.13773229059156103,0.3078890505426799,0.30956122275524756,1.0,5.0,52.0,22.0,0.46153846153846156,0.0875,3,-3,0.0
overlap_s3.0,overlap,2,800,2,5,CDK / n_min=15,1,3.989269495010376,0.0,0.0,0.0,1.0,1.0,85.0,35.0,0.15294117647058825,0.3076923076923077,4,-4,0.0
overlap_s3.0,overlap,2,800,2,5,CDK / n_min=40,3,3.2997729778289795,0.1839772715775048,0.3859614838070699,0.3885305836804928,2.0,3.0,33.0,13.0,0.6060606060606061,0.005,2,-2,0.0
overlap_s3.0,overlap,2,800,2,5,Silhouette,2,0.16502904891967773,0.30878244615543005,0.4535354330368779,0.4547265734371555,,,,,,,3,-3,0.0
overlap_s3.0,overlap,2,800,2,5,Calinski-Har.,5,0.0938711166381836,0.7445797412023062,0.7267674938269143,0.7284791874025947,,,,,,,0,0,1.0
overlap_s3.0,overlap,2,800,2,5,Davies-Bouldin,5,0.10256671905517578,0.7445797412023062,0.7267674938269143,0.7284791874025947,,,,,,,0,0,1.0
overlap_s3.0,overlap,2,800,2,5,Elbow (Kneedle),5,0.09174156188964844,0.7445797412023062,0.7267674938269143,0.7284791874025947,,,,,,,0,0,1.0
overlap_s3.0,overlap,2,800,2,5,Jump statistic,5,0.09151315689086914,0.7445797412023062,0.7267674938269143,0.7284791874025947,,,,,,,0,0,1.0
overlap_s3.0,overlap,2,800,2,5,Gap statistic,2,0.3448035717010498,0.30878244615543005,0.4535354330368779,0.4547265734371555,,,,,,,3,-3,0.0
overlap_s3.0,overlap,2,800,2,5,X-means,2,0.009727239608764648,0.30878244615543005,0.4535354330368779,0.4547265734371555,,,,,,,3,-3,0.0
overlap_s3.0,overlap,2,800,2,5,G-means,5,0.02556300163269043,0.7527225993894342,0.7339863490875536,0.7356527590844328,,,,,,,0,0,1.0
overlap_s3.0,overlap,2,800,2,5,dip-means,1,0.013512611389160156,0.0,0.0,0.0,,,,,,,4,-4,0.0
overlap_s3.0,overlap,2,800,2,5,ISODATA,7,0.017514944076538086,0.5889512676937101,0.6574674496309703,0.6603998114309677,,,,,,,2,2,0.0
overlap_s3.0,overlap,2,800,2,5,MDL split/merge,5,0.028549909591674805,0.7445797412023062,0.7267674938269143,0.7284791874025947,,,,,,,0,0,1.0
overlap_s3.0,overlap,2,800,2,5,GMM+BIC,4,0.1513521671295166,0.60029158099007,0.6481251812809494,0.6499064396308443,,,,,,,1,-1,0.0
overlap_s3.0,overlap,2,800,2,5,GMM+ICL,2,0.14983129501342773,0.31784177981182354,0.47150813502243116,0.4726606525390874,,,,,,,3,-3,0.0
overlap_s3.0,overlap,2,800,2,5,HDBSCAN,4,0.004643440246582031,0.618375908137655,0.663799157327533,0.66550774757707,,,,,,,1,-1,0.0
overlap_s3.0,overlap,2,800,2,5,Bisecting+Sil.,2,0.11726975440979004,0.3161466700631524,0.4692585365953731,0.4704156510016747,,,,,,,3,-3,0.0
overlap_s3.0,overlap,3,800,2,5,ORACLE k-means(k*),5,0.006757020950317383,0.7714352902620885,0.742011806528658,0.7436274080986058,,,,,,,0,0,1.0
overlap_s3.0,overlap,3,800,2,5,CDK (proposed),1,3.4864602088928223,0.0,0.0,0.0,1.0,2.0,46.0,20.0,0.34782608695652173,0.085,4,-4,0.0
overlap_s3.0,overlap,3,800,2,5,CDK / Gaussian null,2,4.776217460632324,0.11404363253893342,0.2760949331511355,0.2778665801008831,1.0,6.0,46.0,20.0,0.45652173913043476,0.015,3,-3,0.0
overlap_s3.0,overlap,3,800,2,5,CDK / AD statistic,1,4.517685651779175,0.0,0.0,0.0,1.0,1.0,46.0,20.0,0.1956521739130435,0.26424501424501423,4,-4,0.0
overlap_s3.0,overlap,3,800,2,5,CDK / no multiplicity corr.,1,3.02303147315979,0.0,0.0,0.0,1.0,6.0,46.0,20.0,0.45652173913043476,0.085,4,-4,0.0
overlap_s3.0,overlap,3,800,2,5,CDK / n_min=15,1,3.8642470836639404,0.0,0.0,0.0,1.0,1.0,74.0,31.0,0.24324324324324326,0.19,4,-4,0.0
overlap_s3.0,overlap,3,800,2,5,CDK / n_min=40,2,3.0001320838928223,0.29748213507365207,0.40600033646784356,0.40730298316665625,2.0,4.0,32.0,13.0,0.625,0.005,3,-3,0.0
overlap_s3.0,overlap,3,800,2,5,Silhouette,5,0.15461182594299316,0.7714352902620885,0.742011806528658,0.7436274080986058,,,,,,,0,0,1.0
overlap_s3.0,overlap,3,800,2,5,Calinski-Har.,5,0.09549283981323242,0.7714352902620885,0.742011806528658,0.7436274080986058,,,,,,,0,0,1.0
overlap_s3.0,overlap,3,800,2,5,Davies-Bouldin,5,0.10576176643371582,0.7714352902620885,0.742011806528658,0.7436274080986058,,,,,,,0,0,1.0
overlap_s3.0,overlap,3,800,2,5,Elbow (Kneedle),5,0.10271644592285156,0.7714352902620885,0.742011806528658,0.7436274080986058,,,,,,,0,0,1.0
overlap_s3.0,overlap,3,800,2,5,Jump statistic,5,0.09787106513977051,0.7714352902620885,0.742011806528658,0.7436274080986058,,,,,,,0,0,1.0
overlap_s3.0,overlap,3,800,2,5,Gap statistic,3,0.3627495765686035,0.4220394763673234,0.5200210427077303,0.5218028994633606,,,,,,,2,-2,0.0
overlap_s3.0,overlap,3,800,2,5,X-means,3,0.017441511154174805,0.4220394763673234,0.5200210427077303,0.5218028994633606,,,,,,,2,-2,0.0
overlap_s3.0,overlap,3,800,2,5,G-means,6,0.027307987213134766,0.674298022822086,0.6905903000275359,0.6928952559991669,,,,,,,1,1,0.0
overlap_s3.0,overlap,3,800,2,5,dip-means,1,0.013604164123535156,0.0,0.0,0.0,,,,,,,4,-4,0.0
overlap_s3.0,overlap,3,800,2,5,ISODATA,7,0.01752781867980957,0.602234775491936,0.6563801607764043,0.6593247868028572,,,,,,,2,2,0.0
overlap_s3.0,overlap,3,800,2,5,MDL split/merge,5,0.031047821044921875,0.7714352902620885,0.742011806528658,0.7436274080986058,,,,,,,0,0,1.0
overlap_s3.0,overlap,3,800,2,5,GMM+BIC,4,0.13768744468688965,0.6057314428905066,0.6509991744986524,0.6527754877051872,,,,,,,1,-1,0.0
overlap_s3.0,overlap,3,800,2,5,GMM+ICL,4,0.14980673789978027,0.6057314428905066,0.6509991744986524,0.6527754877051872,,,,,,,1,-1,0.0
overlap_s3.0,overlap,3,800,2,5,HDBSCAN,2,0.004986763000488281,0.17726363467922351,0.3297681210163957,0.33132170999176785,,,,,,,3,-3,0.0
overlap_s3.0,overlap,3,800,2,5,Bisecting+Sil.,2,0.11653256416320801,0.28090890762466936,0.39582275204925427,0.39713970646967056,,,,,,,3,-3,0.0
overlap_s3.0,overlap,4,800,2,5,ORACLE k-means(k*),5,0.006218433380126953,0.7196415404490313,0.7041372743402399,0.7059916006201534,,,,,,,0,0,1.0
overlap_s3.0,overlap,4,800,2,5,CDK (proposed),3,2.8838210105895996,0.35255203048236233,0.5161963593985291,0.5181032682215698,2.0,4.0,46.0,20.0,0.3695652173913043,0.052500000000000005,2,-2,0.0
overlap_s3.0,overlap,4,800,2,5,CDK / Gaussian null,3,4.362132787704468,0.35255203048236233,0.5161963593985291,0.5181032682215698,1.0,6.0,46.0,20.0,0.4782608695652174,0.015,2,-2,0.0
overlap_s3.0,overlap,4,800,2,5,CDK / AD statistic,1,4.237190246582031,0.0,0.0,0.0,1.0,2.0,46.0,20.0,0.15217391304347827,0.3653846153846154,4,-4,0.0
overlap_s3.0,overlap,4,800,2,5,CDK / no multiplicity corr.,4,3.5507760047912598,0.5496465979108013,0.6208691846206977,0.622824596045404,3.0,6.0,46.0,20.0,0.5,0.052500000000000005,1,-1,0.0
overlap_s3.0,overlap,4,800,2,5,CDK / n_min=15,1,3.8030948638916016,0.0,0.0,0.0,1.0,3.0,67.0,29.0,0.22388059701492538,0.2,4,-4,0.0
overlap_s3.0,overlap,4,800,2,5,CDK / n_min=40,2,3.5758283138275146,0.13880908376651907,0.3184055834188675,0.3200586778237897,1.0,2.0,29.0,12.0,0.4827586206896552,0.015,3,-3,0.0
overlap_s3.0,overlap,4,800,2,5,Silhouette,5,0.1810436248779297,0.7196415404490313,0.7041372743402399,0.7059916006201534,,,,,,,0,0,1.0
overlap_s3.0,overlap,4,800,2,5,Calinski-Har.,5,0.1185460090637207,0.7196415404490313,0.7041372743402399,0.7059916006201534,,,,,,,0,0,1.0
overlap_s3.0,overlap,4,800,2,5,Davies-Bouldin,5,0.13705229759216309,0.7196415404490313,0.7041372743402399,0.7059916006201534,,,,,,,0,0,1.0
overlap_s3.0,overlap,4,800,2,5,Elbow (Kneedle),5,0.12292718887329102,0.7196415404490313,0.7041372743402399,0.7059916006201534,,,,,,,0,0,1.0
overlap_s3.0,overlap,4,800,2,5,Jump statistic,5,0.1244351863861084,0.7196415404490313,0.7041372743402399,0.7059916006201534,,,,,,,0,0,1.0
overlap_s3.0,overlap,4,800,2,5,Gap statistic,2,0.42020392417907715,0.2691854336915942,0.3801675051404277,0.3815192152708167,,,,,,,3,-3,0.0
overlap_s3.0,overlap,4,800,2,5,X-means,6,0.031919240951538086,0.651099459578563,0.6708635293046555,0.6733198160311866,,,,,,,1,1,0.0
overlap_s3.0,overlap,4,800,2,5,G-means,6,0.03609824180603027,0.6257232194884343,0.6542569252359031,0.6568324718083104,,,,,,,1,1,0.0
overlap_s3.0,overlap,4,800,2,5,dip-means,1,0.01633477210998535,0.0,0.0,0.0,,,,,,,4,-4,0.0
overlap_s3.0,overlap,4,800,2,5,ISODATA,7,0.020934343338012695,0.5717180982542739,0.6332127147432076,0.6363557906737354,,,,,,,2,2,0.0
overlap_s3.0,overlap,4,800,2,5,MDL split/merge,5,0.03449869155883789,0.7198567195717058,0.7043972360265525,0.7062498790396773,,,,,,,0,0,1.0
overlap_s3.0,overlap,4,800,2,5,GMM+BIC,4,0.20135712623596191,0.5797026948461336,0.6295472031365843,0.6314247252789708,,,,,,,1,-1,0.0
overlap_s3.0,overlap,4,800,2,5,GMM+ICL,2,0.23316287994384766,0.27131778384945376,0.38229482935697234,0.38364213083119525,,,,,,,3,-3,0.0
overlap_s3.0,overlap,4,800,2,5,HDBSCAN,4,0.005728244781494141,0.5484860289856969,0.6009513199606,0.6029947154936718,,,,,,,1,-1,0.0
overlap_s3.0,overlap,4,800,2,5,Bisecting+Sil.,2,0.14007878303527832,0.2691854336915942,0.3801675051404277,0.3815192152708167,,,,,,,3,-3,0.0
overlap_s3.0,overlap,5,800,2,5,ORACLE k-means(k*),5,0.005839824676513672,0.8056870007877611,0.7827696419490722,0.7841302270830273,,,,,,,0,0,1.0
overlap_s3.0,overlap,5,800,2,5,CDK (proposed),1,3.3477203845977783,0.0,0.0,0.0,1.0,2.0,49.0,20.0,0.3673469387755102,0.055,4,-4,0.0
overlap_s3.0,overlap,5,800,2,5,CDK / Gaussian null,2,5.486622095108032,0.17058909049805024,0.3417956466400378,0.3433504618698468,1.0,5.0,49.0,20.0,0.4897959183673469,0.02,3,-3,0.0
overlap_s3.0,overlap,5,800,2,5,CDK / AD statistic,1,4.564053297042847,0.0,0.0,0.0,1.0,1.0,49.0,20.0,0.24489795918367346,0.3076923076923077,4,-4,0.0
overlap_s3.0,overlap,5,800,2,5,CDK / no multiplicity corr.,2,3.747312307357788,0.17058909049805024,0.3417956466400378,0.3433504618698468,1.0,3.0,49.0,20.0,0.4897959183673469,0.055,3,-3,0.0
overlap_s3.0,overlap,5,800,2,5,CDK / n_min=15,1,4.0978007316589355,0.0,0.0,0.0,1.0,1.0,64.0,27.0,0.28125,0.15,4,-4,0.0
overlap_s3.0,overlap,5,800,2,5,CDK / n_min=40,1,3.416883945465088,0.0,0.0,0.0,1.0,4.0,26.0,11.0,0.5769230769230769,0.005,4,-4,0.0
overlap_s3.0,overlap,5,800,2,5,Silhouette,5,0.16195893287658691,0.8056870007877611,0.7827696419490722,0.7841302270830273,,,,,,,0,0,1.0
overlap_s3.0,overlap,5,800,2,5,Calinski-Har.,5,0.09091782569885254,0.8056870007877611,0.7827696419490722,0.7841302270830273,,,,,,,0,0,1.0
overlap_s3.0,overlap,5,800,2,5,Davies-Bouldin,5,0.10724663734436035,0.8056870007877611,0.7827696419490722,0.7841302270830273,,,,,,,0,0,1.0
overlap_s3.0,overlap,5,800,2,5,Elbow (Kneedle),5,0.10372209548950195,0.8056870007877611,0.7827696419490722,0.7841302270830273,,,,,,,0,0,1.0
overlap_s3.0,overlap,5,800,2,5,Jump statistic,5,0.10625410079956055,0.8056870007877611,0.7827696419490722,0.7841302270830273,,,,,,,0,0,1.0
overlap_s3.0,overlap,5,800,2,5,Gap statistic,3,0.37145376205444336,0.43561874636498876,0.5406042818156136,0.5423101455386113,,,,,,,2,-2,0.0
overlap_s3.0,overlap,5,800,2,5,X-means,5,0.028482913970947266,0.8056870007877611,0.7827696419490722,0.7841302270830273,,,,,,,0,0,1.0
overlap_s3.0,overlap,5,800,2,5,G-means,5,0.025909900665283203,0.7873323462937951,0.7709282550960042,0.7723633565751826,,,,,,,0,0,1.0
overlap_s3.0,overlap,5,800,2,5,dip-means,1,0.015272855758666992,0.0,0.0,0.0,,,,,,,4,-4,0.0
overlap_s3.0,overlap,5,800,2,5,ISODATA,7,0.018776655197143555,0.6549534560370861,0.7136229361016373,0.7160845159292513,,,,,,,2,2,0.0
overlap_s3.0,overlap,5,800,2,5,MDL split/merge,5,0.0290529727935791,0.8056870007877611,0.7827696419490722,0.7841302270830273,,,,,,,0,0,1.0
overlap_s3.0,overlap,5,800,2,5,GMM+BIC,4,0.15268802642822266,0.6620854330953813,0.7179024581904474,0.7193394695032282,,,,,,,1,-1,0.0
overlap_s3.0,overlap,5,800,2,5,GMM+ICL,2,0.16241240501403809,0.3189433567825316,0.4573545677201164,0.45854648111902174,,,,,,,3,-3,0.0
overlap_s3.0,overlap,5,800,2,5,HDBSCAN,5,0.005056619644165039,0.7894763398134562,0.770185224648387,0.7716255144381822,,,,,,,0,0,1.0
overlap_s3.0,overlap,5,800,2,5,Bisecting+Sil.,4,0.1109764575958252,0.6373621953052951,0.6810692683897142,0.6826838928233921,,,,,,,1,-1,0.0
overlap_s3.0,overlap,6,800,2,5,ORACLE k-means(k*),5,0.007875680923461914,0.7381724735129735,0.7176880761196058,0.719456825832095,,,,,,,0,0,1.0
overlap_s3.0,overlap,6,800,2,5,CDK (proposed),1,3.9485127925872803,0.0,0.0,0.0,1.0,1.0,48.0,19.0,0.4166666666666667,0.07250000000000001,4,-4,0.0
overlap_s3.0,overlap,6,800,2,5,CDK / Gaussian null,1,4.755085706710815,0.0,0.0,0.0,1.0,7.0,48.0,19.0,0.5208333333333334,0.01,4,-4,0.0
overlap_s3.0,overlap,6,800,2,5,CDK / AD statistic,1,3.4285788536071777,0.0,0.0,0.0,1.0,1.0,48.0,19.0,0.22916666666666666,0.46153846153846156,4,-4,0.0
overlap_s3.0,overlap,6,800,2,5,CDK / no multiplicity corr.,1,3.2236292362213135,0.0,0.0,0.0,1.0,6.0,48.0,19.0,0.4583333333333333,0.07250000000000001,4,-4,0.0
overlap_s3.0,overlap,6,800,2,5,CDK / n_min=15,1,3.8655803203582764,0.0,0.0,0.0,1.0,2.0,77.0,32.0,0.2077922077922078,0.225,4,-4,0.0
overlap_s3.0,overlap,6,800,2,5,CDK / n_min=40,1,3.1732959747314453,0.0,0.0,0.0,1.0,2.0,33.0,13.0,0.5151515151515151,0.005,4,-4,0.0
overlap_s3.0,overlap,6,800,2,5,Silhouette,5,0.1493992805480957,0.7381724735129735,0.7176880761196058,0.719456825832095,,,,,,,0,0,1.0
overlap_s3.0,overlap,6,800,2,5,Calinski-Har.,5,0.09132242202758789,0.7381724735129735,0.7176880761196058,0.719456825832095,,,,,,,0,0,1.0
overlap_s3.0,overlap,6,800,2,5,Davies-Bouldin,5,0.10226249694824219,0.7381724735129735,0.7176880761196058,0.719456825832095,,,,,,,0,0,1.0
overlap_s3.0,overlap,6,800,2,5,Elbow (Kneedle),5,0.0976557731628418,0.7381724735129735,0.7176880761196058,0.719456825832095,,,,,,,0,0,1.0
overlap_s3.0,overlap,6,800,2,5,Jump statistic,5,0.09205365180969238,0.7381724735129735,0.7176880761196058,0.719456825832095,,,,,,,0,0,1.0
overlap_s3.0,overlap,6,800,2,5,Gap statistic,3,0.33676910400390625,0.40359967218423487,0.5017435225109657,0.5035988694834267,,,,,,,2,-2,0.0
overlap_s3.0,overlap,6,800,2,5,X-means,4,0.02286219596862793,0.5948537281346266,0.6408023070166854,0.6426239200776972,,,,,,,1,-1,0.0
overlap_s3.0,overlap,6,800,2,5,G-means,5,0.024277687072753906,0.7379053224846475,0.7173674135187112,0.7191381337155534,,,,,,,0,0,1.0
overlap_s3.0,overlap,6,800,2,5,dip-means,1,0.013567447662353516,0.0,0.0,0.0,,,,,,,4,-4,0.0
overlap_s3.0,overlap,6,800,2,5,ISODATA,7,0.017075061798095703,0.5949350804057831,0.6569709527254513,0.6599090297096755,,,,,,,2,2,0.0
overlap_s3.0,overlap,6,800,2,5,MDL split/merge,5,0.02865886688232422,0.7352784003529722,0.7154735792617639,0.7172563036197984,,,,,,,0,0,1.0
overlap_s3.0,overlap,6,800,2,5,GMM+BIC,4,0.16183018684387207,0.5817451137844268,0.6697840480073989,0.671492535771538,,,,,,,1,-1,0.0
overlap_s3.0,overlap,6,800,2,5,GMM+ICL,4,0.18485760688781738,0.5817451137844268,0.6697840480073989,0.671492535771538,,,,,,,1,-1,0.0
overlap_s3.0,overlap,6,800,2,5,HDBSCAN,2,0.006918907165527344,0.17499236455226205,0.3421611823894629,0.3437032692510043,,,,,,,3,-3,0.0
overlap_s3.0,overlap,6,800,2,5,Bisecting+Sil.,4,0.1468961238861084,0.590704658594633,0.6226712184740291,0.624573840639958,,,,,,,1,-1,0.0
overlap_s3.0,overlap,7,800,2,5,ORACLE k-means(k*),5,0.0056607723236083984,0.7909300701581327,0.7653549529450587,0.7668247988657947,,,,,,,0,0,1.0
overlap_s3.0,overlap,7,800,2,5,CDK (proposed),1,2.61159348487854,0.0,0.0,0.0,1.0,3.0,46.0,20.0,0.34782608695652173,0.3269230769230769,4,-4,0.0
overlap_s3.0,overlap,7,800,2,5,CDK / Gaussian null,1,4.098619222640991,0.0,0.0,0.0,1.0,6.0,46.0,20.0,0.391304347826087,0.03,4,-4,0.0
overlap_s3.0,overlap,7,800,2,5,CDK / AD statistic,1,3.2710819244384766,0.0,0.0,0.0,1.0,1.0,46.0,20.0,0.2391304347826087,0.6153846153846154,4,-4,0.0
overlap_s3.0,overlap,7,800,2,5,CDK / no multiplicity corr.,3,2.4774892330169678,0.497199485627058,0.5975282527736587,0.5990460326512465,1.0,4.0,46.0,20.0,0.43478260869565216,0.3269230769230769,2,-2,0.0
overlap_s3.0,overlap,7,800,2,5,CDK / n_min=15,1,4.126647233963013,0.0,0.0,0.0,1.0,2.0,75.0,32.0,0.24,0.075,4,-4,0.0
overlap_s3.0,overlap,7,800,2,5,CDK / n_min=40,2,2.488644599914551,0.29718884044271016,0.43686084586457397,0.4381050905118246,2.0,3.0,29.0,13.0,0.4827586206896552,0.015,3,-3,0.0
overlap_s3.0,overlap,7,800,2,5,Silhouette,5,0.14949393272399902,0.7909300701581327,0.7653549529450587,0.7668247988657947,,,,,,,0,0,1.0
overlap_s3.0,overlap,7,800,2,5,Calinski-Har.,5,0.09091520309448242,0.7909300701581327,0.7653549529450587,0.7668247988657947,,,,,,,0,0,1.0
overlap_s3.0,overlap,7,800,2,5,Davies-Bouldin,5,0.10396814346313477,0.7909300701581327,0.7653549529450587,0.7668247988657947,,,,,,,0,0,1.0
overlap_s3.0,overlap,7,800,2,5,Elbow (Kneedle),5,0.09322834014892578,0.7909300701581327,0.7653549529450587,0.7668247988657947,,,,,,,0,0,1.0
overlap_s3.0,overlap,7,800,2,5,Jump statistic,5,0.09202265739440918,0.7909300701581327,0.7653549529450587,0.7668247988657947,,,,,,,0,0,1.0
overlap_s3.0,overlap,7,800,2,5,Gap statistic,2,0.33786916732788086,0.30850448306912465,0.4413092938610716,0.4425287934986961,,,,,,,3,-3,0.0
overlap_s3.0,overlap,7,800,2,5,X-means,3,0.01669621467590332,0.43866945172542304,0.54100741555524,0.5427137944067723,,,,,,,2,-2,0.0
overlap_s3.0,overlap,7,800,2,5,G-means,5,0.023796796798706055,0.7909300701581327,0.7653549529450587,0.7668247988657947,,,,,,,0,0,1.0
overlap_s3.0,overlap,7,800,2,5,dip-means,1,0.01347041130065918,0.0,0.0,0.0,,,,,,,4,-4,0.0
overlap_s3.0,overlap,7,800,2,5,ISODATA,7,0.01647162437438965,0.6619837910218224,0.708892157452938,0.7114060477074056,,,,,,,2,2,0.0
overlap_s3.0,overlap,7,800,2,5,MDL split/merge,5,0.027550220489501953,0.7909300701581327,0.7653549529450587,0.7668247988657947,,,,,,,0,0,1.0
overlap_s3.0,overlap,7,800,2,5,GMM+BIC,5,0.155745267868042,0.7770305169249837,0.7571721523273562,0.7586940856682525,,,,,,,0,0,1.0
overlap_s3.0,overlap,7,800,2,5,GMM+ICL,3,0.16260290145874023,0.5075607511339068,0.6010444577106725,0.6025398372595253,,,,,,,2,-2,0.0
overlap_s3.0,overlap,7,800,2,5,HDBSCAN,5,0.0045087337493896484,0.7747174136547205,0.7550584586552277,0.7565934280222611,,,,,,,0,0,1.0
overlap_s3.0,overlap,7,800,2,5,Bisecting+Sil.,5,0.11169838905334473,0.7013860017815282,0.7110973060162259,0.7129133433800203,,,,,,,0,0,1.0
overlap_s3.0,overlap,9,800,2,5,ORACLE k-means(k*),5,0.005773067474365234,0.7816063336112623,0.774281537665707,0.7756957176058024,,,,,,,0,0,1.0
overlap_s3.0,overlap,9,800,2,5,CDK (proposed),1,2.892458438873291,0.0,0.0,0.0,1.0,4.0,44.0,19.0,0.3181818181818182,0.065,4,-4,0.0
overlap_s3.0,overlap,9,800,2,5,CDK / Gaussian null,2,4.237318277359009,0.14229811910245127,0.33527252022971926,0.3368894672775033,1.0,6.0,44.0,19.0,0.4772727272727273,0.015,3,-3,0.0
overlap_s3.0,overlap,9,800,2,5,CDK / AD statistic,1,3.4072768688201904,0.0,0.0,0.0,1.0,1.0,44.0,19.0,0.22727272727272727,0.3269230769230769,4,-4,0.0
overlap_s3.0,overlap,9,800,2,5,CDK / no multiplicity corr.,2,2.8522918224334717,0.26940103748621025,0.42553854048421713,0.4268149152522517,1.0,5.0,44.0,19.0,0.4090909090909091,0.065,3,-3,0.0
overlap_s3.0,overlap,9,800,2,5,CDK / n_min=15,1,3.590593099594116,0.0,0.0,0.0,1.0,2.0,75.0,31.0,0.26666666666666666,0.25757575757575757,4,-4,0.0
overlap_s3.0,overlap,9,800,2,5,CDK / n_min=40,2,3.0485401153564453,0.16936354736244946,0.3779500006395786,0.37944593077134603,2.0,4.0,30.0,12.0,0.6,0.005,3,-3,0.0
overlap_s3.0,overlap,9,800,2,5,Silhouette,3,0.19687128067016602,0.4778961023399628,0.5951592650007334,0.5966631216731944,,,,,,,2,-2,0.0
overlap_s3.0,overlap,9,800,2,5,Calinski-Har.,5,0.11797618865966797,0.7816063336112623,0.774281537665707,0.7756957176058024,,,,,,,0,0,1.0
overlap_s3.0,overlap,9,800,2,5,Davies-Bouldin,3,0.12673306465148926,0.4778961023399628,0.5951592650007334,0.5966631216731944,,,,,,,2,-2,0.0
overlap_s3.0,overlap,9,800,2,5,Elbow (Kneedle),5,0.11835885047912598,0.7816063336112623,0.774281537665707,0.7756957176058024,,,,,,,0,0,1.0
overlap_s3.0,overlap,9,800,2,5,Jump statistic,5,0.11131787300109863,0.7816063336112623,0.774281537665707,0.7756957176058024,,,,,,,0,0,1.0
overlap_s3.0,overlap,9,800,2,5,Gap statistic,3,0.35361552238464355,0.4778961023399628,0.5951592650007334,0.5966631216731944,,,,,,,2,-2,0.0
overlap_s3.0,overlap,9,800,2,5,X-means,6,0.02650165557861328,0.7383061388737707,0.7395696248817826,0.7415241181781362,,,,,,,1,1,0.0
overlap_s3.0,overlap,9,800,2,5,G-means,5,0.02483654022216797,0.7816063336112623,0.7742815376657072,0.7756957176058026,,,,,,,0,0,1.0
overlap_s3.0,overlap,9,800,2,5,dip-means,1,0.01362299919128418,0.0,0.0,0.0,,,,,,,4,-4,0.0
overlap_s3.0,overlap,9,800,2,5,ISODATA,7,0.01723504066467285,0.6422742594547936,0.7040878079561024,0.7066369408499485,,,,,,,2,2,0.0
overlap_s3.0,overlap,9,800,2,5,MDL split/merge,4,0.01887202262878418,0.6042568714791641,0.6748650352832672,0.6765060946774231,,,,,,,1,-1,0.0
overlap_s3.0,overlap,9,800,2,5,GMM+BIC,4,0.15275955200195312,0.6742409095752397,0.7396560067143363,0.7409830902815197,,,,,,,1,-1,0.0
overlap_s3.0,overlap,9,800,2,5,GMM+ICL,2,0.16124868392944336,0.28369139940563864,0.45255673794374024,0.45377226503888557,,,,,,,3,-3,0.0
overlap_s3.0,overlap,9,800,2,5,HDBSCAN,5,0.004476070404052734,0.7780904956246271,0.7723576447177994,0.7737852273392818,,,,,,,0,0,1.0
overlap_s3.0,overlap,9,800,2,5,Bisecting+Sil.,3,0.11053967475891113,0.47571354511502767,0.5804614781708285,0.582020438301742,,,,,,,2,-2,0.0
overlap_s3.0,overlap,8,800,2,5,ORACLE k-means(k*),5,0.007426261901855469,0.7630934774257261,0.7345783913649503,0.7362413972860499,,,,,,,0,0,1.0
overlap_s3.0,overlap,8,800,2,5,CDK (proposed),1,3.6840286254882812,0.0,0.0,0.0,1.0,2.0,43.0,19.0,0.32558139534883723,0.115,4,-4,0.0
overlap_s3.0,overlap,8,800,2,5,CDK / Gaussian null,2,5.757923364639282,0.14703167803713132,0.3419409988879271,0.343538570502898,2.0,8.0,43.0,19.0,0.5116279069767442,0.01,3,-3,0.0
overlap_s3.0,overlap,8,800,2,5,CDK / AD statistic,1,4.306154489517212,0.0,0.0,0.0,1.0,1.0,43.0,19.0,0.27906976744186046,0.3076923076923077,4,-4,0.0
overlap_s3.0,overlap,8,800,2,5,CDK / no multiplicity corr.,2,3.588331460952759,0.14703167803713132,0.34194099888792706,0.34353857050289793,1.0,7.0,43.0,19.0,0.4186046511627907,0.115,3,-3,0.0
overlap_s3.0,overlap,8,800,2,5,CDK / n_min=15,1,5.0504748821258545,0.0,0.0,0.0,1.0,1.0,80.0,33.0,0.25,0.18,4,-4,0.0
overlap_s3.0,overlap,8,800,2,5,CDK / n_min=40,1,3.3706729412078857,0.0,0.0,0.0,1.0,2.0,30.0,12.0,0.5333333333333333,0.0075,4,-4,0.0
overlap_s3.0,overlap,8,800,2,5,Silhouette,5,0.1911001205444336,0.7630934774257261,0.7345783913649503,0.7362413972860499,,,,,,,0,0,1.0
overlap_s3.0,overlap,8,800,2,5,Calinski-Har.,5,0.11618876457214355,0.7630934774257261,0.7345783913649503,0.7362413972860499,,,,,,,0,0,1.0
overlap_s3.0,overlap,8,800,2,5,Davies-Bouldin,5,0.13846945762634277,0.7630934774257261,0.7345783913649503,0.7362413972860499,,,,,,,0,0,1.0
overlap_s3.0,overlap,8,800,2,5,Elbow (Kneedle),5,0.12417817115783691,0.7630934774257261,0.7345783913649503,0.7362413972860499,,,,,,,0,0,1.0
overlap_s3.0,overlap,8,800,2,5,Jump statistic,5,0.12839317321777344,0.7630934774257261,0.7345783913649503,0.7362413972860499,,,,,,,0,0,1.0
overlap_s3.0,overlap,8,800,2,5,Gap statistic,3,0.43216967582702637,0.39274382820471154,0.4880077337256706,0.4899091313386347,,,,,,,2,-2,0.0
overlap_s3.0,overlap,8,800,2,5,X-means,2,0.013459444046020508,0.2856385055410653,0.4087675897575901,0.41005789775527046,,,,,,,3,-3,0.0
overlap_s3.0,overlap,8,800,2,5,G-means,5,0.029643774032592773,0.7630934774257261,0.7345783913649503,0.7362413972860499,,,,,,,0,0,1.0
overlap_s3.0,overlap,8,800,2,5,dip-means,1,0.017529010772705078,0.0,0.0,0.0,,,,,,,4,-4,0.0
overlap_s3.0,overlap,8,800,2,5,ISODATA,7,0.020811796188354492,0.5889063227542607,0.6482807052183477,0.6512966071735642,,,,,,,2,2,0.0
overlap_s3.0,overlap,8,800,2,5,MDL split/merge,3,0.015554428100585938,0.392948928826071,0.48812502653391276,0.4900258710470404,,,,,,,2,-2,0.0
overlap_s3.0,overlap,8,800,2,5,GMM+BIC,5,0.1936206817626953,0.7532124183601606,0.7311364169152377,0.7328231220874915,,,,,,,0,0,1.0
overlap_s3.0,overlap,8,800,2,5,GMM+ICL,4,0.20840787887573242,0.5916672860921671,0.6349146269676549,0.6367736055889159,,,,,,,1,-1,0.0
overlap_s3.0,overlap,8,800,2,5,HDBSCAN,5,0.005419015884399414,0.7402106203598458,0.7191243190741915,0.7208857615097684,,,,,,,0,0,1.0
overlap_s3.0,overlap,8,800,2,5,Bisecting+Sil.,2,0.13840079307556152,0.2856385055410653,0.4087675897575901,0.41005789775527046,,,,,,,3,-3,0.0
overlap_s2.0,overlap,0,800,2,5,ORACLE k-means(k*),5,0.00744318962097168,0.46829461569135994,0.49377918333644727,0.4969507103433548,,,,,,,0,0,1.0
overlap_s2.0,overlap,0,800,2,5,CDK (proposed),1,2.9742939472198486,0.0,0.0,0.0,1.0,1.0,46.0,18.0,0.391304347826087,0.135,4,-4,0.0
overlap_s2.0,overlap,0,800,2,5,CDK / Gaussian null,1,4.5164265632629395,0.0,0.0,0.0,1.0,6.0,46.0,18.0,0.45652173913043476,0.0175,4,-4,0.0
overlap_s2.0,overlap,0,800,2,5,CDK / AD statistic,1,3.048966407775879,0.0,0.0,0.0,1.0,1.0,46.0,18.0,0.17391304347826086,0.4423076923076923,4,-4,0.0
overlap_s2.0,overlap,0,800,2,5,CDK / no multiplicity corr.,1,2.9889254570007324,0.0,0.0,0.0,1.0,4.0,46.0,18.0,0.41304347826086957,0.135,4,-4,0.0
overlap_s2.0,overlap,0,800,2,5,CDK / n_min=15,1,4.975684881210327,0.0,0.0,0.0,1.0,3.0,82.0,33.0,0.21951219512195122,0.1325,4,-4,0.0
overlap_s2.0,overlap,0,800,2,5,CDK / n_min=40,1,2.6945905685424805,0.0,0.0,0.0,1.0,1.0,31.0,13.0,0.4838709677419355,0.025,4,-4,0.0
overlap_s2.0,overlap,0,800,2,5,Silhouette,3,0.16304302215576172,0.3575248705312025,0.4230702666542572,0.42521295036185064,,,,,,,2,-2,0.0
overlap_s2.0,overlap,0,800,2,5,Calinski-Har.,3,0.10442280769348145,0.3575248705312025,0.4230702666542572,0.42521295036185064,,,,,,,2,-2,0.0
overlap_s2.0,overlap,0,800,2,5,Davies-Bouldin,10,0.11593365669250488,0.283017368244266,0.44431121172742466,0.45081944685945446,,,,,,,5,5,0.0
overlap_s2.0,overlap,0,800,2,5,Elbow (Kneedle),5,0.10657668113708496,0.46829461569135994,0.49377918333644727,0.4969507103433548,,,,,,,0,0,1.0
overlap_s2.0,overlap,0,800,2,5,Jump statistic,3,0.10476899147033691,0.3575248705312025,0.4230702666542572,0.42521295036185064,,,,,,,2,-2,0.0
overlap_s2.0,overlap,0,800,2,5,Gap statistic,3,0.34931111335754395,0.3575248705312025,0.4230702666542572,0.42521295036185064,,,,,,,2,-2,0.0
overlap_s2.0,overlap,0,800,2,5,X-means,4,0.0227658748626709,0.4353867993792055,0.4765634221591348,0.47921099186908855,,,,,,,1,-1,0.0
overlap_s2.0,overlap,0,800,2,5,G-means,1,0.0033721923828125,0.0,0.0,0.0,,,,,,,4,-4,0.0
overlap_s2.0,overlap,0,800,2,5,dip-means,1,0.013665437698364258,0.0,0.0,0.0,,,,,,,4,-4,0.0
overlap_s2.0,overlap,0,800,2,5,ISODATA,7,0.0170748233795166,0.37837387952558693,0.47482073639798705,0.47931472906103956,,,,,,,2,2,0.0
overlap_s2.0,overlap,0,800,2,5,MDL split/merge,3,0.012431621551513672,0.3552610535761664,0.41574768770382203,0.41791694904457277,,,,,,,2,-2,0.0
overlap_s2.0,overlap,0,800,2,5,GMM+BIC,2,0.1421957015991211,0.23869081595076325,0.3219142046870612,0.3233925569481261,,,,,,,3,-3,0.0
overlap_s2.0,overlap,0,800,2,5,GMM+ICL,2,0.14545750617980957,0.23869081595076325,0.3219142046870612,0.3233925569481261,,,,,,,3,-3,0.0
overlap_s2.0,overlap,0,800,2,5,HDBSCAN,4,0.0045773983001708984,0.37553931854173084,0.4246902436758838,0.4276098919687399,,,,,,,1,-1,0.0
overlap_s2.0,overlap,0,800,2,5,Bisecting+Sil.,2,0.10824108123779297,0.239436080004119,0.3290869395304834,0.3305493124771942,,,,,,,3,-3,0.0
overlap_s2.0,overlap,1,800,2,5,ORACLE k-means(k*),5,0.016452550888061523,0.49958052448638346,0.502713201995391,0.5058292232893442,,,,,,,0,0,1.0
overlap_s2.0,overlap,1,800,2,5,CDK (proposed),1,3.6612484455108643,0.0,0.0,0.0,1.0,1.0,49.0,20.0,0.3673469387755102,0.07,4,-4,0.0
overlap_s2.0,overlap,1,800,2,5,CDK / Gaussian null,1,5.674781084060669,0.0,0.0,0.0,1.0,6.0,49.0,20.0,0.3877551020408163,0.02,4,-4,0.0
overlap_s2.0,overlap,1,800,2,5,CDK / AD statistic,1,3.4832541942596436,0.0,0.0,0.0,1.0,1.0,49.0,20.0,0.16326530612244897,0.6538461538461539,4,-4,0.0
overlap_s2.0,overlap,1,800,2,5,CDK / no multiplicity corr.,1,3.0209641456604004,0.0,0.0,0.0,1.0,5.0,49.0,20.0,0.4489795918367347,0.07,4,-4,0.0
overlap_s2.0,overlap,1,800,2,5,CDK / n_min=15,1,3.8866193294525146,0.0,0.0,0.0,1.0,2.0,73.0,29.0,0.2465753424657534,0.1,4,-4,0.0
overlap_s2.0,overlap,1,800,2,5,CDK / n_min=40,1,2.5805716514587402,0.0,0.0,0.0,1.0,1.0,27.0,11.0,0.48148148148148145,0.03,4,-4,0.0
overlap_s2.0,overlap,1,800,2,5,Silhouette,3,0.171583890914917,0.3562244960968203,0.4219817841157181,0.4241298036879098,,,,,,,2,-2,0.0
overlap_s2.0,overlap,1,800,2,5,Calinski-Har.,3,0.13318800926208496,0.3562244960968203,0.4219817841157181,0.4241298036879098,,,,,,,2,-2,0.0
overlap_s2.0,overlap,1,800,2,5,Davies-Bouldin,5,0.13700342178344727,0.49958052448638346,0.502713201995391,0.5058292232893442,,,,,,,0,0,1.0
overlap_s2.0,overlap,1,800,2,5,Elbow (Kneedle),5,0.1139068603515625,0.49958052448638346,0.502713201995391,0.5058292232893442,,,,,,,0,0,1.0
overlap_s2.0,overlap,1,800,2,5,Jump statistic,5,0.11366105079650879,0.49958052448638346,0.502713201995391,0.5058292232893442,,,,,,,0,0,1.0
overlap_s2.0,overlap,1,800,2,5,Gap statistic,3,0.34956955909729004,0.3562244960968203,0.4219817841157181,0.4241298036879098,,,,,,,2,-2,0.0
overlap_s2.0,overlap,1,800,2,5,X-means,2,0.01108551025390625,0.22037455922877341,0.3092302778766432,0.3107389610798609,,,,,,,3,-3,0.0
overlap_s2.0,overlap,1,800,2,5,G-means,2,0.0076503753662109375,0.22355511457248578,0.312527078439385,0.3140281022747679,,,,,,,3,-3,0.0
overlap_s2.0,overlap,1,800,2,5,dip-means,1,0.016673803329467773,0.0,0.0,0.0,,,,,,,4,-4,0.0
overlap_s2.0,overlap,1,800,2,5,ISODATA,7,0.021494150161743164,0.36614646434285686,0.45604931871595533,0.4606907924666381,,,,,,,2,2,0.0
overlap_s2.0,overlap,1,800,2,5,MDL split/merge,3,0.01598668098449707,0.3562244960968203,0.4219817841157181,0.4241298036879098,,,,,,,2,-2,0.0
overlap_s2.0,overlap,1,800,2,5,GMM+BIC,2,0.20161199569702148,0.21886147609128292,0.31121265236447165,0.31271944380175204,,,,,,,3,-3,0.0
overlap_s2.0,overlap,1,800,2,5,GMM+ICL,2,0.21700119972229004,0.21886147609128292,0.31121265236447165,0.31271944380175204,,,,,,,3,-3,0.0
overlap_s2.0,overlap,1,800,2,5,HDBSCAN,2,0.0057103633880615234,0.19501186278363436,0.29770807743876576,0.29926589284668376,,,,,,,3,-3,0.0
overlap_s2.0,overlap,1,800,2,5,Bisecting+Sil.,2,0.13979744911193848,0.21980878225399889,0.30870872157251966,0.3102187062722788,,,,,,,3,-3,0.0
overlap_s2.0,overlap,2,800,2,5,ORACLE k-means(k*),5,0.007470130920410156,0.45817334789046693,0.47765034097961445,0.48092997282824884,,,,,,,0,0,1.0
overlap_s2.0,overlap,2,800,2,5,CDK (proposed),1,2.747002601623535,0.0,0.0,0.0,1.0,1.0,47.0,20.0,0.40425531914893614,0.12,4,-4,0.0
overlap_s2.0,overlap,2,800,2,5,CDK / Gaussian null,1,5.229271411895752,0.0,0.0,0.0,1.0,9.0,47.0,20.0,0.3617021276595745,0.025,4,-4,0.0
overlap_s2.0,overlap,2,800,2,5,CDK / AD statistic,1,4.094242811203003,0.0,0.0,0.0,1.0,1.0,47.0,20.0,0.19148936170212766,0.4230769230769231,4,-4,0.0
overlap_s2.0,overlap,2,800,2,5,CDK / no multiplicity corr.,1,3.0722086429595947,0.0,0.0,0.0,1.0,6.0,47.0,20.0,0.48936170212765956,0.12,4,-4,0.0
overlap_s2.0,overlap,2,800,2,5,CDK / n_min=15,1,4.2138097286224365,0.0,0.0,0.0,1.0,1.0,80.0,32.0,0.225,0.2675606641123882,4,-4,0.0
overlap_s2.0,overlap,2,800,2,5,CDK / n_min=40,1,2.9984214305877686,0.0,0.0,0.0,1.0,3.0,26.0,11.0,0.38461538461538464,0.035,4,-4,0.0
overlap_s2.0,overlap,2,800,2,5,Silhouette,2,0.19391560554504395,0.24246806250151803,0.3332568525527316,0.33471033635421626,,,,,,,3,-3,0.0
overlap_s2.0,overlap,2,800,2,5,Calinski-Har.,5,0.13329672813415527,0.45817334789046693,0.47765034097961445,0.48092997282824884,,,,,,,0,0,1.0
overlap_s2.0,overlap,2,800,2,5,Davies-Bouldin,5,0.14816904067993164,0.45817334789046693,0.47765034097961445,0.48092997282824884,,,,,,,0,0,1.0
overlap_s2.0,overlap,2,800,2,5,Elbow (Kneedle),5,0.13358283042907715,0.45817334789046693,0.47765034097961445,0.48092997282824884,,,,,,,0,0,1.0
overlap_s2.0,overlap,2,800,2,5,Jump statistic,5,0.12723135948181152,0.45817334789046693,0.47765034097961445,0.48092997282824884,,,,,,,0,0,1.0
overlap_s2.0,overlap,2,800,2,5,Gap statistic,2,0.4202077388763428,0.24246806250151803,0.3332568525527316,0.33471033635421626,,,,,,,3,-3,0.0
overlap_s2.0,overlap,2,800,2,5,X-means,2,0.013336420059204102,0.24246806250151803,0.3332568525527316,0.33471033635421626,,,,,,,3,-3,0.0
overlap_s2.0,overlap,2,800,2,5,G-means,2,0.009322166442871094,0.24404367740679705,0.33568952755939185,0.33713790143164873,,,,,,,3,-3,0.0
overlap_s2.0,overlap,2,800,2,5,dip-means,1,0.017560720443725586,0.0,0.0,0.0,,,,,,,4,-4,0.0
overlap_s2.0,overlap,2,800,2,5,ISODATA,7,0.02187943458557129,0.3503151735350771,0.4451475377557707,0.44989402446520216,,,,,,,2,2,0.0
overlap_s2.0,overlap,2,800,2,5,MDL split/merge,3,0.015883684158325195,0.34143427437504426,0.42044924607135586,0.42260365147820494,,,,,,,2,-2,0.0
overlap_s2.0,overlap,2,800,2,5,GMM+BIC,2,0.1928997039794922,0.24324146450730616,0.3341432364893233,0.33559460447745165,,,,,,,3,-3,0.0
overlap_s2.0,overlap,2,800,2,5,GMM+ICL,2,0.18806862831115723,0.24324146450730616,0.3341432364893233,0.33559460447745165,,,,,,,3,-3,0.0
overlap_s2.0,overlap,2,800,2,5,HDBSCAN,2,0.0054891109466552734,0.08069633545502873,0.15886001108194092,0.16082044459065845,,,,,,,3,-3,0.0
overlap_s2.0,overlap,2,800,2,5,Bisecting+Sil.,2,0.13550782203674316,0.24404367740679705,0.33568952755939185,0.33713790143164873,,,,,,,3,-3,0.0
overlap_s2.0,overlap,3,800,2,5,ORACLE k-means(k*),5,0.00915217399597168,0.5257654141581898,0.5467845048586348,0.549629379628256,,,,,,,0,0,1.0
overlap_s2.0,overlap,3,800,2,5,CDK (proposed),1,4.635013818740845,0.0,0.0,0.0,1.0,6.0,47.0,19.0,0.425531914893617,0.02,4,-4,0.0
overlap_s2.0,overlap,3,800,2,5,CDK / Gaussian null,2,4.881861686706543,0.27853690038002793,0.3922983207792096,0.39362915456967434,1.0,7.0,47.0,19.0,0.48936170212765956,0.015,3,-3,0.0
overlap_s2.0,overlap,3,800,2,5,CDK / AD statistic,1,4.820937633514404,0.0,0.0,0.0,1.0,1.0,47.0,19.0,0.14893617021276595,0.2647058823529412,4,-4,0.0
overlap_s2.0,overlap,3,800,2,5,CDK / no multiplicity corr.,6,4.5975353717803955,0.39419112018876284,0.4821818381013352,0.4863513356569974,1.0,9.0,47.0,19.0,0.6170212765957447,0.02,1,1,0.0
overlap_s2.0,overlap,3,800,2,5,CDK / n_min=15,1,4.314850330352783,0.0,0.0,0.0,1.0,2.0,76.0,31.0,0.25,0.165,4,-4,0.0
overlap_s2.0,overlap,3,800,2,5,CDK / n_min=40,2,3.2257261276245117,0.27853690038002793,0.3922983207792096,0.39362915456967434,2.0,4.0,33.0,13.0,0.5454545454545454,0.005,3,-3,0.0
overlap_s2.0,overlap,3,800,2,5,Silhouette,2,0.1881084442138672,0.2794131594782012,0.3925719440986575,0.393900945928531,,,,,,,3,-3,0.0
overlap_s2.0,overlap,3,800,2,5,Calinski-Har.,2,0.13118577003479004,0.2794131594782012,0.3925719440986575,0.393900945928531,,,,,,,3,-3,0.0
overlap_s2.0,overlap,3,800,2,5,Davies-Bouldin,2,0.1432478427886963,0.2794131594782012,0.3925719440986575,0.393900945928531,,,,,,,3,-3,0.0
overlap_s2.0,overlap,3,800,2,5,Elbow (Kneedle),5,0.1204996109008789,0.5257654141581898,0.5467845048586348,0.549629379628256,,,,,,,0,0,1.0
overlap_s2.0,overlap,3,800,2,5,Jump statistic,2,0.1159050464630127,0.2794131594782012,0.3925719440986575,0.393900945928531,,,,,,,3,-3,0.0
overlap_s2.0,overlap,3,800,2,5,Gap statistic,2,0.4037618637084961,0.2794131594782012,0.3925719440986575,0.393900945928531,,,,,,,3,-3,0.0
overlap_s2.0,overlap,3,800,2,5,X-means,2,0.011492490768432617,0.2794131594782012,0.3925719440986575,0.393900945928531,,,,,,,3,-3,0.0
overlap_s2.0,overlap,3,800,2,5,G-means,2,0.009046077728271484,0.2794131594782012,0.3925719440986575,0.393900945928531,,,,,,,3,-3,0.0
overlap_s2.0,overlap,3,800,2,5,dip-means,1,0.016007184982299805,0.0,0.0,0.0,,,,,,,4,-4,0.0
overlap_s2.0,overlap,3,800,2,5,ISODATA,7,0.020093917846679688,0.4082930767659428,0.4917620109774919,0.49611879709295265,,,,,,,2,2,0.0
overlap_s2.0,overlap,3,800,2,5,MDL split/merge,4,0.022914409637451172,0.4759555236600747,0.519045295388501,0.5214779851147068,,,,,,,1,-1,0.0
overlap_s2.0,overlap,3,800,2,5,GMM+BIC,2,0.18761014938354492,0.27010430683087494,0.37793589352649454,0.37929840449793834,,,,,,,3,-3,0.0
overlap_s2.0,overlap,3,800,2,5,GMM+ICL,2,0.20323872566223145,0.27010430683087494,0.37793589352649454,0.37929840449793834,,,,,,,3,-3,0.0
overlap_s2.0,overlap,3,800,2,5,HDBSCAN,4,0.005449533462524414,0.35513497240147596,0.42516392727814317,0.4281478183047973,,,,,,,1,-1,0.0
overlap_s2.0,overlap,3,800,2,5,Bisecting+Sil.,2,0.13587188720703125,0.2794131594782012,0.3925719440986575,0.393900945928531,,,,,,,3,-3,0.0
overlap_s2.0,overlap,4,800,2,5,ORACLE k-means(k*),5,0.00805807113647461,0.46613166231156233,0.48989101107323246,0.4930933723716382,,,,,,,0,0,1.0
overlap_s2.0,overlap,4,800,2,5,CDK (proposed),1,4.183154344558716,0.0,0.0,0.0,1.0,3.0,50.0,20.0,0.42,0.05,4,-4,0.0
overlap_s2.0,overlap,4,800,2,5,CDK / Gaussian null,1,5.715260982513428,0.0,0.0,0.0,1.0,10.0,50.0,20.0,0.46,0.015,4,-4,0.0
overlap_s2.0,overlap,4,800,2,5,CDK / AD statistic,1,3.8514702320098877,0.0,0.0,0.0,1.0,1.0,50.0,20.0,0.24,0.3076923076923077,4,-4,0.0
overlap_s2.0,overlap,4,800,2,5,CDK / no multiplicity corr.,1,3.446507692337036,0.0,0.0,0.0,1.0,7.0,50.0,20.0,0.52,0.05,4,-4,0.0
overlap_s2.0,overlap,4,800,2,5,CDK / n_min=15,1,4.623081207275391,0.0,0.0,0.0,1.0,2.0,81.0,32.0,0.25925925925925924,0.1,4,-4,0.0
overlap_s2.0,overlap,4,800,2,5,CDK / n_min=40,2,2.842986583709717,0.16590943815623033,0.27384824477549313,0.2754970970180842,1.0,3.0,28.0,12.0,0.6071428571428571,0.005,3,-3,0.0
overlap_s2.0,overlap,4,800,2,5,Silhouette,3,0.15250515937805176,0.34087762662227766,0.39808235135369885,0.4003177945381371,,,,,,,2,-2,0.0
overlap_s2.0,overlap,4,800,2,5,Calinski-Har.,5,0.09595394134521484,0.46613166231156233,0.48989101107323246,0.4930933723716382,,,,,,,0,0,1.0
overlap_s2.0,overlap,4,800,2,5,Davies-Bouldin,10,0.11182546615600586,0.27962508977199885,0.4320125829045777,0.4386794802598489,,,,,,,5,5,0.0
overlap_s2.0,overlap,4,800,2,5,Elbow (Kneedle),5,0.09780740737915039,0.46613166231156233,0.48989101107323246,0.4930933723716382,,,,,,,0,0,1.0
overlap_s2.0,overlap,4,800,2,5,Jump statistic,3,0.09849786758422852,0.34087762662227766,0.39808235135369885,0.4003177945381371,,,,,,,2,-2,0.0
overlap_s2.0,overlap,4,800,2,5,Gap statistic,2,0.33809638023376465,0.18741619642571164,0.26366099899488593,0.2652816094089753,,,,,,,3,-3,0.0
overlap_s2.0,overlap,4,800,2,5,X-means,2,0.011502981185913086,0.18741619642571164,0.26366099899488593,0.2652816094089753,,,,,,,3,-3,0.0
overlap_s2.0,overlap,4,800,2,5,G-means,6,0.03328251838684082,0.41791743593161074,0.4676058300787355,0.4715646646476814,,,,,,,1,1,0.0
overlap_s2.0,overlap,4,800,2,5,dip-means,1,0.013531684875488281,0.0,0.0,0.0,,,,,,,4,-4,0.0
overlap_s2.0,overlap,4,800,2,5,ISODATA,7,0.01703619956970215,0.3613284601915987,0.4514733185901154,0.4561588072456254,,,,,,,2,2,0.0
overlap_s2.0,overlap,4,800,2,5,MDL split/merge,3,0.012754440307617188,0.35053579148526937,0.4106656497688452,0.41285353866090113,,,,,,,2,-2,0.0
overlap_s2.0,overlap,4,800,2,5,GMM+BIC,2,0.15105938911437988,0.1948901991071173,0.3134708834498988,0.31501553894247725,,,,,,,3,-3,0.0
overlap_s2.0,overlap,4,800,2,5,GMM+ICL,2,0.15460491180419922,0.1948901991071173,0.3134708834498988,0.31501553894247725,,,,,,,3,-3,0.0
overlap_s2.0,overlap,4,800,2,5,HDBSCAN,4,0.004572391510009766,0.3940226533957289,0.45061539857960553,0.45342317465837484,,,,,,,1,-1,0.0
overlap_s2.0,overlap,4,800,2,5,Bisecting+Sil.,3,0.11545729637145996,0.31232492254740496,0.37016166328455513,0.37251405447137786,,,,,,,2,-2,0.0
overlap_s2.0,overlap,5,800,2,5,ORACLE k-means(k*),5,0.009799003601074219,0.4490451034042918,0.4726920211017463,0.47599698908907584,,,,,,,0,0,1.0
overlap_s2.0,overlap,5,800,2,5,CDK (proposed),1,4.554560661315918,0.0,0.0,0.0,1.0,2.0,52.0,20.0,0.40384615384615385,0.03,4,-4,0.0
overlap_s2.0,overlap,5,800,2,5,CDK / Gaussian null,1,5.700073003768921,0.0,0.0,0.0,1.0,5.0,52.0,20.0,0.5,0.0125,4,-4,0.0
overlap_s2.0,overlap,5,800,2,5,CDK / AD statistic,1,4.911020278930664,0.0,0.0,0.0,1.0,1.0,52.0,20.0,0.1346153846153846,0.2692307692307692,4,-4,0.0
overlap_s2.0,overlap,5,800,2,5,CDK / no multiplicity corr.,2,4.234806299209595,0.24756321468674009,0.3357156963976904,0.3371637173613481,1.0,5.0,52.0,20.0,0.5384615384615384,0.03,3,-3,0.0
overlap_s2.0,overlap,5,800,2,5,CDK / n_min=15,1,3.7544877529144287,0.0,0.0,0.0,1.0,1.0,78.0,32.0,0.19230769230769232,0.2535552044242544,4,-4,0.0
overlap_s2.0,overlap,5,800,2,5,CDK / n_min=40,1,2.3121492862701416,0.0,0.0,0.0,1.0,1.0,30.0,13.0,0.4666666666666667,0.0325,4,-4,0.0
overlap_s2.0,overlap,5,800,2,5,Silhouette,2,0.16217446327209473,0.24772056966508166,0.3359748474805963,0.3374222552782983,,,,,,,3,-3,0.0
overlap_s2.0,overlap,5,800,2,5,Calinski-Har.,3,0.10292243957519531,0.32623160176035293,0.3905275262709113,0.3927952248596946,,,,,,,2,-2,0.0
overlap_s2.0,overlap,5,800,2,5,Davies-Bouldin,10,0.11034798622131348,0.27469424799535613,0.4227057642573057,0.42952909623856605,,,,,,,5,5,0.0
overlap_s2.0,overlap,5,800,2,5,Elbow (Kneedle),5,0.10231137275695801,0.4490451034042918,0.4726920211017463,0.47599698908907584,,,,,,,0,0,1.0
overlap_s2.0,overlap,5,800,2,5,Jump statistic,10,0.10856389999389648,0.27469424799535613,0.4227057642573057,0.42952909623856605,,,,,,,5,5,0.0
overlap_s2.0,overlap,5,800,2,5,Gap statistic,2,0.33764147758483887,0.24772056966508166,0.3359748474805963,0.3374222552782983,,,,,,,3,-3,0.0
overlap_s2.0,overlap,5,800,2,5,X-means,2,0.011277437210083008,0.24772056966508166,0.3359748474805963,0.3374222552782983,,,,,,,3,-3,0.0
overlap_s2.0,overlap,5,800,2,5,G-means,2,0.00786447525024414,0.24772056966508166,0.3359748474805963,0.3374222552782983,,,,,,,3,-3,0.0
overlap_s2.0,overlap,5,800,2,5,dip-means,1,0.013995170593261719,0.0,0.0,0.0,,,,,,,4,-4,0.0
overlap_s2.0,overlap,5,800,2,5,ISODATA,7,0.017972230911254883,0.3918138288991627,0.44935846237712257,0.4541021501950042,,,,,,,2,2,0.0
overlap_s2.0,overlap,5,800,2,5,MDL split/merge,3,0.012619972229003906,0.3295850881531328,0.3944510643628429,0.39670447113230145,,,,,,,2,-2,0.0
overlap_s2.0,overlap,5,800,2,5,GMM+BIC,2,0.15499663352966309,0.24614884896323527,0.3393395089245152,0.34077982075494256,,,,,,,3,-3,0.0
overlap_s2.0,overlap,5,800,2,5,GMM+ICL,2,0.157606840133667,0.24614884896323527,0.3393395089245152,0.34077982075494256,,,,,,,3,-3,0.0
overlap_s2.0,overlap,5,800,2,5,HDBSCAN,2,0.004760265350341797,0.08484030564372258,0.1819163490414274,0.18382986255070913,,,,,,,3,-3,0.0
overlap_s2.0,overlap,5,800,2,5,Bisecting+Sil.,2,0.11191129684448242,0.24772056966508166,0.3359748474805963,0.3374222552782983,,,,,,,3,-3,0.0
overlap_s2.0,overlap,6,800,2,5,ORACLE k-means(k*),5,0.006821870803833008,0.4831412868406815,0.5023580246540159,0.5054800780671602,,,,,,,0,0,1.0
overlap_s2.0,overlap,6,800,2,5,CDK (proposed),1,3.0723843574523926,0.0,0.0,0.0,1.0,1.0,51.0,20.0,0.39215686274509803,0.125,4,-4,0.0
overlap_s2.0,overlap,6,800,2,5,CDK / Gaussian null,1,4.506479263305664,0.0,0.0,0.0,1.0,4.0,51.0,20.0,0.43137254901960786,0.02,4,-4,0.0
overlap_s2.0,overlap,6,800,2,5,CDK / AD statistic,1,4.219399690628052,0.0,0.0,0.0,1.0,1.0,51.0,20.0,0.11764705882352941,0.3076923076923077,4,-4,0.0
overlap_s2.0,overlap,6,800,2,5,CDK / no multiplicity corr.,1,3.0161452293395996,0.0,0.0,0.0,1.0,4.0,51.0,20.0,0.43137254901960786,0.125,4,-4,0.0
overlap_s2.0,overlap,6,800,2,5,CDK / n_min=15,1,3.5217998027801514,0.0,0.0,0.0,1.0,1.0,71.0,29.0,0.30985915492957744,0.25806451612903225,4,-4,0.0
overlap_s2.0,overlap,6,800,2,5,CDK / n_min=40,1,2.449819326400757,0.0,0.0,0.0,1.0,2.0,29.0,12.0,0.5517241379310345,0.005,4,-4,0.0
overlap_s2.0,overlap,6,800,2,5,Silhouette,3,0.15941333770751953,0.34351325812060723,0.39686798658910233,0.399107945683812,,,,,,,2,-2,0.0
overlap_s2.0,overlap,6,800,2,5,Calinski-Har.,3,0.10224580764770508,0.34351325812060723,0.39686798658910233,0.399107945683812,,,,,,,2,-2,0.0
overlap_s2.0,overlap,6,800,2,5,Davies-Bouldin,3,0.11399030685424805,0.34351325812060723,0.39686798658910233,0.399107945683812,,,,,,,2,-2,0.0
overlap_s2.0,overlap,6,800,2,5,Elbow (Kneedle),4,0.10778284072875977,0.44126329395653674,0.4719290619016844,0.4746095503599414,,,,,,,1,-1,0.0
overlap_s2.0,overlap,6,800,2,5,Jump statistic,3,0.1021432876586914,0.34351325812060723,0.39686798658910233,0.399107945683812,,,,,,,2,-2,0.0
overlap_s2.0,overlap,6,800,2,5,Gap statistic,3,0.33974528312683105,0.34351325812060723,0.39686798658910233,0.399107945683812,,,,,,,2,-2,0.0
overlap_s2.0,overlap,6,800,2,5,X-means,4,0.018732309341430664,0.44126329395653674,0.4719290619016844,0.4746095503599414,,,,,,,1,-1,0.0
overlap_s2.0,overlap,6,800,2,5,G-means,2,0.007472038269042969,0.19422677392474452,0.2762365404527601,0.277824668763681,,,,,,,3,-3,0.0
overlap_s2.0,overlap,6,800,2,5,dip-means,1,0.013466596603393555,0.0,0.0,0.0,,,,,,,4,-4,0.0
overlap_s2.0,overlap,6,800,2,5,ISODATA,7,0.017293453216552734,0.3716240405548155,0.462007002194986,0.46661801336177955,,,,,,,2,2,0.0
overlap_s2.0,overlap,6,800,2,5,MDL split/merge,3,0.012430429458618164,0.34351325812060723,0.39686798658910233,0.399107945683812,,,,,,,2,-2,0.0
overlap_s2.0,overlap,6,800,2,5,GMM+BIC,3,0.14489340782165527,0.3632784092738938,0.4180089844534607,0.4201715653888535,,,,,,,2,-2,0.0
overlap_s2.0,overlap,6,800,2,5,GMM+ICL,2,0.1483631134033203,0.18715512183313404,0.27772320731446754,0.2793168741249492,,,,,,,3,-3,0.0
overlap_s2.0,overlap,6,800,2,5,HDBSCAN,2,0.004621028900146484,0.13677565641525524,0.279704407528837,0.28142136536896767,,,,,,,3,-3,0.0
overlap_s2.0,overlap,6,800,2,5,Bisecting+Sil.,3,0.11362075805664062,0.3028065037250456,0.3673673366412283,0.36972938763157503,,,,,,,2,-2,0.0
overlap_s2.0,overlap,7,800,2,5,ORACLE k-means(k*),5,0.0076923370361328125,0.4080048822219913,0.42731142122781296,0.43089830934932066,,,,,,,0,0,1.0
overlap_s2.0,overlap,7,800,2,5,CDK (proposed),1,2.8455686569213867,0.0,0.0,0.0,1.0,1.0,51.0,20.0,0.2549019607843137,0.3076923076923077,4,-4,0.0
overlap_s2.0,overlap,7,800,2,5,CDK / Gaussian null,1,4.658935070037842,0.0,0.0,0.0,1.0,2.0,51.0,20.0,0.35294117647058826,0.035,4,-4,0.0
overlap_s2.0,overlap,7,800,2,5,CDK / AD statistic,1,3.284998893737793,0.0,0.0,0.0,1.0,1.0,51.0,20.0,0.13725490196078433,0.5,4,-4,0.0
overlap_s2.0,overlap,7,800,2,5,CDK / no multiplicity corr.,1,3.4301137924194336,0.0,0.0,0.0,1.0,1.0,51.0,20.0,0.37254901960784315,0.3076923076923077,4,-4,0.0
overlap_s2.0,overlap,7,800,2,5,CDK / n_min=15,1,3.858431339263916,0.0,0.0,0.0,1.0,1.0,71.0,29.0,0.16901408450704225,0.25149700598802394,4,-4,0.0
overlap_s2.0,overlap,7,800,2,5,CDK / n_min=40,1,2.0973284244537354,0.0,0.0,0.0,1.0,1.0,27.0,11.0,0.37037037037037035,0.095,4,-4,0.0
overlap_s2.0,overlap,7,800,2,5,Silhouette,2,0.1531984806060791,0.24089130710061715,0.3295255810033444,0.33098700394426417,,,,,,,3,-3,0.0
overlap_s2.0,overlap,7,800,2,5,Calinski-Har.,3,0.09740209579467773,0.32362857698771286,0.3977993199276802,0.4000348033290096,,,,,,,2,-2,0.0
overlap_s2.0,overlap,7,800,2,5,Davies-Bouldin,5,0.1079108715057373,0.4080048822219913,0.42731142122781296,0.43089830934932066,,,,,,,0,0,1.0
overlap_s2.0,overlap,7,800,2,5,Elbow (Kneedle),5,0.10045719146728516,0.4080048822219913,0.42731142122781296,0.43089830934932066,,,,,,,0,0,1.0
overlap_s2.0,overlap,7,800,2,5,Jump statistic,5,0.14405059814453125,0.4080048822219913,0.42731142122781296,0.43089830934932066,,,,,,,0,0,1.0
overlap_s2.0,overlap,7,800,2,5,Gap statistic,3,0.3422229290008545,0.32362857698771286,0.3977993199276802,0.4000348033290096,,,,,,,2,-2,0.0
overlap_s2.0,overlap,7,800,2,5,X-means,2,0.010568618774414062,0.24089130710061715,0.3295255810033444,0.33098700394426417,,,,,,,3,-3,0.0
overlap_s2.0,overlap,7,800,2,5,G-means,1,0.0032885074615478516,0.0,0.0,0.0,,,,,,,4,-4,0.0
overlap_s2.0,overlap,7,800,2,5,dip-means,1,0.013739347457885742,0.0,0.0,0.0,,,,,,,4,-4,0.0
overlap_s2.0,overlap,7,800,2,5,ISODATA,7,0.017163515090942383,0.30454354421268454,0.39178514794923813,0.39700482745264404,,,,,,,2,2,0.0
overlap_s2.0,overlap,7,800,2,5,MDL split/merge,3,0.012170553207397461,0.3242156260368511,0.398514758125257,0.40074778255552934,,,,,,,2,-2,0.0
overlap_s2.0,overlap,7,800,2,5,GMM+BIC,2,0.15170693397521973,0.2380270702006587,0.325715860529772,0.32718563033839004,,,,,,,3,-3,0.0
overlap_s2.0,overlap,7,800,2,5,GMM+ICL,2,0.15586304664611816,0.2380270702006587,0.325715860529772,0.32718563033839004,,,,,,,3,-3,0.0
overlap_s2.0,overlap,7,800,2,5,HDBSCAN,3,0.004679441452026367,0.27403086817168926,0.36566551000218916,0.3680714390729068,,,,,,,2,-2,0.0
overlap_s2.0,overlap,7,800,2,5,Bisecting+Sil.,2,0.1094822883605957,0.23925159894657638,0.32702197284583867,0.3284888447127194,,,,,,,3,-3,0.0
overlap_s2.0,overlap,8,800,2,5,ORACLE k-means(k*),5,0.006526470184326172,0.4278995148634463,0.46496107935165004,0.4683126233625407,,,,,,,0,0,1.0
overlap_s2.0,overlap,8,800,2,5,CDK (proposed),1,2.950996160507202,0.0,0.0,0.0,1.0,1.0,44.0,19.0,0.20454545454545456,0.08499999999999999,4,-4,0.0
overlap_s2.0,overlap,8,800,2,5,CDK / Gaussian null,1,4.295934677124023,0.0,0.0,0.0,1.0,8.0,44.0,19.0,0.38636363636363635,0.03,4,-4,0.0
overlap_s2.0,overlap,8,800,2,5,CDK / AD statistic,1,3.222963333129883,0.0,0.0,0.0,1.0,1.0,44.0,19.0,0.09090909090909091,0.3269230769230769,4,-4,0.0
overlap_s2.0,overlap,8,800,2,5,CDK / no multiplicity corr.,1,2.989299774169922,0.0,0.0,0.0,1.0,8.0,44.0,19.0,0.45454545454545453,0.08499999999999999,4,-4,0.0
overlap_s2.0,overlap,8,800,2,5,CDK / n_min=15,1,4.513301610946655,0.0,0.0,0.0,1.0,2.0,84.0,34.0,0.21428571428571427,0.135,4,-4,0.0
overlap_s2.0,overlap,8,800,2,5,CDK / n_min=40,1,2.4942080974578857,0.0,0.0,0.0,1.0,1.0,29.0,12.0,0.3793103448275862,0.07,4,-4,0.0
overlap_s2.0,overlap,8,800,2,5,Silhouette,3,0.21241116523742676,0.33602204839147887,0.40783544469859634,0.4100367230551784,,,,,,,2,-2,0.0
overlap_s2.0,overlap,8,800,2,5,Calinski-Har.,5,0.12495017051696777,0.4278995148634463,0.46496107935165004,0.4683126233625407,,,,,,,0,0,1.0
overlap_s2.0,overlap,8,800,2,5,Davies-Bouldin,12,0.14282798767089844,0.236695692684261,0.40565762738398986,0.4138832417389088,,,,,,,7,7,0.0
overlap_s2.0,overlap,8,800,2,5,Elbow (Kneedle),5,0.12988805770874023,0.4278995148634463,0.46496107935165004,0.4683126233625407,,,,,,,0,0,1.0
overlap_s2.0,overlap,8,800,2,5,Jump statistic,3,0.1332836151123047,0.33602204839147887,0.40783544469859634,0.4100367230551784,,,,,,,2,-2,0.0
overlap_s2.0,overlap,8,800,2,5,Gap statistic,3,0.44925975799560547,0.33602204839147887,0.40783544469859634,0.4100367230551784,,,,,,,2,-2,0.0
overlap_s2.0,overlap,8,800,2,5,X-means,2,0.014763593673706055,0.21763260944453428,0.3001612045529237,0.30168853556389136,,,,,,,3,-3,0.0
overlap_s2.0,overlap,8,800,2,5,G-means,3,0.017028331756591797,0.33602204839147887,0.40783544469859634,0.4100367230551784,,,,,,,2,-2,0.0
overlap_s2.0,overlap,8,800,2,5,dip-means,1,0.017408370971679688,0.0,0.0,0.0,,,,,,,4,-4,0.0
overlap_s2.0,overlap,8,800,2,5,ISODATA,7,0.02148294448852539,0.3428303652461789,0.4395277244622192,0.4443182011350435,,,,,,,2,2,0.0
overlap_s2.0,overlap,8,800,2,5,MDL split/merge,3,0.017333269119262695,0.33592838856122764,0.4076194601479393,0.40982156132156333,,,,,,,2,-2,0.0
overlap_s2.0,overlap,8,800,2,5,GMM+BIC,3,0.18050813674926758,0.3405051202418858,0.40964539990775806,0.4118454058202441,,,,,,,2,-2,0.0
overlap_s2.0,overlap,8,800,2,5,GMM+ICL,2,0.1818697452545166,0.21284731281012642,0.2996660467019882,0.30119725604930186,,,,,,,3,-3,0.0
overlap_s2.0,overlap,8,800,2,5,HDBSCAN,5,0.005231142044067383,0.2837952588776188,0.3921972526217269,0.39609006607074526,,,,,,,0,0,1.0
overlap_s2.0,overlap,8,800,2,5,Bisecting+Sil.,2,0.12903738021850586,0.21763260944453428,0.3001612045529237,0.30168853556389136,,,,,,,3,-3,0.0
overlap_s2.0,overlap,9,800,2,5,ORACLE k-means(k*),5,0.007477521896362305,0.5575084190510541,0.5890065489611417,0.5915882084523959,,,,,,,0,0,1.0
overlap_s2.0,overlap,9,800,2,5,CDK (proposed),1,3.585491180419922,0.0,0.0,0.0,1.0,3.0,44.0,17.0,0.38636363636363635,0.042499999999999996,4,-4,0.0
overlap_s2.0,overlap,9,800,2,5,CDK / Gaussian null,2,5.687659502029419,0.002424436524409913,0.034453577022061074,0.03728161416440774,1.0,8.0,44.0,17.0,0.5227272727272727,0.01,3,-3,0.0
overlap_s2.0,overlap,9,800,2,5,CDK / AD statistic,1,4.544070482254028,0.0,0.0,0.0,1.0,1.0,44.0,17.0,0.18181818181818182,0.5769230769230769,4,-4,0.0
overlap_s2.0,overlap,9,800,2,5,CDK / no multiplicity corr.,3,3.690464496612549,0.1467386439660744,0.35312221261342946,0.35588626854742195,1.0,5.0,44.0,17.0,0.5227272727272727,0.042499999999999996,2,-2,0.0
overlap_s2.0,overlap,9,800,2,5,CDK / n_min=15,1,4.84295392036438,0.0,0.0,0.0,1.0,1.0,77.0,30.0,0.2857142857142857,0.075,4,-4,0.0
overlap_s2.0,overlap,9,800,2,5,CDK / n_min=40,2,3.3803021907806396,0.062479271125477596,0.21027798200239237,0.2122951568694652,1.0,3.0,34.0,13.0,0.5588235294117647,0.0075,3,-3,0.0
overlap_s2.0,overlap,9,800,2,5,Silhouette,3,0.15317583084106445,0.41936619875898384,0.5118404369438062,0.5136563641475904,,,,,,,2,-2,0.0
overlap_s2.0,overlap,9,800,2,5,Calinski-Har.,3,0.10316014289855957,0.41936619875898384,0.5118404369438062,0.5136563641475904,,,,,,,2,-2,0.0
overlap_s2.0,overlap,9,800,2,5,Davies-Bouldin,3,0.11280322074890137,0.41936619875898384,0.5118404369438062,0.5136563641475904,,,,,,,2,-2,0.0
overlap_s2.0,overlap,9,800,2,5,Elbow (Kneedle),5,0.10086607933044434,0.5575084190510541,0.5890065489611417,0.5915882084523959,,,,,,,0,0,1.0
overlap_s2.0,overlap,9,800,2,5,Jump statistic,3,0.10242342948913574,0.41936619875898384,0.5118404369438062,0.5136563641475904,,,,,,,2,-2,0.0
overlap_s2.0,overlap,9,800,2,5,Gap statistic,3,0.33592820167541504,0.41936619875898384,0.5118404369438062,0.5136563641475904,,,,,,,2,-2,0.0
overlap_s2.0,overlap,9,800,2,5,X-means,3,0.016330480575561523,0.41936619875898384,0.5118404369438062,0.5136563641475904,,,,,,,2,-2,0.0
overlap_s2.0,overlap,9,800,2,5,G-means,2,0.007417917251586914,0.21280699176170415,0.3454365885558059,0.3469086662020025,,,,,,,3,-3,0.0
overlap_s2.0,overlap,9,800,2,5,dip-means,1,0.013376712799072266,0.0,0.0,0.0,,,,,,,4,-4,0.0
overlap_s2.0,overlap,9,800,2,5,ISODATA,7,0.018242835998535156,0.4046749622671393,0.5117629544977917,0.5159430005174784,,,,,,,2,2,0.0
overlap_s2.0,overlap,9,800,2,5,MDL split/merge,3,0.01185154914855957,0.41936619875898384,0.5118404369438062,0.5136563641475904,,,,,,,2,-2,0.0
overlap_s2.0,overlap,9,800,2,5,GMM+BIC,3,0.1488480567932129,0.422861641883776,0.5146976889184356,0.5165075255074905,,,,,,,2,-2,0.0
overlap_s2.0,overlap,9,800,2,5,GMM+ICL,2,0.15781235694885254,0.22557735875967458,0.38695355221109795,0.3883366756377916,,,,,,,3,-3,0.0
overlap_s2.0,overlap,9,800,2,5,HDBSCAN,3,0.004545927047729492,0.17905544014455646,0.34635505326692595,0.349046164404596,,,,,,,2,-2,0.0
overlap_s2.0,overlap,9,800,2,5,Bisecting+Sil.,3,0.11545157432556152,0.4011934436270198,0.4791387098646191,0.48107359232035235,,,,,,,2,-2,0.0
nongauss_t3,nongauss,0,800,2,5,ORACLE k-means(k*),5,0.0051305294036865234,1.0,1.0,1.0,,,,,,,0,0,1.0
nongauss_t3,nongauss,0,800,2,5,CDK (proposed),5,3.1563720703125,0.9906666593459081,0.9883314061298463,0.9884044649935746,5.0,5.0,25.0,10.0,0.76,0.005,0,0,1.0
nongauss_t3,nongauss,0,800,2,5,CDK / Gaussian null,6,4.402073383331299,0.9274156342009681,0.9482020606907369,0.948592155573878,6.0,6.0,25.0,10.0,0.8,0.005,1,1,0.0
nongauss_t3,nongauss,0,800,2,5,CDK / AD statistic,5,4.557058095932007,0.9906666593459081,0.9883314061298463,0.9884044649935746,5.0,5.0,25.0,10.0,0.72,0.005,0,0,1.0
nongauss_t3,nongauss,0,800,2,5,CDK / no multiplicity corr.,5,3.2361416816711426,0.9906666593459081,0.9883314061298463,0.9884044649935746,5.0,5.0,25.0,10.0,0.76,0.005,0,0,1.0
nongauss_t3,nongauss,0,800,2,5,CDK / n_min=15,5,3.780430316925049,0.9906666593459081,0.9883314061298463,0.9884044649935746,5.0,5.0,39.0,15.0,0.5641025641025641,0.005,0,0,1.0
nongauss_t3,nongauss,0,800,2,5,CDK / n_min=40,5,3.021650552749634,0.9906666593459081,0.9883314061298462,0.9884044649935745,5.0,5.0,19.0,8.0,0.8421052631578947,0.005,0,0,1.0
nongauss_t3,nongauss,0,800,2,5,Silhouette,5,0.15183401107788086,1.0,1.0,1.0,,,,,,,0,0,1.0
nongauss_t3,nongauss,0,800,2,5,Calinski-Har.,5,0.08403563499450684,1.0,1.0,1.0,,,,,,,0,0,1.0
nongauss_t3,nongauss,0,800,2,5,Davies-Bouldin,5,0.09859323501586914,1.0,1.0,1.0,,,,,,,0,0,1.0
nongauss_t3,nongauss,0,800,2,5,Elbow (Kneedle),5,0.081207275390625,1.0,1.0,1.0,,,,,,,0,0,1.0
nongauss_t3,nongauss,0,800,2,5,Jump statistic,5,0.0803682804107666,1.0,1.0,1.0,,,,,,,0,0,1.0
nongauss_t3,nongauss,0,800,2,5,Gap statistic,5,0.375002384185791,1.0,1.0,1.0,,,,,,,0,0,1.0
nongauss_t3,nongauss,0,800,2,5,X-means,6,0.028239011764526367,0.9353951098555107,0.9586858381693764,0.9589966883245079,,,,,,,1,1,0.0
nongauss_t3,nongauss,0,800,2,5,G-means,6,0.029259443283081055,0.9352361995722215,0.9586181980495605,0.9589295309327703,,,,,,,1,1,0.0
nongauss_t3,nongauss,0,800,2,5,dip-means,5,0.10485482215881348,1.0,1.0,1.0,,,,,,,0,0,1.0
nongauss_t3,nongauss,0,800,2,5,ISODATA,5,0.020398378372192383,1.0,1.0,1.0,,,,,,,0,0,1.0
nongauss_t3,nongauss,0,800,2,5,MDL split/merge,5,0.030725955963134766,1.0,1.0,1.0,,,,,,,0,0,1.0
nongauss_t3,nongauss,0,800,2,5,GMM+BIC,9,0.2920377254486084,0.8553433897294472,0.9017768121859835,0.9029153324368651,,,,,,,4,4,0.0
nongauss_t3,nongauss,0,800,2,5,GMM+ICL,5,0.3009912967681885,1.0,1.0,1.0,,,,,,,0,0,1.0
nongauss_t3,nongauss,0,800,2,5,HDBSCAN,5,0.005107879638671875,1.0,1.0,1.0,,,,,,,0,0,1.0
nongauss_t3,nongauss,0,800,2,5,Bisecting+Sil.,5,0.1283564567565918,0.9906666593459081,0.9883314061298462,0.9884044649935745,,,,,,,0,0,1.0
nongauss_t3,nongauss,1,800,2,5,ORACLE k-means(k*),5,0.008063554763793945,0.9968691099886755,0.9952518682725183,0.995281596448275,,,,,,,0,0,1.0
nongauss_t3,nongauss,1,800,2,5,CDK (proposed),6,3.3696365356445312,0.9545754207957321,0.9547657779555071,0.9551132161486064,6.0,6.0,38.0,16.0,0.5263157894736842,0.0075,1,1,0.0
nongauss_t3,nongauss,1,800,2,5,CDK / Gaussian null,5,3.7395994663238525,0.9844438807915686,0.9784409227578476,0.9785759053872045,5.0,6.0,38.0,16.0,0.5,0.02,0,0,1.0
nongauss_t3,nongauss,1,800,2,5,CDK / AD statistic,6,4.729848146438599,0.9545754207957321,0.9547657779555071,0.9551132161486064,5.0,6.0,38.0,16.0,0.5,0.0375,1,1,0.0
nongauss_t3,nongauss,1,800,2,5,CDK / no multiplicity corr.,6,3.0984203815460205,0.9545754207957321,0.9547657779555071,0.9551132161486064,6.0,6.0,38.0,16.0,0.6052631578947368,0.0075,1,1,0.0
nongauss_t3,nongauss,1,800,2,5,CDK / n_min=15,6,2.8091530799865723,0.9545754207957321,0.9547657779555073,0.9551132161486067,6.0,6.0,53.0,23.0,0.4339622641509434,0.25925925925925924,1,1,0.0
nongauss_t3,nongauss,1,800,2,5,CDK / n_min=40,5,2.5030148029327393,0.9844438807915686,0.9784409227578476,0.9785759053872045,5.0,5.0,20.0,9.0,0.75,0.005,0,0,1.0
nongauss_t3,nongauss,1,800,2,5,Silhouette,5,0.1354522705078125,0.9968691099886755,0.9952518682725183,0.995281596448275,,,,,,,0,0,1.0
nongauss_t3,nongauss,1,800,2,5,Calinski-Har.,5,0.0793604850769043,0.9968691099886755,0.9952518682725183,0.995281596448275,,,,,,,0,0,1.0
nongauss_t3,nongauss,1,800,2,5,Davies-Bouldin,5,0.10311627388000488,0.9968691099886755,0.9952518682725183,0.995281596448275,,,,,,,0,0,1.0
nongauss_t3,nongauss,1,800,2,5,Elbow (Kneedle),5,0.07523036003112793,0.9968691099886755,0.9952518682725183,0.995281596448275,,,,,,,0,0,1.0
nongauss_t3,nongauss,1,800,2,5,Jump statistic,5,0.07796573638916016,0.9968691099886755,0.9952518682725183,0.995281596448275,,,,,,,0,0,1.0
nongauss_t3,nongauss,1,800,2,5,Gap statistic,5,0.3309183120727539,0.9968691099886755,0.9952518682725183,0.995281596448275,,,,,,,0,0,1.0
nongauss_t3,nongauss,1,800,2,5,X-means,6,0.02630925178527832,0.9315058385138999,0.9538576056479849,0.9542046679915728,,,,,,,1,1,0.0
nongauss_t3,nongauss,1,800,2,5,G-means,8,0.036707401275634766,0.9252149599267953,0.9443658549368148,0.9449666071144468,,,,,,,3,3,0.0
nongauss_t3,nongauss,1,800,2,5,dip-means,5,0.08595132827758789,0.9968691099886755,0.9952518682725183,0.995281596448275,,,,,,,0,0,1.0
nongauss_t3,nongauss,1,800,2,5,ISODATA,5,0.01660609245300293,0.9968691099886755,0.9952518682725183,0.995281596448275,,,,,,,0,0,1.0
nongauss_t3,nongauss,1,800,2,5,MDL split/merge,5,0.026021718978881836,0.9968691099886755,0.9952518682725183,0.995281596448275,,,,,,,0,0,1.0
nongauss_t3,nongauss,1,800,2,5,GMM+BIC,8,0.2414851188659668,0.8985760531722933,0.9217270058455151,0.9225653665697073,,,,,,,3,3,0.0
nongauss_t3,nongauss,1,800,2,5,GMM+ICL,5,0.24980759620666504,0.9968691099886755,0.9952518682725183,0.995281596448275,,,,,,,0,0,1.0
nongauss_t3,nongauss,1,800,2,5,HDBSCAN,5,0.004346370697021484,0.9968691099886755,0.9952518682725183,0.995281596448275,,,,,,,0,0,1.0
nongauss_t3,nongauss,1,800,2,5,Bisecting+Sil.,5,0.10486578941345215,0.9844438807915686,0.9784409227578476,0.9785759053872045,,,,,,,0,0,1.0
nongauss_t3,nongauss,2,800,2,5,ORACLE k-means(k*),5,0.005313873291015625,0.9906662181794057,0.9868488828432564,0.9869312223284835,,,,,,,0,0,1.0
nongauss_t3,nongauss,2,800,2,5,CDK (proposed),5,3.5963146686553955,0.9844145291180962,0.9773549263375825,0.9774967088185426,5.0,5.0,27.0,10.0,0.7037037037037037,0.005,0,0,1.0
nongauss_t3,nongauss,2,800,2,5,CDK / Gaussian null,5,4.27707314491272,0.9844145291180962,0.9773549263375825,0.9774967088185426,5.0,5.0,27.0,10.0,0.7037037037037037,0.005,0,0,1.0
nongauss_t3,nongauss,2,800,2,5,CDK / AD statistic,6,5.648007154464722,0.9251813555114771,0.9392007229015851,0.9396586838930631,5.0,6.0,27.0,10.0,0.7407407407407407,0.005,1,1,0.0
nongauss_t3,nongauss,2,800,2,5,CDK / no multiplicity corr.,5,3.6197702884674072,0.9844145291180962,0.9773549263375825,0.9774967088185426,5.0,5.0,27.0,10.0,0.7037037037037037,0.005,0,0,1.0
nongauss_t3,nongauss,2,800,2,5,CDK / n_min=15,6,4.210791110992432,0.9657091628605756,0.9605548726171438,0.96086219457051,5.0,6.0,45.0,18.0,0.5333333333333333,0.01,1,1,0.0
nongauss_t3,nongauss,2,800,2,5,CDK / n_min=40,5,3.3602819442749023,0.9844145291180962,0.9773549263375824,0.9774967088185423,5.0,5.0,19.0,8.0,0.8421052631578947,0.005,0,0,1.0
nongauss_t3,nongauss,2,800,2,5,Silhouette,5,0.1713869571685791,0.9906662181794057,0.9868488828432564,0.9869312223284835,,,,,,,0,0,1.0
nongauss_t3,nongauss,2,800,2,5,Calinski-Har.,5,0.09494233131408691,0.9906662181794057,0.9868488828432564,0.9869312223284835,,,,,,,0,0,1.0
nongauss_t3,nongauss,2,800,2,5,Davies-Bouldin,5,0.11136627197265625,0.9906662181794057,0.9868488828432564,0.9869312223284835,,,,,,,0,0,1.0
nongauss_t3,nongauss,2,800,2,5,Elbow (Kneedle),5,0.09428024291992188,0.9906662181794057,0.9868488828432564,0.9869312223284835,,,,,,,0,0,1.0
nongauss_t3,nongauss,2,800,2,5,Jump statistic,5,0.09580063819885254,0.9906662181794057,0.9868488828432564,0.9869312223284835,,,,,,,0,0,1.0
nongauss_t3,nongauss,2,800,2,5,Gap statistic,5,0.4253196716308594,0.9906662181794057,0.9868488828432564,0.9869312223284835,,,,,,,0,0,1.0
nongauss_t3,nongauss,2,800,2,5,X-means,6,0.02878093719482422,0.9254003933276813,0.9459332684786498,0.9463400068474773,,,,,,,1,1,0.0
nongauss_t3,nongauss,2,800,2,5,G-means,9,0.032256364822387695,0.8431653445337741,0.8935460827498605,0.8947773758682134,,,,,,,4,4,0.0
nongauss_t3,nongauss,2,800,2,5,dip-means,5,0.10323333740234375,0.9906662181794057,0.9868488828432564,0.9869312223284835,,,,,,,0,0,1.0
nongauss_t3,nongauss,2,800,2,5,ISODATA,5,0.019075632095336914,0.9906662181794057,0.9868488828432564,0.9869312223284835,,,,,,,0,0,1.0
nongauss_t3,nongauss,2,800,2,5,MDL split/merge,5,0.03148460388183594,0.9906662181794057,0.9868488828432564,0.9869312223284835,,,,,,,0,0,1.0
nongauss_t3,nongauss,2,800,2,5,GMM+BIC,9,0.2660388946533203,0.8657217489321294,0.8989738027498712,0.9001569707219547,,,,,,,4,4,0.0
nongauss_t3,nongauss,2,800,2,5,GMM+ICL,5,0.25813794136047363,0.9906662181794057,0.9868488828432564,0.9869312223284835,,,,,,,0,0,1.0
nongauss_t3,nongauss,2,800,2,5,HDBSCAN,5,0.0049266815185546875,0.9937579600246279,0.9915871831020887,0.9916398563708725,,,,,,,0,0,1.0
nongauss_t3,nongauss,2,800,2,5,Bisecting+Sil.,5,0.11836671829223633,0.9844145291180962,0.9773549263375824,0.9774967088185423,,,,,,,0,0,1.0
nongauss_t3,nongauss,3,800,2,5,ORACLE k-means(k*),5,0.004312992095947266,0.9968691099886755,0.9952518682725183,0.995281596448275,,,,,,,0,0,1.0
nongauss_t3,nongauss,3,800,2,5,CDK (proposed),6,3.469352960586548,0.9332097305451303,0.9545131373957048,0.9548553739671534,6.0,6.0,35.0,13.0,0.7714285714285715,0.005,1,1,0.0
nongauss_t3,nongauss,3,800,2,5,CDK / Gaussian null,5,3.8877112865448,0.9968691099886755,0.9952518682725183,0.995281596448275,5.0,6.0,35.0,13.0,0.7142857142857143,0.005,0,0,1.0
nongauss_t3,nongauss,3,800,2,5,CDK / AD statistic,5,4.773327827453613,0.9968691099886755,0.9952518682725183,0.995281596448275,5.0,6.0,35.0,13.0,0.6857142857142857,0.005,0,0,1.0
nongauss_t3,nongauss,3,800,2,5,CDK / no multiplicity corr.,6,3.3639297485351562,0.9332097305451303,0.9545131373957048,0.9548553739671534,6.0,6.0,35.0,13.0,0.7714285714285715,0.005,1,1,0.0
nongauss_t3,nongauss,3,800,2,5,CDK / n_min=15,5,2.9884543418884277,0.9968691099886755,0.9952518682725183,0.995281596448275,5.0,5.0,48.0,19.0,0.4791666666666667,0.042499999999999996,0,0,1.0
nongauss_t3,nongauss,3,800,2,5,CDK / n_min=40,5,3.78924560546875,0.9968691099886755,0.9952518682725183,0.995281596448275,5.0,5.0,31.0,12.0,0.6774193548387096,0.005,0,0,1.0
nongauss_t3,nongauss,3,800,2,5,Silhouette,5,0.1330242156982422,0.9968691099886755,0.9952518682725183,0.995281596448275,,,,,,,0,0,1.0
nongauss_t3,nongauss,3,800,2,5,Calinski-Har.,5,0.07465410232543945,0.9968691099886755,0.9952518682725183,0.995281596448275,,,,,,,0,0,1.0
nongauss_t3,nongauss,3,800,2,5,Davies-Bouldin,5,0.08594489097595215,0.9968691099886755,0.9952518682725183,0.995281596448275,,,,,,,0,0,1.0
nongauss_t3,nongauss,3,800,2,5,Elbow (Kneedle),5,0.07468152046203613,0.9968691099886755,0.9952518682725183,0.995281596448275,,,,,,,0,0,1.0
nongauss_t3,nongauss,3,800,2,5,Jump statistic,5,0.07271766662597656,0.9968691099886755,0.9952518682725183,0.995281596448275,,,,,,,0,0,1.0
nongauss_t3,nongauss,3,800,2,5,Gap statistic,5,0.34008097648620605,0.9968691099886755,0.9952518682725183,0.995281596448275,,,,,,,0,0,1.0
nongauss_t3,nongauss,3,800,2,5,X-means,6,0.023952960968017578,0.9317288457882407,0.9539516069718113,0.9542980029016227,,,,,,,1,1,0.0
nongauss_t3,nongauss,3,800,2,5,G-means,7,0.03273916244506836,0.9118055079220769,0.9363709890522589,0.9369389007234448,,,,,,,2,2,0.0
nongauss_t3,nongauss,3,800,2,5,dip-means,5,0.08311104774475098,0.9968691099886755,0.9952518682725183,0.995281596448275,,,,,,,0,0,1.0
nongauss_t3,nongauss,3,800,2,5,ISODATA,5,0.017920732498168945,0.9968691099886755,0.9952518682725183,0.995281596448275,,,,,,,0,0,1.0
nongauss_t3,nongauss,3,800,2,5,MDL split/merge,5,0.02576756477355957,0.9968691099886755,0.9952518682725183,0.995281596448275,,,,,,,0,0,1.0
nongauss_t3,nongauss,3,800,2,5,GMM+BIC,9,0.1925029754638672,0.845367497920782,0.8959926910913271,0.8972055029152679,,,,,,,4,4,0.0
nongauss_t3,nongauss,3,800,2,5,GMM+ICL,5,0.19823765754699707,0.9968691099886755,0.9952518682725183,0.995281596448275,,,,,,,0,0,1.0
nongauss_t3,nongauss,3,800,2,5,HDBSCAN,5,0.0042154788970947266,0.9968691099886755,0.9952518682725183,0.995281596448275,,,,,,,0,0,1.0
nongauss_t3,nongauss,3,800,2,5,Bisecting+Sil.,5,0.10116887092590332,0.9937481085578733,0.9905061477722119,0.9905655893321359,,,,,,,0,0,1.0
nongauss_t3,nongauss,4,800,2,5,ORACLE k-means(k*),5,0.004803180694580078,0.9968691099886755,0.9952518682725183,0.995281596448275,,,,,,,0,0,1.0
nongauss_t3,nongauss,4,800,2,5,CDK (proposed),5,3.4288580417633057,0.9968691099886755,0.9952518682725183,0.995281596448275,5.0,5.0,38.0,15.0,0.6578947368421053,0.005,0,0,1.0
nongauss_t3,nongauss,4,800,2,5,CDK / Gaussian null,5,4.55070161819458,0.9968691099886755,0.9952518682725183,0.995281596448275,5.0,6.0,38.0,15.0,0.6842105263157895,0.005,0,0,1.0
nongauss_t3,nongauss,4,800,2,5,CDK / AD statistic,6,5.742660760879517,0.9386136615416975,0.9569285311630047,0.9572537605372777,6.0,7.0,38.0,15.0,0.631578947368421,0.005,1,1,0.0
nongauss_t3,nongauss,4,800,2,5,CDK / no multiplicity corr.,5,3.679119825363159,0.9968691099886755,0.9952518682725183,0.995281596448275,5.0,6.0,38.0,15.0,0.6842105263157895,0.005,0,0,1.0
nongauss_t3,nongauss,4,800,2,5,CDK / n_min=15,6,3.459078788757324,0.9422715876310894,0.9585733461939137,0.9588868308095071,6.0,8.0,43.0,18.0,0.627906976744186,0.005,1,1,0.0
nongauss_t3,nongauss,4,800,2,5,CDK / n_min=40,5,2.8317980766296387,0.9968691099886755,0.9952518682725183,0.995281596448275,5.0,5.0,20.0,9.0,0.8,0.005,0,0,1.0
nongauss_t3,nongauss,4,800,2,5,Silhouette,5,0.16245698928833008,0.9968691099886755,0.9952518682725183,0.995281596448275,,,,,,,0,0,1.0
nongauss_t3,nongauss,4,800,2,5,Calinski-Har.,5,0.08978462219238281,0.9968691099886755,0.9952518682725183,0.995281596448275,,,,,,,0,0,1.0
nongauss_t3,nongauss,4,800,2,5,Davies-Bouldin,5,0.09693360328674316,0.9968691099886755,0.9952518682725183,0.995281596448275,,,,,,,0,0,1.0
nongauss_t3,nongauss,4,800,2,5,Elbow (Kneedle),5,0.07950067520141602,0.9968691099886755,0.9952518682725183,0.995281596448275,,,,,,,0,0,1.0
nongauss_t3,nongauss,4,800,2,5,Jump statistic,5,0.07964348793029785,0.9968691099886755,0.9952518682725183,0.995281596448275,,,,,,,0,0,1.0
nongauss_t3,nongauss,4,800,2,5,Gap statistic,2,0.38016724586486816,0.37248487147400827,0.5824711802168145,0.5833892732217147,,,,,,,3,-3,0.0
nongauss_t3,nongauss,4,800,2,5,X-means,5,0.027289152145385742,0.9968691099886755,0.9952518682725183,0.995281596448275,,,,,,,0,0,1.0
nongauss_t3,nongauss,4,800,2,5,G-means,12,0.03639101982116699,0.7229161997371903,0.8376706154703052,0.8401081955360677,,,,,,,7,7,0.0
nongauss_t3,nongauss,4,800,2,5,dip-means,5,0.09388208389282227,0.9968691099886755,0.9952518682725183,0.995281596448275,,,,,,,0,0,1.0
nongauss_t3,nongauss,4,800,2,5,ISODATA,5,0.01755833625793457,0.9968691099886755,0.9952518682725183,0.995281596448275,,,,,,,0,0,1.0
nongauss_t3,nongauss,4,800,2,5,MDL split/merge,5,0.029529809951782227,0.9968691099886755,0.9952518682725183,0.995281596448275,,,,,,,0,0,1.0
nongauss_t3,nongauss,4,800,2,5,GMM+BIC,9,0.24871468544006348,0.8866676164821392,0.908322534294779,0.9094161535774695,,,,,,,4,4,0.0
nongauss_t3,nongauss,4,800,2,5,GMM+ICL,6,0.2480483055114746,0.962403942456441,0.9552631884834818,0.955607479118198,,,,,,,1,1,0.0
nongauss_t3,nongauss,4,800,2,5,HDBSCAN,5,0.00483393669128418,1.0,1.0,1.0,,,,,,,0,0,1.0
nongauss_t3,nongauss,4,800,2,5,Bisecting+Sil.,5,0.11939287185668945,0.9968691099886755,0.9952518682725183,0.995281596448275,,,,,,,0,0,1.0
nongauss_t3,nongauss,5,800,2,5,ORACLE k-means(k*),5,0.004090070724487305,0.9937579600246279,0.9915871831020886,0.9916398563708724,,,,,,,0,0,1.0
nongauss_t3,nongauss,5,800,2,5,CDK (proposed),5,2.920876979827881,0.9515019001770266,0.9539130037082585,0.9542017223998488,5.0,5.0,31.0,13.0,0.6129032258064516,0.005,0,0,1.0
nongauss_t3,nongauss,5,800,2,5,CDK / Gaussian null,5,3.9362146854400635,0.9515019001770266,0.9539130037082585,0.9542017223998488,5.0,5.0,31.0,13.0,0.6129032258064516,0.005,0,0,1.0
nongauss_t3,nongauss,5,800,2,5,CDK / AD statistic,5,4.441966772079468,0.9515019001770266,0.9539130037082585,0.9542017223998488,5.0,5.0,31.0,13.0,0.6129032258064516,0.005,0,0,1.0
nongauss_t3,nongauss,5,800,2,5,CDK / no multiplicity corr.,5,3.0964367389678955,0.9515019001770266,0.9539130037082585,0.9542017223998488,5.0,5.0,31.0,13.0,0.6129032258064516,0.005,0,0,1.0
nongauss_t3,nongauss,5,800,2,5,CDK / n_min=15,5,3.547816038131714,0.9515019001770266,0.9539130037082586,0.9542017223998489,5.0,5.0,52.0,22.0,0.34615384615384615,0.28846153846153844,0,0,1.0
nongauss_t3,nongauss,5,800,2,5,CDK / n_min=40,5,3.2622134685516357,0.9515019001770266,0.9539130037082586,0.9542017223998489,5.0,5.0,23.0,10.0,0.7391304347826086,0.005,0,0,1.0
nongauss_t3,nongauss,5,800,2,5,Silhouette,5,0.16837811470031738,0.9937579600246279,0.9915871831020886,0.9916398563708724,,,,,,,0,0,1.0
nongauss_t3,nongauss,5,800,2,5,Calinski-Har.,5,0.0998697280883789,0.9937579600246279,0.9915871831020886,0.9916398563708724,,,,,,,0,0,1.0
nongauss_t3,nongauss,5,800,2,5,Davies-Bouldin,5,0.10832810401916504,0.9937579600246279,0.9915871831020886,0.9916398563708724,,,,,,,0,0,1.0
nongauss_t3,nongauss,5,800,2,5,Elbow (Kneedle),5,0.09306621551513672,0.9937579600246279,0.9915871831020886,0.9916398563708724,,,,,,,0,0,1.0
nongauss_t3,nongauss,5,800,2,5,Jump statistic,5,0.08734464645385742,0.9937579600246279,0.9915871831020886,0.9916398563708724,,,,,,,0,0,1.0
nongauss_t3,nongauss,5,800,2,5,Gap statistic,5,0.4395003318786621,0.9937579600246279,0.9915871831020886,0.9916398563708724,,,,,,,0,0,1.0
nongauss_t3,nongauss,5,800,2,5,X-means,7,0.05279684066772461,0.9667159640531033,0.9662865121839668,0.9666087997525821,,,,,,,2,2,0.0
nongauss_t3,nongauss,5,800,2,5,G-means,9,0.04161190986633301,0.852853540081104,0.8969620625874215,0.8981659834835014,,,,,,,4,4,0.0
nongauss_t3,nongauss,5,800,2,5,dip-means,5,0.10508966445922852,0.9937579600246279,0.9915871831020886,0.9916398563708724,,,,,,,0,0,1.0
nongauss_t3,nongauss,5,800,2,5,ISODATA,5,0.020231246948242188,0.9937579600246279,0.9915871831020886,0.9916398563708724,,,,,,,0,0,1.0
nongauss_t3,nongauss,5,800,2,5,MDL split/merge,5,0.032274484634399414,0.9937579600246279,0.9915871831020886,0.9916398563708724,,,,,,,0,0,1.0
nongauss_t3,nongauss,5,800,2,5,GMM+BIC,9,0.2664055824279785,0.8584543185478588,0.8976870134347457,0.8988775711185483,,,,,,,4,4,0.0
nongauss_t3,nongauss,5,800,2,5,GMM+ICL,5,0.28123044967651367,0.9937579600246279,0.9915871831020886,0.9916398563708724,,,,,,,0,0,1.0
nongauss_t3,nongauss,5,800,2,5,HDBSCAN,5,0.005547285079956055,0.9906271808867675,0.9868389844155382,0.9869213867182499,,,,,,,0,0,1.0
nongauss_t3,nongauss,5,800,2,5,Bisecting+Sil.,5,0.13704514503479004,0.9937579600246279,0.9915871831020886,0.9916398563708724,,,,,,,0,0,1.0
nongauss_t3,nongauss,6,800,2,5,ORACLE k-means(k*),5,0.005809783935546875,0.984385177791463,0.9762689403034949,0.9764175226034117,,,,,,,0,0,1.0
nongauss_t3,nongauss,6,800,2,5,CDK (proposed),5,3.533750534057617,0.984385177791463,0.9762689403034948,0.9764175226034115,5.0,5.0,27.0,11.0,0.6666666666666666,0.005,0,0,1.0
nongauss_t3,nongauss,6,800,2,5,CDK / Gaussian null,5,3.5750367641448975,0.984385177791463,0.9762689403034948,0.9764175226034115,5.0,5.0,27.0,11.0,0.6666666666666666,0.005,0,0,1.0
nongauss_t3,nongauss,6,800,2,5,CDK / AD statistic,5,4.2356956005096436,0.984385177791463,0.9762689403034948,0.9764175226034115,5.0,6.0,27.0,11.0,0.6296296296296297,0.005,0,0,1.0
nongauss_t3,nongauss,6,800,2,5,CDK / no multiplicity corr.,5,3.3889260292053223,0.984385177791463,0.9762689403034948,0.9764175226034115,5.0,5.0,27.0,11.0,0.7037037037037037,0.005,0,0,1.0
nongauss_t3,nongauss,6,800,2,5,CDK / n_min=15,5,3.620328187942505,0.984385177791463,0.9762689403034949,0.9764175226034117,5.0,5.0,33.0,13.0,0.6666666666666666,0.005,0,0,1.0
nongauss_t3,nongauss,6,800,2,5,CDK / n_min=40,5,3.2082266807556152,0.984385177791463,0.9762689403034948,0.9764175226034115,5.0,5.0,22.0,9.0,0.7727272727272727,0.005,0,0,1.0
nongauss_t3,nongauss,6,800,2,5,Silhouette,6,0.16140437126159668,0.9859227227168448,0.9786630449996044,0.9788229752535903,,,,,,,1,1,0.0
nongauss_t3,nongauss,6,800,2,5,Calinski-Har.,6,0.09524321556091309,0.9859227227168448,0.9786630449996044,0.9788229752535903,,,,,,,1,1,0.0
nongauss_t3,nongauss,6,800,2,5,Davies-Bouldin,6,0.10913753509521484,0.9859227227168448,0.9786630449996044,0.9788229752535903,,,,,,,1,1,0.0
nongauss_t3,nongauss,6,800,2,5,Elbow (Kneedle),5,0.09465575218200684,0.984385177791463,0.9762689403034949,0.9764175226034117,,,,,,,0,0,1.0
nongauss_t3,nongauss,6,800,2,5,Jump statistic,5,0.08972883224487305,0.984385177791463,0.9762689403034949,0.9764175226034117,,,,,,,0,0,1.0
nongauss_t3,nongauss,6,800,2,5,Gap statistic,5,0.3177492618560791,0.984385177791463,0.9762689403034949,0.9764175226034117,,,,,,,0,0,1.0
nongauss_t3,nongauss,6,800,2,5,X-means,6,0.02331995964050293,0.9859227227168448,0.9786630449996044,0.9788229752535903,,,,,,,1,1,0.0
nongauss_t3,nongauss,6,800,2,5,G-means,11,0.022281408309936523,0.7393431458744953,0.8412050038133457,0.8433247476365564,,,,,,,6,6,0.0
nongauss_t3,nongauss,6,800,2,5,dip-means,5,0.08170199394226074,0.984385177791463,0.9762689403034949,0.9764175226034117,,,,,,,0,0,1.0
nongauss_t3,nongauss,6,800,2,5,ISODATA,5,0.01596522331237793,0.984385177791463,0.9762689403034949,0.9764175226034117,,,,,,,0,0,1.0
nongauss_t3,nongauss,6,800,2,5,MDL split/merge,6,0.03377556800842285,0.9859227227168448,0.9786630449996044,0.9788229752535903,,,,,,,1,1,0.0
nongauss_t3,nongauss,6,800,2,5,GMM+BIC,6,0.18650436401367188,0.958840354732283,0.9435562600341675,0.9439900171034383,,,,,,,1,1,0.0
nongauss_t3,nongauss,6,800,2,5,GMM+ICL,6,0.1914668083190918,0.958840354732283,0.9435562600341675,0.9439900171034383,,,,,,,1,1,0.0
nongauss_t3,nongauss,6,800,2,5,HDBSCAN,5,0.00439906120300293,0.9813230630654645,0.97261655514362,0.9727880053556391,,,,,,,0,0,1.0
nongauss_t3,nongauss,6,800,2,5,Bisecting+Sil.,6,0.10222482681274414,0.9859227227168448,0.9786630449996044,0.9788229752535903,,,,,,,1,1,0.0
nongauss_t3,nongauss,7,800,2,5,ORACLE k-means(k*),5,0.00539708137512207,0.9937382569747051,0.9905037133434422,0.9905631699923134,,,,,,,0,0,1.0
nongauss_t3,nongauss,7,800,2,5,CDK (proposed),5,3.3018906116485596,0.9874967342362952,0.9820906790845182,0.9822028123884863,5.0,5.0,31.0,13.0,0.5483870967741935,0.005,0,0,1.0
nongauss_t3,nongauss,7,800,2,5,CDK / Gaussian null,5,3.554046630859375,0.9874967342362952,0.9820906790845182,0.9822028123884863,5.0,5.0,31.0,13.0,0.6451612903225806,0.005,0,0,1.0
nongauss_t3,nongauss,7,800,2,5,CDK / AD statistic,5,3.7309024333953857,0.9874967342362952,0.9820906790845182,0.9822028123884863,5.0,5.0,31.0,13.0,0.5161290322580645,0.005,0,0,1.0
nongauss_t3,nongauss,7,800,2,5,CDK / no multiplicity corr.,5,3.3759379386901855,0.9874967342362952,0.9820906790845182,0.9822028123884863,5.0,6.0,31.0,13.0,0.5806451612903226,0.005,0,0,1.0
nongauss_t3,nongauss,7,800,2,5,CDK / n_min=15,5,3.6810882091522217,0.9874967342362952,0.9820906790845182,0.9822028123884863,5.0,5.0,33.0,14.0,0.5151515151515151,0.005,0,0,1.0
nongauss_t3,nongauss,7,800,2,5,CDK / n_min=40,5,3.543532609939575,0.9874967342362952,0.9820906790845182,0.9822028123884863,5.0,5.0,23.0,9.0,0.8260869565217391,0.005,0,0,1.0
nongauss_t3,nongauss,7,800,2,5,Silhouette,5,0.1584641933441162,0.9937382569747051,0.9905037133434422,0.9905631699923134,,,,,,,0,0,1.0
nongauss_t3,nongauss,7,800,2,5,Calinski-Har.,5,0.09326910972595215,0.9937382569747051,0.9905037133434422,0.9905631699923134,,,,,,,0,0,1.0
nongauss_t3,nongauss,7,800,2,5,Davies-Bouldin,5,0.10929059982299805,0.9937382569747051,0.9905037133434422,0.9905631699923134,,,,,,,0,0,1.0
nongauss_t3,nongauss,7,800,2,5,Elbow (Kneedle),5,0.0912313461303711,0.9937382569747051,0.9905037133434422,0.9905631699923134,,,,,,,0,0,1.0
nongauss_t3,nongauss,7,800,2,5,Jump statistic,5,0.09416460990905762,0.9937382569747051,0.9905037133434422,0.9905631699923134,,,,,,,0,0,1.0
nongauss_t3,nongauss,7,800,2,5,Gap statistic,5,0.3933577537536621,0.9937382569747051,0.9905037133434422,0.9905631699923134,,,,,,,0,0,1.0
nongauss_t3,nongauss,7,800,2,5,X-means,8,0.04305624961853027,0.881806708503261,0.9137520115358838,0.9146572485107459,,,,,,,3,3,0.0
nongauss_t3,nongauss,7,800,2,5,G-means,9,0.04663848876953125,0.9157656794450478,0.9261574370272792,0.9270352839391387,,,,,,,4,4,0.0
nongauss_t3,nongauss,7,800,2,5,dip-means,5,0.09299206733703613,0.9937382569747051,0.9905037133434422,0.9905631699923134,,,,,,,0,0,1.0
nongauss_t3,nongauss,7,800,2,5,ISODATA,5,0.021764278411865234,0.9937382569747051,0.9905037133434422,0.9905631699923134,,,,,,,0,0,1.0
nongauss_t3,nongauss,7,800,2,5,MDL split/merge,5,0.03505110740661621,0.9937382569747051,0.9905037133434422,0.9905631699923134,,,,,,,0,0,1.0
nongauss_t3,nongauss,7,800,2,5,GMM+BIC,7,0.25864601135253906,0.9209485001311999,0.9315377541471971,0.9321559639651283,,,,,,,2,2,0.0
nongauss_t3,nongauss,7,800,2,5,GMM+ICL,7,0.2623121738433838,0.9209485001311999,0.9315377541471971,0.9321559639651283,,,,,,,2,2,0.0
nongauss_t3,nongauss,7,800,2,5,HDBSCAN,5,0.004999399185180664,0.9906269593704863,0.9857604896240163,0.9858496435673862,,,,,,,0,0,1.0
nongauss_t3,nongauss,7,800,2,5,Bisecting+Sil.,5,0.12490248680114746,0.9874967342362952,0.9820906790845182,0.9822028123884863,,,,,,,0,0,1.0
nongauss_t3,nongauss,8,800,2,5,ORACLE k-means(k*),5,0.004026889801025391,1.0,1.0,1.0,,,,,,,0,0,1.0
nongauss_t3,nongauss,8,800,2,5,CDK (proposed),5,3.5631089210510254,1.0,1.0,1.0,5.0,5.0,35.0,12.0,0.7142857142857143,0.005,0,0,1.0
nongauss_t3,nongauss,8,800,2,5,CDK / Gaussian null,5,4.632274627685547,1.0,1.0,1.0,5.0,6.0,35.0,12.0,0.7142857142857143,0.005,0,0,1.0
nongauss_t3,nongauss,8,800,2,5,CDK / AD statistic,5,6.136498689651489,1.0,1.0,1.0,5.0,6.0,35.0,12.0,0.7142857142857143,0.005,0,0,1.0
nongauss_t3,nongauss,8,800,2,5,CDK / no multiplicity corr.,5,3.7530674934387207,1.0,1.0,1.0,5.0,5.0,35.0,12.0,0.7428571428571429,0.005,0,0,1.0
nongauss_t3,nongauss,8,800,2,5,CDK / n_min=15,5,3.4441280364990234,1.0,1.0,1.0,5.0,5.0,35.0,12.0,0.7142857142857143,0.005,0,0,1.0
nongauss_t3,nongauss,8,800,2,5,CDK / n_min=40,5,3.048743724822998,1.0,1.0,1.0,5.0,5.0,27.0,10.0,0.7777777777777778,0.005,0,0,1.0
nongauss_t3,nongauss,8,800,2,5,Silhouette,6,0.12880206108093262,0.9953643473399939,0.9942000176203276,0.9942465751416684,,,,,,,1,1,0.0
nongauss_t3,nongauss,8,800,2,5,Calinski-Har.,6,0.07303595542907715,0.9953643473399939,0.9942000176203276,0.9942465751416684,,,,,,,1,1,0.0
nongauss_t3,nongauss,8,800,2,5,Davies-Bouldin,5,0.08216214179992676,1.0,1.0,1.0,,,,,,,0,0,1.0
nongauss_t3,nongauss,8,800,2,5,Elbow (Kneedle),5,0.0691521167755127,1.0,1.0,1.0,,,,,,,0,0,1.0
nongauss_t3,nongauss,8,800,2,5,Jump statistic,5,0.06954550743103027,1.0,1.0,1.0,,,,,,,0,0,1.0
nongauss_t3,nongauss,8,800,2,5,Gap statistic,6,0.32457947731018066,0.9953643473399939,0.9942000176203276,0.9942465751416684,,,,,,,1,1,0.0
nongauss_t3,nongauss,8,800,2,5,X-means,6,0.030249834060668945,0.9953643473399939,0.9942000176203276,0.9942465751416684,,,,,,,1,1,0.0
nongauss_t3,nongauss,8,800,2,5,G-means,6,0.03302788734436035,0.9953643473399939,0.9942000176203276,0.9942465751416684,,,,,,,1,1,0.0
nongauss_t3,nongauss,8,800,2,5,dip-means,5,0.08144402503967285,1.0,1.0,1.0,,,,,,,0,0,1.0
nongauss_t3,nongauss,8,800,2,5,ISODATA,5,0.017374277114868164,1.0,1.0,1.0,,,,,,,0,0,1.0
nongauss_t3,nongauss,8,800,2,5,MDL split/merge,6,0.033826351165771484,0.9953643473399939,0.9942000176203276,0.9942465751416684,,,,,,,1,1,0.0
nongauss_t3,nongauss,8,800,2,5,GMM+BIC,11,0.19748425483703613,0.8014362866065141,0.872530773844132,0.8743636110491356,,,,,,,6,6,0.0
nongauss_t3,nongauss,8,800,2,5,GMM+ICL,6,0.20209503173828125,0.9938529259113938,0.9927297532932934,0.9927885517947934,,,,,,,1,1,0.0
nongauss_t3,nongauss,8,800,2,5,HDBSCAN,5,0.004251241683959961,1.0,1.0,1.0,,,,,,,0,0,1.0
nongauss_t3,nongauss,8,800,2,5,Bisecting+Sil.,6,0.10360264778137207,0.9953643473399939,0.9942000176203276,0.9942465751416684,,,,,,,1,1,0.0
nongauss_t3,nongauss,9,800,2,5,ORACLE k-means(k*),5,0.00474858283996582,0.9968691099886755,0.9952518682725183,0.995281596448275,,,,,,,0,0,1.0
nongauss_t3,nongauss,9,800,2,5,CDK (proposed),5,3.6288537979125977,0.9875359909576884,0.9835831414780363,0.9836859302211457,5.0,5.0,30.0,11.0,0.7,0.005,0,0,1.0
nongauss_t3,nongauss,9,800,2,5,CDK / Gaussian null,5,3.914060354232788,0.9875359909576884,0.9835831414780363,0.9836859302211457,5.0,5.0,30.0,11.0,0.7,0.005,0,0,1.0
nongauss_t3,nongauss,9,800,2,5,CDK / AD statistic,5,4.952717542648315,0.9875359909576884,0.9835831414780363,0.9836859302211457,5.0,6.0,30.0,11.0,0.7,0.005,0,0,1.0
nongauss_t3,nongauss,9,800,2,5,CDK / no multiplicity corr.,5,3.0148379802703857,0.9875359909576884,0.9835831414780363,0.9836859302211457,5.0,5.0,30.0,11.0,0.7,0.005,0,0,1.0
nongauss_t3,nongauss,9,800,2,5,CDK / n_min=15,5,2.74687123298645,0.9875359909576884,0.9835831414780363,0.9836859302211457,5.0,5.0,35.0,14.0,0.5714285714285714,0.005,0,0,1.0
nongauss_t3,nongauss,9,800,2,5,CDK / n_min=40,5,2.708991765975952,0.9875359909576884,0.9835831414780363,0.9836859302211457,5.0,5.0,20.0,8.0,0.85,0.005,0,0,1.0
nongauss_t3,nongauss,9,800,2,5,Silhouette,5,0.12783288955688477,0.9968691099886755,0.9952518682725183,0.995281596448275,,,,,,,0,0,1.0
nongauss_t3,nongauss,9,800,2,5,Calinski-Har.,5,0.06995773315429688,0.9968691099886755,0.9952518682725183,0.995281596448275,,,,,,,0,0,1.0
nongauss_t3,nongauss,9,800,2,5,Davies-Bouldin,5,0.08687281608581543,0.9968691099886755,0.9952518682725183,0.995281596448275,,,,,,,0,0,1.0
nongauss_t3,nongauss,9,800,2,5,Elbow (Kneedle),5,0.06954073905944824,0.9968691099886755,0.9952518682725183,0.995281596448275,,,,,,,0,0,1.0
nongauss_t3,nongauss,9,800,2,5,Jump statistic,5,0.06973671913146973,0.9968691099886755,0.9952518682725183,0.995281596448275,,,,,,,0,0,1.0
nongauss_t3,nongauss,9,800,2,5,Gap statistic,5,0.32328248023986816,0.9968691099886755,0.9952518682725183,0.995281596448275,,,,,,,0,0,1.0
nongauss_t3,nongauss,9,800,2,5,X-means,7,0.03156089782714844,0.9172397563202201,0.941765544239637,0.9422959612085772,,,,,,,2,2,0.0
nongauss_t3,nongauss,9,800,2,5,G-means,10,0.02485060691833496,0.8554050957117892,0.9018478761020423,0.9031837986293175,,,,,,,5,5,0.0
nongauss_t3,nongauss,9,800,2,5,dip-means,5,0.08126497268676758,0.9968691099886755,0.9952518682725183,0.995281596448275,,,,,,,0,0,1.0
nongauss_t3,nongauss,9,800,2,5,ISODATA,5,0.015483856201171875,0.9968691099886755,0.9952518682725183,0.995281596448275,,,,,,,0,0,1.0
nongauss_t3,nongauss,9,800,2,5,MDL split/merge,5,0.0253450870513916,0.9968691099886755,0.9952518682725183,0.995281596448275,,,,,,,0,0,1.0
nongauss_t3,nongauss,9,800,2,5,GMM+BIC,8,0.19711589813232422,0.896506116140006,0.9123356626388788,0.9132469392279248,,,,,,,3,3,0.0
nongauss_t3,nongauss,9,800,2,5,GMM+ICL,7,0.20258569717407227,0.9389411960407311,0.9395837358682207,0.9401365435828585,,,,,,,2,2,0.0
nongauss_t3,nongauss,9,800,2,5,HDBSCAN,5,0.004216670989990234,0.9968691099886755,0.9952518682725183,0.995281596448275,,,,,,,0,0,1.0
nongauss_t3,nongauss,9,800,2,5,Bisecting+Sil.,5,0.10155105590820312,0.9968691099886755,0.9952518682725183,0.995281596448275,,,,,,,0,0,1.0
nongauss_uniform,nongauss,0,800,2,5,ORACLE k-means(k*),5,0.004062175750732422,1.0,1.0,1.0,,,,,,,0,0,1.0
nongauss_uniform,nongauss,0,800,2,5,CDK (proposed),5,3.430137872695923,1.0,1.0,1.0,5.0,5.0,46.0,20.0,0.5652173913043478,0.005,0,0,1.0
nongauss_uniform,nongauss,0,800,2,5,CDK / Gaussian null,5,4.982044219970703,1.0,1.0,1.0,5.0,15.0,46.0,20.0,0.6086956521739131,0.005,0,0,1.0
nongauss_uniform,nongauss,0,800,2,5,CDK / AD statistic,5,4.975306510925293,1.0,1.0,1.0,5.0,5.0,46.0,20.0,0.5217391304347826,0.0075,0,0,1.0
nongauss_uniform,nongauss,0,800,2,5,CDK / no multiplicity corr.,5,3.8093812465667725,1.0,1.0,1.0,5.0,13.0,46.0,20.0,0.5652173913043478,0.005,0,0,1.0
nongauss_uniform,nongauss,0,800,2,5,CDK / n_min=15,5,5.2612175941467285,1.0,1.0,1.0,5.0,5.0,76.0,34.0,0.40789473684210525,0.09,0,0,1.0
nongauss_uniform,nongauss,0,800,2,5,CDK / n_min=40,5,3.459857702255249,1.0,1.0,1.0,5.0,5.0,28.0,11.0,0.75,0.005,0,0,1.0
nongauss_uniform,nongauss,0,800,2,5,Silhouette,5,0.13224267959594727,1.0,1.0,1.0,,,,,,,0,0,1.0
nongauss_uniform,nongauss,0,800,2,5,Calinski-Har.,5,0.08432674407958984,1.0,1.0,1.0,,,,,,,0,0,1.0
nongauss_uniform,nongauss,0,800,2,5,Davies-Bouldin,5,0.08932304382324219,1.0,1.0,1.0,,,,,,,0,0,1.0
nongauss_uniform,nongauss,0,800,2,5,Elbow (Kneedle),5,0.0715646743774414,1.0,1.0,1.0,,,,,,,0,0,1.0
nongauss_uniform,nongauss,0,800,2,5,Jump statistic,5,0.07114577293395996,1.0,1.0,1.0,,,,,,,0,0,1.0
nongauss_uniform,nongauss,0,800,2,5,Gap statistic,5,0.3294193744659424,1.0,1.0,1.0,,,,,,,0,0,1.0
nongauss_uniform,nongauss,0,800,2,5,X-means,5,0.022681236267089844,1.0,1.0,1.0,,,,,,,0,0,1.0
nongauss_uniform,nongauss,0,800,2,5,G-means,7,0.02280902862548828,0.8642418445917908,0.9200549923932483,0.9207491035935313,,,,,,,2,2,0.0
nongauss_uniform,nongauss,0,800,2,5,dip-means,5,0.08274340629577637,1.0,1.0,1.0,,,,,,,0,0,1.0
nongauss_uniform,nongauss,0,800,2,5,ISODATA,5,0.01702427864074707,1.0,1.0,1.0,,,,,,,0,0,1.0
nongauss_uniform,nongauss,0,800,2,5,MDL split/merge,5,0.026172637939453125,1.0,1.0,1.0,,,,,,,0,0,1.0
nongauss_uniform,nongauss,0,800,2,5,GMM+BIC,5,0.12434005737304688,1.0,1.0,1.0,,,,,,,0,0,1.0
nongauss_uniform,nongauss,0,800,2,5,GMM+ICL,5,0.12990665435791016,1.0,1.0,1.0,,,,,,,0,0,1.0
nongauss_uniform,nongauss,0,800,2,5,HDBSCAN,5,0.004439353942871094,1.0,1.0,1.0,,,,,,,0,0,1.0
nongauss_uniform,nongauss,0,800,2,5,Bisecting+Sil.,5,0.1022486686706543,1.0,1.0,1.0,,,,,,,0,0,1.0
nongauss_uniform,nongauss,1,800,2,5,ORACLE k-means(k*),5,0.004171133041381836,1.0,1.0,1.0,,,,,,,0,0,1.0
nongauss_uniform,nongauss,1,800,2,5,CDK (proposed),5,3.5101304054260254,1.0,1.0,1.0,5.0,6.0,47.0,20.0,0.574468085106383,0.005,0,0,1.0
nongauss_uniform,nongauss,1,800,2,5,CDK / Gaussian null,6,5.789215564727783,0.9429885413572903,0.9620099607093865,0.9622970086249684,5.0,16.0,47.0,20.0,0.6595744680851063,0.005,1,1,0.0
nongauss_uniform,nongauss,1,800,2,5,CDK / AD statistic,5,6.672111511230469,1.0,1.0,1.0,5.0,5.0,47.0,20.0,0.5531914893617021,0.005,0,0,1.0
nongauss_uniform,nongauss,1,800,2,5,CDK / no multiplicity corr.,5,4.246893644332886,1.0,1.0,1.0,5.0,12.0,47.0,20.0,0.6170212765957447,0.005,0,0,1.0
nongauss_uniform,nongauss,1,800,2,5,CDK / n_min=15,5,5.723716735839844,1.0,1.0,1.0,5.0,5.0,80.0,35.0,0.375,0.052500000000000005,0,0,1.0
nongauss_uniform,nongauss,1,800,2,5,CDK / n_min=40,5,3.551685333251953,1.0,1.0,1.0,5.0,5.0,24.0,10.0,0.7916666666666666,0.005,0,0,1.0
nongauss_uniform,nongauss,1,800,2,5,Silhouette,5,0.16626501083374023,1.0,1.0,1.0,,,,,,,0,0,1.0
nongauss_uniform,nongauss,1,800,2,5,Calinski-Har.,5,0.09411191940307617,1.0,1.0,1.0,,,,,,,0,0,1.0
nongauss_uniform,nongauss,1,800,2,5,Davies-Bouldin,5,0.11004519462585449,1.0,1.0,1.0,,,,,,,0,0,1.0
nongauss_uniform,nongauss,1,800,2,5,Elbow (Kneedle),5,0.10237693786621094,1.0,1.0,1.0,,,,,,,0,0,1.0
nongauss_uniform,nongauss,1,800,2,5,Jump statistic,5,0.09686446189880371,1.0,1.0,1.0,,,,,,,0,0,1.0
nongauss_uniform,nongauss,1,800,2,5,Gap statistic,5,0.44300174713134766,1.0,1.0,1.0,,,,,,,0,0,1.0
nongauss_uniform,nongauss,1,800,2,5,X-means,5,0.02759075164794922,1.0,1.0,1.0,,,,,,,0,0,1.0
nongauss_uniform,nongauss,1,800,2,5,G-means,10,0.027144670486450195,0.6135055866137497,0.8209033355308325,0.8229938174951028,,,,,,,5,5,0.0
nongauss_uniform,nongauss,1,800,2,5,dip-means,5,0.10797476768493652,1.0,1.0,1.0,,,,,,,0,0,1.0
nongauss_uniform,nongauss,1,800,2,5,ISODATA,5,0.02430868148803711,1.0,1.0,1.0,,,,,,,0,0,1.0
nongauss_uniform,nongauss,1,800,2,5,MDL split/merge,5,0.032651662826538086,1.0,1.0,1.0,,,,,,,0,0,1.0
nongauss_uniform,nongauss,1,800,2,5,GMM+BIC,5,0.1349647045135498,1.0,1.0,1.0,,,,,,,0,0,1.0
nongauss_uniform,nongauss,1,800,2,5,GMM+ICL,5,0.14218783378601074,1.0,1.0,1.0,,,,,,,0,0,1.0
nongauss_uniform,nongauss,1,800,2,5,HDBSCAN,5,0.005822181701660156,1.0,1.0,1.0,,,,,,,0,0,1.0
nongauss_uniform,nongauss,1,800,2,5,Bisecting+Sil.,5,0.1189570426940918,1.0,1.0,1.0,,,,,,,0,0,1.0
nongauss_uniform,nongauss,2,800,2,5,ORACLE k-means(k*),5,0.004132270812988281,1.0,1.0,1.0,,,,,,,0,0,1.0
nongauss_uniform,nongauss,2,800,2,5,CDK (proposed),5,3.0427911281585693,1.0,1.0,1.0,5.0,5.0,47.0,20.0,0.574468085106383,0.005,0,0,1.0
nongauss_uniform,nongauss,2,800,2,5,CDK / Gaussian null,5,4.984049081802368,1.0,1.0,1.0,5.0,14.0,47.0,20.0,0.6170212765957447,0.005,0,0,1.0
nongauss_uniform,nongauss,2,800,2,5,CDK / AD statistic,5,5.6491782665252686,1.0,1.0,1.0,5.0,5.0,47.0,20.0,0.5531914893617021,0.005,0,0,1.0
nongauss_uniform,nongauss,2,800,2,5,CDK / no multiplicity corr.,5,3.0223312377929688,1.0,1.0,1.0,5.0,11.0,47.0,20.0,0.5957446808510638,0.005,0,0,1.0
nongauss_uniform,nongauss,2,800,2,5,CDK / n_min=15,5,4.37915825843811,1.0,1.0,1.0,5.0,6.0,82.0,35.0,0.3902439024390244,0.045,0,0,1.0
nongauss_uniform,nongauss,2,800,2,5,CDK / n_min=40,5,3.2408955097198486,1.0,1.0,1.0,5.0,5.0,30.0,11.0,0.7666666666666667,0.005,0,0,1.0
nongauss_uniform,nongauss,2,800,2,5,Silhouette,5,0.13033461570739746,1.0,1.0,1.0,,,,,,,0,0,1.0
nongauss_uniform,nongauss,2,800,2,5,Calinski-Har.,5,0.07290315628051758,1.0,1.0,1.0,,,,,,,0,0,1.0
nongauss_uniform,nongauss,2,800,2,5,Davies-Bouldin,5,0.08135128021240234,1.0,1.0,1.0,,,,,,,0,0,1.0
nongauss_uniform,nongauss,2,800,2,5,Elbow (Kneedle),5,0.06879162788391113,1.0,1.0,1.0,,,,,,,0,0,1.0
nongauss_uniform,nongauss,2,800,2,5,Jump statistic,5,0.06852531433105469,1.0,1.0,1.0,,,,,,,0,0,1.0
nongauss_uniform,nongauss,2,800,2,5,Gap statistic,5,0.3263278007507324,1.0,1.0,1.0,,,,,,,0,0,1.0
nongauss_uniform,nongauss,2,800,2,5,X-means,5,0.02146291732788086,1.0,1.0,1.0,,,,,,,0,0,1.0
nongauss_uniform,nongauss,2,800,2,5,G-means,8,0.027507781982421875,0.7911324173504051,0.8855979209257263,0.8867154160152985,,,,,,,3,3,0.0
nongauss_uniform,nongauss,2,800,2,5,dip-means,5,0.08326911926269531,1.0,1.0,1.0,,,,,,,0,0,1.0
nongauss_uniform,nongauss,2,800,2,5,ISODATA,5,0.015489339828491211,1.0,1.0,1.0,,,,,,,0,0,1.0
nongauss_uniform,nongauss,2,800,2,5,MDL split/merge,5,0.02452707290649414,1.0,1.0,1.0,,,,,,,0,0,1.0
nongauss_uniform,nongauss,2,800,2,5,GMM+BIC,5,0.11019253730773926,1.0,1.0,1.0,,,,,,,0,0,1.0
nongauss_uniform,nongauss,2,800,2,5,GMM+ICL,5,0.1149742603302002,1.0,1.0,1.0,,,,,,,0,0,1.0
nongauss_uniform,nongauss,2,800,2,5,HDBSCAN,5,0.004349708557128906,1.0,1.0,1.0,,,,,,,0,0,1.0
nongauss_uniform,nongauss,2,800,2,5,Bisecting+Sil.,5,0.09785079956054688,0.9523331062135575,0.9586962252177544,0.9589549983741068,,,,,,,0,0,1.0
nongauss_uniform,nongauss,3,800,2,5,ORACLE k-means(k*),5,0.005706310272216797,1.0,1.0,1.0,,,,,,,0,0,1.0
nongauss_uniform,nongauss,3,800,2,5,CDK (proposed),5,3.997849464416504,0.9551570868253528,0.9605212443855387,0.9607685638729626,5.0,7.0,42.0,17.0,0.6428571428571429,0.005,0,0,1.0
nongauss_uniform,nongauss,3,800,2,5,CDK / Gaussian null,6,5.732237100601196,0.9109145342907835,0.9303046855822799,0.9308364490906026,5.0,13.0,42.0,17.0,0.7142857142857143,0.005,1,1,0.0
nongauss_uniform,nongauss,3,800,2,5,CDK / AD statistic,5,6.28269624710083,0.9551570868253528,0.9605212443855387,0.9607685638729626,5.0,5.0,42.0,17.0,0.6190476190476191,0.005,0,0,1.0
nongauss_uniform,nongauss,3,800,2,5,CDK / no multiplicity corr.,5,3.6947178840637207,0.9551570868253528,0.9605212443855387,0.9607685638729626,5.0,12.0,42.0,17.0,0.6904761904761905,0.005,0,0,1.0
nongauss_uniform,nongauss,3,800,2,5,CDK / n_min=15,5,4.2951500415802,1.0,1.0,1.0,5.0,5.0,76.0,34.0,0.39473684210526316,0.037500000000000006,0,0,1.0
nongauss_uniform,nongauss,3,800,2,5,CDK / n_min=40,5,2.975821018218994,0.8684067183880664,0.8951625342707379,0.8958221681061318,5.0,6.0,20.0,8.0,0.85,0.005,0,0,1.0
nongauss_uniform,nongauss,3,800,2,5,Silhouette,5,0.1449882984161377,1.0,1.0,1.0,,,,,,,0,0,1.0
nongauss_uniform,nongauss,3,800,2,5,Calinski-Har.,5,0.07560205459594727,1.0,1.0,1.0,,,,,,,0,0,1.0
nongauss_uniform,nongauss,3,800,2,5,Davies-Bouldin,5,0.08941411972045898,1.0,1.0,1.0,,,,,,,0,0,1.0
nongauss_uniform,nongauss,3,800,2,5,Elbow (Kneedle),5,0.07889962196350098,1.0,1.0,1.0,,,,,,,0,0,1.0
nongauss_uniform,nongauss,3,800,2,5,Jump statistic,5,0.07460665702819824,1.0,1.0,1.0,,,,,,,0,0,1.0
nongauss_uniform,nongauss,3,800,2,5,Gap statistic,5,0.34740614891052246,1.0,1.0,1.0,,,,,,,0,0,1.0
nongauss_uniform,nongauss,3,800,2,5,X-means,6,0.024959087371826172,0.93509845365196,0.9585596273385413,0.9588713781715829,,,,,,,1,1,0.0
nongauss_uniform,nongauss,3,800,2,5,G-means,9,0.032120466232299805,0.7060332024086684,0.8519919119782877,0.8535836673792542,,,,,,,4,4,0.0
nongauss_uniform,nongauss,3,800,2,5,dip-means,5,0.08028221130371094,1.0,1.0,1.0,,,,,,,0,0,1.0
nongauss_uniform,nongauss,3,800,2,5,ISODATA,5,0.016785621643066406,1.0,1.0,1.0,,,,,,,0,0,1.0
nongauss_uniform,nongauss,3,800,2,5,MDL split/merge,5,0.024979591369628906,1.0,1.0,1.0,,,,,,,0,0,1.0
nongauss_uniform,nongauss,3,800,2,5,GMM+BIC,5,0.161759614944458,1.0,1.0,1.0,,,,,,,0,0,1.0
nongauss_uniform,nongauss,3,800,2,5,GMM+ICL,5,0.18810701370239258,1.0,1.0,1.0,,,,,,,0,0,1.0
nongauss_uniform,nongauss,3,800,2,5,HDBSCAN,5,0.005415439605712891,1.0,1.0,1.0,,,,,,,0,0,1.0
nongauss_uniform,nongauss,3,800,2,5,Bisecting+Sil.,6,0.13187718391418457,0.9455048571122349,0.9631539591397429,0.9634327805669884,,,,,,,1,1,0.0
nongauss_uniform,nongauss,4,800,2,5,ORACLE k-means(k*),5,0.008503913879394531,1.0,1.0,1.0,,,,,,,0,0,1.0
nongauss_uniform,nongauss,4,800,2,5,CDK (proposed),5,3.4533746242523193,1.0,1.0,1.0,5.0,6.0,46.0,19.0,0.5652173913043478,0.005,0,0,1.0
nongauss_uniform,nongauss,4,800,2,5,CDK / Gaussian null,6,5.130827903747559,0.9550000090839337,0.9676888504809399,0.9679348992297259,5.0,13.0,46.0,19.0,0.6304347826086957,0.005,1,1,0.0
nongauss_uniform,nongauss,4,800,2,5,CDK / AD statistic,5,4.665147304534912,1.0,1.0,1.0,5.0,5.0,46.0,19.0,0.5217391304347826,0.0075,0,0,1.0
nongauss_uniform,nongauss,4,800,2,5,CDK / no multiplicity corr.,6,3.466212034225464,0.9413174132466237,0.9612623396180854,0.9615547541605947,5.0,10.0,46.0,19.0,0.6304347826086957,0.005,1,1,0.0
nongauss_uniform,nongauss,4,800,2,5,CDK / n_min=15,5,4.332928419113159,1.0,1.0,1.0,5.0,7.0,76.0,33.0,0.4342105263157895,0.035,0,0,1.0
nongauss_uniform,nongauss,4,800,2,5,CDK / n_min=40,5,3.335010290145874,1.0,1.0,1.0,5.0,5.0,31.0,11.0,0.7741935483870968,0.005,0,0,1.0
nongauss_uniform,nongauss,4,800,2,5,Silhouette,5,0.1282365322113037,1.0,1.0,1.0,,,,,,,0,0,1.0
nongauss_uniform,nongauss,4,800,2,5,Calinski-Har.,5,0.07181000709533691,1.0,1.0,1.0,,,,,,,0,0,1.0
nongauss_uniform,nongauss,4,800,2,5,Davies-Bouldin,5,0.08220434188842773,1.0,1.0,1.0,,,,,,,0,0,1.0
nongauss_uniform,nongauss,4,800,2,5,Elbow (Kneedle),5,0.06885910034179688,1.0,1.0,1.0,,,,,,,0,0,1.0
nongauss_uniform,nongauss,4,800,2,5,Jump statistic,5,0.06772804260253906,1.0,1.0,1.0,,,,,,,0,0,1.0
nongauss_uniform,nongauss,4,800,2,5,Gap statistic,5,0.33023929595947266,1.0,1.0,1.0,,,,,,,0,0,1.0
nongauss_uniform,nongauss,4,800,2,5,X-means,5,0.02472710609436035,1.0,1.0,1.0,,,,,,,0,0,1.0
nongauss_uniform,nongauss,4,800,2,5,G-means,7,0.03052520751953125,0.8641844198943306,0.9200342476057126,0.9207285207295521,,,,,,,2,2,0.0
nongauss_uniform,nongauss,4,800,2,5,dip-means,5,0.08050417900085449,1.0,1.0,1.0,,,,,,,0,0,1.0
nongauss_uniform,nongauss,4,800,2,5,ISODATA,5,0.015533447265625,1.0,1.0,1.0,,,,,,,0,0,1.0
nongauss_uniform,nongauss,4,800,2,5,MDL split/merge,5,0.026302576065063477,1.0,1.0,1.0,,,,,,,0,0,1.0
nongauss_uniform,nongauss,4,800,2,5,GMM+BIC,5,0.13018465042114258,1.0,1.0,1.0,,,,,,,0,0,1.0
nongauss_uniform,nongauss,4,800,2,5,GMM+ICL,5,0.13512063026428223,1.0,1.0,1.0,,,,,,,0,0,1.0
nongauss_uniform,nongauss,4,800,2,5,HDBSCAN,5,0.004268169403076172,1.0,1.0,1.0,,,,,,,0,0,1.0
nongauss_uniform,nongauss,4,800,2,5,Bisecting+Sil.,5,0.09674906730651855,1.0,1.0,1.0,,,,,,,0,0,1.0
nongauss_uniform,nongauss,5,800,2,5,ORACLE k-means(k*),5,0.005678653717041016,1.0,1.0,1.0,,,,,,,0,0,1.0
nongauss_uniform,nongauss,5,800,2,5,CDK (proposed),5,4.061917781829834,1.0,1.0,1.0,5.0,6.0,47.0,20.0,0.574468085106383,0.005,0,0,1.0
nongauss_uniform,nongauss,5,800,2,5,CDK / Gaussian null,5,5.162447452545166,1.0,1.0,1.0,5.0,13.0,47.0,20.0,0.6382978723404256,0.005,0,0,1.0
nongauss_uniform,nongauss,5,800,2,5,CDK / AD statistic,5,5.1003992557525635,1.0,1.0,1.0,5.0,5.0,47.0,20.0,0.5531914893617021,0.005,0,0,1.0
nongauss_uniform,nongauss,5,800,2,5,CDK / no multiplicity corr.,6,3.2909657955169678,0.9483477861556479,0.9644741618407144,0.9647434683946314,5.0,8.0,47.0,20.0,0.6170212765957447,0.005,1,1,0.0
nongauss_uniform,nongauss,5,800,2,5,CDK / n_min=15,5,4.5665130615234375,1.0,1.0,1.0,5.0,5.0,84.0,36.0,0.36904761904761907,0.07250000000000001,0,0,1.0
nongauss_uniform,nongauss,5,800,2,5,CDK / n_min=40,5,3.1525824069976807,1.0,1.0,1.0,5.0,5.0,31.0,12.0,0.7096774193548387,0.005,0,0,1.0
nongauss_uniform,nongauss,5,800,2,5,Silhouette,5,0.13691115379333496,1.0,1.0,1.0,,,,,,,0,0,1.0
nongauss_uniform,nongauss,5,800,2,5,Calinski-Har.,5,0.07920527458190918,1.0,1.0,1.0,,,,,,,0,0,1.0
nongauss_uniform,nongauss,5,800,2,5,Davies-Bouldin,5,0.10251045227050781,1.0,1.0,1.0,,,,,,,0,0,1.0
nongauss_uniform,nongauss,5,800,2,5,Elbow (Kneedle),5,0.07929372787475586,1.0,1.0,1.0,,,,,,,0,0,1.0
nongauss_uniform,nongauss,5,800,2,5,Jump statistic,5,0.07311654090881348,1.0,1.0,1.0,,,,,,,0,0,1.0
nongauss_uniform,nongauss,5,800,2,5,Gap statistic,5,0.3298041820526123,1.0,1.0,1.0,,,,,,,0,0,1.0
nongauss_uniform,nongauss,5,800,2,5,X-means,5,0.022291898727416992,1.0,1.0,1.0,,,,,,,0,0,1.0
nongauss_uniform,nongauss,5,800,2,5,G-means,8,0.02560877799987793,0.7903982797854496,0.8853674102718185,0.8864868200997881,,,,,,,3,3,0.0
nongauss_uniform,nongauss,5,800,2,5,dip-means,5,0.10112214088439941,1.0,1.0,1.0,,,,,,,0,0,1.0
nongauss_uniform,nongauss,5,800,2,5,ISODATA,5,0.02050185203552246,1.0,1.0,1.0,,,,,,,0,0,1.0
nongauss_uniform,nongauss,5,800,2,5,MDL split/merge,5,0.028940439224243164,1.0,1.0,1.0,,,,,,,0,0,1.0
nongauss_uniform,nongauss,5,800,2,5,GMM+BIC,7,0.16432476043701172,0.8678179001366243,0.9213602210233374,0.9220441322797599,,,,,,,2,2,0.0
nongauss_uniform,nongauss,5,800,2,5,GMM+ICL,5,0.17112159729003906,1.0,1.0,1.0,,,,,,,0,0,1.0
nongauss_uniform,nongauss,5,800,2,5,HDBSCAN,5,0.005293846130371094,1.0,1.0,1.0,,,,,,,0,0,1.0
nongauss_uniform,nongauss,5,800,2,5,Bisecting+Sil.,5,0.12299847602844238,1.0,1.0,1.0,,,,,,,0,0,1.0
nongauss_uniform,nongauss,6,800,2,5,ORACLE k-means(k*),5,0.003951549530029297,1.0,1.0,1.0,,,,,,,0,0,1.0
nongauss_uniform,nongauss,6,800,2,5,CDK (proposed),5,3.45550274848938,1.0,1.0,1.0,5.0,5.0,48.0,20.0,0.5,0.01,0,0,1.0
nongauss_uniform,nongauss,6,800,2,5,CDK / Gaussian null,5,4.9767608642578125,1.0,1.0,1.0,5.0,13.0,48.0,20.0,0.5625,0.0075,0,0,1.0
nongauss_uniform,nongauss,6,800,2,5,CDK / AD statistic,5,4.644640207290649,1.0,1.0,1.0,5.0,5.0,48.0,20.0,0.5208333333333334,0.005,0,0,1.0
nongauss_uniform,nongauss,6,800,2,5,CDK / no multiplicity corr.,5,4.0838000774383545,1.0,1.0,1.0,5.0,8.0,48.0,20.0,0.5625,0.01,0,0,1.0
nongauss_uniform,nongauss,6,800,2,5,CDK / n_min=15,5,5.97466254234314,1.0,1.0,1.0,5.0,8.0,86.0,38.0,0.313953488372093,0.06,0,0,1.0
nongauss_uniform,nongauss,6,800,2,5,CDK / n_min=40,5,3.477445602416992,1.0,1.0,1.0,5.0,5.0,29.0,12.0,0.6896551724137931,0.005,0,0,1.0
nongauss_uniform,nongauss,6,800,2,5,Silhouette,5,0.1656181812286377,1.0,1.0,1.0,,,,,,,0,0,1.0
nongauss_uniform,nongauss,6,800,2,5,Calinski-Har.,5,0.0999150276184082,1.0,1.0,1.0,,,,,,,0,0,1.0
nongauss_uniform,nongauss,6,800,2,5,Davies-Bouldin,5,0.12269759178161621,1.0,1.0,1.0,,,,,,,0,0,1.0
nongauss_uniform,nongauss,6,800,2,5,Elbow (Kneedle),5,0.09341621398925781,1.0,1.0,1.0,,,,,,,0,0,1.0
nongauss_uniform,nongauss,6,800,2,5,Jump statistic,5,0.09344124794006348,1.0,1.0,1.0,,,,,,,0,0,1.0
nongauss_uniform,nongauss,6,800,2,5,Gap statistic,5,0.40932655334472656,1.0,1.0,1.0,,,,,,,0,0,1.0
nongauss_uniform,nongauss,6,800,2,5,X-means,5,0.027813196182250977,1.0,1.0,1.0,,,,,,,0,0,1.0
nongauss_uniform,nongauss,6,800,2,5,G-means,7,0.037517547607421875,0.8641499633140499,0.9200218037752969,0.9207161740269856,,,,,,,2,2,0.0
nongauss_uniform,nongauss,6,800,2,5,dip-means,5,0.09659695625305176,1.0,1.0,1.0,,,,,,,0,0,1.0
nongauss_uniform,nongauss,6,800,2,5,ISODATA,5,0.01999211311340332,1.0,1.0,1.0,,,,,,,0,0,1.0
nongauss_uniform,nongauss,6,800,2,5,MDL split/merge,5,0.029815196990966797,1.0,1.0,1.0,,,,,,,0,0,1.0
nongauss_uniform,nongauss,6,800,2,5,GMM+BIC,5,0.1383967399597168,1.0,1.0,1.0,,,,,,,0,0,1.0
nongauss_uniform,nongauss,6,800,2,5,GMM+ICL,5,0.14284110069274902,1.0,1.0,1.0,,,,,,,0,0,1.0
nongauss_uniform,nongauss,6,800,2,5,HDBSCAN,5,0.004106283187866211,1.0,1.0,1.0,,,,,,,0,0,1.0
nongauss_uniform,nongauss,6,800,2,5,Bisecting+Sil.,5,0.09763264656066895,1.0,1.0,1.0,,,,,,,0,0,1.0
nongauss_uniform,nongauss,7,800,2,5,ORACLE k-means(k*),5,0.004836082458496094,1.0,1.0,1.0,,,,,,,0,0,1.0
nongauss_uniform,nongauss,7,800,2,5,CDK (proposed),5,4.279424667358398,1.0,1.0,1.0,5.0,5.0,47.0,20.0,0.5531914893617021,0.005,0,0,1.0
nongauss_uniform,nongauss,7,800,2,5,CDK / Gaussian null,8,6.022228956222534,0.8402915647350987,0.9023004083351671,0.9032763760492785,6.0,17.0,47.0,20.0,0.723404255319149,0.005,3,3,0.0
nongauss_uniform,nongauss,7,800,2,5,CDK / AD statistic,5,5.86098575592041,1.0,1.0,1.0,5.0,5.0,47.0,20.0,0.5106382978723404,0.005,0,0,1.0
nongauss_uniform,nongauss,7,800,2,5,CDK / no multiplicity corr.,5,3.4958488941192627,1.0,1.0,1.0,5.0,9.0,47.0,20.0,0.574468085106383,0.005,0,0,1.0
nongauss_uniform,nongauss,7,800,2,5,CDK / n_min=15,5,4.475035905838013,1.0,1.0,1.0,5.0,5.0,84.0,36.0,0.35714285714285715,0.07250000000000001,0,0,1.0
nongauss_uniform,nongauss,7,800,2,5,CDK / n_min=40,5,3.3740973472595215,1.0,1.0,1.0,5.0,7.0,30.0,12.0,0.7,0.005,0,0,1.0
nongauss_uniform,nongauss,7,800,2,5,Silhouette,5,0.14942049980163574,1.0,1.0,1.0,,,,,,,0,0,1.0
nongauss_uniform,nongauss,7,800,2,5,Calinski-Har.,5,0.09122276306152344,1.0,1.0,1.0,,,,,,,0,0,1.0
nongauss_uniform,nongauss,7,800,2,5,Davies-Bouldin,5,0.10471892356872559,1.0,1.0,1.0,,,,,,,0,0,1.0
nongauss_uniform,nongauss,7,800,2,5,Elbow (Kneedle),5,0.09046196937561035,1.0,1.0,1.0,,,,,,,0,0,1.0
nongauss_uniform,nongauss,7,800,2,5,Jump statistic,5,0.09087777137756348,1.0,1.0,1.0,,,,,,,0,0,1.0
nongauss_uniform,nongauss,7,800,2,5,Gap statistic,5,0.3865020275115967,1.0,1.0,1.0,,,,,,,0,0,1.0
nongauss_uniform,nongauss,7,800,2,5,X-means,5,0.025338172912597656,1.0,1.0,1.0,,,,,,,0,0,1.0
nongauss_uniform,nongauss,7,800,2,5,G-means,8,0.03416848182678223,0.7896635655654681,0.8851393761471223,0.8862606816427195,,,,,,,3,3,0.0
nongauss_uniform,nongauss,7,800,2,5,dip-means,5,0.09460067749023438,1.0,1.0,1.0,,,,,,,0,0,1.0
nongauss_uniform,nongauss,7,800,2,5,ISODATA,5,0.018271923065185547,1.0,1.0,1.0,,,,,,,0,0,1.0
nongauss_uniform,nongauss,7,800,2,5,MDL split/merge,5,0.03104853630065918,1.0,1.0,1.0,,,,,,,0,0,1.0
nongauss_uniform,nongauss,7,800,2,5,GMM+BIC,5,0.15888524055480957,1.0,1.0,1.0,,,,,,,0,0,1.0
nongauss_uniform,nongauss,7,800,2,5,GMM+ICL,5,0.18488335609436035,1.0,1.0,1.0,,,,,,,0,0,1.0
nongauss_uniform,nongauss,7,800,2,5,HDBSCAN,5,0.004881381988525391,1.0,1.0,1.0,,,,,,,0,0,1.0
nongauss_uniform,nongauss,7,800,2,5,Bisecting+Sil.,5,0.12340092658996582,1.0,1.0,1.0,,,,,,,0,0,1.0
nongauss_uniform,nongauss,8,800,2,5,ORACLE k-means(k*),5,0.004000663757324219,1.0,1.0,1.0,,,,,,,0,0,1.0
nongauss_uniform,nongauss,8,800,2,5,CDK (proposed),5,3.6913650035858154,1.0,1.0,1.0,5.0,5.0,47.0,20.0,0.5957446808510638,0.005,0,0,1.0
nongauss_uniform,nongauss,8,800,2,5,CDK / Gaussian null,5,4.740677833557129,1.0,1.0,1.0,5.0,13.0,47.0,20.0,0.6170212765957447,0.005,0,0,1.0
nongauss_uniform,nongauss,8,800,2,5,CDK / AD statistic,5,5.304723262786865,1.0,1.0,1.0,5.0,5.0,47.0,20.0,0.5319148936170213,0.005,0,0,1.0
nongauss_uniform,nongauss,8,800,2,5,CDK / no multiplicity corr.,5,3.661417245864868,1.0,1.0,1.0,5.0,12.0,47.0,20.0,0.5957446808510638,0.005,0,0,1.0
nongauss_uniform,nongauss,8,800,2,5,CDK / n_min=15,5,4.804457187652588,1.0,1.0,1.0,5.0,8.0,86.0,37.0,0.3488372093023256,0.055,0,0,1.0
nongauss_uniform,nongauss,8,800,2,5,CDK / n_min=40,5,3.226452589035034,1.0,1.0,1.0,5.0,6.0,26.0,11.0,0.7692307692307693,0.005,0,0,1.0
nongauss_uniform,nongauss,8,800,2,5,Silhouette,5,0.1356217861175537,1.0,1.0,1.0,,,,,,,0,0,1.0
nongauss_uniform,nongauss,8,800,2,5,Calinski-Har.,5,0.0726933479309082,1.0,1.0,1.0,,,,,,,0,0,1.0
nongauss_uniform,nongauss,8,800,2,5,Davies-Bouldin,5,0.0836796760559082,1.0,1.0,1.0,,,,,,,0,0,1.0
nongauss_uniform,nongauss,8,800,2,5,Elbow (Kneedle),5,0.07107400894165039,1.0,1.0,1.0,,,,,,,0,0,1.0
nongauss_uniform,nongauss,8,800,2,5,Jump statistic,5,0.07011032104492188,1.0,1.0,1.0,,,,,,,0,0,1.0
nongauss_uniform,nongauss,8,800,2,5,Gap statistic,5,0.34372425079345703,1.0,1.0,1.0,,,,,,,0,0,1.0
nongauss_uniform,nongauss,8,800,2,5,X-means,5,0.02119898796081543,1.0,1.0,1.0,,,,,,,0,0,1.0
nongauss_uniform,nongauss,8,800,2,5,G-means,8,0.02113628387451172,0.7879927468728549,0.884622455123174,0.885748053616034,,,,,,,3,3,0.0
nongauss_uniform,nongauss,8,800,2,5,dip-means,5,0.08528804779052734,1.0,1.0,1.0,,,,,,,0,0,1.0
nongauss_uniform,nongauss,8,800,2,5,ISODATA,5,0.017003297805786133,1.0,1.0,1.0,,,,,,,0,0,1.0
nongauss_uniform,nongauss,8,800,2,5,MDL split/merge,5,0.02355647087097168,1.0,1.0,1.0,,,,,,,0,0,1.0
nongauss_uniform,nongauss,8,800,2,5,GMM+BIC,6,0.1500415802001953,0.9348122957039471,0.9584381304713792,0.9587507481282808,,,,,,,1,1,0.0
nongauss_uniform,nongauss,8,800,2,5,GMM+ICL,5,0.14822745323181152,1.0,1.0,1.0,,,,,,,0,0,1.0
nongauss_uniform,nongauss,8,800,2,5,HDBSCAN,5,0.004502058029174805,1.0,1.0,1.0,,,,,,,0,0,1.0
nongauss_uniform,nongauss,8,800,2,5,Bisecting+Sil.,5,0.10242080688476562,1.0,1.0,1.0,,,,,,,0,0,1.0
nongauss_uniform,nongauss,9,800,2,5,ORACLE k-means(k*),5,0.005086660385131836,1.0,1.0,1.0,,,,,,,0,0,1.0
nongauss_uniform,nongauss,9,800,2,5,CDK (proposed),5,4.241288185119629,1.0,1.0,1.0,5.0,7.0,46.0,19.0,0.6086956521739131,0.005,0,0,1.0
nongauss_uniform,nongauss,9,800,2,5,CDK / Gaussian null,7,5.645522832870483,0.8656648038359737,0.9205712000006785,0.9212612800140667,6.0,13.0,46.0,19.0,0.717391304347826,0.005,2,2,0.0
nongauss_uniform,nongauss,9,800,2,5,CDK / AD statistic,5,6.139649152755737,1.0,1.0,1.0,5.0,5.0,46.0,19.0,0.5217391304347826,0.0075,0,0,1.0
nongauss_uniform,nongauss,9,800,2,5,CDK / no multiplicity corr.,6,4.547058820724487,0.9347274899409335,0.9584021701717691,0.9587150443484853,5.0,10.0,46.0,19.0,0.6956521739130435,0.005,1,1,0.0
nongauss_uniform,nongauss,9,800,2,5,CDK / n_min=15,5,5.706742763519287,1.0,1.0,1.0,5.0,6.0,87.0,37.0,0.3563218390804598,0.06,0,0,1.0
nongauss_uniform,nongauss,9,800,2,5,CDK / n_min=40,5,4.444026708602905,1.0,1.0,1.0,5.0,8.0,33.0,12.0,0.7575757575757576,0.005,0,0,1.0
nongauss_uniform,nongauss,9,800,2,5,Silhouette,5,0.15937447547912598,1.0,1.0,1.0,,,,,,,0,0,1.0
nongauss_uniform,nongauss,9,800,2,5,Calinski-Har.,5,0.08687973022460938,1.0,1.0,1.0,,,,,,,0,0,1.0
nongauss_uniform,nongauss,9,800,2,5,Davies-Bouldin,5,0.10492372512817383,1.0,1.0,1.0,,,,,,,0,0,1.0
nongauss_uniform,nongauss,9,800,2,5,Elbow (Kneedle),5,0.09289216995239258,1.0,1.0,1.0,,,,,,,0,0,1.0
nongauss_uniform,nongauss,9,800,2,5,Jump statistic,5,0.08563423156738281,1.0,1.0,1.0,,,,,,,0,0,1.0
nongauss_uniform,nongauss,9,800,2,5,Gap statistic,5,0.41011691093444824,1.0,1.0,1.0,,,,,,,0,0,1.0
nongauss_uniform,nongauss,9,800,2,5,X-means,8,0.052956581115722656,0.7890778716390406,0.8849580314765355,0.8860808438316151,,,,,,,3,3,0.0
nongauss_uniform,nongauss,9,800,2,5,G-means,9,0.03170418739318848,0.7068486191732711,0.8522069347260572,0.8537968310157338,,,,,,,4,4,0.0
nongauss_uniform,nongauss,9,800,2,5,dip-means,5,0.09960508346557617,1.0,1.0,1.0,,,,,,,0,0,1.0
nongauss_uniform,nongauss,9,800,2,5,ISODATA,5,0.019357681274414062,1.0,1.0,1.0,,,,,,,0,0,1.0
nongauss_uniform,nongauss,9,800,2,5,MDL split/merge,5,0.034218788146972656,1.0,1.0,1.0,,,,,,,0,0,1.0
nongauss_uniform,nongauss,9,800,2,5,GMM+BIC,6,0.14473891258239746,0.9365066629967682,0.9591610895521454,0.9594685461468178,,,,,,,1,1,0.0
nongauss_uniform,nongauss,9,800,2,5,GMM+ICL,5,0.1452345848083496,1.0,1.0,1.0,,,,,,,0,0,1.0
nongauss_uniform,nongauss,9,800,2,5,HDBSCAN,5,0.005169391632080078,1.0,1.0,1.0,,,,,,,0,0,1.0
nongauss_uniform,nongauss,9,800,2,5,Bisecting+Sil.,5,0.12598323822021484,0.9815129240640589,0.9799128081234822,0.9800385858165668,,,,,,,0,0,1.0
nongauss_mixed,nongauss,0,800,2,5,ORACLE k-means(k*),5,0.004384040832519531,0.9968691099886755,0.9952518682725183,0.995281596448275,,,,,,,0,0,1.0
nongauss_mixed,nongauss,0,800,2,5,CDK (proposed),5,3.076833486557007,0.9968691099886755,0.9952518682725183,0.995281596448275,5.0,5.0,40.0,16.0,0.6,0.005,0,0,1.0
nongauss_mixed,nongauss,0,800,2,5,CDK / Gaussian null,5,4.104087829589844,0.9968691099886755,0.9952518682725183,0.995281596448275,5.0,7.0,40.0,16.0,0.625,0.005,0,0,1.0
nongauss_mixed,nongauss,0,800,2,5,CDK / AD statistic,5,4.414198875427246,0.9968691099886755,0.9952518682725183,0.995281596448275,5.0,5.0,40.0,16.0,0.55,0.005,0,0,1.0
nongauss_mixed,nongauss,0,800,2,5,CDK / no multiplicity corr.,5,3.0008761882781982,0.9968691099886755,0.9952518682725183,0.995281596448275,5.0,6.0,40.0,16.0,0.625,0.005,0,0,1.0
nongauss_mixed,nongauss,0,800,2,5,CDK / n_min=15,5,3.12164044380188,0.9968691099886755,0.9952518682725183,0.995281596448275,5.0,5.0,57.0,25.0,0.42105263157894735,0.07,0,0,1.0
nongauss_mixed,nongauss,0,800,2,5,CDK / n_min=40,5,2.7607877254486084,0.9968691099886755,0.9952518682725183,0.995281596448275,5.0,5.0,29.0,12.0,0.6896551724137931,0.005,0,0,1.0
nongauss_mixed,nongauss,0,800,2,5,Silhouette,5,0.13811445236206055,0.9968691099886755,0.9952518682725183,0.995281596448275,,,,,,,0,0,1.0
nongauss_mixed,nongauss,0,800,2,5,Calinski-Har.,5,0.07418537139892578,0.9968691099886755,0.9952518682725183,0.995281596448275,,,,,,,0,0,1.0
nongauss_mixed,nongauss,0,800,2,5,Davies-Bouldin,5,0.08677411079406738,0.9968691099886755,0.9952518682725183,0.995281596448275,,,,,,,0,0,1.0
nongauss_mixed,nongauss,0,800,2,5,Elbow (Kneedle),5,0.0726320743560791,0.9968691099886755,0.9952518682725183,0.995281596448275,,,,,,,0,0,1.0
nongauss_mixed,nongauss,0,800,2,5,Jump statistic,5,0.07223176956176758,0.9968691099886755,0.9952518682725183,0.995281596448275,,,,,,,0,0,1.0
nongauss_mixed,nongauss,0,800,2,5,Gap statistic,5,0.33972597122192383,0.9968691099886755,0.9952518682725183,0.995281596448275,,,,,,,0,0,1.0
nongauss_mixed,nongauss,0,800,2,5,X-means,5,0.02973031997680664,0.9968691099886755,0.9952518682725183,0.995281596448275,,,,,,,0,0,1.0
nongauss_mixed,nongauss,0,800,2,5,G-means,7,0.034070730209350586,0.8607178621658738,0.9156227544075833,0.9163553035347887,,,,,,,2,2,0.0
nongauss_mixed,nongauss,0,800,2,5,dip-means,5,0.0837852954864502,0.9968691099886755,0.9952518682725183,0.995281596448275,,,,,,,0,0,1.0
nongauss_mixed,nongauss,0,800,2,5,ISODATA,5,0.016242027282714844,0.9968691099886755,0.9952518682725183,0.995281596448275,,,,,,,0,0,1.0
nongauss_mixed,nongauss,0,800,2,5,MDL split/merge,5,0.026589155197143555,0.9968691099886755,0.9952518682725183,0.995281596448275,,,,,,,0,0,1.0
nongauss_mixed,nongauss,0,800,2,5,GMM+BIC,6,0.17663121223449707,0.9586550143613133,0.9665938088718325,0.966849607465947,,,,,,,1,1,0.0
nongauss_mixed,nongauss,0,800,2,5,GMM+ICL,5,0.18459582328796387,0.9968691099886755,0.9952518682725183,0.995281596448275,,,,,,,0,0,1.0
nongauss_mixed,nongauss,0,800,2,5,HDBSCAN,5,0.004861354827880859,0.9968691099886755,0.9952518682725183,0.995281596448275,,,,,,,0,0,1.0
nongauss_mixed,nongauss,0,800,2,5,Bisecting+Sil.,5,0.11447024345397949,0.9968691099886755,0.9952518682725183,0.995281596448275,,,,,,,0,0,1.0
nongauss_mixed,nongauss,1,800,2,5,ORACLE k-means(k*),5,0.005563020706176758,0.9968691099886755,0.9952518682725183,0.995281596448275,,,,,,,0,0,1.0
nongauss_mixed,nongauss,1,800,2,5,CDK (proposed),5,3.316767454147339,0.972461845853068,0.9702859763163058,0.9704720509985918,5.0,5.0,38.0,16.0,0.5263157894736842,0.005,0,0,1.0
nongauss_mixed,nongauss,1,800,2,5,CDK / Gaussian null,6,4.179664611816406,0.9190219104870987,0.9344409585723068,0.9349369849306257,6.0,7.0,38.0,16.0,0.6842105263157895,0.005,1,1,0.0
nongauss_mixed,nongauss,1,800,2,5,CDK / AD statistic,5,4.521135568618774,0.972461845853068,0.9702859763163058,0.9704720509985918,5.0,5.0,38.0,16.0,0.5,0.0125,0,0,1.0
nongauss_mixed,nongauss,1,800,2,5,CDK / no multiplicity corr.,5,2.966447353363037,0.972461845853068,0.9702859763163058,0.9704720509985918,5.0,5.0,38.0,16.0,0.5526315789473685,0.005,0,0,1.0
nongauss_mixed,nongauss,1,800,2,5,CDK / n_min=15,5,3.3112127780914307,0.972461845853068,0.9702859763163058,0.9704720509985918,5.0,6.0,51.0,22.0,0.39215686274509803,0.03,0,0,1.0
nongauss_mixed,nongauss,1,800,2,5,CDK / n_min=40,5,3.4413888454437256,0.972461845853068,0.9702859763163061,0.9704720509985919,5.0,5.0,29.0,12.0,0.6896551724137931,0.005,0,0,1.0
nongauss_mixed,nongauss,1,800,2,5,Silhouette,5,0.17154335975646973,0.9968691099886755,0.9952518682725183,0.995281596448275,,,,,,,0,0,1.0
nongauss_mixed,nongauss,1,800,2,5,Calinski-Har.,5,0.09781193733215332,0.9968691099886755,0.9952518682725183,0.995281596448275,,,,,,,0,0,1.0
nongauss_mixed,nongauss,1,800,2,5,Davies-Bouldin,5,0.11082267761230469,0.9968691099886755,0.9952518682725183,0.995281596448275,,,,,,,0,0,1.0
nongauss_mixed,nongauss,1,800,2,5,Elbow (Kneedle),5,0.09352684020996094,0.9968691099886755,0.9952518682725183,0.995281596448275,,,,,,,0,0,1.0
nongauss_mixed,nongauss,1,800,2,5,Jump statistic,5,0.09239816665649414,0.9968691099886755,0.9952518682725183,0.995281596448275,,,,,,,0,0,1.0
nongauss_mixed,nongauss,1,800,2,5,Gap statistic,5,0.3737330436706543,0.9968691099886755,0.9952518682725183,0.995281596448275,,,,,,,0,0,1.0
nongauss_mixed,nongauss,1,800,2,5,X-means,6,0.022022724151611328,0.9317288457882407,0.9539516069718113,0.9542980029016227,,,,,,,1,1,0.0
nongauss_mixed,nongauss,1,800,2,5,G-means,7,0.02015995979309082,0.9298686927974111,0.951653772401282,0.952074503176016,,,,,,,2,2,0.0
nongauss_mixed,nongauss,1,800,2,5,dip-means,5,0.08221960067749023,0.9968691099886755,0.9952518682725183,0.995281596448275,,,,,,,0,0,1.0
nongauss_mixed,nongauss,1,800,2,5,ISODATA,5,0.01589798927307129,0.9968691099886755,0.9952518682725184,0.9952815964482751,,,,,,,0,0,1.0
nongauss_mixed,nongauss,1,800,2,5,MDL split/merge,5,0.02395939826965332,0.9968691099886755,0.9952518682725183,0.995281596448275,,,,,,,0,0,1.0
nongauss_mixed,nongauss,1,800,2,5,GMM+BIC,5,0.13935160636901855,0.9968691099886755,0.9952518682725183,0.995281596448275,,,,,,,0,0,1.0
nongauss_mixed,nongauss,1,800,2,5,GMM+ICL,5,0.14178156852722168,0.9968691099886755,0.9952518682725183,0.995281596448275,,,,,,,0,0,1.0
nongauss_mixed,nongauss,1,800,2,5,HDBSCAN,5,0.004354715347290039,0.9968691099886755,0.9952518682725183,0.995281596448275,,,,,,,0,0,1.0
nongauss_mixed,nongauss,1,800,2,5,Bisecting+Sil.,5,0.10041999816894531,0.9968691099886755,0.9952518682725184,0.9952815964482751,,,,,,,0,0,1.0
nongauss_mixed,nongauss,2,800,2,5,ORACLE k-means(k*),5,0.004829883575439453,0.9968691099886755,0.9952518682725183,0.995281596448275,,,,,,,0,0,1.0
nongauss_mixed,nongauss,2,800,2,5,CDK (proposed),6,3.1825928688049316,0.9266300847734658,0.9463395622222958,0.9467429929116805,6.0,6.0,37.0,15.0,0.5945945945945946,0.005,1,1,0.0
nongauss_mixed,nongauss,2,800,2,5,CDK / Gaussian null,5,3.9460086822509766,0.9906271808867675,0.9868389844155382,0.9869213867182499,5.0,7.0,37.0,15.0,0.6486486486486487,0.005,0,0,1.0
nongauss_mixed,nongauss,2,800,2,5,CDK / AD statistic,5,4.587566375732422,0.9906271808867675,0.9868389844155382,0.9869213867182499,5.0,7.0,37.0,15.0,0.5675675675675675,0.005,0,0,1.0
nongauss_mixed,nongauss,2,800,2,5,CDK / no multiplicity corr.,6,3.084155559539795,0.9266300847734658,0.9463395622222958,0.9467429929116805,6.0,6.0,37.0,15.0,0.6486486486486487,0.005,1,1,0.0
nongauss_mixed,nongauss,2,800,2,5,CDK / n_min=15,5,3.4931981563568115,0.9906271808867675,0.9868389844155382,0.9869213867182499,5.0,7.0,57.0,26.0,0.2982456140350877,0.3076923076923077,0,0,1.0
nongauss_mixed,nongauss,2,800,2,5,CDK / n_min=40,5,3.594836711883545,0.9906271808867675,0.9868389844155382,0.9869213867182499,5.0,5.0,26.0,11.0,0.6923076923076923,0.005,0,0,1.0
nongauss_mixed,nongauss,2,800,2,5,Silhouette,5,0.18037176132202148,0.9968691099886755,0.9952518682725183,0.995281596448275,,,,,,,0,0,1.0
nongauss_mixed,nongauss,2,800,2,5,Calinski-Har.,5,0.11116766929626465,0.9968691099886755,0.9952518682725183,0.995281596448275,,,,,,,0,0,1.0
nongauss_mixed,nongauss,2,800,2,5,Davies-Bouldin,5,0.1252439022064209,0.9968691099886755,0.9952518682725183,0.995281596448275,,,,,,,0,0,1.0
nongauss_mixed,nongauss,2,800,2,5,Elbow (Kneedle),5,0.11718058586120605,0.9968691099886755,0.9952518682725183,0.995281596448275,,,,,,,0,0,1.0
nongauss_mixed,nongauss,2,800,2,5,Jump statistic,5,0.10643577575683594,0.9968691099886755,0.9952518682725183,0.995281596448275,,,,,,,0,0,1.0
nongauss_mixed,nongauss,2,800,2,5,Gap statistic,5,0.4761619567871094,0.9968691099886755,0.9952518682725183,0.995281596448275,,,,,,,0,0,1.0
nongauss_mixed,nongauss,2,800,2,5,X-means,5,0.029288291931152344,0.9968691099886755,0.9952518682725183,0.995281596448275,,,,,,,0,0,1.0
nongauss_mixed,nongauss,2,800,2,5,G-means,7,0.045430898666381836,0.866727874735879,0.9177208853159815,0.9184371261693898,,,,,,,2,2,0.0
nongauss_mixed,nongauss,2,800,2,5,dip-means,5,0.11832809448242188,0.9968691099886755,0.9952518682725183,0.995281596448275,,,,,,,0,0,1.0
nongauss_mixed,nongauss,2,800,2,5,ISODATA,5,0.021360158920288086,0.9968691099886755,0.9952518682725183,0.995281596448275,,,,,,,0,0,1.0
nongauss_mixed,nongauss,2,800,2,5,MDL split/merge,5,0.03287529945373535,0.9968691099886755,0.9952518682725183,0.995281596448275,,,,,,,0,0,1.0
nongauss_mixed,nongauss,2,800,2,5,GMM+BIC,8,0.23030471801757812,0.8615690376357497,0.9089694769430244,0.9098952253338959,,,,,,,3,3,0.0
nongauss_mixed,nongauss,2,800,2,5,GMM+ICL,5,0.25316715240478516,0.9968691099886755,0.9952518682725183,0.995281596448275,,,,,,,0,0,1.0
nongauss_mixed,nongauss,2,800,2,5,HDBSCAN,5,0.0052454471588134766,0.9937480346795808,0.9905061789482672,0.9905656200078304,,,,,,,0,0,1.0
nongauss_mixed,nongauss,2,800,2,5,Bisecting+Sil.,5,0.12218594551086426,0.9906271808867675,0.9868389844155382,0.9869213867182499,,,,,,,0,0,1.0
nongauss_mixed,nongauss,3,800,2,5,ORACLE k-means(k*),5,0.0041124820709228516,1.0,1.0,1.0,,,,,,,0,0,1.0
nongauss_mixed,nongauss,3,800,2,5,CDK (proposed),5,3.072012186050415,0.9937579600246279,0.9915871831020887,0.9916398563708725,5.0,5.0,45.0,20.0,0.4222222222222222,0.045,0,0,1.0
nongauss_mixed,nongauss,3,800,2,5,CDK / Gaussian null,5,4.786304950714111,0.9937579600246279,0.9915871831020887,0.9916398563708725,5.0,7.0,45.0,20.0,0.4888888888888889,0.015,0,0,1.0
nongauss_mixed,nongauss,3,800,2,5,CDK / AD statistic,5,4.7636237144470215,0.9937579600246279,0.9915871831020887,0.9916398563708725,5.0,5.0,45.0,20.0,0.4222222222222222,0.105,0,0,1.0
nongauss_mixed,nongauss,3,800,2,5,CDK / no multiplicity corr.,5,3.7975244522094727,0.9937579600246279,0.9915871831020887,0.9916398563708725,5.0,7.0,45.0,20.0,0.5111111111111111,0.045,0,0,1.0
nongauss_mixed,nongauss,3,800,2,5,CDK / n_min=15,5,3.213418960571289,0.9937579600246279,0.9915871831020887,0.9916398563708725,5.0,6.0,59.0,27.0,0.3559322033898305,0.09,0,0,1.0
nongauss_mixed,nongauss,3,800,2,5,CDK / n_min=40,6,2.9982388019561768,0.930831804312831,0.9513168462295061,0.9516829343354786,6.0,6.0,20.0,9.0,0.85,0.005,1,1,0.0
nongauss_mixed,nongauss,3,800,2,5,Silhouette,5,0.135986328125,1.0,1.0,1.0,,,,,,,0,0,1.0
nongauss_mixed,nongauss,3,800,2,5,Calinski-Har.,5,0.07641863822937012,1.0,1.0,1.0,,,,,,,0,0,1.0
nongauss_mixed,nongauss,3,800,2,5,Davies-Bouldin,5,0.09243988990783691,1.0,1.0,1.0,,,,,,,0,0,1.0
nongauss_mixed,nongauss,3,800,2,5,Elbow (Kneedle),5,0.07221221923828125,1.0,1.0,1.0,,,,,,,0,0,1.0
nongauss_mixed,nongauss,3,800,2,5,Jump statistic,5,0.07213139533996582,1.0,1.0,1.0,,,,,,,0,0,1.0
nongauss_mixed,nongauss,3,800,2,5,Gap statistic,5,0.34977173805236816,1.0,1.0,1.0,,,,,,,0,0,1.0
nongauss_mixed,nongauss,3,800,2,5,X-means,5,0.021090030670166016,1.0,1.0,1.0,,,,,,,0,0,1.0
nongauss_mixed,nongauss,3,800,2,5,G-means,9,0.026161670684814453,0.805646126542573,0.8880558270481452,0.8893175181851334,,,,,,,4,4,0.0
nongauss_mixed,nongauss,3,800,2,5,dip-means,5,0.08155322074890137,1.0,1.0,1.0,,,,,,,0,0,1.0
nongauss_mixed,nongauss,3,800,2,5,ISODATA,5,0.016468048095703125,1.0,1.0,1.0,,,,,,,0,0,1.0
nongauss_mixed,nongauss,3,800,2,5,MDL split/merge,5,0.024210691452026367,1.0,1.0,1.0,,,,,,,0,0,1.0
nongauss_mixed,nongauss,3,800,2,5,GMM+BIC,6,0.16697168350219727,0.9783749933503875,0.9808854026265112,0.9810350798330818,,,,,,,1,1,0.0
nongauss_mixed,nongauss,3,800,2,5,GMM+ICL,5,0.1842176914215088,1.0,1.0,1.0,,,,,,,0,0,1.0
nongauss_mixed,nongauss,3,800,2,5,HDBSCAN,5,0.0044329166412353516,1.0,1.0,1.0,,,,,,,0,0,1.0
nongauss_mixed,nongauss,3,800,2,5,Bisecting+Sil.,5,0.10828375816345215,0.9937579600246279,0.9915871831020887,0.9916398563708725,,,,,,,0,0,1.0
nongauss_mixed,nongauss,4,800,2,5,ORACLE k-means(k*),5,0.0046825408935546875,1.0,1.0,1.0,,,,,,,0,0,1.0
nongauss_mixed,nongauss,4,800,2,5,CDK (proposed),5,3.033773422241211,0.9725416274279405,0.972720590339078,0.9728914224124162,5.0,5.0,38.0,17.0,0.4473684210526316,0.025,0,0,1.0
nongauss_mixed,nongauss,4,800,2,5,CDK / Gaussian null,5,4.355512380599976,0.9725416274279405,0.972720590339078,0.9728914224124162,5.0,7.0,38.0,17.0,0.5,0.0125,0,0,1.0
nongauss_mixed,nongauss,4,800,2,5,CDK / AD statistic,5,4.90500807762146,0.9725416274279405,0.972720590339078,0.9728914224124162,5.0,5.0,38.0,17.0,0.42105263157894735,0.26403846153846156,0,0,1.0
nongauss_mixed,nongauss,4,800,2,5,CDK / no multiplicity corr.,5,2.5411930084228516,0.9725416274279405,0.972720590339078,0.9728914224124162,5.0,6.0,38.0,17.0,0.5263157894736842,0.025,0,0,1.0
nongauss_mixed,nongauss,4,800,2,5,CDK / n_min=15,5,3.5422744750976562,0.9725416274279405,0.972720590339078,0.9728914224124162,5.0,6.0,57.0,24.0,0.43859649122807015,0.05,0,0,1.0
nongauss_mixed,nongauss,4,800,2,5,CDK / n_min=40,5,3.3935887813568115,0.9725416274279405,0.972720590339078,0.9728914224124162,5.0,5.0,25.0,10.0,0.76,0.005,0,0,1.0
nongauss_mixed,nongauss,4,800,2,5,Silhouette,5,0.14489102363586426,1.0,1.0,1.0,,,,,,,0,0,1.0
nongauss_mixed,nongauss,4,800,2,5,Calinski-Har.,5,0.08580446243286133,1.0,1.0,1.0,,,,,,,0,0,1.0
nongauss_mixed,nongauss,4,800,2,5,Davies-Bouldin,5,0.09579610824584961,1.0,1.0,1.0,,,,,,,0,0,1.0
nongauss_mixed,nongauss,4,800,2,5,Elbow (Kneedle),5,0.07697391510009766,1.0,1.0,1.0,,,,,,,0,0,1.0
nongauss_mixed,nongauss,4,800,2,5,Jump statistic,5,0.08003568649291992,1.0,1.0,1.0,,,,,,,0,0,1.0
nongauss_mixed,nongauss,4,800,2,5,Gap statistic,5,0.4308915138244629,1.0,1.0,1.0,,,,,,,0,0,1.0
nongauss_mixed,nongauss,4,800,2,5,X-means,5,0.040236711502075195,1.0,1.0,1.0,,,,,,,0,0,1.0
nongauss_mixed,nongauss,4,800,2,5,G-means,6,0.045728445053100586,0.9347274899409335,0.9584021701717691,0.9587150443484853,,,,,,,1,1,0.0
nongauss_mixed,nongauss,4,800,2,5,dip-means,5,0.11561822891235352,1.0,1.0,1.0,,,,,,,0,0,1.0
nongauss_mixed,nongauss,4,800,2,5,ISODATA,5,0.019850730895996094,1.0,1.0,1.0,,,,,,,0,0,1.0
nongauss_mixed,nongauss,4,800,2,5,MDL split/merge,5,0.03351616859436035,1.0,1.0,1.0,,,,,,,0,0,1.0
nongauss_mixed,nongauss,4,800,2,5,GMM+BIC,5,0.21433448791503906,1.0,1.0,1.0,,,,,,,0,0,1.0
nongauss_mixed,nongauss,4,800,2,5,GMM+ICL,5,0.22755146026611328,1.0,1.0,1.0,,,,,,,0,0,1.0
nongauss_mixed,nongauss,4,800,2,5,HDBSCAN,5,0.004860639572143555,1.0,1.0,1.0,,,,,,,0,0,1.0
nongauss_mixed,nongauss,4,800,2,5,Bisecting+Sil.,5,0.12831616401672363,1.0,1.0,1.0,,,,,,,0,0,1.0
nongauss_mixed,nongauss,5,800,2,5,ORACLE k-means(k*),5,0.004445075988769531,1.0,1.0,1.0,,,,,,,0,0,1.0
nongauss_mixed,nongauss,5,800,2,5,CDK (proposed),5,3.054875135421753,1.0,1.0,1.0,5.0,5.0,46.0,19.0,0.5217391304347826,0.0075,0,0,1.0
nongauss_mixed,nongauss,5,800,2,5,CDK / Gaussian null,5,4.107962131500244,1.0,1.0,1.0,5.0,8.0,46.0,19.0,0.5652173913043478,0.005,0,0,1.0
nongauss_mixed,nongauss,5,800,2,5,CDK / AD statistic,5,5.81301474571228,1.0,1.0,1.0,5.0,5.0,46.0,19.0,0.5,0.02,0,0,1.0
nongauss_mixed,nongauss,5,800,2,5,CDK / no multiplicity corr.,5,3.709827184677124,1.0,1.0,1.0,5.0,5.0,46.0,19.0,0.5434782608695652,0.0075,0,0,1.0
nongauss_mixed,nongauss,5,800,2,5,CDK / n_min=15,6,3.579803943634033,0.9429885413572903,0.9620099607093867,0.9622970086249685,5.0,6.0,58.0,25.0,0.4827586206896552,0.045,1,1,0.0
nongauss_mixed,nongauss,5,800,2,5,CDK / n_min=40,5,3.261160135269165,1.0,1.0,1.0,5.0,5.0,30.0,11.0,0.7666666666666667,0.005,0,0,1.0
nongauss_mixed,nongauss,5,800,2,5,Silhouette,5,0.14023780822753906,1.0,1.0,1.0,,,,,,,0,0,1.0
nongauss_mixed,nongauss,5,800,2,5,Calinski-Har.,5,0.07723712921142578,1.0,1.0,1.0,,,,,,,0,0,1.0
nongauss_mixed,nongauss,5,800,2,5,Davies-Bouldin,5,0.09438943862915039,1.0,1.0,1.0,,,,,,,0,0,1.0
nongauss_mixed,nongauss,5,800,2,5,Elbow (Kneedle),5,0.07517552375793457,1.0,1.0,1.0,,,,,,,0,0,1.0
nongauss_mixed,nongauss,5,800,2,5,Jump statistic,5,0.07778716087341309,1.0,1.0,1.0,,,,,,,0,0,1.0
nongauss_mixed,nongauss,5,800,2,5,Gap statistic,5,0.3372013568878174,1.0,1.0,1.0,,,,,,,0,0,1.0
nongauss_mixed,nongauss,5,800,2,5,X-means,7,0.03330278396606445,0.86667327942059,0.9209406783776314,0.9216278716607409,,,,,,,2,2,0.0
nongauss_mixed,nongauss,5,800,2,5,G-means,8,0.04606485366821289,0.9195844607627518,0.936177816219709,0.9368574757219919,,,,,,,3,3,0.0
nongauss_mixed,nongauss,5,800,2,5,dip-means,5,0.0825040340423584,1.0,1.0,1.0,,,,,,,0,0,1.0
nongauss_mixed,nongauss,5,800,2,5,ISODATA,5,0.01638484001159668,1.0,1.0,1.0,,,,,,,0,0,1.0
nongauss_mixed,nongauss,5,800,2,5,MDL split/merge,5,0.024936914443969727,1.0,1.0,1.0,,,,,,,0,0,1.0
nongauss_mixed,nongauss,5,800,2,5,GMM+BIC,5,0.1727006435394287,1.0,1.0,1.0,,,,,,,0,0,1.0
nongauss_mixed,nongauss,5,800,2,5,GMM+ICL,5,0.2021946907043457,1.0,1.0,1.0,,,,,,,0,0,1.0
nongauss_mixed,nongauss,5,800,2,5,HDBSCAN,5,0.0048065185546875,1.0,1.0,1.0,,,,,,,0,0,1.0
nongauss_mixed,nongauss,5,800,2,5,Bisecting+Sil.,5,0.12644219398498535,0.9785020843697608,0.9774081107654076,0.9775495765461263,,,,,,,0,0,1.0
nongauss_mixed,nongauss,6,800,2,5,ORACLE k-means(k*),5,0.0054759979248046875,1.0,1.0,1.0,,,,,,,0,0,1.0
nongauss_mixed,nongauss,6,800,2,5,CDK (proposed),5,3.1796250343322754,1.0,1.0,1.0,5.0,5.0,38.0,17.0,0.5,0.02,0,0,1.0
nongauss_mixed,nongauss,6,800,2,5,CDK / Gaussian null,6,4.736852645874023,0.9523557162264612,0.9663888177122862,0.9666442864851504,6.0,9.0,38.0,17.0,0.6052631578947368,0.005,1,1,0.0
nongauss_mixed,nongauss,6,800,2,5,CDK / AD statistic,5,4.1757423877716064,1.0,1.0,1.0,5.0,5.0,38.0,17.0,0.47368421052631576,0.0425,0,0,1.0
nongauss_mixed,nongauss,6,800,2,5,CDK / no multiplicity corr.,5,3.1111223697662354,1.0,1.0,1.0,5.0,6.0,38.0,17.0,0.5263157894736842,0.02,0,0,1.0
nongauss_mixed,nongauss,6,800,2,5,CDK / n_min=15,5,3.966808795928955,1.0,1.0,1.0,5.0,5.0,58.0,24.0,0.43103448275862066,0.0275,0,0,1.0
nongauss_mixed,nongauss,6,800,2,5,CDK / n_min=40,5,3.4868433475494385,1.0,1.0,1.0,5.0,5.0,30.0,12.0,0.7,0.005,0,0,1.0
nongauss_mixed,nongauss,6,800,2,5,Silhouette,5,0.160888671875,1.0,1.0,1.0,,,,,,,0,0,1.0
nongauss_mixed,nongauss,6,800,2,5,Calinski-Har.,5,0.08954954147338867,1.0,1.0,1.0,,,,,,,0,0,1.0
nongauss_mixed,nongauss,6,800,2,5,Davies-Bouldin,5,0.10453629493713379,1.0,1.0,1.0,,,,,,,0,0,1.0
nongauss_mixed,nongauss,6,800,2,5,Elbow (Kneedle),5,0.08686542510986328,1.0,1.0,1.0,,,,,,,0,0,1.0
nongauss_mixed,nongauss,6,800,2,5,Jump statistic,5,0.08597254753112793,1.0,1.0,1.0,,,,,,,0,0,1.0
nongauss_mixed,nongauss,6,800,2,5,Gap statistic,5,0.40545082092285156,1.0,1.0,1.0,,,,,,,0,0,1.0
nongauss_mixed,nongauss,6,800,2,5,X-means,5,0.02808380126953125,1.0,1.0,1.0,,,,,,,0,0,1.0
nongauss_mixed,nongauss,6,800,2,5,G-means,7,0.02622199058532715,0.9085653240629921,0.9392151483361446,0.939760101058119,,,,,,,2,2,0.0
nongauss_mixed,nongauss,6,800,2,5,dip-means,5,0.10628509521484375,1.0,1.0,1.0,,,,,,,0,0,1.0
nongauss_mixed,nongauss,6,800,2,5,ISODATA,5,0.01938772201538086,1.0,1.0,1.0,,,,,,,0,0,1.0
nongauss_mixed,nongauss,6,800,2,5,MDL split/merge,5,0.030803680419921875,1.0,1.0,1.0,,,,,,,0,0,1.0
nongauss_mixed,nongauss,6,800,2,5,GMM+BIC,6,0.23000431060791016,0.9796933872516693,0.9817544977613126,0.9818977763358535,,,,,,,1,1,0.0
nongauss_mixed,nongauss,6,800,2,5,GMM+ICL,5,0.2446427345275879,1.0,1.0,1.0,,,,,,,0,0,1.0
nongauss_mixed,nongauss,6,800,2,5,HDBSCAN,5,0.00496673583984375,1.0,1.0,1.0,,,,,,,0,0,1.0
nongauss_mixed,nongauss,6,800,2,5,Bisecting+Sil.,5,0.1233682632446289,0.9968691099886755,0.9952518682725183,0.995281596448275,,,,,,,0,0,1.0
nongauss_mixed,nongauss,7,800,2,5,ORACLE k-means(k*),5,0.005554914474487305,1.0,1.0,1.0,,,,,,,0,0,1.0
nongauss_mixed,nongauss,7,800,2,5,CDK (proposed),5,3.3202569484710693,0.9968691099886755,0.9952518682725184,0.9952815964482751,5.0,5.0,40.0,16.0,0.55,0.005,0,0,1.0
nongauss_mixed,nongauss,7,800,2,5,CDK / Gaussian null,5,4.393604755401611,0.9968691099886755,0.9952518682725184,0.9952815964482751,5.0,8.0,40.0,16.0,0.575,0.005,0,0,1.0
nongauss_mixed,nongauss,7,800,2,5,CDK / AD statistic,5,4.278402328491211,0.9968691099886755,0.9952518682725184,0.9952815964482751,5.0,5.0,40.0,16.0,0.575,0.005,0,0,1.0
nongauss_mixed,nongauss,7,800,2,5,CDK / no multiplicity corr.,5,2.9096944332122803,0.9968691099886755,0.9952518682725184,0.9952815964482751,5.0,6.0,40.0,16.0,0.55,0.005,0,0,1.0
nongauss_mixed,nongauss,7,800,2,5,CDK / n_min=15,5,3.895746946334839,0.9968691099886755,0.9952518682725184,0.9952815964482751,5.0,7.0,62.0,25.0,0.3709677419354839,0.042499999999999996,0,0,1.0
nongauss_mixed,nongauss,7,800,2,5,CDK / n_min=40,5,2.9227850437164307,0.9968691099886755,0.9952518682725184,0.9952815964482751,5.0,5.0,29.0,11.0,0.7241379310344828,0.005,0,0,1.0
nongauss_mixed,nongauss,7,800,2,5,Silhouette,5,0.12907886505126953,1.0,1.0,1.0,,,,,,,0,0,1.0
nongauss_mixed,nongauss,7,800,2,5,Calinski-Har.,5,0.07475924491882324,1.0,1.0,1.0,,,,,,,0,0,1.0
nongauss_mixed,nongauss,7,800,2,5,Davies-Bouldin,5,0.08281183242797852,1.0,1.0,1.0,,,,,,,0,0,1.0
nongauss_mixed,nongauss,7,800,2,5,Elbow (Kneedle),5,0.06966352462768555,1.0,1.0,1.0,,,,,,,0,0,1.0
nongauss_mixed,nongauss,7,800,2,5,Jump statistic,5,0.0700995922088623,1.0,1.0,1.0,,,,,,,0,0,1.0
nongauss_mixed,nongauss,7,800,2,5,Gap statistic,5,0.3258402347564697,1.0,1.0,1.0,,,,,,,0,0,1.0
nongauss_mixed,nongauss,7,800,2,5,X-means,6,0.02287006378173828,0.9347274899409335,0.9584021701717691,0.9587150443484853,,,,,,,1,1,0.0
nongauss_mixed,nongauss,7,800,2,5,G-means,10,0.023449182510375977,0.8405391791038748,0.8889082186014827,0.8903677745844553,,,,,,,5,5,0.0
nongauss_mixed,nongauss,7,800,2,5,dip-means,5,0.08270907402038574,1.0,1.0,1.0,,,,,,,0,0,1.0
nongauss_mixed,nongauss,7,800,2,5,ISODATA,5,0.015575170516967773,1.0,1.0,1.0,,,,,,,0,0,1.0
nongauss_mixed,nongauss,7,800,2,5,MDL split/merge,5,0.02509760856628418,1.0,1.0,1.0,,,,,,,0,0,1.0
nongauss_mixed,nongauss,7,800,2,5,GMM+BIC,6,0.15815353393554688,0.9696581079196741,0.9755368323551442,0.9757257013585723,,,,,,,1,1,0.0
nongauss_mixed,nongauss,7,800,2,5,GMM+ICL,5,0.16289067268371582,1.0,1.0,1.0,,,,,,,0,0,1.0
nongauss_mixed,nongauss,7,800,2,5,HDBSCAN,5,0.004079103469848633,1.0,1.0,1.0,,,,,,,0,0,1.0
nongauss_mixed,nongauss,7,800,2,5,Bisecting+Sil.,5,0.0998690128326416,0.9968691099886755,0.9952518682725184,0.9952815964482751,,,,,,,0,0,1.0
nongauss_mixed,nongauss,8,800,2,5,ORACLE k-means(k*),5,0.0048177242279052734,0.9968691099886755,0.9952518682725183,0.995281596448275,,,,,,,0,0,1.0
nongauss_mixed,nongauss,8,800,2,5,CDK (proposed),5,3.54196834564209,0.9845044162845311,0.9806025317275346,0.98072398601518,5.0,5.0,37.0,15.0,0.5675675675675675,0.005,0,0,1.0
nongauss_mixed,nongauss,8,800,2,5,CDK / Gaussian null,5,4.250075578689575,0.9845044162845311,0.9806025317275346,0.98072398601518,5.0,6.0,37.0,15.0,0.6216216216216216,0.005,0,0,1.0
nongauss_mixed,nongauss,8,800,2,5,CDK / AD statistic,5,5.417942762374878,0.9845044162845311,0.9806025317275346,0.98072398601518,5.0,7.0,37.0,15.0,0.5945945945945946,0.005,0,0,1.0
nongauss_mixed,nongauss,8,800,2,5,CDK / no multiplicity corr.,5,3.4290382862091064,0.9845044162845311,0.9806025317275346,0.98072398601518,5.0,5.0,37.0,15.0,0.5945945945945946,0.005,0,0,1.0
nongauss_mixed,nongauss,8,800,2,5,CDK / n_min=15,5,3.646580457687378,0.9845044162845311,0.9806025317275346,0.98072398601518,5.0,5.0,47.0,19.0,0.40425531914893614,0.06,0,0,1.0
nongauss_mixed,nongauss,8,800,2,5,CDK / n_min=40,5,3.095447301864624,0.9845044162845311,0.9806025317275346,0.98072398601518,5.0,5.0,25.0,10.0,0.76,0.005,0,0,1.0
nongauss_mixed,nongauss,8,800,2,5,Silhouette,5,0.15903425216674805,0.9968691099886755,0.9952518682725183,0.995281596448275,,,,,,,0,0,1.0
nongauss_mixed,nongauss,8,800,2,5,Calinski-Har.,5,0.08999776840209961,0.9968691099886755,0.9952518682725183,0.995281596448275,,,,,,,0,0,1.0
nongauss_mixed,nongauss,8,800,2,5,Davies-Bouldin,5,0.09893989562988281,0.9968691099886755,0.9952518682725183,0.995281596448275,,,,,,,0,0,1.0
nongauss_mixed,nongauss,8,800,2,5,Elbow (Kneedle),5,0.09206533432006836,0.9968691099886755,0.9952518682725183,0.995281596448275,,,,,,,0,0,1.0
nongauss_mixed,nongauss,8,800,2,5,Jump statistic,5,0.09398126602172852,0.9968691099886755,0.9952518682725183,0.995281596448275,,,,,,,0,0,1.0
nongauss_mixed,nongauss,8,800,2,5,Gap statistic,5,0.4172201156616211,0.9968691099886755,0.9952518682725183,0.995281596448275,,,,,,,0,0,1.0
nongauss_mixed,nongauss,8,800,2,5,X-means,5,0.028972387313842773,0.9968691099886755,0.9952518682725183,0.995281596448275,,,,,,,0,0,1.0
nongauss_mixed,nongauss,8,800,2,5,G-means,6,0.042275428771972656,0.9318456361734647,0.9540008943256774,0.9543469407886878,,,,,,,1,1,0.0
nongauss_mixed,nongauss,8,800,2,5,dip-means,5,0.09694695472717285,0.9968691099886755,0.9952518682725183,0.995281596448275,,,,,,,0,0,1.0
nongauss_mixed,nongauss,8,800,2,5,ISODATA,5,0.018737077713012695,0.9968691099886755,0.9952518682725183,0.995281596448275,,,,,,,0,0,1.0
nongauss_mixed,nongauss,8,800,2,5,MDL split/merge,5,0.03102874755859375,0.9968691099886755,0.9952518682725183,0.995281596448275,,,,,,,0,0,1.0
nongauss_mixed,nongauss,8,800,2,5,GMM+BIC,7,0.1936032772064209,0.8669107553402641,0.9178796840122964,0.9185946994181294,,,,,,,2,2,0.0
nongauss_mixed,nongauss,8,800,2,5,GMM+ICL,5,0.19243121147155762,0.9968691099886755,0.9952518682725183,0.995281596448275,,,,,,,0,0,1.0
nongauss_mixed,nongauss,8,800,2,5,HDBSCAN,5,0.004980325698852539,1.0,1.0,1.0,,,,,,,0,0,1.0
nongauss_mixed,nongauss,8,800,2,5,Bisecting+Sil.,5,0.11745715141296387,0.9968691099886755,0.9952518682725183,0.995281596448275,,,,,,,0,0,1.0
nongauss_mixed,nongauss,9,800,2,5,ORACLE k-means(k*),5,0.004111289978027344,0.9968691099886755,0.9952518682725184,0.9952815964482751,,,,,,,0,0,1.0
nongauss_mixed,nongauss,9,800,2,5,CDK (proposed),5,3.149599075317383,0.9844647950001386,0.9805927987493823,0.9807143127131976,5.0,6.0,44.0,18.0,0.5909090909090909,0.005,0,0,1.0
nongauss_mixed,nongauss,9,800,2,5,CDK / Gaussian null,5,4.934932708740234,0.9844647950001386,0.9805927987493823,0.9807143127131976,5.0,9.0,44.0,18.0,0.5909090909090909,0.005,0,0,1.0
nongauss_mixed,nongauss,9,800,2,5,CDK / AD statistic,6,4.623757839202881,0.9402040255413473,0.9493486127593155,0.9497324022156973,6.0,6.0,44.0,18.0,0.5681818181818182,0.005,1,1,0.0
nongauss_mixed,nongauss,9,800,2,5,CDK / no multiplicity corr.,6,3.0275256633758545,0.9402040255413473,0.9493486127593155,0.9497324022156973,5.0,7.0,44.0,18.0,0.6136363636363636,0.005,1,1,0.0
nongauss_mixed,nongauss,9,800,2,5,CDK / n_min=15,5,3.6762661933898926,0.9844647950001386,0.9805927987493823,0.9807143127131976,5.0,8.0,58.0,25.0,0.46551724137931033,0.025,0,0,1.0
nongauss_mixed,nongauss,9,800,2,5,CDK / n_min=40,5,2.9499082565307617,0.9844647950001386,0.9805927987493823,0.9807143127131976,5.0,5.0,26.0,11.0,0.7692307692307693,0.005,0,0,1.0
nongauss_mixed,nongauss,9,800,2,5,Silhouette,5,0.1350691318511963,0.9968691099886755,0.9952518682725184,0.9952815964482751,,,,,,,0,0,1.0
nongauss_mixed,nongauss,9,800,2,5,Calinski-Har.,5,0.07738399505615234,0.9968691099886755,0.9952518682725184,0.9952815964482751,,,,,,,0,0,1.0
nongauss_mixed,nongauss,9,800,2,5,Davies-Bouldin,5,0.08711457252502441,0.9968691099886755,0.9952518682725184,0.9952815964482751,,,,,,,0,0,1.0
nongauss_mixed,nongauss,9,800,2,5,Elbow (Kneedle),5,0.07336902618408203,0.9968691099886755,0.9952518682725184,0.9952815964482751,,,,,,,0,0,1.0
nongauss_mixed,nongauss,9,800,2,5,Jump statistic,5,0.07573294639587402,0.9968691099886755,0.9952518682725184,0.9952815964482751,,,,,,,0,0,1.0
nongauss_mixed,nongauss,9,800,2,5,Gap statistic,5,0.3384830951690674,0.9968691099886755,0.9952518682725184,0.9952815964482751,,,,,,,0,0,1.0
nongauss_mixed,nongauss,9,800,2,5,X-means,5,0.021178722381591797,0.9968691099886755,0.9952518682725184,0.9952815964482751,,,,,,,0,0,1.0
nongauss_mixed,nongauss,9,800,2,5,G-means,7,0.033974647521972656,0.8717094421255623,0.9197130850975365,0.9204138365335421,,,,,,,2,2,0.0
nongauss_mixed,nongauss,9,800,2,5,dip-means,5,0.08175849914550781,0.9968691099886755,0.9952518682725184,0.9952815964482751,,,,,,,0,0,1.0
nongauss_mixed,nongauss,9,800,2,5,ISODATA,5,0.016363859176635742,0.9968691099886755,0.9952518682725183,0.995281596448275,,,,,,,0,0,1.0
nongauss_mixed,nongauss,9,800,2,5,MDL split/merge,5,0.024785518646240234,0.9968691099886755,0.9952518682725184,0.9952815964482751,,,,,,,0,0,1.0
nongauss_mixed,nongauss,9,800,2,5,GMM+BIC,8,0.15961861610412598,0.8714820568206371,0.9089266163036639,0.909850421316966,,,,,,,3,3,0.0
nongauss_mixed,nongauss,9,800,2,5,GMM+ICL,5,0.16975021362304688,0.9968691099886755,0.9952518682725184,0.9952815964482751,,,,,,,0,0,1.0
nongauss_mixed,nongauss,9,800,2,5,HDBSCAN,5,0.00464630126953125,0.9968691099886755,0.9952518682725184,0.9952815964482751,,,,,,,0,0,1.0
nongauss_mixed,nongauss,9,800,2,5,Bisecting+Sil.,5,0.10901546478271484,0.9906076629323765,0.9868340811477317,0.9869165145676582,,,,,,,0,0,1.0
nongauss_skew,nongauss,0,800,2,5,ORACLE k-means(k*),5,0.004703044891357422,1.0,1.0,1.0,,,,,,,0,0,1.0
nongauss_skew,nongauss,0,800,2,5,CDK (proposed),6,3.558542251586914,0.9475807033572363,0.9509483935970743,0.9513243135483122,6.0,6.0,30.0,11.0,0.7666666666666667,0.005,1,1,0.0
nongauss_skew,nongauss,0,800,2,5,CDK / Gaussian null,6,4.272343635559082,0.9475807033572363,0.9509483935970743,0.9513243135483122,6.0,10.0,30.0,11.0,0.7666666666666667,0.005,1,1,0.0
nongauss_skew,nongauss,0,800,2,5,CDK / AD statistic,7,4.835662841796875,0.9065208324608229,0.9237839505246681,0.9244679580393276,7.0,7.0,30.0,11.0,0.6666666666666666,0.005,2,2,0.0
nongauss_skew,nongauss,0,800,2,5,CDK / no multiplicity corr.,6,3.770233392715454,0.9475807033572363,0.9509483935970743,0.9513243135483122,6.0,8.0,30.0,11.0,0.8,0.005,1,1,0.0
nongauss_skew,nongauss,0,800,2,5,CDK / n_min=15,5,3.6513266563415527,0.9844647950001386,0.9784453278279901,0.9785802877564871,5.0,5.0,46.0,17.0,0.6086956521739131,0.005,0,0,1.0
nongauss_skew,nongauss,0,800,2,5,CDK / n_min=40,5,2.105772018432617,0.9844647950001386,0.9784453278279901,0.9785802877564871,5.0,5.0,10.0,5.0,1.0,0.005,0,0,1.0
nongauss_skew,nongauss,0,800,2,5,Silhouette,5,0.13692784309387207,1.0,1.0,1.0,,,,,,,0,0,1.0
nongauss_skew,nongauss,0,800,2,5,Calinski-Har.,5,0.07628750801086426,1.0,1.0,1.0,,,,,,,0,0,1.0
nongauss_skew,nongauss,0,800,2,5,Davies-Bouldin,5,0.08702540397644043,1.0,1.0,1.0,,,,,,,0,0,1.0
nongauss_skew,nongauss,0,800,2,5,Elbow (Kneedle),5,0.07234597206115723,1.0,1.0,1.0,,,,,,,0,0,1.0
nongauss_skew,nongauss,0,800,2,5,Jump statistic,5,0.07236409187316895,1.0,1.0,1.0,,,,,,,0,0,1.0
nongauss_skew,nongauss,0,800,2,5,Gap statistic,5,0.33601808547973633,1.0,1.0,1.0,,,,,,,0,0,1.0
nongauss_skew,nongauss,0,800,2,5,X-means,7,0.04068183898925781,0.9313709845924213,0.949045114208423,0.9495079052919464,,,,,,,2,2,0.0
nongauss_skew,nongauss,0,800,2,5,G-means,11,0.02841043472290039,0.7756441019252608,0.8560107270259835,0.8579947125001912,,,,,,,6,6,0.0
nongauss_skew,nongauss,0,800,2,5,dip-means,5,0.09473133087158203,1.0,1.0,1.0,,,,,,,0,0,1.0
nongauss_skew,nongauss,0,800,2,5,ISODATA,5,0.01898932456970215,1.0,1.0,1.0,,,,,,,0,0,1.0
nongauss_skew,nongauss,0,800,2,5,MDL split/merge,5,0.02624058723449707,1.0,1.0,1.0,,,,,,,0,0,1.0
nongauss_skew,nongauss,0,800,2,5,GMM+BIC,11,0.2183983325958252,0.6445687188839715,0.8193659547013014,0.8217191510889227,,,,,,,6,6,0.0
nongauss_skew,nongauss,0,800,2,5,GMM+ICL,8,0.2385261058807373,0.817618245820522,0.8942348499378246,0.8952797851660652,,,,,,,3,3,0.0
nongauss_skew,nongauss,0,800,2,5,HDBSCAN,5,0.004241943359375,1.0,1.0,1.0,,,,,,,0,0,1.0
nongauss_skew,nongauss,0,800,2,5,Bisecting+Sil.,5,0.10448074340820312,1.0,1.0,1.0,,,,,,,0,0,1.0
nongauss_skew,nongauss,1,800,2,5,ORACLE k-means(k*),5,0.01645803451538086,1.0,1.0,1.0,,,,,,,0,0,1.0
nongauss_skew,nongauss,1,800,2,5,CDK (proposed),5,3.8525121212005615,1.0,1.0,1.0,5.0,6.0,33.0,13.0,0.696969696969697,0.005,0,0,1.0
nongauss_skew,nongauss,1,800,2,5,CDK / Gaussian null,6,5.2596595287323,0.9429885413572903,0.9620099607093867,0.9622970086249685,5.0,11.0,33.0,13.0,0.7878787878787878,0.005,1,1,0.0
nongauss_skew,nongauss,1,800,2,5,CDK / AD statistic,6,5.309422492980957,0.9429885413572903,0.9620099607093867,0.9622970086249685,6.0,7.0,33.0,13.0,0.7272727272727273,0.005,1,1,0.0
nongauss_skew,nongauss,1,800,2,5,CDK / no multiplicity corr.,6,3.6475412845611572,0.9461850913763284,0.9634671108310026,0.9637436773693556,5.0,10.0,33.0,13.0,0.7878787878787878,0.005,1,1,0.0
nongauss_skew,nongauss,1,800,2,5,CDK / n_min=15,6,4.904175519943237,0.9673346592179846,0.9742092017540328,0.9744077719767145,6.0,9.0,66.0,29.0,0.4090909090909091,0.035,1,1,0.0
nongauss_skew,nongauss,1,800,2,5,CDK / n_min=40,5,3.0479092597961426,1.0,1.0,1.0,5.0,5.0,14.0,6.0,0.9285714285714286,0.005,0,0,1.0
nongauss_skew,nongauss,1,800,2,5,Silhouette,5,0.15706706047058105,1.0,1.0,1.0,,,,,,,0,0,1.0
nongauss_skew,nongauss,1,800,2,5,Calinski-Har.,5,0.07070398330688477,1.0,1.0,1.0,,,,,,,0,0,1.0
nongauss_skew,nongauss,1,800,2,5,Davies-Bouldin,5,0.08412909507751465,1.0,1.0,1.0,,,,,,,0,0,1.0
nongauss_skew,nongauss,1,800,2,5,Elbow (Kneedle),5,0.07196807861328125,1.0,1.0,1.0,,,,,,,0,0,1.0
nongauss_skew,nongauss,1,800,2,5,Jump statistic,5,0.0799558162689209,1.0,1.0,1.0,,,,,,,0,0,1.0
nongauss_skew,nongauss,1,800,2,5,Gap statistic,5,0.4181344509124756,1.0,1.0,1.0,,,,,,,0,0,1.0
nongauss_skew,nongauss,1,800,2,5,X-means,12,0.059505462646484375,0.6382279657590563,0.8100249812840556,0.8127303249475079,,,,,,,7,7,0.0
nongauss_skew,nongauss,1,800,2,5,G-means,11,0.02284407615661621,0.7912940990145535,0.8617994729301506,0.8637423362211927,,,,,,,6,6,0.0
nongauss_skew,nongauss,1,800,2,5,dip-means,5,0.08499693870544434,1.0,1.0,1.0,,,,,,,0,0,1.0
nongauss_skew,nongauss,1,800,2,5,ISODATA,5,0.017278671264648438,1.0,1.0,1.0,,,,,,,0,0,1.0
nongauss_skew,nongauss,1,800,2,5,MDL split/merge,5,0.025377273559570312,1.0,1.0,1.0,,,,,,,0,0,1.0
nongauss_skew,nongauss,1,800,2,5,GMM+BIC,12,0.19243335723876953,0.5839596436276466,0.7965949153987107,0.7994336850223471,,,,,,,7,7,0.0
nongauss_skew,nongauss,1,800,2,5,GMM+ICL,5,0.19614076614379883,1.0,1.0,1.0,,,,,,,0,0,1.0
nongauss_skew,nongauss,1,800,2,5,HDBSCAN,5,0.004739284515380859,1.0,1.0,1.0,,,,,,,0,0,1.0
nongauss_skew,nongauss,1,800,2,5,Bisecting+Sil.,5,0.10951805114746094,1.0,1.0,1.0,,,,,,,0,0,1.0
nongauss_skew,nongauss,2,800,2,5,ORACLE k-means(k*),5,0.004508018493652344,1.0,1.0,1.0,,,,,,,0,0,1.0
nongauss_skew,nongauss,2,800,2,5,CDK (proposed),6,4.097923755645752,0.9364218256618193,0.9472456633461255,0.9476463913296557,6.0,7.0,41.0,17.0,0.6097560975609756,0.005,1,1,0.0
nongauss_skew,nongauss,2,800,2,5,CDK / Gaussian null,9,5.151953935623169,0.771745268053486,0.8593381512772655,0.8609001190633644,7.0,12.0,41.0,17.0,0.7560975609756098,0.005,4,4,0.0
nongauss_skew,nongauss,2,800,2,5,CDK / AD statistic,7,5.935091495513916,0.8804393552603436,0.9146491171320967,0.9154018331194413,7.0,9.0,41.0,17.0,0.6097560975609756,0.005,2,2,0.0
nongauss_skew,nongauss,2,800,2,5,CDK / no multiplicity corr.,6,4.046280145645142,0.9364218256618193,0.9472456633461255,0.9476463913296557,6.0,7.0,41.0,17.0,0.6585365853658537,0.005,1,1,0.0
nongauss_skew,nongauss,2,800,2,5,CDK / n_min=15,7,4.743037223815918,0.8734767683410346,0.9113921355773522,0.9121696716859934,6.0,7.0,51.0,21.0,0.47058823529411764,0.04,2,2,0.0
nongauss_skew,nongauss,2,800,2,5,CDK / n_min=40,6,2.8450777530670166,0.9364218256618193,0.9472456633461255,0.9476463913296557,5.0,6.0,17.0,7.0,0.9411764705882353,0.005,1,1,0.0
nongauss_skew,nongauss,2,800,2,5,Silhouette,5,0.12849164009094238,1.0,1.0,1.0,,,,,,,0,0,1.0
nongauss_skew,nongauss,2,800,2,5,Calinski-Har.,5,0.06944060325622559,1.0,1.0,1.0,,,,,,,0,0,1.0
nongauss_skew,nongauss,2,800,2,5,Davies-Bouldin,5,0.08063459396362305,1.0,1.0,1.0,,,,,,,0,0,1.0
nongauss_skew,nongauss,2,800,2,5,Elbow (Kneedle),5,0.06823325157165527,1.0,1.0,1.0,,,,,,,0,0,1.0
nongauss_skew,nongauss,2,800,2,5,Jump statistic,5,0.06888771057128906,1.0,1.0,1.0,,,,,,,0,0,1.0
nongauss_skew,nongauss,2,800,2,5,Gap statistic,5,0.3156876564025879,1.0,1.0,1.0,,,,,,,0,0,1.0
nongauss_skew,nongauss,2,800,2,5,X-means,7,0.03013324737548828,0.9149115251878932,0.9407234813345181,0.9412529767381159,,,,,,,2,2,0.0
nongauss_skew,nongauss,2,800,2,5,G-means,11,0.0214841365814209,0.7743787514192401,0.8580116435296655,0.8599905935344846,,,,,,,6,6,0.0
nongauss_skew,nongauss,2,800,2,5,dip-means,5,0.08130216598510742,1.0,1.0,1.0,,,,,,,0,0,1.0
nongauss_skew,nongauss,2,800,2,5,ISODATA,5,0.01528310775756836,1.0,1.0,1.0,,,,,,,0,0,1.0
nongauss_skew,nongauss,2,800,2,5,MDL split/merge,5,0.023461341857910156,1.0,1.0,1.0,,,,,,,0,0,1.0
nongauss_skew,nongauss,2,800,2,5,GMM+BIC,11,0.19428205490112305,0.6975419964182459,0.8315216499936785,0.8337839943434164,,,,,,,6,6,0.0
nongauss_skew,nongauss,2,800,2,5,GMM+ICL,6,0.19876885414123535,0.9337649532965879,0.9306745583584934,0.9312000735240766,,,,,,,1,1,0.0
nongauss_skew,nongauss,2,800,2,5,HDBSCAN,5,0.004275083541870117,1.0,1.0,1.0,,,,,,,0,0,1.0
nongauss_skew,nongauss,2,800,2,5,Bisecting+Sil.,5,0.09797549247741699,0.9875953157730175,0.9853411519308973,0.9854329348806474,,,,,,,0,0,1.0
nongauss_skew,nongauss,3,800,2,5,ORACLE k-means(k*),5,0.0056247711181640625,1.0,1.0,1.0,,,,,,,0,0,1.0
nongauss_skew,nongauss,3,800,2,5,CDK (proposed),6,4.007944345474243,0.9435766013901896,0.9569304855408471,0.9572572223290342,6.0,7.0,41.0,17.0,0.6341463414634146,0.005,1,1,0.0
nongauss_skew,nongauss,3,800,2,5,CDK / Gaussian null,9,5.232089042663574,0.7948977693558607,0.8711151180487169,0.8725517195896964,6.0,13.0,41.0,17.0,0.7560975609756098,0.005,4,4,0.0
nongauss_skew,nongauss,3,800,2,5,CDK / AD statistic,6,6.89799690246582,0.9435766013901896,0.9569304855408471,0.9572572223290342,6.0,6.0,41.0,17.0,0.6585365853658537,0.005,1,1,0.0
nongauss_skew,nongauss,3,800,2,5,CDK / no multiplicity corr.,6,4.3782336711883545,0.9435766013901896,0.9569304855408471,0.9572572223290342,6.0,9.0,41.0,17.0,0.6585365853658537,0.005,1,1,0.0
nongauss_skew,nongauss,3,800,2,5,CDK / n_min=15,5,3.987067222595215,0.9937579600246279,0.9915871831020886,0.9916398563708724,5.0,8.0,52.0,23.0,0.4423076923076923,0.025,0,0,1.0
nongauss_skew,nongauss,3,800,2,5,CDK / n_min=40,6,2.8227646350860596,0.9435766013901896,0.9569304855408473,0.9572572223290343,6.0,6.0,21.0,9.0,0.8571428571428571,0.005,1,1,0.0
nongauss_skew,nongauss,3,800,2,5,Silhouette,5,0.1292572021484375,1.0,1.0,1.0,,,,,,,0,0,1.0
nongauss_skew,nongauss,3,800,2,5,Calinski-Har.,5,0.07051324844360352,1.0,1.0,1.0,,,,,,,0,0,1.0
nongauss_skew,nongauss,3,800,2,5,Davies-Bouldin,5,0.08582949638366699,1.0,1.0,1.0,,,,,,,0,0,1.0
nongauss_skew,nongauss,3,800,2,5,Elbow (Kneedle),5,0.07204008102416992,1.0,1.0,1.0,,,,,,,0,0,1.0
nongauss_skew,nongauss,3,800,2,5,Jump statistic,5,0.07179403305053711,1.0,1.0,1.0,,,,,,,0,0,1.0
nongauss_skew,nongauss,3,800,2,5,Gap statistic,5,0.322338342666626,1.0,1.0,1.0,,,,,,,0,0,1.0
nongauss_skew,nongauss,3,800,2,5,X-means,6,0.0216522216796875,0.9598009452939624,0.9701313240403167,0.9703596276244969,,,,,,,1,1,0.0
nongauss_skew,nongauss,3,800,2,5,G-means,11,0.022003173828125,0.8604323920125854,0.89822258612038,0.8997289918095103,,,,,,,6,6,0.0
nongauss_skew,nongauss,3,800,2,5,dip-means,5,0.08123397827148438,1.0,1.0,1.0,,,,,,,0,0,1.0
nongauss_skew,nongauss,3,800,2,5,ISODATA,5,0.01546931266784668,1.0,1.0,1.0,,,,,,,0,0,1.0
nongauss_skew,nongauss,3,800,2,5,MDL split/merge,5,0.02550029754638672,1.0,1.0,1.0,,,,,,,0,0,1.0
nongauss_skew,nongauss,3,800,2,5,GMM+BIC,11,0.23203706741333008,0.6646609851486275,0.8222018970249709,0.8245581752127347,,,,,,,6,6,0.0
nongauss_skew,nongauss,3,800,2,5,GMM+ICL,8,0.2366161346435547,0.80241988074689,0.8891764947193312,0.8902640876813078,,,,,,,3,3,0.0
nongauss_skew,nongauss,3,800,2,5,HDBSCAN,5,0.004319906234741211,1.0,1.0,1.0,,,,,,,0,0,1.0
nongauss_skew,nongauss,3,800,2,5,Bisecting+Sil.,5,0.09922409057617188,0.9937579600246279,0.9915871831020886,0.9916398563708724,,,,,,,0,0,1.0
nongauss_skew,nongauss,4,800,2,5,ORACLE k-means(k*),5,0.0040814876556396484,0.9968691099886755,0.9952518682725183,0.995281596448275,,,,,,,0,0,1.0
nongauss_skew,nongauss,4,800,2,5,CDK (proposed),5,3.9093165397644043,0.9906173109804156,0.9857579733601333,0.9858471437422217,5.0,5.0,45.0,19.0,0.5777777777777777,0.005,0,0,1.0
nongauss_skew,nongauss,4,800,2,5,CDK / Gaussian null,9,6.18479585647583,0.810922181671815,0.8733791706834438,0.8748027398358565,7.0,13.0,45.0,19.0,0.7555555555555555,0.005,4,4,0.0
nongauss_skew,nongauss,4,800,2,5,CDK / AD statistic,7,7.576503276824951,0.8806824377222732,0.9173129564907927,0.9180399557730287,7.0,8.0,45.0,19.0,0.6666666666666666,0.005,2,2,0.0
nongauss_skew,nongauss,4,800,2,5,CDK / no multiplicity corr.,5,4.180751800537109,0.9906173109804156,0.9857579733601333,0.9858471437422217,5.0,10.0,45.0,19.0,0.6222222222222222,0.005,0,0,1.0
nongauss_skew,nongauss,4,800,2,5,CDK / n_min=15,5,4.239957809448242,0.9906173109804156,0.9857579733601333,0.9858471437422217,5.0,7.0,61.0,27.0,0.45901639344262296,0.055,0,0,1.0
nongauss_skew,nongauss,4,800,2,5,CDK / n_min=40,5,2.7107958793640137,0.9906173109804156,0.9857579733601333,0.9858471437422217,5.0,5.0,14.0,6.0,0.9285714285714286,0.005,0,0,1.0
nongauss_skew,nongauss,4,800,2,5,Silhouette,5,0.128251314163208,0.9968691099886755,0.9952518682725183,0.995281596448275,,,,,,,0,0,1.0
nongauss_skew,nongauss,4,800,2,5,Calinski-Har.,5,0.06879854202270508,0.9968691099886755,0.9952518682725183,0.995281596448275,,,,,,,0,0,1.0
nongauss_skew,nongauss,4,800,2,5,Davies-Bouldin,5,0.08265256881713867,0.9968691099886755,0.9952518682725183,0.995281596448275,,,,,,,0,0,1.0
nongauss_skew,nongauss,4,800,2,5,Elbow (Kneedle),5,0.07694530487060547,0.9968691099886755,0.9952518682725183,0.995281596448275,,,,,,,0,0,1.0
nongauss_skew,nongauss,4,800,2,5,Jump statistic,5,0.0678567886352539,0.9968691099886755,0.9952518682725183,0.995281596448275,,,,,,,0,0,1.0
nongauss_skew,nongauss,4,800,2,5,Gap statistic,5,0.3204460144042969,0.9968691099886755,0.9952518682725183,0.995281596448275,,,,,,,0,0,1.0
nongauss_skew,nongauss,4,800,2,5,X-means,5,0.020424842834472656,0.9968691099886755,0.9952518682725183,0.995281596448275,,,,,,,0,0,1.0
nongauss_skew,nongauss,4,800,2,5,G-means,11,0.02113795280456543,0.796563431049768,0.8595182089359168,0.8614913814344825,,,,,,,6,6,0.0
nongauss_skew,nongauss,4,800,2,5,dip-means,5,0.08174633979797363,0.9968691099886755,0.9952518682725183,0.995281596448275,,,,,,,0,0,1.0
nongauss_skew,nongauss,4,800,2,5,ISODATA,5,0.015962839126586914,0.9968691099886755,0.9952518682725183,0.995281596448275,,,,,,,0,0,1.0
nongauss_skew,nongauss,4,800,2,5,MDL split/merge,5,0.022490501403808594,0.9968691099886755,0.9952518682725183,0.995281596448275,,,,,,,0,0,1.0
nongauss_skew,nongauss,4,800,2,5,GMM+BIC,12,0.17662453651428223,0.6239067068569945,0.805448774924506,0.8081980729671779,,,,,,,7,7,0.0
nongauss_skew,nongauss,4,800,2,5,GMM+ICL,5,0.18266892433166504,0.9937481085578733,0.990506147772212,0.990565589332136,,,,,,,0,0,1.0
nongauss_skew,nongauss,4,800,2,5,HDBSCAN,5,0.007711172103881836,0.9968691099886755,0.9952518682725183,0.995281596448275,,,,,,,0,0,1.0
nongauss_skew,nongauss,4,800,2,5,Bisecting+Sil.,5,0.10123872756958008,0.9906173109804156,0.9857579733601333,0.9858471437422217,,,,,,,0,0,1.0
nongauss_skew,nongauss,5,800,2,5,ORACLE k-means(k*),5,0.004429817199707031,1.0,1.0,1.0,,,,,,,0,0,1.0
nongauss_skew,nongauss,5,800,2,5,CDK (proposed),5,3.8591413497924805,1.0,1.0,1.0,5.0,7.0,43.0,18.0,0.5348837209302325,0.005,0,0,1.0
nongauss_skew,nongauss,5,800,2,5,CDK / Gaussian null,8,5.6486756801605225,0.8322132173091267,0.899434528427122,0.9004352806193772,6.0,12.0,43.0,18.0,0.6976744186046512,0.005,3,3,0.0
nongauss_skew,nongauss,5,800,2,5,CDK / AD statistic,8,6.706192970275879,0.8322132173091267,0.899434528427122,0.9004352806193772,7.0,9.0,43.0,18.0,0.627906976744186,0.005,3,3,0.0
nongauss_skew,nongauss,5,800,2,5,CDK / no multiplicity corr.,7,4.423784255981445,0.9004654232326645,0.9342843268614631,0.9348657415465615,5.0,11.0,43.0,18.0,0.6744186046511628,0.005,2,2,0.0
nongauss_skew,nongauss,5,800,2,5,CDK / n_min=15,5,4.010596752166748,1.0,1.0,1.0,5.0,5.0,70.0,30.0,0.2714285714285714,0.12,0,0,1.0
nongauss_skew,nongauss,5,800,2,5,CDK / n_min=40,5,2.830829620361328,1.0,1.0,1.0,5.0,6.0,17.0,7.0,0.8823529411764706,0.005,0,0,1.0
nongauss_skew,nongauss,5,800,2,5,Silhouette,5,0.1620187759399414,1.0,1.0,1.0,,,,,,,0,0,1.0
nongauss_skew,nongauss,5,800,2,5,Calinski-Har.,5,0.09035062789916992,1.0,1.0,1.0,,,,,,,0,0,1.0
nongauss_skew,nongauss,5,800,2,5,Davies-Bouldin,5,0.10355591773986816,1.0,1.0,1.0,,,,,,,0,0,1.0
nongauss_skew,nongauss,5,800,2,5,Elbow (Kneedle),5,0.08488917350769043,1.0,1.0,1.0,,,,,,,0,0,1.0
nongauss_skew,nongauss,5,800,2,5,Jump statistic,5,0.08408045768737793,1.0,1.0,1.0,,,,,,,0,0,1.0
nongauss_skew,nongauss,5,800,2,5,Gap statistic,5,0.42000508308410645,1.0,1.0,1.0,,,,,,,0,0,1.0
nongauss_skew,nongauss,5,800,2,5,X-means,12,0.06335210800170898,0.7011127118813206,0.8274276919925452,0.8299505727913923,,,,,,,7,7,0.0
nongauss_skew,nongauss,5,800,2,5,G-means,9,0.029256582260131836,0.8397253360307644,0.8932505183537843,0.8944673271278777,,,,,,,4,4,0.0
nongauss_skew,nongauss,5,800,2,5,dip-means,5,0.09388279914855957,1.0,1.0,1.0,,,,,,,0,0,1.0
nongauss_skew,nongauss,5,800,2,5,ISODATA,5,0.019556760787963867,1.0,1.0,1.0,,,,,,,0,0,1.0
nongauss_skew,nongauss,5,800,2,5,MDL split/merge,5,0.03307509422302246,1.0,1.0,1.0,,,,,,,0,0,1.0
nongauss_skew,nongauss,5,800,2,5,GMM+BIC,12,0.23800349235534668,0.6197204258404114,0.8052470775325506,0.8080030940404703,,,,,,,7,7,0.0
nongauss_skew,nongauss,5,800,2,5,GMM+ICL,10,0.2744762897491455,0.7184082635890635,0.8465289936178508,0.8483882065714248,,,,,,,5,5,0.0
nongauss_skew,nongauss,5,800,2,5,HDBSCAN,5,0.005459308624267578,1.0,1.0,1.0,,,,,,,0,0,1.0
nongauss_skew,nongauss,5,800,2,5,Bisecting+Sil.,5,0.12624144554138184,0.9815129240640589,0.9799128081234822,0.9800385858165668,,,,,,,0,0,1.0
nongauss_skew,nongauss,6,800,2,5,ORACLE k-means(k*),5,0.004074573516845703,1.0,1.0,1.0,,,,,,,0,0,1.0
nongauss_skew,nongauss,6,800,2,5,CDK (proposed),8,4.237336158752441,0.853449111375226,0.8940424722810157,0.8951161002753193,8.0,8.0,40.0,16.0,0.65,0.005,3,3,0.0
nongauss_skew,nongauss,6,800,2,5,CDK / Gaussian null,7,5.632097482681274,0.89143734848287,0.9188682122778852,0.9195900502032653,6.0,14.0,40.0,16.0,0.725,0.005,2,2,0.0
nongauss_skew,nongauss,6,800,2,5,CDK / AD statistic,7,6.588526248931885,0.89143734848287,0.9188682122778852,0.9195900502032653,7.0,9.0,40.0,16.0,0.65,0.005,2,2,0.0
nongauss_skew,nongauss,6,800,2,5,CDK / no multiplicity corr.,8,3.7626681327819824,0.853449111375226,0.8940424722810157,0.8951161002753193,8.0,10.0,40.0,16.0,0.725,0.005,3,3,0.0
nongauss_skew,nongauss,6,800,2,5,CDK / n_min=15,6,4.536049127578735,0.9279571855725547,0.9429830797567799,0.9434137782952889,6.0,7.0,58.0,23.0,0.5517241379310345,0.01,1,1,0.0
nongauss_skew,nongauss,6,800,2,5,CDK / n_min=40,6,3.4030954837799072,0.9279571855725547,0.9429830797567799,0.9434137782952889,6.0,6.0,25.0,9.0,0.88,0.005,1,1,0.0
nongauss_skew,nongauss,6,800,2,5,Silhouette,5,0.12865328788757324,1.0,1.0,1.0,,,,,,,0,0,1.0
nongauss_skew,nongauss,6,800,2,5,Calinski-Har.,5,0.06976699829101562,1.0,1.0,1.0,,,,,,,0,0,1.0
nongauss_skew,nongauss,6,800,2,5,Davies-Bouldin,5,0.08197498321533203,1.0,1.0,1.0,,,,,,,0,0,1.0
nongauss_skew,nongauss,6,800,2,5,Elbow (Kneedle),5,0.06973147392272949,1.0,1.0,1.0,,,,,,,0,0,1.0
nongauss_skew,nongauss,6,800,2,5,Jump statistic,5,0.06878066062927246,1.0,1.0,1.0,,,,,,,0,0,1.0
nongauss_skew,nongauss,6,800,2,5,Gap statistic,5,0.3197360038757324,1.0,1.0,1.0,,,,,,,0,0,1.0
nongauss_skew,nongauss,6,800,2,5,X-means,10,0.041634559631347656,0.7763140497991864,0.8634702017672249,0.8651619032652111,,,,,,,5,5,0.0
nongauss_skew,nongauss,6,800,2,5,G-means,10,0.02179241180419922,0.807994344881539,0.8729442474317374,0.874540717271622,,,,,,,5,5,0.0
nongauss_skew,nongauss,6,800,2,5,dip-means,5,0.08025240898132324,1.0,1.0,1.0,,,,,,,0,0,1.0
nongauss_skew,nongauss,6,800,2,5,ISODATA,5,0.015918254852294922,1.0,1.0,1.0,,,,,,,0,0,1.0
nongauss_skew,nongauss,6,800,2,5,MDL split/merge,5,0.0256960391998291,1.0,1.0,1.0,,,,,,,0,0,1.0
nongauss_skew,nongauss,6,800,2,5,GMM+BIC,10,0.22716999053955078,0.6613083796811315,0.8322761671078247,0.8342648894272717,,,,,,,5,5,0.0
nongauss_skew,nongauss,6,800,2,5,GMM+ICL,6,0.2707023620605469,0.9374265799984337,0.9595572472744804,0.9598618726441062,,,,,,,1,1,0.0
nongauss_skew,nongauss,6,800,2,5,HDBSCAN,5,0.0048787593841552734,1.0,1.0,1.0,,,,,,,0,0,1.0
nongauss_skew,nongauss,6,800,2,5,Bisecting+Sil.,5,0.12484550476074219,0.9844846058764114,0.9799328793403028,0.980058525922254,,,,,,,0,0,1.0
nongauss_skew,nongauss,7,800,2,5,ORACLE k-means(k*),5,0.005570888519287109,0.9968691099886755,0.9952518682725184,0.9952815964482751,,,,,,,0,0,1.0
nongauss_skew,nongauss,7,800,2,5,CDK (proposed),6,3.755345344543457,0.9662011947790693,0.9735743414139435,0.973777547511054,6.0,7.0,38.0,16.0,0.6052631578947368,0.005,1,1,0.0
nongauss_skew,nongauss,7,800,2,5,CDK / Gaussian null,7,4.578514814376831,0.9165693884519013,0.9415979061398103,0.9421205458801114,6.0,11.0,38.0,16.0,0.6578947368421053,0.005,2,2,0.0
nongauss_skew,nongauss,7,800,2,5,CDK / AD statistic,6,5.3816680908203125,0.9662011947790693,0.9735743414139435,0.973777547511054,6.0,7.0,38.0,16.0,0.631578947368421,0.005,1,1,0.0
nongauss_skew,nongauss,7,800,2,5,CDK / no multiplicity corr.,6,4.273651599884033,0.9662011947790693,0.9735743414139435,0.973777547511054,6.0,11.0,38.0,16.0,0.6578947368421053,0.005,1,1,0.0
nongauss_skew,nongauss,7,800,2,5,CDK / n_min=15,6,4.821810245513916,0.9662011947790693,0.9735743414139435,0.973777547511054,5.0,7.0,56.0,24.0,0.4107142857142857,0.045,1,1,0.0
nongauss_skew,nongauss,7,800,2,5,CDK / n_min=40,5,2.8083224296569824,1.0,1.0,1.0,5.0,5.0,10.0,5.0,1.0,0.005,0,0,1.0
nongauss_skew,nongauss,7,800,2,5,Silhouette,5,0.19672870635986328,0.9968691099886755,0.9952518682725184,0.9952815964482751,,,,,,,0,0,1.0
nongauss_skew,nongauss,7,800,2,5,Calinski-Har.,5,0.12582731246948242,0.9968691099886755,0.9952518682725184,0.9952815964482751,,,,,,,0,0,1.0
nongauss_skew,nongauss,7,800,2,5,Davies-Bouldin,5,0.11790108680725098,0.9968691099886755,0.9952518682725184,0.9952815964482751,,,,,,,0,0,1.0
nongauss_skew,nongauss,7,800,2,5,Elbow (Kneedle),5,0.10752344131469727,0.9968691099886755,0.9952518682725184,0.9952815964482751,,,,,,,0,0,1.0
nongauss_skew,nongauss,7,800,2,5,Jump statistic,5,0.10669755935668945,0.9968691099886755,0.9952518682725184,0.9952815964482751,,,,,,,0,0,1.0
nongauss_skew,nongauss,7,800,2,5,Gap statistic,5,0.5042970180511475,0.9968691099886755,0.9952518682725184,0.9952815964482751,,,,,,,0,0,1.0
nongauss_skew,nongauss,7,800,2,5,X-means,9,0.08088421821594238,0.8473398339815137,0.8992237611372815,0.9003925104445313,,,,,,,4,4,0.0
nongauss_skew,nongauss,7,800,2,5,G-means,11,0.0341489315032959,0.7467960159984521,0.8486919379704188,0.8507702921036457,,,,,,,6,6,0.0
nongauss_skew,nongauss,7,800,2,5,dip-means,5,0.11255025863647461,0.9968691099886755,0.9952518682725184,0.9952815964482751,,,,,,,0,0,1.0
nongauss_skew,nongauss,7,800,2,5,ISODATA,5,0.028890132904052734,0.9968691099886755,0.9952518682725184,0.9952815964482751,,,,,,,0,0,1.0
nongauss_skew,nongauss,7,800,2,5,MDL split/merge,5,0.032672882080078125,0.9968691099886755,0.9952518682725184,0.9952815964482751,,,,,,,0,0,1.0
nongauss_skew,nongauss,7,800,2,5,GMM+BIC,12,0.29033923149108887,0.6258681860974395,0.808928897431181,0.8116582829875343,,,,,,,7,7,0.0
nongauss_skew,nongauss,7,800,2,5,GMM+ICL,8,0.2594728469848633,0.8518903780387025,0.9042095506750919,0.9051756786688179,,,,,,,3,3,0.0
nongauss_skew,nongauss,7,800,2,5,HDBSCAN,5,0.005028247833251953,0.9968691099886755,0.9952518682725183,0.995281596448275,,,,,,,0,0,1.0
nongauss_skew,nongauss,7,800,2,5,Bisecting+Sil.,5,0.13107872009277344,1.0,1.0,1.0,,,,,,,0,0,1.0
nongauss_skew,nongauss,8,800,2,5,ORACLE k-means(k*),5,0.0049610137939453125,0.9968691099886755,0.9952518682725183,0.995281596448275,,,,,,,0,0,1.0
nongauss_skew,nongauss,8,800,2,5,CDK (proposed),7,3.4014110565185547,0.8393624132020464,0.888097975401005,0.8890790658735122,6.0,9.0,27.0,11.0,0.7777777777777778,0.005,2,2,0.0
nongauss_skew,nongauss,8,800,2,5,CDK / Gaussian null,6,4.546234607696533,0.9022152105107945,0.9223065256146543,0.9228945025267156,6.0,9.0,27.0,11.0,0.7777777777777778,0.005,1,1,0.0
nongauss_skew,nongauss,8,800,2,5,CDK / AD statistic,5,4.971127271652222,0.9548751829339958,0.9576479290471979,0.9579132296884477,5.0,7.0,27.0,11.0,0.7407407407407407,0.005,0,0,1.0
nongauss_skew,nongauss,8,800,2,5,CDK / no multiplicity corr.,9,3.658468246459961,0.8087463400735522,0.8573494251277387,0.8589781453982362,7.0,9.0,27.0,11.0,0.9259259259259259,0.005,4,4,0.0
nongauss_skew,nongauss,8,800,2,5,CDK / n_min=15,7,4.865100622177124,0.8712520985675095,0.9026920619110829,0.9035662994094975,6.0,9.0,52.0,20.0,0.5961538461538461,0.005,2,2,0.0
nongauss_skew,nongauss,8,800,2,5,CDK / n_min=40,5,2.4736430644989014,0.9548751829339958,0.9576479290471979,0.9579132296884477,5.0,5.0,13.0,6.0,0.9230769230769231,0.005,0,0,1.0
nongauss_skew,nongauss,8,800,2,5,Silhouette,5,0.13769841194152832,0.9968691099886755,0.9952518682725183,0.995281596448275,,,,,,,0,0,1.0
nongauss_skew,nongauss,8,800,2,5,Calinski-Har.,5,0.08065557479858398,0.9968691099886755,0.9952518682725183,0.995281596448275,,,,,,,0,0,1.0
nongauss_skew,nongauss,8,800,2,5,Davies-Bouldin,5,0.08398103713989258,0.9968691099886755,0.9952518682725183,0.995281596448275,,,,,,,0,0,1.0
nongauss_skew,nongauss,8,800,2,5,Elbow (Kneedle),5,0.07227230072021484,0.9968691099886755,0.9952518682725183,0.995281596448275,,,,,,,0,0,1.0
nongauss_skew,nongauss,8,800,2,5,Jump statistic,5,0.07704401016235352,0.9968691099886755,0.9952518682725183,0.995281596448275,,,,,,,0,0,1.0
nongauss_skew,nongauss,8,800,2,5,Gap statistic,5,0.329714298248291,0.9968691099886755,0.9952518682725183,0.995281596448275,,,,,,,0,0,1.0
nongauss_skew,nongauss,8,800,2,5,X-means,12,0.02693653106689453,0.7359735574890246,0.8359503146008558,0.8384080084884631,,,,,,,7,7,0.0
nongauss_skew,nongauss,8,800,2,5,G-means,11,0.024347543716430664,0.8234624773709627,0.880597033978062,0.8822547791361522,,,,,,,6,6,0.0
nongauss_skew,nongauss,8,800,2,5,dip-means,5,0.08353686332702637,0.9968691099886755,0.9952518682725183,0.995281596448275,,,,,,,0,0,1.0
nongauss_skew,nongauss,8,800,2,5,ISODATA,5,0.01588749885559082,0.9968691099886755,0.9952518682725183,0.995281596448275,,,,,,,0,0,1.0
nongauss_skew,nongauss,8,800,2,5,MDL split/merge,5,0.02298569679260254,0.9968691099886755,0.9952518682725183,0.995281596448275,,,,,,,0,0,1.0
nongauss_skew,nongauss,8,800,2,5,GMM+BIC,12,0.22417354583740234,0.6297950669357488,0.8056151001525838,0.8083837204017277,,,,,,,7,7,0.0
nongauss_skew,nongauss,8,800,2,5,GMM+ICL,7,0.21819400787353516,0.8789571793121117,0.922474238166971,0.9231531861313815,,,,,,,2,2,0.0
nongauss_skew,nongauss,8,800,2,5,HDBSCAN,5,0.0043604373931884766,0.9968691099886755,0.9952518682725183,0.995281596448275,,,,,,,0,0,1.0
nongauss_skew,nongauss,8,800,2,5,Bisecting+Sil.,5,0.09879255294799805,0.9520306181164877,0.9557704007094816,0.9560474831466473,,,,,,,0,0,1.0
nongauss_skew,nongauss,9,800,2,5,ORACLE k-means(k*),5,0.0064661502838134766,0.9968691099886755,0.9952518682725183,0.995281596448275,,,,,,,0,0,1.0
nongauss_skew,nongauss,9,800,2,5,CDK (proposed),5,4.249634742736816,0.9580022035212857,0.9623984304315856,0.962633972514048,5.0,7.0,38.0,17.0,0.5789473684210527,0.005,0,0,1.0
nongauss_skew,nongauss,9,800,2,5,CDK / Gaussian null,6,5.628142356872559,0.9058869192897809,0.9284795831098163,0.9290222749056336,6.0,11.0,38.0,17.0,0.631578947368421,0.005,1,1,0.0
nongauss_skew,nongauss,9,800,2,5,CDK / AD statistic,7,6.493138551712036,0.8643702056691546,0.9025045827451731,0.9033723607364907,7.0,10.0,38.0,17.0,0.5789473684210527,0.005,2,2,0.0
nongauss_skew,nongauss,9,800,2,5,CDK / no multiplicity corr.,6,4.161821126937866,0.9189416945653325,0.934621094131806,0.9351219556834038,5.0,9.0,38.0,17.0,0.6578947368421053,0.005,1,1,0.0
nongauss_skew,nongauss,9,800,2,5,CDK / n_min=15,6,4.552142858505249,0.9189416945653325,0.9346210941318059,0.9351219556834037,5.0,6.0,56.0,24.0,0.39285714285714285,0.035,1,1,0.0
nongauss_skew,nongauss,9,800,2,5,CDK / n_min=40,6,2.9445888996124268,0.9058869192897809,0.9284795831098163,0.9290222749056336,6.0,6.0,16.0,7.0,0.9375,0.005,1,1,0.0
nongauss_skew,nongauss,9,800,2,5,Silhouette,5,0.15263748168945312,0.9968691099886755,0.9952518682725183,0.995281596448275,,,,,,,0,0,1.0
nongauss_skew,nongauss,9,800,2,5,Calinski-Har.,5,0.08190131187438965,0.9968691099886755,0.9952518682725183,0.995281596448275,,,,,,,0,0,1.0
nongauss_skew,nongauss,9,800,2,5,Davies-Bouldin,5,0.09646487236022949,0.9968691099886755,0.9952518682725183,0.995281596448275,,,,,,,0,0,1.0
nongauss_skew,nongauss,9,800,2,5,Elbow (Kneedle),5,0.08456039428710938,0.9968691099886755,0.9952518682725183,0.995281596448275,,,,,,,0,0,1.0
nongauss_skew,nongauss,9,800,2,5,Jump statistic,5,0.08312463760375977,0.9968691099886755,0.9952518682725183,0.995281596448275,,,,,,,0,0,1.0
nongauss_skew,nongauss,9,800,2,5,Gap statistic,5,0.4158346652984619,0.9968691099886755,0.9952518682725183,0.995281596448275,,,,,,,0,0,1.0
nongauss_skew,nongauss,9,800,2,5,X-means,12,0.042044878005981445,0.7091959341269148,0.8304489627673856,0.832944878034621,,,,,,,7,7,0.0
nongauss_skew,nongauss,9,800,2,5,G-means,11,0.026233434677124023,0.777882974558434,0.8540592688501437,0.8560946664074947,,,,,,,6,6,0.0
nongauss_skew,nongauss,9,800,2,5,dip-means,5,0.09470462799072266,0.9968691099886755,0.9952518682725183,0.995281596448275,,,,,,,0,0,1.0
nongauss_skew,nongauss,9,800,2,5,ISODATA,5,0.0192873477935791,0.9968691099886755,0.9952518682725183,0.995281596448275,,,,,,,0,0,1.0
nongauss_skew,nongauss,9,800,2,5,MDL split/merge,5,0.031497955322265625,0.9968691099886755,0.9952518682725183,0.995281596448275,,,,,,,0,0,1.0
nongauss_skew,nongauss,9,800,2,5,GMM+BIC,12,0.24185514450073242,0.6179252765637492,0.803768475069096,0.806533423338968,,,,,,,7,7,0.0
nongauss_skew,nongauss,9,800,2,5,GMM+ICL,9,0.25823140144348145,0.7870687766367228,0.8748941472449463,0.8762836440834709,,,,,,,4,4,0.0
nongauss_skew,nongauss,9,800,2,5,HDBSCAN,5,0.005574941635131836,1.0,1.0,1.0,,,,,,,0,0,1.0
nongauss_skew,nongauss,9,800,2,5,Bisecting+Sil.,5,0.1288607120513916,0.9664733550051191,0.9632685344933754,0.9634985710418966,,,,,,,0,0,1.0
nongauss_t3_d10,nongauss,0,800,10,5,ORACLE k-means(k*),5,0.004540681838989258,0.9968691099886755,0.9952518682725184,0.9952815964482751,,,,,,,0,0,1.0
nongauss_t3_d10,nongauss,0,800,10,5,CDK (proposed),6,4.900983095169067,0.9332670899453707,0.9544953002234864,0.9548378306579981,6.0,6.0,33.0,13.0,0.696969696969697,0.005,1,1,0.0
nongauss_t3_d10,nongauss,0,800,10,5,CDK / Gaussian null,5,5.187374830245972,0.9968691099886755,0.9952518682725184,0.9952815964482751,5.0,5.0,33.0,13.0,0.6363636363636364,0.005,0,0,1.0
nongauss_t3_d10,nongauss,0,800,10,5,CDK / AD statistic,6,5.71942663192749,0.9332670899453707,0.9544953002234864,0.9548378306579981,6.0,6.0,33.0,13.0,0.6363636363636364,0.005,1,1,0.0
nongauss_t3_d10,nongauss,0,800,10,5,CDK / no multiplicity corr.,6,3.974116802215576,0.9332670899453707,0.9544953002234864,0.9548378306579981,6.0,6.0,33.0,13.0,0.696969696969697,0.005,1,1,0.0
nongauss_t3_d10,nongauss,0,800,10,5,CDK / n_min=15,5,3.5044186115264893,0.9968691099886755,0.9952518682725184,0.9952815964482751,5.0,5.0,42.0,16.0,0.5,0.2525,0,0,1.0
nongauss_t3_d10,nongauss,0,800,10,5,CDK / n_min=40,5,3.931051731109619,0.9968691099886755,0.9952518682725184,0.9952815964482751,5.0,5.0,27.0,10.0,0.7777777777777778,0.005,0,0,1.0
nongauss_t3_d10,nongauss,0,800,10,5,Silhouette,6,0.17971491813659668,0.9984379856857712,0.9976297990323965,0.9976475645045876,,,,,,,1,1,0.0
nongauss_t3_d10,nongauss,0,800,10,5,Calinski-Har.,5,0.11143374443054199,0.9968691099886755,0.9952518682725184,0.9952815964482751,,,,,,,0,0,1.0
nongauss_t3_d10,nongauss,0,800,10,5,Davies-Bouldin,6,0.14862513542175293,0.9984379856857712,0.9976297990323965,0.9976475645045876,,,,,,,1,1,0.0
nongauss_t3_d10,nongauss,0,800,10,5,Elbow (Kneedle),5,0.11828160285949707,0.9968691099886755,0.9952518682725184,0.9952815964482751,,,,,,,0,0,1.0
nongauss_t3_d10,nongauss,0,800,10,5,Jump statistic,5,0.1180872917175293,0.9968691099886755,0.9952518682725184,0.9952815964482751,,,,,,,0,0,1.0
nongauss_t3_d10,nongauss,0,800,10,5,Gap statistic,5,0.5728223323822021,0.9968691099886755,0.9952518682725184,0.9952815964482751,,,,,,,0,0,1.0
nongauss_t3_d10,nongauss,0,800,10,5,X-means,5,0.0371861457824707,0.9968691099886755,0.9952518682725184,0.9952815964482751,,,,,,,0,0,1.0
nongauss_t3_d10,nongauss,0,800,10,5,G-means,9,0.04503607749938965,0.9207272419702704,0.9377145861034507,0.9384647566687948,,,,,,,4,4,0.0
nongauss_t3_d10,nongauss,0,800,10,5,dip-means,5,0.10755777359008789,0.9968691099886755,0.9952518682725184,0.9952815964482751,,,,,,,0,0,1.0
nongauss_t3_d10,nongauss,0,800,10,5,ISODATA,7,0.02412557601928711,0.8630595269781552,0.9163649860173799,0.9170912559359808,,,,,,,2,2,0.0
nongauss_t3_d10,nongauss,0,800,10,5,MDL split/merge,5,0.03480815887451172,0.9968691099886755,0.9952518682725184,0.9952815964482751,,,,,,,0,0,1.0
nongauss_t3_d10,nongauss,0,800,10,5,GMM+BIC,5,0.4350137710571289,1.0,1.0,1.0,,,,,,,0,0,1.0
nongauss_t3_d10,nongauss,0,800,10,5,GMM+ICL,5,0.4409191608428955,1.0,1.0,1.0,,,,,,,0,0,1.0
nongauss_t3_d10,nongauss,0,800,10,5,HDBSCAN,5,0.008303642272949219,0.9968691099886755,0.9952518682725184,0.9952815964482751,,,,,,,0,0,1.0
nongauss_t3_d10,nongauss,0,800,10,5,Bisecting+Sil.,5,0.12707066535949707,0.9968691099886755,0.9952518682725184,0.9952815964482751,,,,,,,0,0,1.0
nongauss_t3_d10,nongauss,1,800,10,5,ORACLE k-means(k*),5,0.0061206817626953125,0.9937481085578733,0.990506147772212,0.990565589332136,,,,,,,0,0,1.0
nongauss_t3_d10,nongauss,1,800,10,5,CDK (proposed),6,4.76741886138916,0.9262101467586455,0.945193821292715,0.9456059964152171,6.0,6.0,39.0,15.0,0.6666666666666666,0.005,1,1,0.0
nongauss_t3_d10,nongauss,1,800,10,5,CDK / Gaussian null,5,4.467344284057617,0.9906370506764907,0.9857628188647093,0.9858519593711438,5.0,5.0,39.0,15.0,0.5897435897435898,0.005,0,0,1.0
nongauss_t3_d10,nongauss,1,800,10,5,CDK / AD statistic,6,6.938036203384399,0.9262101467586455,0.945193821292715,0.9456059964152171,6.0,6.0,39.0,15.0,0.6666666666666666,0.005,1,1,0.0
nongauss_t3_d10,nongauss,1,800,10,5,CDK / no multiplicity corr.,6,4.200319051742554,0.9262101467586455,0.945193821292715,0.9456059964152171,6.0,6.0,39.0,15.0,0.6666666666666666,0.005,1,1,0.0
nongauss_t3_d10,nongauss,1,800,10,5,CDK / n_min=15,5,3.6747148036956787,0.9906370506764907,0.9857628188647093,0.9858519593711438,5.0,5.0,37.0,15.0,0.5675675675675675,0.005,0,0,1.0
nongauss_t3_d10,nongauss,1,800,10,5,CDK / n_min=40,5,5.011101245880127,0.9906370506764907,0.9857628188647093,0.9858519593711438,5.0,5.0,33.0,12.0,0.7575757575757576,0.005,0,0,1.0
nongauss_t3_d10,nongauss,1,800,10,5,Silhouette,5,0.17314791679382324,0.9937481085578733,0.990506147772212,0.990565589332136,,,,,,,0,0,1.0
nongauss_t3_d10,nongauss,1,800,10,5,Calinski-Har.,5,0.10500931739807129,0.9937481085578733,0.990506147772212,0.990565589332136,,,,,,,0,0,1.0
nongauss_t3_d10,nongauss,1,800,10,5,Davies-Bouldin,5,0.12970709800720215,0.9937481085578733,0.990506147772212,0.990565589332136,,,,,,,0,0,1.0
nongauss_t3_d10,nongauss,1,800,10,5,Elbow (Kneedle),5,0.11230611801147461,0.9937481085578733,0.990506147772212,0.990565589332136,,,,,,,0,0,1.0
nongauss_t3_d10,nongauss,1,800,10,5,Jump statistic,5,0.11037111282348633,0.9937481085578733,0.990506147772212,0.990565589332136,,,,,,,0,0,1.0
nongauss_t3_d10,nongauss,1,800,10,5,Gap statistic,5,0.5350923538208008,0.9937481085578733,0.990506147772212,0.990565589332136,,,,,,,0,0,1.0
nongauss_t3_d10,nongauss,1,800,10,5,X-means,7,0.05162382125854492,0.9257357533036981,0.9457484941566197,0.9462401706203049,,,,,,,2,2,0.0
nongauss_t3_d10,nongauss,1,800,10,5,G-means,7,0.03479599952697754,0.9532482120988645,0.9577691120542481,0.958168210144646,,,,,,,2,2,0.0
nongauss_t3_d10,nongauss,1,800,10,5,dip-means,5,0.0978233814239502,0.9937481085578733,0.990506147772212,0.990565589332136,,,,,,,0,0,1.0
nongauss_t3_d10,nongauss,1,800,10,5,ISODATA,6,0.023559093475341797,0.9290819992812556,0.9496453944145419,0.9500243043634823,,,,,,,1,1,0.0
nongauss_t3_d10,nongauss,1,800,10,5,MDL split/merge,5,0.03358173370361328,0.9937481085578733,0.990506147772212,0.990565589332136,,,,,,,0,0,1.0
nongauss_t3_d10,nongauss,1,800,10,5,GMM+BIC,5,0.4313468933105469,0.9937481085578733,0.990506147772212,0.990565589332136,,,,,,,0,0,1.0
nongauss_t3_d10,nongauss,1,800,10,5,GMM+ICL,5,0.4371674060821533,0.9937481085578733,0.990506147772212,0.990565589332136,,,,,,,0,0,1.0
nongauss_t3_d10,nongauss,1,800,10,5,HDBSCAN,5,0.008748054504394531,0.9937481085578733,0.990506147772212,0.990565589332136,,,,,,,0,0,1.0
nongauss_t3_d10,nongauss,1,800,10,5,Bisecting+Sil.,5,0.1302812099456787,0.9906370506764907,0.9857628188647093,0.9858519593711438,,,,,,,0,0,1.0
nongauss_t3_d10,nongauss,2,800,10,5,ORACLE k-means(k*),5,0.005888938903808594,0.9968691099886755,0.9952518682725183,0.995281596448275,,,,,,,0,0,1.0
nongauss_t3_d10,nongauss,2,800,10,5,CDK (proposed),5,4.891740322113037,1.0,1.0,1.0,5.0,5.0,21.0,8.0,0.8095238095238095,0.005,0,0,1.0
nongauss_t3_d10,nongauss,2,800,10,5,CDK / Gaussian null,5,5.143280267715454,1.0,1.0,1.0,5.0,5.0,21.0,8.0,0.8095238095238095,0.005,0,0,1.0
nongauss_t3_d10,nongauss,2,800,10,5,CDK / AD statistic,5,4.933636903762817,1.0,1.0,1.0,5.0,5.0,21.0,8.0,0.8095238095238095,0.005,0,0,1.0
nongauss_t3_d10,nongauss,2,800,10,5,CDK / no multiplicity corr.,5,4.6902337074279785,1.0,1.0,1.0,5.0,5.0,21.0,8.0,0.8095238095238095,0.005,0,0,1.0
nongauss_t3_d10,nongauss,2,800,10,5,CDK / n_min=15,4,3.9936347007751465,0.7817536192297186,0.9052596043033222,0.9057460992755191,4.0,4.0,28.0,10.0,0.5714285714285714,0.005,1,-1,0.0
nongauss_t3_d10,nongauss,2,800,10,5,CDK / n_min=40,5,4.168118715286255,1.0,1.0,1.0,5.0,5.0,18.0,7.0,0.8888888888888888,0.005,0,0,1.0
nongauss_t3_d10,nongauss,2,800,10,5,Silhouette,7,0.15789079666137695,0.9968730309683429,0.9952648621418346,0.9953061709392669,,,,,,,2,2,0.0
nongauss_t3_d10,nongauss,2,800,10,5,Calinski-Har.,6,0.09849834442138672,0.9984379856857712,0.9976297990323965,0.9976475645045876,,,,,,,1,1,0.0
nongauss_t3_d10,nongauss,2,800,10,5,Davies-Bouldin,7,0.10160040855407715,0.9968730309683429,0.9952648621418346,0.9953061709392669,,,,,,,2,2,0.0
nongauss_t3_d10,nongauss,2,800,10,5,Elbow (Kneedle),5,0.09459209442138672,0.9968691099886755,0.9952518682725183,0.995281596448275,,,,,,,0,0,1.0
nongauss_t3_d10,nongauss,2,800,10,5,Jump statistic,6,0.09454584121704102,0.9984379856857712,0.9976297990323965,0.9976475645045876,,,,,,,1,1,0.0
nongauss_t3_d10,nongauss,2,800,10,5,Gap statistic,6,0.42603564262390137,0.9984379856857712,0.9976297990323965,0.9976475645045876,,,,,,,1,1,0.0
nongauss_t3_d10,nongauss,2,800,10,5,X-means,6,0.030666351318359375,0.9984379856857712,0.9976297990323965,0.9976475645045876,,,,,,,1,1,0.0
nongauss_t3_d10,nongauss,2,800,10,5,G-means,8,0.04279589653015137,0.9178458533711795,0.9379947235270469,0.938619217481121,,,,,,,3,3,0.0
nongauss_t3_d10,nongauss,2,800,10,5,dip-means,5,0.0845644474029541,0.9968691099886755,0.9952518682725183,0.995281596448275,,,,,,,0,0,1.0
nongauss_t3_d10,nongauss,2,800,10,5,ISODATA,6,0.02016139030456543,0.9984379856857712,0.9976297990323965,0.9976475645045876,,,,,,,1,1,0.0
nongauss_t3_d10,nongauss,2,800,10,5,MDL split/merge,6,0.03473472595214844,0.9984379856857712,0.9976297990323965,0.9976475645045876,,,,,,,1,1,0.0
nongauss_t3_d10,nongauss,2,800,10,5,GMM+BIC,6,0.2759213447570801,0.9984379856857712,0.9976297990323965,0.9976475645045876,,,,,,,1,1,0.0
nongauss_t3_d10,nongauss,2,800,10,5,GMM+ICL,6,0.2792181968688965,0.9984379856857712,0.9976297990323965,0.9976475645045876,,,,,,,1,1,0.0
nongauss_t3_d10,nongauss,2,800,10,5,HDBSCAN,5,0.007697582244873047,0.9968691099886755,0.9952518682725183,0.995281596448275,,,,,,,0,0,1.0
nongauss_t3_d10,nongauss,2,800,10,5,Bisecting+Sil.,6,0.11701107025146484,0.9984379856857712,0.9976297990323965,0.9976475645045876,,,,,,,1,1,0.0
nongauss_t3_d10,nongauss,3,800,10,5,ORACLE k-means(k*),5,0.006584644317626953,0.9937284793853706,0.9905012630412952,0.9905607351826979,,,,,,,0,0,1.0
nongauss_t3_d10,nongauss,3,800,10,5,CDK (proposed),5,4.419349431991577,0.9875259556813485,0.9820980915364135,0.9822101775754624,5.0,5.0,27.0,11.0,0.7037037037037037,0.005,0,0,1.0
nongauss_t3_d10,nongauss,3,800,10,5,CDK / Gaussian null,5,4.71345329284668,0.9875259556813485,0.9820980915364135,0.9822101775754624,5.0,5.0,27.0,11.0,0.7037037037037037,0.005,0,0,1.0
nongauss_t3_d10,nongauss,3,800,10,5,CDK / AD statistic,6,6.389114856719971,0.9466637276372153,0.952397035223843,0.9527605990802794,6.0,6.0,27.0,11.0,0.7777777777777778,0.005,1,1,0.0
nongauss_t3_d10,nongauss,3,800,10,5,CDK / no multiplicity corr.,5,4.327270030975342,0.9875259556813485,0.9820980915364135,0.9822101775754624,5.0,5.0,27.0,11.0,0.7037037037037037,0.005,0,0,1.0
nongauss_t3_d10,nongauss,3,800,10,5,CDK / n_min=15,6,4.126186370849609,0.9311397120422007,0.9452037908108014,0.9456176256555177,6.0,6.0,37.0,14.0,0.6486486486486487,0.005,1,1,0.0
nongauss_t3_d10,nongauss,3,800,10,5,CDK / n_min=40,5,4.174296617507935,0.9875259556813485,0.9820980915364135,0.9822101775754624,5.0,5.0,17.0,7.0,0.8823529411764706,0.005,0,0,1.0
nongauss_t3_d10,nongauss,3,800,10,5,Silhouette,6,0.16046547889709473,0.9953041608394196,0.9928869400556862,0.992940255023545,,,,,,,1,1,0.0
nongauss_t3_d10,nongauss,3,800,10,5,Calinski-Har.,5,0.09568142890930176,0.9937284793853706,0.9905012630412952,0.9905607351826979,,,,,,,0,0,1.0
nongauss_t3_d10,nongauss,3,800,10,5,Davies-Bouldin,6,0.10953021049499512,0.9953041608394196,0.9928869400556862,0.992940255023545,,,,,,,1,1,0.0
nongauss_t3_d10,nongauss,3,800,10,5,Elbow (Kneedle),5,0.09403347969055176,0.9937284793853706,0.9905012630412952,0.9905607351826979,,,,,,,0,0,1.0
nongauss_t3_d10,nongauss,3,800,10,5,Jump statistic,5,0.09535932540893555,0.9937284793853706,0.9905012630412952,0.9905607351826979,,,,,,,0,0,1.0
nongauss_t3_d10,nongauss,3,800,10,5,Gap statistic,5,0.48102259635925293,0.9937284793853706,0.9905012630412952,0.9905607351826979,,,,,,,0,0,1.0
nongauss_t3_d10,nongauss,3,800,10,5,X-means,7,0.03613448143005371,0.9348359791107833,0.9506259914919767,0.9510575661375391,,,,,,,2,2,0.0
nongauss_t3_d10,nongauss,3,800,10,5,G-means,9,0.029380083084106445,0.9286697113581022,0.9447315123425387,0.9453745461555708,,,,,,,4,4,0.0
nongauss_t3_d10,nongauss,3,800,10,5,dip-means,5,0.08701491355895996,0.9937284793853706,0.9905012630412952,0.9905607351826979,,,,,,,0,0,1.0
nongauss_t3_d10,nongauss,3,800,10,5,ISODATA,7,0.020825624465942383,0.8638029606918616,0.9134678182364476,0.9142202608497585,,,,,,,2,2,0.0
nongauss_t3_d10,nongauss,3,800,10,5,MDL split/merge,7,0.6665513515472412,0.8638029606918616,0.9134678182364476,0.9142202608497585,,,,,,,2,2,0.0
nongauss_t3_d10,nongauss,3,800,10,5,GMM+BIC,5,0.25217103958129883,0.9937284793853706,0.9905012630412952,0.9905607351826979,,,,,,,0,0,1.0
nongauss_t3_d10,nongauss,3,800,10,5,GMM+ICL,5,0.2801835536956787,0.9937284793853706,0.9905012630412952,0.9905607351826979,,,,,,,0,0,1.0
nongauss_t3_d10,nongauss,3,800,10,5,HDBSCAN,5,0.007469892501831055,0.9937284793853706,0.9905012630412952,0.9905607351826979,,,,,,,0,0,1.0
nongauss_t3_d10,nongauss,3,800,10,5,Bisecting+Sil.,5,0.1090245246887207,0.9937284793853706,0.9905012630412952,0.9905607351826979,,,,,,,0,0,1.0
nongauss_t3_d10,nongauss,4,800,10,5,ORACLE k-means(k*),5,0.006654977798461914,1.0,1.0,1.0,,,,,,,0,0,1.0
nongauss_t3_d10,nongauss,4,800,10,5,CDK (proposed),5,4.149197340011597,1.0,1.0,1.0,5.0,6.0,38.0,14.0,0.5526315789473685,0.005,0,0,1.0
nongauss_t3_d10,nongauss,4,800,10,5,CDK / Gaussian null,5,4.714734315872192,1.0,1.0,1.0,5.0,5.0,38.0,14.0,0.5789473684210527,0.005,0,0,1.0
nongauss_t3_d10,nongauss,4,800,10,5,CDK / AD statistic,5,5.721214294433594,1.0,1.0,1.0,5.0,6.0,38.0,14.0,0.5789473684210527,0.005,0,0,1.0
nongauss_t3_d10,nongauss,4,800,10,5,CDK / no multiplicity corr.,6,4.000689268112183,0.9353951098555107,0.9586858381693764,0.9589966883245079,5.0,6.0,38.0,14.0,0.5789473684210527,0.005,1,1,0.0
nongauss_t3_d10,nongauss,4,800,10,5,CDK / n_min=15,5,3.8780930042266846,1.0,1.0,1.0,5.0,5.0,39.0,15.0,0.5128205128205128,0.005,0,0,1.0
nongauss_t3_d10,nongauss,4,800,10,5,CDK / n_min=40,6,4.859255075454712,0.9353951098555107,0.9586858381693764,0.9589966883245079,6.0,6.0,21.0,8.0,0.9047619047619048,0.005,1,1,0.0
nongauss_t3_d10,nongauss,4,800,10,5,Silhouette,5,0.18456721305847168,1.0,1.0,1.0,,,,,,,0,0,1.0
nongauss_t3_d10,nongauss,4,800,10,5,Calinski-Har.,5,0.1187586784362793,1.0,1.0,1.0,,,,,,,0,0,1.0
nongauss_t3_d10,nongauss,4,800,10,5,Davies-Bouldin,5,0.12453007698059082,1.0,1.0,1.0,,,,,,,0,0,1.0
nongauss_t3_d10,nongauss,4,800,10,5,Elbow (Kneedle),5,0.11503791809082031,1.0,1.0,1.0,,,,,,,0,0,1.0
nongauss_t3_d10,nongauss,4,800,10,5,Jump statistic,5,0.11833024024963379,1.0,1.0,1.0,,,,,,,0,0,1.0
nongauss_t3_d10,nongauss,4,800,10,5,Gap statistic,5,0.5228626728057861,1.0,1.0,1.0,,,,,,,0,0,1.0
nongauss_t3_d10,nongauss,4,800,10,5,X-means,6,0.029889822006225586,0.9347274899409335,0.9584021701717691,0.9587150443484853,,,,,,,1,1,0.0
nongauss_t3_d10,nongauss,4,800,10,5,G-means,8,0.051688194274902344,0.9298797495786271,0.9485174681767026,0.9490544340390478,,,,,,,3,3,0.0
nongauss_t3_d10,nongauss,4,800,10,5,dip-means,5,0.09226465225219727,1.0,1.0,1.0,,,,,,,0,0,1.0
nongauss_t3_d10,nongauss,4,800,10,5,ISODATA,7,0.022762298583984375,0.865033930777214,0.9203419710382881,0.9210338417245513,,,,,,,2,2,0.0
nongauss_t3_d10,nongauss,4,800,10,5,MDL split/merge,5,0.03116440773010254,1.0,1.0,1.0,,,,,,,0,0,1.0
nongauss_t3_d10,nongauss,4,800,10,5,GMM+BIC,5,0.42093968391418457,1.0,1.0,1.0,,,,,,,0,0,1.0
nongauss_t3_d10,nongauss,4,800,10,5,GMM+ICL,5,0.4107089042663574,1.0,1.0,1.0,,,,,,,0,0,1.0
nongauss_t3_d10,nongauss,4,800,10,5,HDBSCAN,5,0.009361982345581055,1.0,1.0,1.0,,,,,,,0,0,1.0
nongauss_t3_d10,nongauss,4,800,10,5,Bisecting+Sil.,5,0.13233304023742676,1.0,1.0,1.0,,,,,,,0,0,1.0
nongauss_t3_d10,nongauss,6,800,10,5,ORACLE k-means(k*),5,0.0054149627685546875,0.9968691099886755,0.9952518682725183,0.995281596448275,,,,,,,0,0,1.0
nongauss_t3_d10,nongauss,6,800,10,5,CDK (proposed),5,4.909870386123657,0.9968691099886755,0.9952518682725183,0.995281596448275,5.0,5.0,19.0,8.0,0.7894736842105263,0.005,0,0,1.0
nongauss_t3_d10,nongauss,6,800,10,5,CDK / Gaussian null,5,5.119628429412842,0.9968691099886755,0.9952518682725183,0.995281596448275,5.0,5.0,19.0,8.0,0.7894736842105263,0.005,0,0,1.0
nongauss_t3_d10,nongauss,6,800,10,5,CDK / AD statistic,6,5.277403354644775,0.9316332782841157,0.9539113058078951,0.9542579874640226,5.0,6.0,19.0,8.0,0.8421052631578947,0.005,1,1,0.0
nongauss_t3_d10,nongauss,6,800,10,5,CDK / no multiplicity corr.,5,4.295895099639893,0.9968691099886755,0.9952518682725183,0.995281596448275,5.0,5.0,19.0,8.0,0.7894736842105263,0.005,0,0,1.0
nongauss_t3_d10,nongauss,6,800,10,5,CDK / n_min=15,6,4.548553466796875,0.9316332782841157,0.9539113058078951,0.9542579874640226,6.0,6.0,21.0,9.0,0.7619047619047619,0.005,1,1,0.0
nongauss_t3_d10,nongauss,6,800,10,5,CDK / n_min=40,5,4.824987411499023,0.9968691099886755,0.9952518682725183,0.995281596448275,5.0,5.0,20.0,8.0,0.85,0.005,0,0,1.0
nongauss_t3_d10,nongauss,6,800,10,5,Silhouette,5,0.18670868873596191,0.9968691099886755,0.9952518682725183,0.995281596448275,,,,,,,0,0,1.0
nongauss_t3_d10,nongauss,6,800,10,5,Calinski-Har.,5,0.11786007881164551,0.9968691099886755,0.9952518682725183,0.995281596448275,,,,,,,0,0,1.0
nongauss_t3_d10,nongauss,6,800,10,5,Davies-Bouldin,5,0.13387537002563477,0.9968691099886755,0.9952518682725183,0.995281596448275,,,,,,,0,0,1.0
nongauss_t3_d10,nongauss,6,800,10,5,Elbow (Kneedle),5,0.11881065368652344,0.9968691099886755,0.9952518682725183,0.995281596448275,,,,,,,0,0,1.0
nongauss_t3_d10,nongauss,6,800,10,5,Jump statistic,5,0.11596894264221191,0.9968691099886755,0.9952518682725183,0.995281596448275,,,,,,,0,0,1.0
nongauss_t3_d10,nongauss,6,800,10,5,Gap statistic,5,0.5598447322845459,0.9968691099886755,0.9952518682725183,0.995281596448275,,,,,,,0,0,1.0
nongauss_t3_d10,nongauss,6,800,10,5,X-means,6,0.0382077693939209,0.9820853729877943,0.9809038338889533,0.981055912015761,,,,,,,1,1,0.0
nongauss_t3_d10,nongauss,6,800,10,5,G-means,8,0.048026323318481445,0.9762306296110327,0.9743743337063567,0.9746373549315107,,,,,,,3,3,0.0
nongauss_t3_d10,nongauss,6,800,10,5,dip-means,5,0.11311936378479004,0.9968691099886755,0.9952518682725183,0.995281596448275,,,,,,,0,0,1.0
nongauss_t3_d10,nongauss,6,800,10,5,ISODATA,7,0.028660058975219727,0.8686494046798794,0.918519415862596,0.9192290211705517,,,,,,,2,2,0.0
nongauss_t3_d10,nongauss,6,800,10,5,MDL split/merge,5,0.03546333312988281,0.9968691099886755,0.9952518682725183,0.995281596448275,,,,,,,0,0,1.0
nongauss_t3_d10,nongauss,6,800,10,5,GMM+BIC,5,0.42911672592163086,0.9968691099886755,0.9952518682725183,0.995281596448275,,,,,,,0,0,1.0
nongauss_t3_d10,nongauss,6,800,10,5,GMM+ICL,5,0.42301344871520996,0.9968691099886755,0.9952518682725183,0.995281596448275,,,,,,,0,0,1.0
nongauss_t3_d10,nongauss,6,800,10,5,HDBSCAN,5,0.008672237396240234,0.9968691099886755,0.9952518682725183,0.995281596448275,,,,,,,0,0,1.0
nongauss_t3_d10,nongauss,6,800,10,5,Bisecting+Sil.,5,0.1359577178955078,0.9937480346795808,0.9905061789482672,0.9905656200078304,,,,,,,0,0,1.0
nongauss_t3_d10,nongauss,5,800,10,5,ORACLE k-means(k*),5,0.005012035369873047,0.9968691099886755,0.9952518682725183,0.995281596448275,,,,,,,0,0,1.0
nongauss_t3_d10,nongauss,5,800,10,5,CDK (proposed),5,5.509122610092163,0.9968691099886755,0.9952518682725183,0.995281596448275,5.0,5.0,30.0,11.0,0.7,0.005,0,0,1.0
nongauss_t3_d10,nongauss,5,800,10,5,CDK / Gaussian null,5,5.191779136657715,0.9968691099886755,0.9952518682725183,0.995281596448275,5.0,5.0,30.0,11.0,0.7,0.005,0,0,1.0
nongauss_t3_d10,nongauss,5,800,10,5,CDK / AD statistic,5,6.10960578918457,0.9968691099886755,0.9952518682725183,0.995281596448275,5.0,5.0,30.0,11.0,0.6666666666666666,0.005,0,0,1.0
nongauss_t3_d10,nongauss,5,800,10,5,CDK / no multiplicity corr.,5,5.24465012550354,0.9968691099886755,0.9952518682725183,0.995281596448275,5.0,5.0,30.0,11.0,0.7,0.005,0,0,1.0
nongauss_t3_d10,nongauss,5,800,10,5,CDK / n_min=15,5,4.265364408493042,0.9968691099886755,0.9952518682725183,0.995281596448275,5.0,6.0,35.0,15.0,0.5428571428571428,0.005,0,0,1.0
nongauss_t3_d10,nongauss,5,800,10,5,CDK / n_min=40,5,4.439606666564941,0.9968691099886755,0.9952518682725183,0.995281596448275,5.0,5.0,27.0,10.0,0.7407407407407407,0.005,0,0,1.0
nongauss_t3_d10,nongauss,5,800,10,5,Silhouette,5,0.19800448417663574,0.9968691099886755,0.9952518682725183,0.995281596448275,,,,,,,0,0,1.0
nongauss_t3_d10,nongauss,5,800,10,5,Calinski-Har.,5,0.12361478805541992,0.9968691099886755,0.9952518682725183,0.995281596448275,,,,,,,0,0,1.0
nongauss_t3_d10,nongauss,5,800,10,5,Davies-Bouldin,5,0.132338285446167,0.9968691099886755,0.9952518682725183,0.995281596448275,,,,,,,0,0,1.0
nongauss_t3_d10,nongauss,5,800,10,5,Elbow (Kneedle),5,0.11898446083068848,0.9968691099886755,0.9952518682725183,0.995281596448275,,,,,,,0,0,1.0
nongauss_t3_d10,nongauss,5,800,10,5,Jump statistic,5,0.11732935905456543,0.9968691099886755,0.9952518682725183,0.995281596448275,,,,,,,0,0,1.0
nongauss_t3_d10,nongauss,5,800,10,5,Gap statistic,5,0.5032331943511963,0.9968691099886755,0.9952518682725183,0.995281596448275,,,,,,,0,0,1.0
nongauss_t3_d10,nongauss,5,800,10,5,X-means,6,0.0344395637512207,0.946665688912617,0.9606132211058138,0.9609120942044759,,,,,,,1,1,0.0
nongauss_t3_d10,nongauss,5,800,10,5,G-means,10,0.04993724822998047,0.908311161911859,0.9260349415965787,0.9269724821196463,,,,,,,5,5,0.0
nongauss_t3_d10,nongauss,5,800,10,5,dip-means,5,0.08492493629455566,0.9968691099886755,0.9952518682725183,0.995281596448275,,,,,,,0,0,1.0
nongauss_t3_d10,nongauss,5,800,10,5,ISODATA,7,0.02095508575439453,0.8607638926077715,0.9156392661037095,0.9163716872233099,,,,,,,2,2,0.0
nongauss_t3_d10,nongauss,5,800,10,5,MDL split/merge,5,0.02745223045349121,0.9968691099886755,0.9952518682725183,0.995281596448275,,,,,,,0,0,1.0
nongauss_t3_d10,nongauss,5,800,10,5,GMM+BIC,5,0.4253561496734619,0.9968691099886755,0.9952518682725183,0.995281596448275,,,,,,,0,0,1.0
nongauss_t3_d10,nongauss,5,800,10,5,GMM+ICL,5,0.46919775009155273,0.9968691099886755,0.9952518682725183,0.995281596448275,,,,,,,0,0,1.0
nongauss_t3_d10,nongauss,5,800,10,5,HDBSCAN,5,0.008790969848632812,0.9968691099886755,0.9952518682725183,0.995281596448275,,,,,,,0,0,1.0
nongauss_t3_d10,nongauss,5,800,10,5,Bisecting+Sil.,5,0.1493537425994873,0.987565213098559,0.9835905430582075,0.9836932846756886,,,,,,,0,0,1.0
nongauss_t3_d10,nongauss,8,800,10,5,ORACLE k-means(k*),5,0.005089998245239258,0.9968691099886755,0.9952518682725184,0.9952815964482751,,,,,,,0,0,1.0
nongauss_t3_d10,nongauss,8,800,10,5,CDK (proposed),5,4.576245069503784,0.9968691099886755,0.9952518682725184,0.9952815964482751,5.0,5.0,27.0,10.0,0.7407407407407407,0.005,0,0,1.0
nongauss_t3_d10,nongauss,8,800,10,5,CDK / Gaussian null,5,4.492497444152832,0.9968691099886755,0.9952518682725184,0.9952815964482751,5.0,5.0,27.0,10.0,0.7407407407407407,0.005,0,0,1.0
nongauss_t3_d10,nongauss,8,800,10,5,CDK / AD statistic,5,5.826640605926514,0.9968691099886755,0.9952518682725184,0.9952815964482751,5.0,5.0,27.0,10.0,0.7777777777777778,0.005,0,0,1.0
nongauss_t3_d10,nongauss,8,800,10,5,CDK / no multiplicity corr.,5,4.396054029464722,0.9968691099886755,0.9952518682725184,0.9952815964482751,5.0,5.0,27.0,10.0,0.7407407407407407,0.005,0,0,1.0
nongauss_t3_d10,nongauss,8,800,10,5,CDK / n_min=15,5,3.9058988094329834,0.9968691099886755,0.9952518682725184,0.9952815964482751,5.0,5.0,39.0,14.0,0.5641025641025641,0.005,0,0,1.0
nongauss_t3_d10,nongauss,8,800,10,5,CDK / n_min=40,5,4.058619260787964,0.9968691099886755,0.9952518682725184,0.9952815964482751,5.0,5.0,14.0,6.0,0.9285714285714286,0.005,0,0,1.0
nongauss_t3_d10,nongauss,8,800,10,5,Silhouette,6,0.14458799362182617,0.9984379856857712,0.9976297990323965,0.9976475645045876,,,,,,,1,1,0.0
nongauss_t3_d10,nongauss,8,800,10,5,Calinski-Har.,5,0.08734631538391113,0.9968691099886755,0.9952518682725184,0.9952815964482751,,,,,,,0,0,1.0
nongauss_t3_d10,nongauss,8,800,10,5,Davies-Bouldin,6,0.09777593612670898,0.9984379856857712,0.9976297990323965,0.9976475645045876,,,,,,,1,1,0.0
nongauss_t3_d10,nongauss,8,800,10,5,Elbow (Kneedle),5,0.0858917236328125,0.9968691099886755,0.9952518682725184,0.9952815964482751,,,,,,,0,0,1.0
nongauss_t3_d10,nongauss,8,800,10,5,Jump statistic,5,0.08572745323181152,0.9968691099886755,0.9952518682725184,0.9952815964482751,,,,,,,0,0,1.0
nongauss_t3_d10,nongauss,8,800,10,5,Gap statistic,5,0.4331703186035156,0.9968691099886755,0.9952518682725184,0.9952815964482751,,,,,,,0,0,1.0
nongauss_t3_d10,nongauss,8,800,10,5,X-means,5,0.022170543670654297,0.9968691099886755,0.9952518682725184,0.9952815964482751,,,,,,,0,0,1.0
nongauss_t3_d10,nongauss,8,800,10,5,G-means,8,0.03665328025817871,0.942169148667688,0.9586645601390749,0.9590752077180515,,,,,,,3,3,0.0
nongauss_t3_d10,nongauss,8,800,10,5,dip-means,5,0.0847463607788086,0.9968691099886755,0.9952518682725184,0.9952815964482751,,,,,,,0,0,1.0
nongauss_t3_d10,nongauss,8,800,10,5,ISODATA,6,0.01926875114440918,0.9352361995722215,0.9586181980495605,0.9589295309327703,,,,,,,1,1,0.0
nongauss_t3_d10,nongauss,8,800,10,5,MDL split/merge,5,0.027223825454711914,0.9968691099886755,0.9952518682725184,0.9952815964482751,,,,,,,0,0,1.0
nongauss_t3_d10,nongauss,8,800,10,5,GMM+BIC,5,0.3138883113861084,1.0,1.0,1.0,,,,,,,0,0,1.0
nongauss_t3_d10,nongauss,8,800,10,5,GMM+ICL,5,0.3217182159423828,1.0,1.0,1.0,,,,,,,0,0,1.0
nongauss_t3_d10,nongauss,8,800,10,5,HDBSCAN,5,0.007930278778076172,0.9968691099886755,0.9952518682725184,0.9952815964482751,,,,,,,0,0,1.0
nongauss_t3_d10,nongauss,8,800,10,5,Bisecting+Sil.,5,0.10809779167175293,0.9937284793853706,0.990501263041295,0.9905607351826977,,,,,,,0,0,1.0
nongauss_t3_d10,nongauss,7,800,10,5,ORACLE k-means(k*),5,0.005300998687744141,1.0,1.0,1.0,,,,,,,0,0,1.0
nongauss_t3_d10,nongauss,7,800,10,5,CDK (proposed),5,4.590952634811401,0.9968691099886755,0.9952518682725184,0.9952815964482751,5.0,5.0,34.0,13.0,0.7058823529411765,0.005,0,0,1.0
nongauss_t3_d10,nongauss,7,800,10,5,CDK / Gaussian null,5,5.262027978897095,0.9968691099886755,0.9952518682725184,0.9952815964482751,5.0,5.0,34.0,13.0,0.7352941176470589,0.005,0,0,1.0
nongauss_t3_d10,nongauss,7,800,10,5,CDK / AD statistic,7,7.317853212356567,0.8855456604023118,0.9251802117770473,0.925837569233573,6.0,7.0,34.0,13.0,0.7941176470588235,0.005,2,2,0.0
nongauss_t3_d10,nongauss,7,800,10,5,CDK / no multiplicity corr.,5,5.038673162460327,0.9968691099886755,0.9952518682725184,0.9952815964482751,5.0,5.0,34.0,13.0,0.7058823529411765,0.005,0,0,1.0
nongauss_t3_d10,nongauss,7,800,10,5,CDK / n_min=15,5,3.0000720024108887,0.9968691099886755,0.9952518682725184,0.9952815964482751,5.0,5.0,41.0,18.0,0.4146341463414634,0.8076923076923077,0,0,1.0
nongauss_t3_d10,nongauss,7,800,10,5,CDK / n_min=40,5,4.066197395324707,0.9968691099886755,0.9952518682725184,0.9952815964482751,5.0,5.0,22.0,9.0,0.8181818181818182,0.005,0,0,1.0
nongauss_t3_d10,nongauss,7,800,10,5,Silhouette,6,0.15416336059570312,0.9968632163010015,0.994726043948759,0.9947675484984971,,,,,,,1,1,0.0
nongauss_t3_d10,nongauss,7,800,10,5,Calinski-Har.,5,0.08951044082641602,1.0,1.0,1.0,,,,,,,0,0,1.0
nongauss_t3_d10,nongauss,7,800,10,5,Davies-Bouldin,5,0.1016530990600586,1.0,1.0,1.0,,,,,,,0,0,1.0
nongauss_t3_d10,nongauss,7,800,10,5,Elbow (Kneedle),5,0.09142017364501953,1.0,1.0,1.0,,,,,,,0,0,1.0
nongauss_t3_d10,nongauss,7,800,10,5,Jump statistic,5,0.09356284141540527,1.0,1.0,1.0,,,,,,,0,0,1.0
nongauss_t3_d10,nongauss,7,800,10,5,Gap statistic,5,0.4506845474243164,1.0,1.0,1.0,,,,,,,0,0,1.0
nongauss_t3_d10,nongauss,7,800,10,5,X-means,6,0.03466033935546875,0.9968632163010015,0.994726043948759,0.9947675484984971,,,,,,,1,1,0.0
nongauss_t3_d10,nongauss,7,800,10,5,G-means,8,0.019472360610961914,0.9402225886390899,0.9565211314158372,0.9569682632420301,,,,,,,3,3,0.0
nongauss_t3_d10,nongauss,7,800,10,5,dip-means,5,0.08442926406860352,1.0,1.0,1.0,,,,,,,0,0,1.0
nongauss_t3_d10,nongauss,7,800,10,5,ISODATA,6,0.019977569580078125,0.932687138746695,0.9543020200076773,0.9546456918477595,,,,,,,1,1,0.0
nongauss_t3_d10,nongauss,7,800,10,5,MDL split/merge,5,0.03014397621154785,1.0,1.0,1.0,,,,,,,0,0,1.0
nongauss_t3_d10,nongauss,7,800,10,5,GMM+BIC,6,0.3111538887023926,0.9831894856578365,0.9794223889903105,0.9795856223610142,,,,,,,1,1,0.0
nongauss_t3_d10,nongauss,7,800,10,5,GMM+ICL,6,0.3535335063934326,0.9831894856578365,0.9794223889903105,0.9795856223610142,,,,,,,1,1,0.0
nongauss_t3_d10,nongauss,7,800,10,5,HDBSCAN,5,0.007399797439575195,0.9968691099886755,0.9952518682725184,0.9952815964482751,,,,,,,0,0,1.0
nongauss_t3_d10,nongauss,7,800,10,5,Bisecting+Sil.,5,0.11267423629760742,0.9968691099886755,0.9952518682725184,0.9952815964482751,,,,,,,0,0,1.0
null_gaussian_d2,null,0,600,2,1,ORACLE k-means(k*),1,0.0024309158325195312,1.0,1.0,1.0,,,,,,,0,0,1.0
null_gaussian_d2,null,0,600,2,1,CDK (proposed),1,2.5819244384765625,1.0,1.0,1.0,1.0,1.0,36.0,14.0,0.4166666666666667,0.052500000000000005,0,0,1.0
null_gaussian_d2,null,0,600,2,1,CDK / Gaussian null,1,3.4349827766418457,1.0,1.0,1.0,1.0,3.0,36.0,14.0,0.5,0.0125,0,0,1.0
null_gaussian_d2,null,0,600,2,1,CDK / AD statistic,1,3.3030874729156494,1.0,1.0,1.0,1.0,1.0,36.0,14.0,0.2777777777777778,0.3014553014553014,0,0,1.0
null_gaussian_d2,null,0,600,2,1,CDK / no multiplicity corr.,1,2.660233497619629,1.0,1.0,1.0,1.0,2.0,36.0,14.0,0.5,0.052500000000000005,0,0,1.0
null_gaussian_d2,null,0,600,2,1,CDK / n_min=15,1,3.2600553035736084,1.0,1.0,1.0,1.0,1.0,63.0,23.0,0.2222222222222222,0.17,0,0,1.0
null_gaussian_d2,null,0,600,2,1,CDK / n_min=40,1,2.4858717918395996,1.0,1.0,1.0,1.0,1.0,24.0,10.0,0.5416666666666666,0.01,0,0,1.0
null_gaussian_d2,null,0,600,2,1,Silhouette,10,0.12889981269836426,0.0,0.0,0.0,,,,,,,9,9,0.0
null_gaussian_d2,null,0,600,2,1,Calinski-Har.,10,0.09779214859008789,0.0,0.0,0.0,,,,,,,9,9,0.0
null_gaussian_d2,null,0,600,2,1,Davies-Bouldin,10,0.11163020133972168,0.0,0.0,0.0,,,,,,,9,9,0.0
null_gaussian_d2,null,0,600,2,1,Elbow (Kneedle),5,0.10085892677307129,0.0,0.0,0.0,,,,,,,4,4,0.0
null_gaussian_d2,null,0,600,2,1,Jump statistic,10,0.10487198829650879,0.0,0.0,0.0,,,,,,,9,9,0.0
null_gaussian_d2,null,0,600,2,1,Gap statistic,3,0.33190083503723145,0.0,0.0,0.0,,,,,,,2,2,0.0
null_gaussian_d2,null,0,600,2,1,X-means,2,0.012598752975463867,0.0,0.0,0.0,,,,,,,1,1,0.0
null_gaussian_d2,null,0,600,2,1,G-means,1,0.003515005111694336,1.0,1.0,1.0,,,,,,,0,0,1.0
null_gaussian_d2,null,0,600,2,1,dip-means,1,0.011530876159667969,1.0,1.0,1.0,,,,,,,0,0,1.0
null_gaussian_d2,null,0,600,2,1,ISODATA,7,0.01590561866760254,0.0,0.0,0.0,,,,,,,6,6,0.0
null_gaussian_d2,null,0,600,2,1,MDL split/merge,1,0.001852273941040039,1.0,1.0,1.0,,,,,,,0,0,1.0
null_gaussian_d2,null,0,600,2,1,GMM+BIC,2,0.16799497604370117,0.0,0.0,0.0,,,,,,,1,1,0.0
null_gaussian_d2,null,0,600,2,1,GMM+ICL,2,0.16777396202087402,0.0,0.0,0.0,,,,,,,1,1,0.0
null_gaussian_d2,null,0,600,2,1,HDBSCAN,3,0.0037331581115722656,0.0,0.0,0.0,,,,,,,2,2,0.0
null_gaussian_d2,null,0,600,2,1,Bisecting+Sil.,2,0.08637070655822754,0.0,0.0,0.0,,,,,,,1,1,0.0
nongauss_t3_d10,nongauss,9,800,10,5,ORACLE k-means(k*),5,0.0047609806060791016,0.9968691099886755,0.9952518682725183,0.995281596448275,,,,,,,0,0,1.0
nongauss_t3_d10,nongauss,9,800,10,5,CDK (proposed),6,4.704387664794922,0.9495033964571772,0.9589425352217212,0.959255400946389,6.0,6.0,33.0,13.0,0.7878787878787878,0.005,1,1,0.0
nongauss_t3_d10,nongauss,9,800,10,5,CDK / Gaussian null,6,4.595982789993286,0.931957244561114,0.9507615847813562,0.9511326077310673,6.0,6.0,33.0,13.0,0.7272727272727273,0.005,1,1,0.0
nongauss_t3_d10,nongauss,9,800,10,5,CDK / AD statistic,6,5.901599884033203,0.9312894797174276,0.9505821259456327,0.9509544257941315,6.0,6.0,33.0,13.0,0.7272727272727273,0.005,1,1,0.0
nongauss_t3_d10,nongauss,9,800,10,5,CDK / no multiplicity corr.,6,4.720090627670288,0.9495033964571772,0.9589425352217212,0.959255400946389,6.0,6.0,33.0,13.0,0.7878787878787878,0.005,1,1,0.0
nongauss_t3_d10,nongauss,9,800,10,5,CDK / n_min=15,5,4.666256427764893,0.9937480346795808,0.9905061789482673,0.9905656200078305,5.0,5.0,34.0,13.0,0.6176470588235294,0.005,0,0,1.0
nongauss_t3_d10,nongauss,9,800,10,5,CDK / n_min=40,5,4.999513387680054,0.9937480346795808,0.9905061789482673,0.9905656200078305,5.0,5.0,21.0,8.0,0.8571428571428571,0.005,0,0,1.0
nongauss_t3_d10,nongauss,9,800,10,5,Silhouette,5,0.16587615013122559,0.9968691099886755,0.9952518682725183,0.995281596448275,,,,,,,0,0,1.0
nongauss_t3_d10,nongauss,9,800,10,5,Calinski-Har.,5,0.10145330429077148,0.9968691099886755,0.9952518682725183,0.995281596448275,,,,,,,0,0,1.0
nongauss_t3_d10,nongauss,9,800,10,5,Davies-Bouldin,5,0.1172933578491211,0.9968691099886755,0.9952518682725183,0.995281596448275,,,,,,,0,0,1.0
nongauss_t3_d10,nongauss,9,800,10,5,Elbow (Kneedle),5,0.10678553581237793,0.9968691099886755,0.9952518682725183,0.995281596448275,,,,,,,0,0,1.0
nongauss_t3_d10,nongauss,9,800,10,5,Jump statistic,5,0.10687017440795898,0.9968691099886755,0.9952518682725183,0.995281596448275,,,,,,,0,0,1.0
nongauss_t3_d10,nongauss,9,800,10,5,Gap statistic,5,0.5642235279083252,0.9968691099886755,0.9952518682725183,0.995281596448275,,,,,,,0,0,1.0
nongauss_t3_d10,nongauss,9,800,10,5,X-means,6,0.051720380783081055,0.9907104863954984,0.9880071645419601,0.9881041574711183,,,,,,,1,1,0.0
nongauss_t3_d10,nongauss,9,800,10,5,G-means,8,0.03859710693359375,0.8803581432666037,0.9247598667194422,0.9255047469862805,,,,,,,3,3,0.0
nongauss_t3_d10,nongauss,9,800,10,5,dip-means,5,0.10010552406311035,0.9937481085578733,0.990506147772212,0.990565589332136,,,,,,,0,0,1.0
nongauss_t3_d10,nongauss,9,800,10,5,ISODATA,5,0.0227048397064209,0.9968691099886755,0.9952518682725183,0.995281596448275,,,,,,,0,0,1.0
nongauss_t3_d10,nongauss,9,800,10,5,MDL split/merge,5,0.034165143966674805,0.9937481085578733,0.990506147772212,0.990565589332136,,,,,,,0,0,1.0
nongauss_t3_d10,nongauss,9,800,10,5,GMM+BIC,5,0.3193504810333252,0.9937481085578733,0.990506147772212,0.990565589332136,,,,,,,0,0,1.0
nongauss_t3_d10,nongauss,9,800,10,5,GMM+ICL,5,0.31355953216552734,0.9937481085578733,0.990506147772212,0.990565589332136,,,,,,,0,0,1.0
nongauss_t3_d10,nongauss,9,800,10,5,HDBSCAN,5,0.007299184799194336,0.9937481085578733,0.990506147772212,0.990565589332136,,,,,,,0,0,1.0
nongauss_t3_d10,nongauss,9,800,10,5,Bisecting+Sil.,5,0.11163687705993652,0.9937284793853706,0.9905012630412952,0.9905607351826979,,,,,,,0,0,1.0
null_gaussian_d2,null,1,600,2,1,ORACLE k-means(k*),1,0.0018634796142578125,1.0,1.0,1.0,,,,,,,0,0,1.0
null_gaussian_d2,null,1,600,2,1,CDK (proposed),1,2.085618495941162,1.0,1.0,1.0,1.0,1.0,31.0,13.0,0.3548387096774194,0.11,0,0,1.0
null_gaussian_d2,null,1,600,2,1,CDK / Gaussian null,1,3.2656047344207764,1.0,1.0,1.0,1.0,2.0,31.0,13.0,0.45161290322580644,0.03,0,0,1.0
null_gaussian_d2,null,1,600,2,1,CDK / AD statistic,1,2.8093740940093994,1.0,1.0,1.0,1.0,1.0,31.0,13.0,0.3225806451612903,0.2692307692307692,0,0,1.0
null_gaussian_d2,null,1,600,2,1,CDK / no multiplicity corr.,1,2.1465020179748535,1.0,1.0,1.0,1.0,2.0,31.0,13.0,0.45161290322580644,0.11,0,0,1.0
null_gaussian_d2,null,1,600,2,1,CDK / n_min=15,1,3.6920363903045654,1.0,1.0,1.0,1.0,1.0,60.0,23.0,0.35,0.1825,0,0,1.0
null_gaussian_d2,null,1,600,2,1,CDK / n_min=40,1,1.851416826248169,1.0,1.0,1.0,1.0,1.0,19.0,8.0,0.42105263157894735,0.065,0,0,1.0
null_gaussian_d2,null,1,600,2,1,Silhouette,3,0.1246192455291748,0.0,0.0,0.0,,,,,,,2,2,0.0
null_gaussian_d2,null,1,600,2,1,Calinski-Har.,3,0.09296989440917969,0.0,0.0,0.0,,,,,,,2,2,0.0
null_gaussian_d2,null,1,600,2,1,Davies-Bouldin,12,0.10561203956604004,0.0,0.0,0.0,,,,,,,11,11,0.0
null_gaussian_d2,null,1,600,2,1,Elbow (Kneedle),5,0.09687972068786621,0.0,0.0,0.0,,,,,,,4,4,0.0
null_gaussian_d2,null,1,600,2,1,Jump statistic,3,0.09580850601196289,0.0,0.0,0.0,,,,,,,2,2,0.0
null_gaussian_d2,null,1,600,2,1,Gap statistic,2,0.32592153549194336,0.0,0.0,0.0,,,,,,,1,1,0.0
null_gaussian_d2,null,1,600,2,1,X-means,2,0.01450967788696289,0.0,0.0,0.0,,,,,,,1,1,0.0
null_gaussian_d2,null,1,600,2,1,G-means,1,0.0039653778076171875,1.0,1.0,1.0,,,,,,,0,0,1.0
null_gaussian_d2,null,1,600,2,1,dip-means,1,0.011502742767333984,1.0,1.0,1.0,,,,,,,0,0,1.0
null_gaussian_d2,null,1,600,2,1,ISODATA,8,0.017477750778198242,0.0,0.0,0.0,,,,,,,7,7,0.0
null_gaussian_d2,null,1,600,2,1,MDL split/merge,1,0.002155780792236328,1.0,1.0,1.0,,,,,,,0,0,1.0
null_gaussian_d2,null,1,600,2,1,GMM+BIC,2,0.1644761562347412,0.0,0.0,0.0,,,,,,,1,1,0.0
null_gaussian_d2,null,1,600,2,1,GMM+ICL,2,0.1684577465057373,0.0,0.0,0.0,,,,,,,1,1,0.0
null_gaussian_d2,null,1,600,2,1,HDBSCAN,3,0.0036127567291259766,0.0,0.0,0.0,,,,,,,2,2,0.0
null_gaussian_d2,null,1,600,2,1,Bisecting+Sil.,2,0.09102869033813477,0.0,0.0,0.0,,,,,,,1,1,0.0
null_gaussian_d2,null,2,600,2,1,ORACLE k-means(k*),1,0.00191497802734375,1.0,1.0,1.0,,,,,,,0,0,1.0
null_gaussian_d2,null,2,600,2,1,CDK (proposed),1,2.670086145401001,1.0,1.0,1.0,1.0,1.0,33.0,13.0,0.42424242424242425,0.07,0,0,1.0
null_gaussian_d2,null,2,600,2,1,CDK / Gaussian null,2,3.891713857650757,0.0,0.0,0.0,1.0,8.0,33.0,13.0,0.5757575757575758,0.01,1,1,0.0
null_gaussian_d2,null,2,600,2,1,CDK / AD statistic,1,3.361710786819458,1.0,1.0,1.0,1.0,1.0,33.0,13.0,0.2727272727272727,0.18,0,0,1.0
null_gaussian_d2,null,2,600,2,1,CDK / no multiplicity corr.,1,2.853771924972534,1.0,1.0,1.0,1.0,3.0,33.0,13.0,0.48484848484848486,0.07,0,0,1.0
null_gaussian_d2,null,2,600,2,1,CDK / n_min=15,1,3.9193692207336426,1.0,1.0,1.0,1.0,1.0,63.0,23.0,0.20634920634920634,0.175,0,0,1.0
null_gaussian_d2,null,2,600,2,1,CDK / n_min=40,1,2.7683920860290527,1.0,1.0,1.0,1.0,1.0,23.0,9.0,0.4782608695652174,0.035,0,0,1.0
null_gaussian_d2,null,2,600,2,1,Silhouette,12,0.14321398735046387,0.0,0.0,0.0,,,,,,,11,11,0.0
null_gaussian_d2,null,2,600,2,1,Calinski-Har.,12,0.11314511299133301,0.0,0.0,0.0,,,,,,,11,11,0.0
null_gaussian_d2,null,2,600,2,1,Davies-Bouldin,11,0.11263775825500488,0.0,0.0,0.0,,,,,,,10,10,0.0
null_gaussian_d2,null,2,600,2,1,Elbow (Kneedle),5,0.10158658027648926,0.0,0.0,0.0,,,,,,,4,4,0.0
null_gaussian_d2,null,2,600,2,1,Jump statistic,12,0.1018822193145752,0.0,0.0,0.0,,,,,,,11,11,0.0
null_gaussian_d2,null,2,600,2,1,Gap statistic,2,0.32816076278686523,0.0,0.0,0.0,,,,,,,1,1,0.0
null_gaussian_d2,null,2,600,2,1,X-means,2,0.011179924011230469,0.0,0.0,0.0,,,,,,,1,1,0.0
null_gaussian_d2,null,2,600,2,1,G-means,1,0.003528118133544922,1.0,1.0,1.0,,,,,,,0,0,1.0
null_gaussian_d2,null,2,600,2,1,dip-means,1,0.011446952819824219,1.0,1.0,1.0,,,,,,,0,0,1.0
null_gaussian_d2,null,2,600,2,1,ISODATA,7,0.017902135848999023,0.0,0.0,0.0,,,,,,,6,6,0.0
null_gaussian_d2,null,2,600,2,1,MDL split/merge,1,0.0016858577728271484,1.0,1.0,1.0,,,,,,,0,0,1.0
null_gaussian_d2,null,2,600,2,1,GMM+BIC,2,0.16553950309753418,0.0,0.0,0.0,,,,,,,1,1,0.0
null_gaussian_d2,null,2,600,2,1,GMM+ICL,2,0.1648557186126709,0.0,0.0,0.0,,,,,,,1,1,0.0
null_gaussian_d2,null,2,600,2,1,HDBSCAN,2,0.003706693649291992,0.0,0.0,0.0,,,,,,,1,1,0.0
null_gaussian_d2,null,2,600,2,1,Bisecting+Sil.,4,0.08470869064331055,0.0,0.0,0.0,,,,,,,3,3,0.0
null_gaussian_d2,null,3,600,2,1,ORACLE k-means(k*),1,0.0018799304962158203,1.0,1.0,1.0,,,,,,,0,0,1.0
null_gaussian_d2,null,3,600,2,1,CDK (proposed),1,2.35168194770813,1.0,1.0,1.0,1.0,2.0,36.0,14.0,0.25,0.21634615384615385,0,0,1.0
null_gaussian_d2,null,3,600,2,1,CDK / Gaussian null,1,4.248034238815308,1.0,1.0,1.0,1.0,8.0,36.0,14.0,0.4166666666666667,0.02,0,0,1.0
null_gaussian_d2,null,3,600,2,1,CDK / AD statistic,1,3.214219093322754,1.0,1.0,1.0,1.0,1.0,36.0,14.0,0.1388888888888889,0.28846153846153844,0,0,1.0
null_gaussian_d2,null,3,600,2,1,CDK / no multiplicity corr.,1,2.734128475189209,1.0,1.0,1.0,1.0,4.0,36.0,14.0,0.4166666666666667,0.21634615384615385,0,0,1.0
null_gaussian_d2,null,3,600,2,1,CDK / n_min=15,1,4.18227481842041,1.0,1.0,1.0,1.0,2.0,58.0,22.0,0.29310344827586204,0.0675,0,0,1.0
null_gaussian_d2,null,3,600,2,1,CDK / n_min=40,1,2.2097911834716797,1.0,1.0,1.0,1.0,1.0,25.0,10.0,0.36,0.19,0,0,1.0
null_gaussian_d2,null,3,600,2,1,Silhouette,6,0.15530872344970703,0.0,0.0,0.0,,,,,,,5,5,0.0
null_gaussian_d2,null,3,600,2,1,Calinski-Har.,6,0.12564754486083984,0.0,0.0,0.0,,,,,,,5,5,0.0
null_gaussian_d2,null,3,600,2,1,Davies-Bouldin,11,0.1284933090209961,0.0,0.0,0.0,,,,,,,10,10,0.0
null_gaussian_d2,null,3,600,2,1,Elbow (Kneedle),6,0.1105499267578125,0.0,0.0,0.0,,,,,,,5,5,0.0
null_gaussian_d2,null,3,600,2,1,Jump statistic,6,0.1088862419128418,0.0,0.0,0.0,,,,,,,5,5,0.0
null_gaussian_d2,null,3,600,2,1,Gap statistic,2,0.3837459087371826,0.0,0.0,0.0,,,,,,,1,1,0.0
null_gaussian_d2,null,3,600,2,1,X-means,2,0.016040325164794922,0.0,0.0,0.0,,,,,,,1,1,0.0
null_gaussian_d2,null,3,600,2,1,G-means,1,0.005034446716308594,1.0,1.0,1.0,,,,,,,0,0,1.0
null_gaussian_d2,null,3,600,2,1,dip-means,1,0.014922142028808594,1.0,1.0,1.0,,,,,,,0,0,1.0
null_gaussian_d2,null,3,600,2,1,ISODATA,7,0.020579099655151367,0.0,0.0,0.0,,,,,,,6,6,0.0
null_gaussian_d2,null,3,600,2,1,MDL split/merge,1,0.0023305416107177734,1.0,1.0,1.0,,,,,,,0,0,1.0
null_gaussian_d2,null,3,600,2,1,GMM+BIC,2,0.2540433406829834,0.0,0.0,0.0,,,,,,,1,1,0.0
null_gaussian_d2,null,3,600,2,1,GMM+ICL,2,0.23061919212341309,0.0,0.0,0.0,,,,,,,1,1,0.0
null_gaussian_d2,null,3,600,2,1,HDBSCAN,2,0.004151105880737305,0.0,0.0,0.0,,,,,,,1,1,0.0
null_gaussian_d2,null,3,600,2,1,Bisecting+Sil.,2,0.10594487190246582,0.0,0.0,0.0,,,,,,,1,1,0.0
null_gaussian_d2,null,4,600,2,1,ORACLE k-means(k*),1,0.0019061565399169922,1.0,1.0,1.0,,,,,,,0,0,1.0
null_gaussian_d2,null,4,600,2,1,CDK (proposed),1,3.072692394256592,1.0,1.0,1.0,1.0,2.0,38.0,14.0,0.4473684210526316,0.045,0,0,1.0
null_gaussian_d2,null,4,600,2,1,CDK / Gaussian null,3,3.900137186050415,0.0,0.0,0.0,1.0,7.0,38.0,14.0,0.5526315789473685,0.01,2,2,0.0
null_gaussian_d2,null,4,600,2,1,CDK / AD statistic,1,3.9833836555480957,1.0,1.0,1.0,1.0,2.0,38.0,14.0,0.23684210526315788,0.256483238456673,0,0,1.0
null_gaussian_d2,null,4,600,2,1,CDK / no multiplicity corr.,2,3.201045274734497,0.0,0.0,0.0,1.0,5.0,38.0,14.0,0.5263157894736842,0.045,1,1,0.0
null_gaussian_d2,null,4,600,2,1,CDK / n_min=15,1,4.403969049453735,1.0,1.0,1.0,1.0,2.0,64.0,24.0,0.28125,0.07,0,0,1.0
null_gaussian_d2,null,4,600,2,1,CDK / n_min=40,1,2.4694719314575195,1.0,1.0,1.0,1.0,3.0,23.0,9.0,0.5652173913043478,0.01,0,0,1.0
null_gaussian_d2,null,4,600,2,1,Silhouette,9,0.12324881553649902,0.0,0.0,0.0,,,,,,,8,8,0.0
null_gaussian_d2,null,4,600,2,1,Calinski-Har.,9,0.09499573707580566,0.0,0.0,0.0,,,,,,,8,8,0.0
null_gaussian_d2,null,4,600,2,1,Davies-Bouldin,11,0.13686275482177734,0.0,0.0,0.0,,,,,,,10,10,0.0
null_gaussian_d2,null,4,600,2,1,Elbow (Kneedle),5,0.12842655181884766,0.0,0.0,0.0,,,,,,,4,4,0.0
null_gaussian_d2,null,4,600,2,1,Jump statistic,9,0.12016034126281738,0.0,0.0,0.0,,,,,,,8,8,0.0
null_gaussian_d2,null,4,600,2,1,Gap statistic,2,0.40526843070983887,0.0,0.0,0.0,,,,,,,1,1,0.0
null_gaussian_d2,null,4,600,2,1,X-means,2,0.014576196670532227,0.0,0.0,0.0,,,,,,,1,1,0.0
null_gaussian_d2,null,4,600,2,1,G-means,1,0.004167079925537109,1.0,1.0,1.0,,,,,,,0,0,1.0
null_gaussian_d2,null,4,600,2,1,dip-means,1,0.014018774032592773,1.0,1.0,1.0,,,,,,,0,0,1.0
null_gaussian_d2,null,4,600,2,1,ISODATA,7,0.02064967155456543,0.0,0.0,0.0,,,,,,,6,6,0.0
null_gaussian_d2,null,4,600,2,1,MDL split/merge,1,0.0021605491638183594,1.0,1.0,1.0,,,,,,,0,0,1.0
null_gaussian_d2,null,4,600,2,1,GMM+BIC,2,0.20060443878173828,0.0,0.0,0.0,,,,,,,1,1,0.0
null_gaussian_d2,null,4,600,2,1,GMM+ICL,2,0.19187331199645996,0.0,0.0,0.0,,,,,,,1,1,0.0
null_gaussian_d2,null,4,600,2,1,HDBSCAN,2,0.003922939300537109,0.0,0.0,0.0,,,,,,,1,1,0.0
null_gaussian_d2,null,4,600,2,1,Bisecting+Sil.,2,0.0989542007446289,0.0,0.0,0.0,,,,,,,1,1,0.0
null_gaussian_d2,null,5,600,2,1,ORACLE k-means(k*),1,0.0024442672729492188,1.0,1.0,1.0,,,,,,,0,0,1.0
null_gaussian_d2,null,5,600,2,1,CDK (proposed),1,3.3847334384918213,1.0,1.0,1.0,1.0,2.0,42.0,16.0,0.2857142857142857,0.07250000000000001,0,0,1.0
null_gaussian_d2,null,5,600,2,1,CDK / Gaussian null,1,4.675623416900635,1.0,1.0,1.0,1.0,6.0,42.0,16.0,0.40476190476190477,0.02,0,0,1.0
null_gaussian_d2,null,5,600,2,1,CDK / AD statistic,1,3.716933012008667,1.0,1.0,1.0,1.0,2.0,42.0,16.0,0.19047619047619047,0.26794871794871794,0,0,1.0
null_gaussian_d2,null,5,600,2,1,CDK / no multiplicity corr.,2,2.951979160308838,0.0,0.0,0.0,1.0,4.0,42.0,16.0,0.5,0.07250000000000001,1,1,0.0
null_gaussian_d2,null,5,600,2,1,CDK / n_min=15,1,3.645848035812378,1.0,1.0,1.0,1.0,1.0,65.0,25.0,0.26153846153846155,0.25806451612903225,0,0,1.0
null_gaussian_d2,null,5,600,2,1,CDK / n_min=40,1,1.5464954376220703,1.0,1.0,1.0,1.0,1.0,13.0,6.0,0.46153846153846156,0.085,0,0,1.0
null_gaussian_d2,null,5,600,2,1,Silhouette,6,0.1409132480621338,0.0,0.0,0.0,,,,,,,5,5,0.0
null_gaussian_d2,null,5,600,2,1,Calinski-Har.,6,0.10285019874572754,0.0,0.0,0.0,,,,,,,5,5,0.0
null_gaussian_d2,null,5,600,2,1,Davies-Bouldin,6,0.10732197761535645,0.0,0.0,0.0,,,,,,,5,5,0.0
null_gaussian_d2,null,5,600,2,1,Elbow (Kneedle),6,0.09158134460449219,0.0,0.0,0.0,,,,,,,5,5,0.0
null_gaussian_d2,null,5,600,2,1,Jump statistic,6,0.09464168548583984,0.0,0.0,0.0,,,,,,,5,5,0.0
null_gaussian_d2,null,5,600,2,1,Gap statistic,2,0.3192861080169678,0.0,0.0,0.0,,,,,,,1,1,0.0
null_gaussian_d2,null,5,600,2,1,X-means,2,0.012395381927490234,0.0,0.0,0.0,,,,,,,1,1,0.0
null_gaussian_d2,null,5,600,2,1,G-means,1,0.003453969955444336,1.0,1.0,1.0,,,,,,,0,0,1.0
null_gaussian_d2,null,5,600,2,1,dip-means,1,0.011446475982666016,1.0,1.0,1.0,,,,,,,0,0,1.0
null_gaussian_d2,null,5,600,2,1,ISODATA,7,0.015781641006469727,0.0,0.0,0.0,,,,,,,6,6,0.0
null_gaussian_d2,null,5,600,2,1,MDL split/merge,1,0.0017940998077392578,1.0,1.0,1.0,,,,,,,0,0,1.0
null_gaussian_d2,null,5,600,2,1,GMM+BIC,2,0.15939831733703613,0.0,0.0,0.0,,,,,,,1,1,0.0
null_gaussian_d2,null,5,600,2,1,GMM+ICL,2,0.1629955768585205,0.0,0.0,0.0,,,,,,,1,1,0.0
null_gaussian_d2,null,5,600,2,1,HDBSCAN,3,0.0034775733947753906,0.0,0.0,0.0,,,,,,,2,2,0.0
null_gaussian_d2,null,5,600,2,1,Bisecting+Sil.,2,0.08317255973815918,0.0,0.0,0.0,,,,,,,1,1,0.0
null_gaussian_d2,null,6,600,2,1,ORACLE k-means(k*),1,0.0023865699768066406,1.0,1.0,1.0,,,,,,,0,0,1.0
null_gaussian_d2,null,6,600,2,1,CDK (proposed),1,2.78952956199646,1.0,1.0,1.0,1.0,1.0,40.0,15.0,0.3,0.24384615384615385,0,0,1.0
null_gaussian_d2,null,6,600,2,1,CDK / Gaussian null,1,4.633509397506714,1.0,1.0,1.0,1.0,3.0,40.0,15.0,0.525,0.01,0,0,1.0
null_gaussian_d2,null,6,600,2,1,CDK / AD statistic,1,4.156617879867554,1.0,1.0,1.0,1.0,1.0,40.0,15.0,0.175,0.34615384615384615,0,0,1.0
null_gaussian_d2,null,6,600,2,1,CDK / no multiplicity corr.,1,2.86387300491333,1.0,1.0,1.0,1.0,3.0,40.0,15.0,0.425,0.24384615384615385,0,0,1.0
null_gaussian_d2,null,6,600,2,1,CDK / n_min=15,1,3.7524564266204834,1.0,1.0,1.0,1.0,1.0,56.0,21.0,0.17857142857142858,0.1975,0,0,1.0
null_gaussian_d2,null,6,600,2,1,CDK / n_min=40,1,1.891467809677124,1.0,1.0,1.0,1.0,1.0,22.0,9.0,0.4090909090909091,0.3687002652519894,0,0,1.0
null_gaussian_d2,null,6,600,2,1,Silhouette,3,0.14137721061706543,0.0,0.0,0.0,,,,,,,2,2,0.0
null_gaussian_d2,null,6,600,2,1,Calinski-Har.,4,0.1145176887512207,0.0,0.0,0.0,,,,,,,3,3,0.0
null_gaussian_d2,null,6,600,2,1,Davies-Bouldin,11,0.12775516510009766,0.0,0.0,0.0,,,,,,,10,10,0.0
null_gaussian_d2,null,6,600,2,1,Elbow (Kneedle),5,0.11286067962646484,0.0,0.0,0.0,,,,,,,4,4,0.0
null_gaussian_d2,null,6,600,2,1,Jump statistic,10,0.11731123924255371,0.0,0.0,0.0,,,,,,,9,9,0.0
null_gaussian_d2,null,6,600,2,1,Gap statistic,2,0.4121692180633545,0.0,0.0,0.0,,,,,,,1,1,0.0
null_gaussian_d2,null,6,600,2,1,X-means,2,0.017377853393554688,0.0,0.0,0.0,,,,,,,1,1,0.0
null_gaussian_d2,null,6,600,2,1,G-means,1,0.003627300262451172,1.0,1.0,1.0,,,,,,,0,0,1.0
null_gaussian_d2,null,6,600,2,1,dip-means,1,0.014819145202636719,1.0,1.0,1.0,,,,,,,0,0,1.0
null_gaussian_d2,null,6,600,2,1,ISODATA,7,0.02182626724243164,0.0,0.0,0.0,,,,,,,6,6,0.0
null_gaussian_d2,null,6,600,2,1,MDL split/merge,1,0.002255678176879883,1.0,1.0,1.0,,,,,,,0,0,1.0
null_gaussian_d2,null,6,600,2,1,GMM+BIC,2,0.21395397186279297,0.0,0.0,0.0,,,,,,,1,1,0.0
null_gaussian_d2,null,6,600,2,1,GMM+ICL,2,0.23076319694519043,0.0,0.0,0.0,,,,,,,1,1,0.0
null_gaussian_d2,null,6,600,2,1,HDBSCAN,2,0.0042133331298828125,0.0,0.0,0.0,,,,,,,1,1,0.0
null_gaussian_d2,null,6,600,2,1,Bisecting+Sil.,2,0.10771679878234863,0.0,0.0,0.0,,,,,,,1,1,0.0
null_gaussian_d2,null,7,600,2,1,ORACLE k-means(k*),1,0.0018100738525390625,1.0,1.0,1.0,,,,,,,0,0,1.0
null_gaussian_d2,null,7,600,2,1,CDK (proposed),1,2.8501789569854736,1.0,1.0,1.0,1.0,2.0,43.0,16.0,0.3023255813953488,0.12,0,0,1.0
null_gaussian_d2,null,7,600,2,1,CDK / Gaussian null,2,4.15781307220459,0.0,0.0,0.0,1.0,7.0,43.0,16.0,0.37209302325581395,0.035,1,1,0.0
null_gaussian_d2,null,7,600,2,1,CDK / AD statistic,1,3.018509864807129,1.0,1.0,1.0,1.0,1.0,43.0,16.0,0.27906976744186046,0.4230769230769231,0,0,1.0
null_gaussian_d2,null,7,600,2,1,CDK / no multiplicity corr.,2,2.693265914916992,0.0,0.0,0.0,1.0,6.0,43.0,16.0,0.4418604651162791,0.12,1,1,0.0
null_gaussian_d2,null,7,600,2,1,CDK / n_min=15,1,3.456700325012207,1.0,1.0,1.0,1.0,1.0,65.0,25.0,0.2153846153846154,0.095,0,0,1.0
null_gaussian_d2,null,7,600,2,1,CDK / n_min=40,1,1.6834781169891357,1.0,1.0,1.0,1.0,1.0,19.0,8.0,0.3684210526315789,0.16,0,0,1.0
null_gaussian_d2,null,7,600,2,1,Silhouette,3,0.11873841285705566,0.0,0.0,0.0,,,,,,,2,2,0.0
null_gaussian_d2,null,7,600,2,1,Calinski-Har.,6,0.08846497535705566,0.0,0.0,0.0,,,,,,,5,5,0.0
null_gaussian_d2,null,7,600,2,1,Davies-Bouldin,10,0.1029508113861084,0.0,0.0,0.0,,,,,,,9,9,0.0
null_gaussian_d2,null,7,600,2,1,Elbow (Kneedle),5,0.09353852272033691,0.0,0.0,0.0,,,,,,,4,4,0.0
null_gaussian_d2,null,7,600,2,1,Jump statistic,6,0.0957326889038086,0.0,0.0,0.0,,,,,,,5,5,0.0
null_gaussian_d2,null,7,600,2,1,Gap statistic,2,0.3142108917236328,0.0,0.0,0.0,,,,,,,1,1,0.0
null_gaussian_d2,null,7,600,2,1,X-means,2,0.012337446212768555,0.0,0.0,0.0,,,,,,,1,1,0.0
null_gaussian_d2,null,7,600,2,1,G-means,1,0.0034470558166503906,1.0,1.0,1.0,,,,,,,0,0,1.0
null_gaussian_d2,null,7,600,2,1,dip-means,1,0.011625051498413086,1.0,1.0,1.0,,,,,,,0,0,1.0
null_gaussian_d2,null,7,600,2,1,ISODATA,7,0.016300201416015625,0.0,0.0,0.0,,,,,,,6,6,0.0
null_gaussian_d2,null,7,600,2,1,MDL split/merge,1,0.0019452571868896484,1.0,1.0,1.0,,,,,,,0,0,1.0
null_gaussian_d2,null,7,600,2,1,GMM+BIC,2,0.16600775718688965,0.0,0.0,0.0,,,,,,,1,1,0.0
null_gaussian_d2,null,7,600,2,1,GMM+ICL,2,0.18061208724975586,0.0,0.0,0.0,,,,,,,1,1,0.0
null_gaussian_d2,null,7,600,2,1,HDBSCAN,2,0.003577709197998047,0.0,0.0,0.0,,,,,,,1,1,0.0
null_gaussian_d2,null,7,600,2,1,Bisecting+Sil.,2,0.0870974063873291,0.0,0.0,0.0,,,,,,,1,1,0.0
null_gaussian_d2,null,9,600,2,1,ORACLE k-means(k*),1,0.001909494400024414,1.0,1.0,1.0,,,,,,,0,0,1.0
null_gaussian_d2,null,9,600,2,1,CDK (proposed),1,2.0707783699035645,1.0,1.0,1.0,1.0,1.0,35.0,14.0,0.22857142857142856,0.2692307692307692,0,0,1.0
null_gaussian_d2,null,9,600,2,1,CDK / Gaussian null,1,3.2620620727539062,1.0,1.0,1.0,1.0,3.0,35.0,14.0,0.2857142857142857,0.05,0,0,1.0
null_gaussian_d2,null,9,600,2,1,CDK / AD statistic,1,2.2538681030273438,1.0,1.0,1.0,1.0,1.0,35.0,14.0,0.2,0.5,0,0,1.0
null_gaussian_d2,null,9,600,2,1,CDK / no multiplicity corr.,1,2.0125529766082764,1.0,1.0,1.0,1.0,2.0,35.0,14.0,0.37142857142857144,0.2692307692307692,0,0,1.0
null_gaussian_d2,null,9,600,2,1,CDK / n_min=15,1,3.4612748622894287,1.0,1.0,1.0,1.0,2.0,63.0,23.0,0.25396825396825395,0.14,0,0,1.0
null_gaussian_d2,null,9,600,2,1,CDK / n_min=40,1,1.8967678546905518,1.0,1.0,1.0,1.0,1.0,22.0,9.0,0.36363636363636365,0.13,0,0,1.0
null_gaussian_d2,null,9,600,2,1,Silhouette,3,0.12109136581420898,0.0,0.0,0.0,,,,,,,2,2,0.0
null_gaussian_d2,null,9,600,2,1,Calinski-Har.,6,0.09529352188110352,0.0,0.0,0.0,,,,,,,5,5,0.0
null_gaussian_d2,null,9,600,2,1,Davies-Bouldin,7,0.10919690132141113,0.0,0.0,0.0,,,,,,,6,6,0.0
null_gaussian_d2,null,9,600,2,1,Elbow (Kneedle),6,0.12337493896484375,0.0,0.0,0.0,,,,,,,5,5,0.0
null_gaussian_d2,null,9,600,2,1,Jump statistic,6,0.11697101593017578,0.0,0.0,0.0,,,,,,,5,5,0.0
null_gaussian_d2,null,9,600,2,1,Gap statistic,2,0.36914777755737305,0.0,0.0,0.0,,,,,,,1,1,0.0
null_gaussian_d2,null,9,600,2,1,X-means,2,0.01424717903137207,0.0,0.0,0.0,,,,,,,1,1,0.0
null_gaussian_d2,null,9,600,2,1,G-means,1,0.003763914108276367,1.0,1.0,1.0,,,,,,,0,0,1.0
null_gaussian_d2,null,9,600,2,1,dip-means,1,0.013154268264770508,1.0,1.0,1.0,,,,,,,0,0,1.0
null_gaussian_d2,null,9,600,2,1,ISODATA,7,0.021061420440673828,0.0,0.0,0.0,,,,,,,6,6,0.0
null_gaussian_d2,null,9,600,2,1,MDL split/merge,1,0.0019817352294921875,1.0,1.0,1.0,,,,,,,0,0,1.0
null_gaussian_d2,null,9,600,2,1,GMM+BIC,2,0.2381138801574707,0.0,0.0,0.0,,,,,,,1,1,0.0
null_gaussian_d2,null,9,600,2,1,GMM+ICL,2,0.2345430850982666,0.0,0.0,0.0,,,,,,,1,1,0.0
null_gaussian_d2,null,9,600,2,1,HDBSCAN,2,0.004261970520019531,0.0,0.0,0.0,,,,,,,1,1,0.0
null_gaussian_d2,null,9,600,2,1,Bisecting+Sil.,2,0.10377740859985352,0.0,0.0,0.0,,,,,,,1,1,0.0
null_gaussian_d2,null,8,600,2,1,ORACLE k-means(k*),1,0.001956939697265625,1.0,1.0,1.0,,,,,,,0,0,1.0
null_gaussian_d2,null,8,600,2,1,CDK (proposed),1,2.949162721633911,1.0,1.0,1.0,1.0,2.0,40.0,16.0,0.3,0.1375,0,0,1.0
null_gaussian_d2,null,8,600,2,1,CDK / Gaussian null,1,4.485476732254028,1.0,1.0,1.0,1.0,5.0,40.0,16.0,0.275,0.0275,0,0,1.0
null_gaussian_d2,null,8,600,2,1,CDK / AD statistic,1,3.3512754440307617,1.0,1.0,1.0,1.0,1.0,40.0,16.0,0.075,0.38461538461538464,0,0,1.0
null_gaussian_d2,null,8,600,2,1,CDK / no multiplicity corr.,1,2.92177152633667,1.0,1.0,1.0,1.0,4.0,40.0,16.0,0.4,0.1375,0,0,1.0
null_gaussian_d2,null,8,600,2,1,CDK / n_min=15,1,3.319838523864746,1.0,1.0,1.0,1.0,1.0,60.0,24.0,0.18333333333333332,0.25677655677655675,0,0,1.0
null_gaussian_d2,null,8,600,2,1,CDK / n_min=40,1,1.7601590156555176,1.0,1.0,1.0,1.0,1.0,20.0,8.0,0.45,0.3076923076923077,0,0,1.0
null_gaussian_d2,null,8,600,2,1,Silhouette,3,0.16540193557739258,0.0,0.0,0.0,,,,,,,2,2,0.0
null_gaussian_d2,null,8,600,2,1,Calinski-Har.,6,0.12477540969848633,0.0,0.0,0.0,,,,,,,5,5,0.0
null_gaussian_d2,null,8,600,2,1,Davies-Bouldin,12,0.13681745529174805,0.0,0.0,0.0,,,,,,,11,11,0.0
null_gaussian_d2,null,8,600,2,1,Elbow (Kneedle),5,0.12561559677124023,0.0,0.0,0.0,,,,,,,4,4,0.0
null_gaussian_d2,null,8,600,2,1,Jump statistic,3,0.12176203727722168,0.0,0.0,0.0,,,,,,,2,2,0.0
null_gaussian_d2,null,8,600,2,1,Gap statistic,3,0.3750641345977783,0.0,0.0,0.0,,,,,,,2,2,0.0
null_gaussian_d2,null,8,600,2,1,X-means,2,0.012824535369873047,0.0,0.0,0.0,,,,,,,1,1,0.0
null_gaussian_d2,null,8,600,2,1,G-means,1,0.0037190914154052734,1.0,1.0,1.0,,,,,,,0,0,1.0
null_gaussian_d2,null,8,600,2,1,dip-means,1,0.01298832893371582,1.0,1.0,1.0,,,,,,,0,0,1.0
null_gaussian_d2,null,8,600,2,1,ISODATA,7,0.01838994026184082,0.0,0.0,0.0,,,,,,,6,6,0.0
null_gaussian_d2,null,8,600,2,1,MDL split/merge,1,0.0020754337310791016,1.0,1.0,1.0,,,,,,,0,0,1.0
null_gaussian_d2,null,8,600,2,1,GMM+BIC,2,0.21622562408447266,0.0,0.0,0.0,,,,,,,1,1,0.0
null_gaussian_d2,null,8,600,2,1,GMM+ICL,2,0.22759246826171875,0.0,0.0,0.0,,,,,,,1,1,0.0
null_gaussian_d2,null,8,600,2,1,HDBSCAN,2,0.004250526428222656,0.0,0.0,0.0,,,,,,,1,1,0.0
null_gaussian_d2,null,8,600,2,1,Bisecting+Sil.,2,0.10226607322692871,0.0,0.0,0.0,,,,,,,1,1,0.0
null_gaussian_d10,null,0,600,10,1,ORACLE k-means(k*),1,0.0024504661560058594,1.0,1.0,1.0,,,,,,,0,0,1.0
null_gaussian_d10,null,0,600,10,1,CDK (proposed),1,2.1652824878692627,1.0,1.0,1.0,1.0,1.0,33.0,14.0,0.06060606060606061,0.5769230769230769,0,0,1.0
null_gaussian_d10,null,0,600,10,1,CDK / Gaussian null,1,1.3281328678131104,1.0,1.0,1.0,1.0,1.0,33.0,14.0,0.0,0.4230769230769231,0,0,1.0
null_gaussian_d10,null,0,600,10,1,CDK / AD statistic,1,1.5249698162078857,1.0,1.0,1.0,1.0,1.0,33.0,14.0,0.0,0.6923076923076923,0,0,1.0
null_gaussian_d10,null,0,600,10,1,CDK / no multiplicity corr.,1,2.0522172451019287,1.0,1.0,1.0,1.0,1.0,33.0,14.0,0.09090909090909091,0.5769230769230769,0,0,1.0
null_gaussian_d10,null,0,600,10,1,CDK / n_min=15,1,1.347836971282959,1.0,1.0,1.0,1.0,1.0,51.0,22.0,0.0196078431372549,0.7307692307692307,0,0,1.0
null_gaussian_d10,null,0,600,10,1,CDK / n_min=40,1,2.0156939029693604,1.0,1.0,1.0,1.0,1.0,20.0,9.0,0.1,0.40384615384615385,0,0,1.0
null_gaussian_d10,null,0,600,10,1,Silhouette,12,0.15724444389343262,0.0,0.0,0.0,,,,,,,11,11,0.0
null_gaussian_d10,null,0,600,10,1,Calinski-Har.,2,0.11943697929382324,0.0,0.0,0.0,,,,,,,1,1,0.0
null_gaussian_d10,null,0,600,10,1,Davies-Bouldin,12,0.13219904899597168,0.0,0.0,0.0,,,,,,,11,11,0.0
null_gaussian_d10,null,0,600,10,1,Elbow (Kneedle),5,0.12674617767333984,0.0,0.0,0.0,,,,,,,4,4,0.0
null_gaussian_d10,null,0,600,10,1,Jump statistic,12,0.12863373756408691,0.0,0.0,0.0,,,,,,,11,11,0.0
null_gaussian_d10,null,0,600,10,1,Gap statistic,2,0.41930651664733887,0.0,0.0,0.0,,,,,,,1,1,0.0
null_gaussian_d10,null,0,600,10,1,X-means,2,0.01680755615234375,0.0,0.0,0.0,,,,,,,1,1,0.0
null_gaussian_d10,null,0,600,10,1,G-means,1,0.0073909759521484375,1.0,1.0,1.0,,,,,,,0,0,1.0
null_gaussian_d10,null,0,600,10,1,dip-means,1,0.011818885803222656,1.0,1.0,1.0,,,,,,,0,0,1.0
null_gaussian_d10,null,0,600,10,1,ISODATA,12,0.021979331970214844,0.0,0.0,0.0,,,,,,,11,11,0.0
null_gaussian_d10,null,0,600,10,1,MDL split/merge,1,0.0021703243255615234,1.0,1.0,1.0,,,,,,,0,0,1.0
null_gaussian_d10,null,0,600,10,1,GMM+BIC,2,0.6732957363128662,0.0,0.0,0.0,,,,,,,1,1,0.0
null_gaussian_d10,null,0,600,10,1,GMM+ICL,2,0.8091187477111816,0.0,0.0,0.0,,,,,,,1,1,0.0
null_gaussian_d10,null,0,600,10,1,HDBSCAN,1,0.0064470767974853516,1.0,1.0,1.0,,,,,,,0,0,1.0
null_gaussian_d10,null,0,600,10,1,Bisecting+Sil.,2,0.12012863159179688,0.0,0.0,0.0,,,,,,,1,1,0.0
null_gaussian_d10,null,1,600,10,1,ORACLE k-means(k*),1,0.002427816390991211,1.0,1.0,1.0,,,,,,,0,0,1.0
null_gaussian_d10,null,1,600,10,1,CDK (proposed),1,2.629988431930542,1.0,1.0,1.0,1.0,1.0,39.0,15.0,0.0,0.46153846153846156,0,0,1.0
null_gaussian_d10,null,1,600,10,1,CDK / Gaussian null,1,1.8939111232757568,1.0,1.0,1.0,1.0,1.0,39.0,15.0,0.0,0.4230769230769231,0,0,1.0
null_gaussian_d10,null,1,600,10,1,CDK / AD statistic,1,2.1016602516174316,1.0,1.0,1.0,1.0,1.0,39.0,15.0,0.0,0.6923076923076923,0,0,1.0
null_gaussian_d10,null,1,600,10,1,CDK / no multiplicity corr.,1,2.554332971572876,1.0,1.0,1.0,1.0,1.0,39.0,15.0,0.1282051282051282,0.46153846153846156,0,0,1.0
null_gaussian_d10,null,1,600,10,1,CDK / n_min=15,1,1.4309349060058594,1.0,1.0,1.0,1.0,1.0,59.0,24.0,0.0,0.6923076923076923,0,0,1.0
null_gaussian_d10,null,1,600,10,1,CDK / n_min=40,1,2.195254325866699,1.0,1.0,1.0,1.0,1.0,17.0,8.0,0.23529411764705882,0.38461538461538464,0,0,1.0
null_gaussian_d10,null,1,600,10,1,Silhouette,12,0.18036890029907227,0.0,0.0,0.0,,,,,,,11,11,0.0
null_gaussian_d10,null,1,600,10,1,Calinski-Har.,2,0.1380615234375,0.0,0.0,0.0,,,,,,,1,1,0.0
null_gaussian_d10,null,1,600,10,1,Davies-Bouldin,12,0.17279577255249023,0.0,0.0,0.0,,,,,,,11,11,0.0
null_gaussian_d10,null,1,600,10,1,Elbow (Kneedle),6,0.15837860107421875,0.0,0.0,0.0,,,,,,,5,5,0.0
null_gaussian_d10,null,1,600,10,1,Jump statistic,9,0.15783095359802246,0.0,0.0,0.0,,,,,,,8,8,0.0
null_gaussian_d10,null,1,600,10,1,Gap statistic,2,0.47707152366638184,0.0,0.0,0.0,,,,,,,1,1,0.0
null_gaussian_d10,null,1,600,10,1,X-means,2,0.025021076202392578,0.0,0.0,0.0,,,,,,,1,1,0.0
null_gaussian_d10,null,1,600,10,1,G-means,1,0.005992412567138672,1.0,1.0,1.0,,,,,,,0,0,1.0
null_gaussian_d10,null,1,600,10,1,dip-means,1,0.014767885208129883,1.0,1.0,1.0,,,,,,,0,0,1.0
null_gaussian_d10,null,1,600,10,1,ISODATA,12,0.02802729606628418,0.0,0.0,0.0,,,,,,,11,11,0.0
null_gaussian_d10,null,1,600,10,1,MDL split/merge,1,0.003612041473388672,1.0,1.0,1.0,,,,,,,0,0,1.0
null_gaussian_d10,null,1,600,10,1,GMM+BIC,2,0.6996307373046875,0.0,0.0,0.0,,,,,,,1,1,0.0
null_gaussian_d10,null,1,600,10,1,GMM+ICL,2,0.5762066841125488,0.0,0.0,0.0,,,,,,,1,1,0.0
null_gaussian_d10,null,1,600,10,1,HDBSCAN,1,0.00570368766784668,1.0,1.0,1.0,,,,,,,0,0,1.0
null_gaussian_d10,null,1,600,10,1,Bisecting+Sil.,2,0.10288262367248535,0.0,0.0,0.0,,,,,,,1,1,0.0
null_gaussian_d10,null,2,600,10,1,ORACLE k-means(k*),1,0.0025746822357177734,1.0,1.0,1.0,,,,,,,0,0,1.0
null_gaussian_d10,null,2,600,10,1,CDK (proposed),1,2.175360918045044,1.0,1.0,1.0,1.0,1.0,36.0,15.0,0.027777777777777776,0.5384615384615384,0,0,1.0
null_gaussian_d10,null,2,600,10,1,CDK / Gaussian null,1,1.6035046577453613,1.0,1.0,1.0,1.0,1.0,36.0,15.0,0.0,0.46153846153846156,0,0,1.0
null_gaussian_d10,null,2,600,10,1,CDK / AD statistic,1,2.3396522998809814,1.0,1.0,1.0,1.0,1.0,36.0,15.0,0.027777777777777776,0.6346153846153846,0,0,1.0
null_gaussian_d10,null,2,600,10,1,CDK / no multiplicity corr.,1,1.9990034103393555,1.0,1.0,1.0,1.0,1.0,36.0,15.0,0.1111111111111111,0.5384615384615384,0,0,1.0
null_gaussian_d10,null,2,600,10,1,CDK / n_min=15,1,1.4136912822723389,1.0,1.0,1.0,1.0,1.0,58.0,24.0,0.017241379310344827,0.7884615384615385,0,0,1.0
null_gaussian_d10,null,2,600,10,1,CDK / n_min=40,1,1.5890915393829346,1.0,1.0,1.0,1.0,1.0,23.0,10.0,0.13043478260869565,0.4230769230769231,0,0,1.0
null_gaussian_d10,null,2,600,10,1,Silhouette,12,0.1676182746887207,0.0,0.0,0.0,,,,,,,11,11,0.0
null_gaussian_d10,null,2,600,10,1,Calinski-Har.,2,0.12639117240905762,0.0,0.0,0.0,,,,,,,1,1,0.0
null_gaussian_d10,null,2,600,10,1,Davies-Bouldin,12,0.13585710525512695,0.0,0.0,0.0,,,,,,,11,11,0.0
null_gaussian_d10,null,2,600,10,1,Elbow (Kneedle),7,0.12303781509399414,0.0,0.0,0.0,,,,,,,6,6,0.0
null_gaussian_d10,null,2,600,10,1,Jump statistic,10,0.12582731246948242,0.0,0.0,0.0,,,,,,,9,9,0.0
null_gaussian_d10,null,2,600,10,1,Gap statistic,2,0.44568371772766113,0.0,0.0,0.0,,,,,,,1,1,0.0
null_gaussian_d10,null,2,600,10,1,X-means,2,0.023325443267822266,0.0,0.0,0.0,,,,,,,1,1,0.0
null_gaussian_d10,null,2,600,10,1,G-means,1,0.005126237869262695,1.0,1.0,1.0,,,,,,,0,0,1.0
null_gaussian_d10,null,2,600,10,1,dip-means,1,0.01322627067565918,1.0,1.0,1.0,,,,,,,0,0,1.0
null_gaussian_d10,null,2,600,10,1,ISODATA,12,0.02413773536682129,0.0,0.0,0.0,,,,,,,11,11,0.0
null_gaussian_d10,null,2,600,10,1,MDL split/merge,1,0.0038852691650390625,1.0,1.0,1.0,,,,,,,0,0,1.0
null_gaussian_d10,null,2,600,10,1,GMM+BIC,2,0.6931233406066895,0.0,0.0,0.0,,,,,,,1,1,0.0
null_gaussian_d10,null,2,600,10,1,GMM+ICL,2,0.6380124092102051,0.0,0.0,0.0,,,,,,,1,1,0.0
null_gaussian_d10,null,2,600,10,1,HDBSCAN,1,0.005710601806640625,1.0,1.0,1.0,,,,,,,0,0,1.0
null_gaussian_d10,null,2,600,10,1,Bisecting+Sil.,2,0.10472726821899414,0.0,0.0,0.0,,,,,,,1,1,0.0
null_gaussian_d10,null,3,600,10,1,ORACLE k-means(k*),1,0.0018835067749023438,1.0,1.0,1.0,,,,,,,0,0,1.0
null_gaussian_d10,null,3,600,10,1,CDK (proposed),1,1.9939370155334473,1.0,1.0,1.0,1.0,1.0,38.0,16.0,0.10526315789473684,0.6923076923076923,0,0,1.0
null_gaussian_d10,null,3,600,10,1,CDK / Gaussian null,1,1.242600917816162,1.0,1.0,1.0,1.0,1.0,38.0,16.0,0.0,0.5576923076923077,0,0,1.0
null_gaussian_d10,null,3,600,10,1,CDK / AD statistic,1,2.1359145641326904,1.0,1.0,1.0,1.0,1.0,38.0,16.0,0.0,0.7307692307692307,0,0,1.0
null_gaussian_d10,null,3,600,10,1,CDK / no multiplicity corr.,1,2.4155356884002686,1.0,1.0,1.0,1.0,1.0,38.0,16.0,0.13157894736842105,0.6923076923076923,0,0,1.0
null_gaussian_d10,null,3,600,10,1,CDK / n_min=15,1,1.8477790355682373,1.0,1.0,1.0,1.0,1.0,57.0,24.0,0.03508771929824561,0.7692307692307693,0,0,1.0
null_gaussian_d10,null,3,600,10,1,CDK / n_min=40,1,2.190239667892456,1.0,1.0,1.0,1.0,1.0,17.0,8.0,0.23529411764705882,0.245,0,0,1.0
null_gaussian_d10,null,3,600,10,1,Silhouette,10,0.15169978141784668,0.0,0.0,0.0,,,,,,,9,9,0.0
null_gaussian_d10,null,3,600,10,1,Calinski-Har.,2,0.12100100517272949,0.0,0.0,0.0,,,,,,,1,1,0.0
null_gaussian_d10,null,3,600,10,1,Davies-Bouldin,11,0.14499831199645996,0.0,0.0,0.0,,,,,,,10,10,0.0
null_gaussian_d10,null,3,600,10,1,Elbow (Kneedle),6,0.14332175254821777,0.0,0.0,0.0,,,,,,,5,5,0.0
null_gaussian_d10,null,3,600,10,1,Jump statistic,10,0.13294720649719238,0.0,0.0,0.0,,,,,,,9,9,0.0
null_gaussian_d10,null,3,600,10,1,Gap statistic,2,0.4302339553833008,0.0,0.0,0.0,,,,,,,1,1,0.0
null_gaussian_d10,null,3,600,10,1,X-means,2,0.015494108200073242,0.0,0.0,0.0,,,,,,,1,1,0.0
null_gaussian_d10,null,3,600,10,1,G-means,1,0.004565715789794922,1.0,1.0,1.0,,,,,,,0,0,1.0
null_gaussian_d10,null,3,600,10,1,dip-means,1,0.011657238006591797,1.0,1.0,1.0,,,,,,,0,0,1.0
null_gaussian_d10,null,3,600,10,1,ISODATA,12,0.022645950317382812,0.0,0.0,0.0,,,,,,,11,11,0.0
null_gaussian_d10,null,3,600,10,1,MDL split/merge,1,0.0025398731231689453,1.0,1.0,1.0,,,,,,,0,0,1.0
null_gaussian_d10,null,3,600,10,1,GMM+BIC,2,0.6283862590789795,0.0,0.0,0.0,,,,,,,1,1,0.0
null_gaussian_d10,null,3,600,10,1,GMM+ICL,2,0.6002545356750488,0.0,0.0,0.0,,,,,,,1,1,0.0
null_gaussian_d10,null,3,600,10,1,HDBSCAN,1,0.00577998161315918,1.0,1.0,1.0,,,,,,,0,0,1.0
null_gaussian_d10,null,3,600,10,1,Bisecting+Sil.,2,0.10470199584960938,0.0,0.0,0.0,,,,,,,1,1,0.0
null_gaussian_d10,null,4,600,10,1,ORACLE k-means(k*),1,0.0020904541015625,1.0,1.0,1.0,,,,,,,0,0,1.0
null_gaussian_d10,null,4,600,10,1,CDK (proposed),1,2.019057512283325,1.0,1.0,1.0,1.0,1.0,32.0,13.0,0.0,0.7307692307692307,0,0,1.0
null_gaussian_d10,null,4,600,10,1,CDK / Gaussian null,1,2.014177083969116,1.0,1.0,1.0,1.0,1.0,32.0,13.0,0.0,0.46153846153846156,0,0,1.0
null_gaussian_d10,null,4,600,10,1,CDK / AD statistic,1,1.715378999710083,1.0,1.0,1.0,1.0,1.0,32.0,13.0,0.0,0.4807692307692308,0,0,1.0
null_gaussian_d10,null,4,600,10,1,CDK / no multiplicity corr.,1,2.253558397293091,1.0,1.0,1.0,1.0,1.0,32.0,13.0,0.09375,0.7307692307692307,0,0,1.0
null_gaussian_d10,null,4,600,10,1,CDK / n_min=15,1,1.3410556316375732,1.0,1.0,1.0,1.0,1.0,57.0,24.0,0.0,0.6923076923076923,0,0,1.0
null_gaussian_d10,null,4,600,10,1,CDK / n_min=40,1,2.0014564990997314,1.0,1.0,1.0,1.0,1.0,21.0,9.0,0.14285714285714285,0.46153846153846156,0,0,1.0
null_gaussian_d10,null,4,600,10,1,Silhouette,2,0.14722824096679688,0.0,0.0,0.0,,,,,,,1,1,0.0
null_gaussian_d10,null,4,600,10,1,Calinski-Har.,2,0.11979985237121582,0.0,0.0,0.0,,,,,,,1,1,0.0
null_gaussian_d10,null,4,600,10,1,Davies-Bouldin,12,0.12952566146850586,0.0,0.0,0.0,,,,,,,11,11,0.0
null_gaussian_d10,null,4,600,10,1,Elbow (Kneedle),6,0.1264965534210205,0.0,0.0,0.0,,,,,,,5,5,0.0
null_gaussian_d10,null,4,600,10,1,Jump statistic,10,0.12209463119506836,0.0,0.0,0.0,,,,,,,9,9,0.0
null_gaussian_d10,null,4,600,10,1,Gap statistic,2,0.4087653160095215,0.0,0.0,0.0,,,,,,,1,1,0.0
null_gaussian_d10,null,4,600,10,1,X-means,2,0.016263246536254883,0.0,0.0,0.0,,,,,,,1,1,0.0
null_gaussian_d10,null,4,600,10,1,G-means,1,0.004565000534057617,1.0,1.0,1.0,,,,,,,0,0,1.0
null_gaussian_d10,null,4,600,10,1,dip-means,1,0.011584043502807617,1.0,1.0,1.0,,,,,,,0,0,1.0
null_gaussian_d10,null,4,600,10,1,ISODATA,12,0.02135467529296875,0.0,0.0,0.0,,,,,,,11,11,0.0
null_gaussian_d10,null,4,600,10,1,MDL split/merge,1,0.0027437210083007812,1.0,1.0,1.0,,,,,,,0,0,1.0
null_gaussian_d10,null,4,600,10,1,GMM+BIC,2,0.640688419342041,0.0,0.0,0.0,,,,,,,1,1,0.0
null_gaussian_d10,null,4,600,10,1,GMM+ICL,2,0.6417303085327148,0.0,0.0,0.0,,,,,,,1,1,0.0
null_gaussian_d10,null,4,600,10,1,HDBSCAN,1,0.005639553070068359,1.0,1.0,1.0,,,,,,,0,0,1.0
null_gaussian_d10,null,4,600,10,1,Bisecting+Sil.,2,0.10070919990539551,0.0,0.0,0.0,,,,,,,1,1,0.0
null_gaussian_d10,null,5,600,10,1,ORACLE k-means(k*),1,0.0019690990447998047,1.0,1.0,1.0,,,,,,,0,0,1.0
null_gaussian_d10,null,5,600,10,1,CDK (proposed),1,1.8352138996124268,1.0,1.0,1.0,1.0,1.0,40.0,16.0,0.025,0.6923076923076923,0,0,1.0
null_gaussian_d10,null,5,600,10,1,CDK / Gaussian null,1,1.2978448867797852,1.0,1.0,1.0,1.0,1.0,40.0,16.0,0.0,0.5769230769230769,0,0,1.0
null_gaussian_d10,null,5,600,10,1,CDK / AD statistic,1,1.2171320915222168,1.0,1.0,1.0,1.0,1.0,40.0,16.0,0.0,0.6538461538461539,0,0,1.0
null_gaussian_d10,null,5,600,10,1,CDK / no multiplicity corr.,1,2.159882068634033,1.0,1.0,1.0,1.0,1.0,40.0,16.0,0.075,0.6923076923076923,0,0,1.0
null_gaussian_d10,null,5,600,10,1,CDK / n_min=15,1,1.6640360355377197,1.0,1.0,1.0,1.0,1.0,60.0,24.0,0.0,0.75,0,0,1.0
null_gaussian_d10,null,5,600,10,1,CDK / n_min=40,1,1.4156453609466553,1.0,1.0,1.0,1.0,1.0,19.0,9.0,0.10526315789473684,0.7692307692307693,0,0,1.0
null_gaussian_d10,null,5,600,10,1,Silhouette,8,0.1857459545135498,0.0,0.0,0.0,,,,,,,7,7,0.0
null_gaussian_d10,null,5,600,10,1,Calinski-Har.,2,0.1526331901550293,0.0,0.0,0.0,,,,,,,1,1,0.0
null_gaussian_d10,null,5,600,10,1,Davies-Bouldin,12,0.1520707607269287,0.0,0.0,0.0,,,,,,,11,11,0.0
null_gaussian_d10,null,5,600,10,1,Elbow (Kneedle),6,0.15529918670654297,0.0,0.0,0.0,,,,,,,5,5,0.0
null_gaussian_d10,null,5,600,10,1,Jump statistic,12,0.15960192680358887,0.0,0.0,0.0,,,,,,,11,11,0.0
null_gaussian_d10,null,5,600,10,1,Gap statistic,2,0.557546854019165,0.0,0.0,0.0,,,,,,,1,1,0.0
null_gaussian_d10,null,5,600,10,1,X-means,2,0.02098369598388672,0.0,0.0,0.0,,,,,,,1,1,0.0
null_gaussian_d10,null,5,600,10,1,G-means,1,0.004476070404052734,1.0,1.0,1.0,,,,,,,0,0,1.0
null_gaussian_d10,null,5,600,10,1,dip-means,1,0.015642404556274414,1.0,1.0,1.0,,,,,,,0,0,1.0
null_gaussian_d10,null,5,600,10,1,ISODATA,12,0.02865743637084961,0.0,0.0,0.0,,,,,,,11,11,0.0
null_gaussian_d10,null,5,600,10,1,MDL split/merge,1,0.002447843551635742,1.0,1.0,1.0,,,,,,,0,0,1.0
null_gaussian_d10,null,5,600,10,1,GMM+BIC,2,0.7509927749633789,0.0,0.0,0.0,,,,,,,1,1,0.0
null_gaussian_d10,null,5,600,10,1,GMM+ICL,2,0.7119264602661133,0.0,0.0,0.0,,,,,,,1,1,0.0
null_gaussian_d10,null,5,600,10,1,HDBSCAN,1,0.006025075912475586,1.0,1.0,1.0,,,,,,,0,0,1.0
null_gaussian_d10,null,5,600,10,1,Bisecting+Sil.,2,0.10990262031555176,0.0,0.0,0.0,,,,,,,1,1,0.0
null_gaussian_d10,null,6,600,10,1,ORACLE k-means(k*),1,0.0019381046295166016,1.0,1.0,1.0,,,,,,,0,0,1.0
null_gaussian_d10,null,6,600,10,1,CDK (proposed),1,1.624758005142212,1.0,1.0,1.0,1.0,1.0,33.0,14.0,0.030303030303030304,0.5769230769230769,0,0,1.0
null_gaussian_d10,null,6,600,10,1,CDK / Gaussian null,1,0.9336364269256592,1.0,1.0,1.0,1.0,1.0,33.0,14.0,0.0,0.5384615384615384,0,0,1.0
null_gaussian_d10,null,6,600,10,1,CDK / AD statistic,1,1.1345345973968506,1.0,1.0,1.0,1.0,1.0,33.0,14.0,0.0,0.6153846153846154,0,0,1.0
null_gaussian_d10,null,6,600,10,1,CDK / no multiplicity corr.,1,1.7249388694763184,1.0,1.0,1.0,1.0,1.0,33.0,14.0,0.15151515151515152,0.5769230769230769,0,0,1.0
null_gaussian_d10,null,6,600,10,1,CDK / n_min=15,1,2.0634756088256836,1.0,1.0,1.0,1.0,1.0,68.0,26.0,0.014705882352941176,0.7692307692307693,0,0,1.0
null_gaussian_d10,null,6,600,10,1,CDK / n_min=40,1,2.269697904586792,1.0,1.0,1.0,1.0,1.0,22.0,9.0,0.13636363636363635,0.28846153846153844,0,0,1.0
null_gaussian_d10,null,6,600,10,1,Silhouette,2,0.14133167266845703,0.0,0.0,0.0,,,,,,,1,1,0.0
null_gaussian_d10,null,6,600,10,1,Calinski-Har.,2,0.11120080947875977,0.0,0.0,0.0,,,,,,,1,1,0.0
null_gaussian_d10,null,6,600,10,1,Davies-Bouldin,12,0.12071967124938965,0.0,0.0,0.0,,,,,,,11,11,0.0
null_gaussian_d10,null,6,600,10,1,Elbow (Kneedle),5,0.11497116088867188,0.0,0.0,0.0,,,,,,,4,4,0.0
null_gaussian_d10,null,6,600,10,1,Jump statistic,9,0.1163182258605957,0.0,0.0,0.0,,,,,,,8,8,0.0
null_gaussian_d10,null,6,600,10,1,Gap statistic,2,0.40081286430358887,0.0,0.0,0.0,,,,,,,1,1,0.0
null_gaussian_d10,null,6,600,10,1,X-means,2,0.017729997634887695,0.0,0.0,0.0,,,,,,,1,1,0.0
null_gaussian_d10,null,6,600,10,1,G-means,1,0.003767728805541992,1.0,1.0,1.0,,,,,,,0,0,1.0
null_gaussian_d10,null,6,600,10,1,dip-means,1,0.011700630187988281,1.0,1.0,1.0,,,,,,,0,0,1.0
null_gaussian_d10,null,6,600,10,1,ISODATA,12,0.0218505859375,0.0,0.0,0.0,,,,,,,11,11,0.0
null_gaussian_d10,null,6,600,10,1,MDL split/merge,1,0.0019729137420654297,1.0,1.0,1.0,,,,,,,0,0,1.0
null_gaussian_d10,null,6,600,10,1,GMM+BIC,2,0.6210179328918457,0.0,0.0,0.0,,,,,,,1,1,0.0
null_gaussian_d10,null,6,600,10,1,GMM+ICL,2,0.6395509243011475,0.0,0.0,0.0,,,,,,,1,1,0.0
null_gaussian_d10,null,6,600,10,1,HDBSCAN,1,0.005869865417480469,1.0,1.0,1.0,,,,,,,0,0,1.0
null_gaussian_d10,null,6,600,10,1,Bisecting+Sil.,2,0.11040472984313965,0.0,0.0,0.0,,,,,,,1,1,0.0
null_gaussian_d10,null,7,600,10,1,ORACLE k-means(k*),1,0.0027217864990234375,1.0,1.0,1.0,,,,,,,0,0,1.0
null_gaussian_d10,null,7,600,10,1,CDK (proposed),1,2.233158826828003,1.0,1.0,1.0,1.0,1.0,34.0,14.0,0.029411764705882353,0.7692307692307693,0,0,1.0
null_gaussian_d10,null,7,600,10,1,CDK / Gaussian null,1,1.528576135635376,1.0,1.0,1.0,1.0,1.0,34.0,14.0,0.0,0.5576923076923077,0,0,1.0
null_gaussian_d10,null,7,600,10,1,CDK / AD statistic,1,1.72556734085083,1.0,1.0,1.0,1.0,1.0,34.0,14.0,0.0,0.6346153846153846,0,0,1.0
null_gaussian_d10,null,7,600,10,1,CDK / no multiplicity corr.,1,2.1255605220794678,1.0,1.0,1.0,1.0,1.0,34.0,14.0,0.058823529411764705,0.7692307692307693,0,0,1.0
null_gaussian_d10,null,7,600,10,1,CDK / n_min=15,1,1.1822030544281006,1.0,1.0,1.0,1.0,1.0,56.0,23.0,0.0,0.8269230769230769,0,0,1.0
null_gaussian_d10,null,7,600,10,1,CDK / n_min=40,1,1.7979867458343506,1.0,1.0,1.0,1.0,1.0,20.0,9.0,0.15,0.75,0,0,1.0
null_gaussian_d10,null,7,600,10,1,Silhouette,2,0.1785590648651123,0.0,0.0,0.0,,,,,,,1,1,0.0
null_gaussian_d10,null,7,600,10,1,Calinski-Har.,2,0.1401052474975586,0.0,0.0,0.0,,,,,,,1,1,0.0
null_gaussian_d10,null,7,600,10,1,Davies-Bouldin,12,0.17250347137451172,0.0,0.0,0.0,,,,,,,11,11,0.0
null_gaussian_d10,null,7,600,10,1,Elbow (Kneedle),6,0.16079139709472656,0.0,0.0,0.0,,,,,,,5,5,0.0
null_gaussian_d10,null,7,600,10,1,Jump statistic,12,0.1524486541748047,0.0,0.0,0.0,,,,,,,11,11,0.0
null_gaussian_d10,null,7,600,10,1,Gap statistic,2,0.49085378646850586,0.0,0.0,0.0,,,,,,,1,1,0.0
null_gaussian_d10,null,7,600,10,1,X-means,2,0.01880955696105957,0.0,0.0,0.0,,,,,,,1,1,0.0
null_gaussian_d10,null,7,600,10,1,G-means,1,0.004246234893798828,1.0,1.0,1.0,,,,,,,0,0,1.0
null_gaussian_d10,null,7,600,10,1,dip-means,1,0.012924909591674805,1.0,1.0,1.0,,,,,,,0,0,1.0
null_gaussian_d10,null,7,600,10,1,ISODATA,12,0.02433180809020996,0.0,0.0,0.0,,,,,,,11,11,0.0
null_gaussian_d10,null,7,600,10,1,MDL split/merge,1,0.0024538040161132812,1.0,1.0,1.0,,,,,,,0,0,1.0
null_gaussian_d10,null,7,600,10,1,GMM+BIC,2,0.6636509895324707,0.0,0.0,0.0,,,,,,,1,1,0.0
null_gaussian_d10,null,7,600,10,1,GMM+ICL,2,0.7501893043518066,0.0,0.0,0.0,,,,,,,1,1,0.0
null_gaussian_d10,null,7,600,10,1,HDBSCAN,1,0.0069921016693115234,1.0,1.0,1.0,,,,,,,0,0,1.0
null_gaussian_d10,null,7,600,10,1,Bisecting+Sil.,2,0.12105584144592285,0.0,0.0,0.0,,,,,,,1,1,0.0
null_gaussian_d10,null,8,600,10,1,ORACLE k-means(k*),1,0.002030611038208008,1.0,1.0,1.0,,,,,,,0,0,1.0
null_gaussian_d10,null,8,600,10,1,CDK (proposed),1,1.492927074432373,1.0,1.0,1.0,1.0,1.0,35.0,15.0,0.0,0.6538461538461539,0,0,1.0
null_gaussian_d10,null,8,600,10,1,CDK / Gaussian null,1,0.8043637275695801,1.0,1.0,1.0,1.0,1.0,35.0,15.0,0.0,0.5384615384615384,0,0,1.0
null_gaussian_d10,null,8,600,10,1,CDK / AD statistic,1,1.5677790641784668,1.0,1.0,1.0,1.0,1.0,35.0,15.0,0.0,0.6538461538461539,0,0,1.0
null_gaussian_d10,null,8,600,10,1,CDK / no multiplicity corr.,1,1.5277254581451416,1.0,1.0,1.0,1.0,1.0,35.0,15.0,0.05714285714285714,0.6538461538461539,0,0,1.0
null_gaussian_d10,null,8,600,10,1,CDK / n_min=15,1,1.2100648880004883,1.0,1.0,1.0,1.0,1.0,60.0,24.0,0.0,0.8076923076923077,0,0,1.0
null_gaussian_d10,null,8,600,10,1,CDK / n_min=40,1,1.2715978622436523,1.0,1.0,1.0,1.0,1.0,22.0,10.0,0.0,0.6730769230769231,0,0,1.0
null_gaussian_d10,null,8,600,10,1,Silhouette,12,0.14653301239013672,0.0,0.0,0.0,,,,,,,11,11,0.0
null_gaussian_d10,null,8,600,10,1,Calinski-Har.,2,0.1132361888885498,0.0,0.0,0.0,,,,,,,1,1,0.0
null_gaussian_d10,null,8,600,10,1,Davies-Bouldin,11,0.12851786613464355,0.0,0.0,0.0,,,,,,,10,10,0.0
null_gaussian_d10,null,8,600,10,1,Elbow (Kneedle),5,0.12096762657165527,0.0,0.0,0.0,,,,,,,4,4,0.0
null_gaussian_d10,null,8,600,10,1,Jump statistic,10,0.12175154685974121,0.0,0.0,0.0,,,,,,,9,9,0.0
null_gaussian_d10,null,8,600,10,1,Gap statistic,2,0.416642427444458,0.0,0.0,0.0,,,,,,,1,1,0.0
null_gaussian_d10,null,8,600,10,1,X-means,2,0.018256664276123047,0.0,0.0,0.0,,,,,,,1,1,0.0
null_gaussian_d10,null,8,600,10,1,G-means,1,0.004643917083740234,1.0,1.0,1.0,,,,,,,0,0,1.0
null_gaussian_d10,null,8,600,10,1,dip-means,1,0.01185297966003418,1.0,1.0,1.0,,,,,,,0,0,1.0
null_gaussian_d10,null,8,600,10,1,ISODATA,12,0.021935224533081055,0.0,0.0,0.0,,,,,,,11,11,0.0
null_gaussian_d10,null,8,600,10,1,MDL split/merge,1,0.0026760101318359375,1.0,1.0,1.0,,,,,,,0,0,1.0
null_gaussian_d10,null,8,600,10,1,GMM+BIC,2,0.6055400371551514,0.0,0.0,0.0,,,,,,,1,1,0.0
null_gaussian_d10,null,8,600,10,1,GMM+ICL,2,0.610180139541626,0.0,0.0,0.0,,,,,,,1,1,0.0
null_gaussian_d10,null,8,600,10,1,HDBSCAN,1,0.005731821060180664,1.0,1.0,1.0,,,,,,,0,0,1.0
null_gaussian_d10,null,8,600,10,1,Bisecting+Sil.,2,0.10723519325256348,0.0,0.0,0.0,,,,,,,1,1,0.0
null_gaussian_d10,null,9,600,10,1,ORACLE k-means(k*),1,0.0022735595703125,1.0,1.0,1.0,,,,,,,0,0,1.0
null_gaussian_d10,null,9,600,10,1,CDK (proposed),1,2.158264398574829,1.0,1.0,1.0,1.0,1.0,33.0,14.0,0.030303030303030304,0.5,0,0,1.0
null_gaussian_d10,null,9,600,10,1,CDK / Gaussian null,1,1.1091153621673584,1.0,1.0,1.0,1.0,1.0,33.0,14.0,0.0,0.46153846153846156,0,0,1.0
null_gaussian_d10,null,9,600,10,1,CDK / AD statistic,1,2.0417568683624268,1.0,1.0,1.0,1.0,1.0,33.0,14.0,0.030303030303030304,0.6153846153846154,0,0,1.0
null_gaussian_d10,null,9,600,10,1,CDK / no multiplicity corr.,1,2.125304698944092,1.0,1.0,1.0,1.0,1.0,33.0,14.0,0.09090909090909091,0.5,0,0,1.0
null_gaussian_d10,null,9,600,10,1,CDK / n_min=15,1,1.75669527053833,1.0,1.0,1.0,1.0,1.0,52.0,22.0,0.0,0.5961538461538461,0,0,1.0
null_gaussian_d10,null,9,600,10,1,CDK / n_min=40,1,2.187194347381592,1.0,1.0,1.0,1.0,1.0,18.0,8.0,0.16666666666666666,0.30270655270655267,0,0,1.0
null_gaussian_d10,null,9,600,10,1,Silhouette,12,0.17647981643676758,0.0,0.0,0.0,,,,,,,11,11,0.0
null_gaussian_d10,null,9,600,10,1,Calinski-Har.,2,0.15804219245910645,0.0,0.0,0.0,,,,,,,1,1,0.0
null_gaussian_d10,null,9,600,10,1,Davies-Bouldin,12,0.15535593032836914,0.0,0.0,0.0,,,,,,,11,11,0.0
null_gaussian_d10,null,9,600,10,1,Elbow (Kneedle),6,0.1526637077331543,0.0,0.0,0.0,,,,,,,5,5,0.0
null_gaussian_d10,null,9,600,10,1,Jump statistic,11,0.14454269409179688,0.0,0.0,0.0,,,,,,,10,10,0.0
null_gaussian_d10,null,9,600,10,1,Gap statistic,2,0.5027768611907959,0.0,0.0,0.0,,,,,,,1,1,0.0
null_gaussian_d10,null,9,600,10,1,X-means,2,0.02414989471435547,0.0,0.0,0.0,,,,,,,1,1,0.0
null_gaussian_d10,null,9,600,10,1,G-means,1,0.004518747329711914,1.0,1.0,1.0,,,,,,,0,0,1.0
null_gaussian_d10,null,9,600,10,1,dip-means,1,0.013516902923583984,1.0,1.0,1.0,,,,,,,0,0,1.0
null_gaussian_d10,null,9,600,10,1,ISODATA,12,0.027091026306152344,0.0,0.0,0.0,,,,,,,11,11,0.0
null_gaussian_d10,null,9,600,10,1,MDL split/merge,1,0.0022492408752441406,1.0,1.0,1.0,,,,,,,0,0,1.0
null_gaussian_d10,null,9,600,10,1,GMM+BIC,2,0.8126068115234375,0.0,0.0,0.0,,,,,,,1,1,0.0
null_gaussian_d10,null,9,600,10,1,GMM+ICL,2,0.819011926651001,0.0,0.0,0.0,,,,,,,1,1,0.0
null_gaussian_d10,null,9,600,10,1,HDBSCAN,1,0.006815671920776367,1.0,1.0,1.0,,,,,,,0,0,1.0
null_gaussian_d10,null,9,600,10,1,Bisecting+Sil.,2,0.11507368087768555,0.0,0.0,0.0,,,,,,,1,1,0.0
null_uniform_d2,null,0,600,2,1,ORACLE k-means(k*),1,0.0018734931945800781,1.0,1.0,1.0,,,,,,,0,0,1.0
null_uniform_d2,null,0,600,2,1,CDK (proposed),1,2.3508810997009277,1.0,1.0,1.0,1.0,2.0,35.0,15.0,0.4,0.06,0,0,1.0
null_uniform_d2,null,0,600,2,1,CDK / Gaussian null,2,3.6107754707336426,0.0,0.0,0.0,1.0,9.0,35.0,15.0,0.5428571428571428,0.01,1,1,0.0
null_uniform_d2,null,0,600,2,1,CDK / AD statistic,1,3.539577007293701,1.0,1.0,1.0,1.0,1.0,35.0,15.0,0.3142857142857143,0.13,0,0,1.0
null_uniform_d2,null,0,600,2,1,CDK / no multiplicity corr.,2,2.6555747985839844,0.0,0.0,0.0,1.0,7.0,35.0,15.0,0.4857142857142857,0.06,1,1,0.0
null_uniform_d2,null,0,600,2,1,CDK / n_min=15,1,4.032973766326904,1.0,1.0,1.0,1.0,1.0,71.0,31.0,0.2535211267605634,0.23,0,0,1.0
null_uniform_d2,null,0,600,2,1,CDK / n_min=40,1,1.9527592658996582,1.0,1.0,1.0,1.0,2.0,17.0,8.0,0.5294117647058824,0.01,0,0,1.0
null_uniform_d2,null,0,600,2,1,Silhouette,4,0.13677620887756348,0.0,0.0,0.0,,,,,,,3,3,0.0
null_uniform_d2,null,0,600,2,1,Calinski-Har.,9,0.10169339179992676,0.0,0.0,0.0,,,,,,,8,8,0.0
null_uniform_d2,null,0,600,2,1,Davies-Bouldin,9,0.11266684532165527,0.0,0.0,0.0,,,,,,,8,8,0.0
null_uniform_d2,null,0,600,2,1,Elbow (Kneedle),4,0.10166501998901367,0.0,0.0,0.0,,,,,,,3,3,0.0
null_uniform_d2,null,0,600,2,1,Jump statistic,4,0.10361599922180176,0.0,0.0,0.0,,,,,,,3,3,0.0
null_uniform_d2,null,0,600,2,1,Gap statistic,2,0.38590383529663086,0.0,0.0,0.0,,,,,,,1,1,0.0
null_uniform_d2,null,0,600,2,1,X-means,4,0.0225222110748291,0.0,0.0,0.0,,,,,,,3,3,0.0
null_uniform_d2,null,0,600,2,1,G-means,7,0.02842879295349121,0.0,0.0,0.0,,,,,,,6,6,0.0
null_uniform_d2,null,0,600,2,1,dip-means,1,0.014584779739379883,1.0,1.0,1.0,,,,,,,0,0,1.0
null_uniform_d2,null,0,600,2,1,ISODATA,7,0.019207239151000977,0.0,0.0,0.0,,,,,,,6,6,0.0
null_uniform_d2,null,0,600,2,1,MDL split/merge,1,0.0017542839050292969,1.0,1.0,1.0,,,,,,,0,0,1.0
null_uniform_d2,null,0,600,2,1,GMM+BIC,5,0.3306453227996826,0.0,0.0,0.0,,,,,,,4,4,0.0
null_uniform_d2,null,0,600,2,1,GMM+ICL,2,0.32613611221313477,0.0,0.0,0.0,,,,,,,1,1,0.0
null_uniform_d2,null,0,600,2,1,HDBSCAN,9,0.004438638687133789,0.0,0.0,0.0,,,,,,,8,8,0.0
null_uniform_d2,null,0,600,2,1,Bisecting+Sil.,4,0.0876467227935791,0.0,0.0,0.0,,,,,,,3,3,0.0
null_uniform_d2,null,1,600,2,1,ORACLE k-means(k*),1,0.002287149429321289,1.0,1.0,1.0,,,,,,,0,0,1.0
null_uniform_d2,null,1,600,2,1,CDK (proposed),1,2.6626453399658203,1.0,1.0,1.0,1.0,2.0,33.0,14.0,0.5151515151515151,0.01,0,0,1.0
null_uniform_d2,null,1,600,2,1,CDK / Gaussian null,1,4.392149448394775,1.0,1.0,1.0,1.0,8.0,33.0,14.0,0.5151515151515151,0.01,0,0,1.0
null_uniform_d2,null,1,600,2,1,CDK / AD statistic,1,3.4943594932556152,1.0,1.0,1.0,1.0,1.0,33.0,14.0,0.3333333333333333,0.2608695652173913,0,0,1.0
null_uniform_d2,null,1,600,2,1,CDK / no multiplicity corr.,1,2.634003162384033,1.0,1.0,1.0,1.0,6.0,33.0,14.0,0.5454545454545454,0.01,0,0,1.0
null_uniform_d2,null,1,600,2,1,CDK / n_min=15,1,3.8689992427825928,1.0,1.0,1.0,1.0,2.0,63.0,26.0,0.30158730158730157,0.145,0,0,1.0
null_uniform_d2,null,1,600,2,1,CDK / n_min=40,1,2.550448417663574,1.0,1.0,1.0,1.0,2.0,21.0,9.0,0.5238095238095238,0.005,0,0,1.0
null_uniform_d2,null,1,600,2,1,Silhouette,3,0.14316129684448242,0.0,0.0,0.0,,,,,,,2,2,0.0
null_uniform_d2,null,1,600,2,1,Calinski-Har.,9,0.10475683212280273,0.0,0.0,0.0,,,,,,,8,8,0.0
null_uniform_d2,null,1,600,2,1,Davies-Bouldin,12,0.12640786170959473,0.0,0.0,0.0,,,,,,,11,11,0.0
null_uniform_d2,null,1,600,2,1,Elbow (Kneedle),4,0.1228020191192627,0.0,0.0,0.0,,,,,,,3,3,0.0
null_uniform_d2,null,1,600,2,1,Jump statistic,9,0.1355881690979004,0.0,0.0,0.0,,,,,,,8,8,0.0
null_uniform_d2,null,1,600,2,1,Gap statistic,3,0.40773606300354004,0.0,0.0,0.0,,,,,,,2,2,0.0
null_uniform_d2,null,1,600,2,1,X-means,4,0.021512746810913086,0.0,0.0,0.0,,,,,,,3,3,0.0
null_uniform_d2,null,1,600,2,1,G-means,7,0.03772878646850586,0.0,0.0,0.0,,,,,,,6,6,0.0
null_uniform_d2,null,1,600,2,1,dip-means,1,0.013842344284057617,1.0,1.0,1.0,,,,,,,0,0,1.0
null_uniform_d2,null,1,600,2,1,ISODATA,7,0.019925594329833984,0.0,0.0,0.0,,,,,,,6,6,0.0
null_uniform_d2,null,1,600,2,1,MDL split/merge,1,0.0017914772033691406,1.0,1.0,1.0,,,,,,,0,0,1.0
null_uniform_d2,null,1,600,2,1,GMM+BIC,3,0.20269393920898438,0.0,0.0,0.0,,,,,,,2,2,0.0
null_uniform_d2,null,1,600,2,1,GMM+ICL,2,0.22392559051513672,0.0,0.0,0.0,,,,,,,1,1,0.0
null_uniform_d2,null,1,600,2,1,HDBSCAN,4,0.0043566226959228516,0.0,0.0,0.0,,,,,,,3,3,0.0
null_uniform_d2,null,1,600,2,1,Bisecting+Sil.,4,0.09292483329772949,0.0,0.0,0.0,,,,,,,3,3,0.0
null_uniform_d2,null,2,600,2,1,ORACLE k-means(k*),1,0.002161741256713867,1.0,1.0,1.0,,,,,,,0,0,1.0
null_uniform_d2,null,2,600,2,1,CDK (proposed),1,3.1254360675811768,1.0,1.0,1.0,1.0,2.0,41.0,17.0,0.3902439024390244,0.06,0,0,1.0
null_uniform_d2,null,2,600,2,1,CDK / Gaussian null,1,4.712787628173828,1.0,1.0,1.0,1.0,10.0,41.0,17.0,0.4146341463414634,0.02,0,0,1.0
null_uniform_d2,null,2,600,2,1,CDK / AD statistic,1,4.809067964553833,1.0,1.0,1.0,1.0,1.0,41.0,17.0,0.2682926829268293,0.095,0,0,1.0
null_uniform_d2,null,2,600,2,1,CDK / no multiplicity corr.,1,2.810673952102661,1.0,1.0,1.0,1.0,9.0,41.0,17.0,0.4878048780487805,0.06,0,0,1.0
null_uniform_d2,null,2,600,2,1,CDK / n_min=15,1,3.8046252727508545,1.0,1.0,1.0,1.0,1.0,65.0,27.0,0.26153846153846155,0.115,0,0,1.0
null_uniform_d2,null,2,600,2,1,CDK / n_min=40,2,2.4964516162872314,0.0,0.0,0.0,2.0,4.0,25.0,10.0,0.6,0.005,1,1,0.0
null_uniform_d2,null,2,600,2,1,Silhouette,4,0.12019681930541992,0.0,0.0,0.0,,,,,,,3,3,0.0
null_uniform_d2,null,2,600,2,1,Calinski-Har.,12,0.0900568962097168,0.0,0.0,0.0,,,,,,,11,11,0.0
null_uniform_d2,null,2,600,2,1,Davies-Bouldin,12,0.09992074966430664,0.0,0.0,0.0,,,,,,,11,11,0.0
null_uniform_d2,null,2,600,2,1,Elbow (Kneedle),4,0.09472203254699707,0.0,0.0,0.0,,,,,,,3,3,0.0
null_uniform_d2,null,2,600,2,1,Jump statistic,4,0.0960242748260498,0.0,0.0,0.0,,,,,,,3,3,0.0
null_uniform_d2,null,2,600,2,1,Gap statistic,2,0.359299898147583,0.0,0.0,0.0,,,,,,,1,1,0.0
null_uniform_d2,null,2,600,2,1,X-means,4,0.019240617752075195,0.0,0.0,0.0,,,,,,,3,3,0.0
null_uniform_d2,null,2,600,2,1,G-means,7,0.024379968643188477,0.0,0.0,0.0,,,,,,,6,6,0.0
null_uniform_d2,null,2,600,2,1,dip-means,1,0.011539697647094727,1.0,1.0,1.0,,,,,,,0,0,1.0
null_uniform_d2,null,2,600,2,1,ISODATA,7,0.016407251358032227,0.0,0.0,0.0,,,,,,,6,6,0.0
null_uniform_d2,null,2,600,2,1,MDL split/merge,1,0.001569986343383789,1.0,1.0,1.0,,,,,,,0,0,1.0
null_uniform_d2,null,2,600,2,1,GMM+BIC,3,0.287045955657959,0.0,0.0,0.0,,,,,,,2,2,0.0
null_uniform_d2,null,2,600,2,1,GMM+ICL,2,0.2935633659362793,0.0,0.0,0.0,,,,,,,1,1,0.0
null_uniform_d2,null,2,600,2,1,HDBSCAN,3,0.004015684127807617,0.0,0.0,0.0,,,,,,,2,2,0.0
null_uniform_d2,null,2,600,2,1,Bisecting+Sil.,4,0.08342194557189941,0.0,0.0,0.0,,,,,,,3,3,0.0
null_uniform_d2,null,3,600,2,1,ORACLE k-means(k*),1,0.002133607864379883,1.0,1.0,1.0,,,,,,,0,0,1.0
null_uniform_d2,null,3,600,2,1,CDK (proposed),1,3.102954864501953,1.0,1.0,1.0,1.0,2.0,42.0,17.0,0.3333333333333333,0.11249999999999999,0,0,1.0
null_uniform_d2,null,3,600,2,1,CDK / Gaussian null,2,5.12934947013855,0.0,0.0,0.0,1.0,9.0,42.0,17.0,0.40476190476190477,0.0175,1,1,0.0
null_uniform_d2,null,3,600,2,1,CDK / AD statistic,1,4.797751426696777,1.0,1.0,1.0,1.0,2.0,42.0,17.0,0.30952380952380953,0.135,0,0,1.0
null_uniform_d2,null,3,600,2,1,CDK / no multiplicity corr.,2,2.6906545162200928,0.0,0.0,0.0,1.0,5.0,42.0,17.0,0.4523809523809524,0.11249999999999999,1,1,0.0
null_uniform_d2,null,3,600,2,1,CDK / n_min=15,1,2.8840763568878174,1.0,1.0,1.0,1.0,1.0,57.0,24.0,0.24561403508771928,0.205,0,0,1.0
null_uniform_d2,null,3,600,2,1,CDK / n_min=40,1,2.54552960395813,1.0,1.0,1.0,1.0,3.0,19.0,8.0,0.5789473684210527,0.005,0,0,1.0
null_uniform_d2,null,3,600,2,1,Silhouette,4,0.12430667877197266,0.0,0.0,0.0,,,,,,,3,3,0.0
null_uniform_d2,null,3,600,2,1,Calinski-Har.,12,0.10062694549560547,0.0,0.0,0.0,,,,,,,11,11,0.0
null_uniform_d2,null,3,600,2,1,Davies-Bouldin,12,0.11218595504760742,0.0,0.0,0.0,,,,,,,11,11,0.0
null_uniform_d2,null,3,600,2,1,Elbow (Kneedle),4,0.10133862495422363,0.0,0.0,0.0,,,,,,,3,3,0.0
null_uniform_d2,null,3,600,2,1,Jump statistic,12,0.09464693069458008,0.0,0.0,0.0,,,,,,,11,11,0.0
null_uniform_d2,null,3,600,2,1,Gap statistic,2,0.31910228729248047,0.0,0.0,0.0,,,,,,,1,1,0.0
null_uniform_d2,null,3,600,2,1,X-means,4,0.01809239387512207,0.0,0.0,0.0,,,,,,,3,3,0.0
null_uniform_d2,null,3,600,2,1,G-means,7,0.027444839477539062,0.0,0.0,0.0,,,,,,,6,6,0.0
null_uniform_d2,null,3,600,2,1,dip-means,1,0.011399507522583008,1.0,1.0,1.0,,,,,,,0,0,1.0
null_uniform_d2,null,3,600,2,1,ISODATA,7,0.01652216911315918,0.0,0.0,0.0,,,,,,,6,6,0.0
null_uniform_d2,null,3,600,2,1,MDL split/merge,1,0.0017697811126708984,1.0,1.0,1.0,,,,,,,0,0,1.0
null_uniform_d2,null,3,600,2,1,GMM+BIC,4,0.18645000457763672,0.0,0.0,0.0,,,,,,,3,3,0.0
null_uniform_d2,null,3,600,2,1,GMM+ICL,2,0.19309329986572266,0.0,0.0,0.0,,,,,,,1,1,0.0
null_uniform_d2,null,3,600,2,1,HDBSCAN,6,0.0036056041717529297,0.0,0.0,0.0,,,,,,,5,5,0.0
null_uniform_d2,null,3,600,2,1,Bisecting+Sil.,4,0.08100628852844238,0.0,0.0,0.0,,,,,,,3,3,0.0
null_uniform_d2,null,4,600,2,1,ORACLE k-means(k*),1,0.0023050308227539062,1.0,1.0,1.0,,,,,,,0,0,1.0
null_uniform_d2,null,4,600,2,1,CDK (proposed),1,3.04931902885437,1.0,1.0,1.0,1.0,3.0,33.0,14.0,0.42424242424242425,0.02,0,0,1.0
null_uniform_d2,null,4,600,2,1,CDK / Gaussian null,2,4.25078010559082,0.0,0.0,0.0,1.0,8.0,33.0,14.0,0.5757575757575758,0.01,1,1,0.0
null_uniform_d2,null,4,600,2,1,CDK / AD statistic,1,3.54659104347229,1.0,1.0,1.0,1.0,1.0,33.0,14.0,0.2727272727272727,0.135,0,0,1.0
null_uniform_d2,null,4,600,2,1,CDK / no multiplicity corr.,3,2.7891929149627686,0.0,0.0,0.0,1.0,6.0,33.0,14.0,0.6060606060606061,0.02,2,2,0.0
null_uniform_d2,null,4,600,2,1,CDK / n_min=15,1,3.03623104095459,1.0,1.0,1.0,1.0,1.0,58.0,24.0,0.3103448275862069,0.1225,0,0,1.0
null_uniform_d2,null,4,600,2,1,CDK / n_min=40,1,2.0992438793182373,1.0,1.0,1.0,1.0,2.0,22.0,9.0,0.5454545454545454,0.005,0,0,1.0
null_uniform_d2,null,4,600,2,1,Silhouette,4,0.11426043510437012,0.0,0.0,0.0,,,,,,,3,3,0.0
null_uniform_d2,null,4,600,2,1,Calinski-Har.,9,0.08924388885498047,0.0,0.0,0.0,,,,,,,8,8,0.0
null_uniform_d2,null,4,600,2,1,Davies-Bouldin,4,0.09766316413879395,0.0,0.0,0.0,,,,,,,3,3,0.0
null_uniform_d2,null,4,600,2,1,Elbow (Kneedle),4,0.08583855628967285,0.0,0.0,0.0,,,,,,,3,3,0.0
null_uniform_d2,null,4,600,2,1,Jump statistic,4,0.0855722427368164,0.0,0.0,0.0,,,,,,,3,3,0.0
null_uniform_d2,null,4,600,2,1,Gap statistic,3,0.303178071975708,0.0,0.0,0.0,,,,,,,2,2,0.0
null_uniform_d2,null,4,600,2,1,X-means,4,0.01660013198852539,0.0,0.0,0.0,,,,,,,3,3,0.0
null_uniform_d2,null,4,600,2,1,G-means,7,0.030683517456054688,0.0,0.0,0.0,,,,,,,6,6,0.0
null_uniform_d2,null,4,600,2,1,dip-means,1,0.01181793212890625,1.0,1.0,1.0,,,,,,,0,0,1.0
null_uniform_d2,null,4,600,2,1,ISODATA,7,0.016916275024414062,0.0,0.0,0.0,,,,,,,6,6,0.0
null_uniform_d2,null,4,600,2,1,MDL split/merge,1,0.001425027847290039,1.0,1.0,1.0,,,,,,,0,0,1.0
null_uniform_d2,null,4,600,2,1,GMM+BIC,3,0.25655245780944824,0.0,0.0,0.0,,,,,,,2,2,0.0
null_uniform_d2,null,4,600,2,1,GMM+ICL,2,0.2567715644836426,0.0,0.0,0.0,,,,,,,1,1,0.0
null_uniform_d2,null,4,600,2,1,HDBSCAN,7,0.0034885406494140625,0.0,0.0,0.0,,,,,,,6,6,0.0
null_uniform_d2,null,4,600,2,1,Bisecting+Sil.,4,0.07403707504272461,0.0,0.0,0.0,,,,,,,3,3,0.0
null_uniform_d2,null,5,600,2,1,ORACLE k-means(k*),1,0.0019314289093017578,1.0,1.0,1.0,,,,,,,0,0,1.0
null_uniform_d2,null,5,600,2,1,CDK (proposed),1,2.570127010345459,1.0,1.0,1.0,1.0,1.0,38.0,16.0,0.39473684210526316,0.06,0,0,1.0
null_uniform_d2,null,5,600,2,1,CDK / Gaussian null,1,3.851511001586914,1.0,1.0,1.0,1.0,7.0,38.0,16.0,0.5263157894736842,0.01,0,0,1.0
null_uniform_d2,null,5,600,2,1,CDK / AD statistic,1,3.350045680999756,1.0,1.0,1.0,1.0,1.0,38.0,16.0,0.34210526315789475,0.16543478260869565,0,0,1.0
null_uniform_d2,null,5,600,2,1,CDK / no multiplicity corr.,1,2.4996981620788574,1.0,1.0,1.0,1.0,7.0,38.0,16.0,0.47368421052631576,0.06,0,0,1.0
null_uniform_d2,null,5,600,2,1,CDK / n_min=15,1,3.3317456245422363,1.0,1.0,1.0,1.0,2.0,64.0,27.0,0.28125,0.09,0,0,1.0
null_uniform_d2,null,5,600,2,1,CDK / n_min=40,1,2.4551594257354736,1.0,1.0,1.0,1.0,4.0,24.0,10.0,0.5,0.0175,0,0,1.0
null_uniform_d2,null,5,600,2,1,Silhouette,4,0.1184992790222168,0.0,0.0,0.0,,,,,,,3,3,0.0
null_uniform_d2,null,5,600,2,1,Calinski-Har.,11,0.09330224990844727,0.0,0.0,0.0,,,,,,,10,10,0.0
null_uniform_d2,null,5,600,2,1,Davies-Bouldin,12,0.1049041748046875,0.0,0.0,0.0,,,,,,,11,11,0.0
null_uniform_d2,null,5,600,2,1,Elbow (Kneedle),4,0.08771681785583496,0.0,0.0,0.0,,,,,,,3,3,0.0
null_uniform_d2,null,5,600,2,1,Jump statistic,4,0.09130430221557617,0.0,0.0,0.0,,,,,,,3,3,0.0
null_uniform_d2,null,5,600,2,1,Gap statistic,2,0.3320600986480713,0.0,0.0,0.0,,,,,,,1,1,0.0
null_uniform_d2,null,5,600,2,1,X-means,4,0.017132997512817383,0.0,0.0,0.0,,,,,,,3,3,0.0
null_uniform_d2,null,5,600,2,1,G-means,7,0.0240175724029541,0.0,0.0,0.0,,,,,,,6,6,0.0
null_uniform_d2,null,5,600,2,1,dip-means,1,0.011144161224365234,1.0,1.0,1.0,,,,,,,0,0,1.0
null_uniform_d2,null,5,600,2,1,ISODATA,7,0.0174252986907959,0.0,0.0,0.0,,,,,,,6,6,0.0
null_uniform_d2,null,5,600,2,1,MDL split/merge,1,0.0017697811126708984,1.0,1.0,1.0,,,,,,,0,0,1.0
null_uniform_d2,null,5,600,2,1,GMM+BIC,3,0.22222471237182617,0.0,0.0,0.0,,,,,,,2,2,0.0
null_uniform_d2,null,5,600,2,1,GMM+ICL,2,0.23321890830993652,0.0,0.0,0.0,,,,,,,1,1,0.0
null_uniform_d2,null,5,600,2,1,HDBSCAN,2,0.0037457942962646484,0.0,0.0,0.0,,,,,,,1,1,0.0
null_uniform_d2,null,5,600,2,1,Bisecting+Sil.,4,0.08229589462280273,0.0,0.0,0.0,,,,,,,3,3,0.0
null_uniform_d2,null,6,600,2,1,ORACLE k-means(k*),1,0.001832723617553711,1.0,1.0,1.0,,,,,,,0,0,1.0
null_uniform_d2,null,6,600,2,1,CDK (proposed),1,2.298279285430908,1.0,1.0,1.0,1.0,1.0,38.0,16.0,0.3684210526315789,0.125,0,0,1.0
null_uniform_d2,null,6,600,2,1,CDK / Gaussian null,1,4.217422723770142,1.0,1.0,1.0,1.0,11.0,38.0,16.0,0.42105263157894735,0.025,0,0,1.0
null_uniform_d2,null,6,600,2,1,CDK / AD statistic,1,3.6077218055725098,1.0,1.0,1.0,1.0,1.0,38.0,16.0,0.2631578947368421,0.26206636500754144,0,0,1.0
null_uniform_d2,null,6,600,2,1,CDK / no multiplicity corr.,1,2.5726397037506104,1.0,1.0,1.0,1.0,3.0,38.0,16.0,0.4473684210526316,0.125,0,0,1.0
null_uniform_d2,null,6,600,2,1,CDK / n_min=15,1,2.714698076248169,1.0,1.0,1.0,1.0,1.0,56.0,25.0,0.19642857142857142,0.18,0,0,1.0
null_uniform_d2,null,6,600,2,1,CDK / n_min=40,1,1.7217471599578857,1.0,1.0,1.0,1.0,1.0,20.0,8.0,0.6,0.005,0,0,1.0
null_uniform_d2,null,6,600,2,1,Silhouette,4,0.12420368194580078,0.0,0.0,0.0,,,,,,,3,3,0.0
null_uniform_d2,null,6,600,2,1,Calinski-Har.,9,0.08794093132019043,0.0,0.0,0.0,,,,,,,8,8,0.0
null_uniform_d2,null,6,600,2,1,Davies-Bouldin,11,0.09897518157958984,0.0,0.0,0.0,,,,,,,10,10,0.0
null_uniform_d2,null,6,600,2,1,Elbow (Kneedle),4,0.08894944190979004,0.0,0.0,0.0,,,,,,,3,3,0.0
null_uniform_d2,null,6,600,2,1,Jump statistic,4,0.08842062950134277,0.0,0.0,0.0,,,,,,,3,3,0.0
null_uniform_d2,null,6,600,2,1,Gap statistic,2,0.30988597869873047,0.0,0.0,0.0,,,,,,,1,1,0.0
null_uniform_d2,null,6,600,2,1,X-means,4,0.016984939575195312,0.0,0.0,0.0,,,,,,,3,3,0.0
null_uniform_d2,null,6,600,2,1,G-means,8,0.02124643325805664,0.0,0.0,0.0,,,,,,,7,7,0.0
null_uniform_d2,null,6,600,2,1,dip-means,1,0.011561870574951172,1.0,1.0,1.0,,,,,,,0,0,1.0
null_uniform_d2,null,6,600,2,1,ISODATA,7,0.01609063148498535,0.0,0.0,0.0,,,,,,,6,6,0.0
null_uniform_d2,null,6,600,2,1,MDL split/merge,1,0.0014867782592773438,1.0,1.0,1.0,,,,,,,0,0,1.0
null_uniform_d2,null,6,600,2,1,GMM+BIC,3,0.1774585247039795,0.0,0.0,0.0,,,,,,,2,2,0.0
null_uniform_d2,null,6,600,2,1,GMM+ICL,2,0.18175148963928223,0.0,0.0,0.0,,,,,,,1,1,0.0
null_uniform_d2,null,6,600,2,1,HDBSCAN,2,0.0038514137268066406,0.0,0.0,0.0,,,,,,,1,1,0.0
null_uniform_d2,null,6,600,2,1,Bisecting+Sil.,4,0.08997941017150879,0.0,0.0,0.0,,,,,,,3,3,0.0
null_uniform_d2,null,7,600,2,1,ORACLE k-means(k*),1,0.0019154548645019531,1.0,1.0,1.0,,,,,,,0,0,1.0
null_uniform_d2,null,7,600,2,1,CDK (proposed),1,2.3655755519866943,1.0,1.0,1.0,1.0,2.0,33.0,14.0,0.48484848484848486,0.015,0,0,1.0
null_uniform_d2,null,7,600,2,1,CDK / Gaussian null,3,3.7322189807891846,0.0,0.0,0.0,1.0,10.0,33.0,14.0,0.6363636363636364,0.005,2,2,0.0
null_uniform_d2,null,7,600,2,1,CDK / AD statistic,1,3.9740843772888184,1.0,1.0,1.0,1.0,2.0,33.0,14.0,0.30303030303030304,0.075,0,0,1.0
null_uniform_d2,null,7,600,2,1,CDK / no multiplicity corr.,1,2.349828004837036,1.0,1.0,1.0,1.0,4.0,33.0,14.0,0.5454545454545454,0.015,0,0,1.0
null_uniform_d2,null,7,600,2,1,CDK / n_min=15,1,3.889047384262085,1.0,1.0,1.0,1.0,1.0,61.0,26.0,0.3442622950819672,0.085,0,0,1.0
null_uniform_d2,null,7,600,2,1,CDK / n_min=40,2,3.06107234954834,0.0,0.0,0.0,1.0,5.0,20.0,9.0,0.6,0.01,1,1,0.0
null_uniform_d2,null,7,600,2,1,Silhouette,4,0.14512300491333008,0.0,0.0,0.0,,,,,,,3,3,0.0
null_uniform_d2,null,7,600,2,1,Calinski-Har.,12,0.11783218383789062,0.0,0.0,0.0,,,,,,,11,11,0.0
null_uniform_d2,null,7,600,2,1,Davies-Bouldin,8,0.1238870620727539,0.0,0.0,0.0,,,,,,,7,7,0.0
null_uniform_d2,null,7,600,2,1,Elbow (Kneedle),4,0.0944371223449707,0.0,0.0,0.0,,,,,,,3,3,0.0
null_uniform_d2,null,7,600,2,1,Jump statistic,12,0.0966031551361084,0.0,0.0,0.0,,,,,,,11,11,0.0
null_uniform_d2,null,7,600,2,1,Gap statistic,3,0.3326702117919922,0.0,0.0,0.0,,,,,,,2,2,0.0
null_uniform_d2,null,7,600,2,1,X-means,4,0.01770186424255371,0.0,0.0,0.0,,,,,,,3,3,0.0
null_uniform_d2,null,7,600,2,1,G-means,6,0.024625778198242188,0.0,0.0,0.0,,,,,,,5,5,0.0
null_uniform_d2,null,7,600,2,1,dip-means,1,0.011373758316040039,1.0,1.0,1.0,,,,,,,0,0,1.0
null_uniform_d2,null,7,600,2,1,ISODATA,7,0.016424894332885742,0.0,0.0,0.0,,,,,,,6,6,0.0
null_uniform_d2,null,7,600,2,1,MDL split/merge,1,0.0018701553344726562,1.0,1.0,1.0,,,,,,,0,0,1.0
null_uniform_d2,null,7,600,2,1,GMM+BIC,6,0.2432861328125,0.0,0.0,0.0,,,,,,,5,5,0.0
null_uniform_d2,null,7,600,2,1,GMM+ICL,2,0.2603471279144287,0.0,0.0,0.0,,,,,,,1,1,0.0
null_uniform_d2,null,7,600,2,1,HDBSCAN,6,0.003644227981567383,0.0,0.0,0.0,,,,,,,5,5,0.0
null_uniform_d2,null,7,600,2,1,Bisecting+Sil.,4,0.08060622215270996,0.0,0.0,0.0,,,,,,,3,3,0.0
null_uniform_d2,null,8,600,2,1,ORACLE k-means(k*),1,0.0018191337585449219,1.0,1.0,1.0,,,,,,,0,0,1.0
null_uniform_d2,null,8,600,2,1,CDK (proposed),1,2.5430095195770264,1.0,1.0,1.0,1.0,2.0,37.0,15.0,0.3783783783783784,0.075,0,0,1.0
null_uniform_d2,null,8,600,2,1,CDK / Gaussian null,2,3.75748348236084,0.0,0.0,0.0,1.0,10.0,37.0,15.0,0.5675675675675675,0.01,1,1,0.0
null_uniform_d2,null,8,600,2,1,CDK / AD statistic,1,3.5573112964630127,1.0,1.0,1.0,1.0,1.0,37.0,15.0,0.24324324324324326,0.2631578947368421,0,0,1.0
null_uniform_d2,null,8,600,2,1,CDK / no multiplicity corr.,1,3.0364716053009033,1.0,1.0,1.0,1.0,6.0,37.0,15.0,0.4594594594594595,0.075,0,0,1.0
null_uniform_d2,null,8,600,2,1,CDK / n_min=15,1,4.1022186279296875,1.0,1.0,1.0,1.0,1.0,63.0,27.0,0.20634920634920634,0.115,0,0,1.0
null_uniform_d2,null,8,600,2,1,CDK / n_min=40,1,2.5765700340270996,1.0,1.0,1.0,1.0,3.0,21.0,9.0,0.5714285714285714,0.005,0,0,1.0
null_uniform_d2,null,8,600,2,1,Silhouette,4,0.14374279975891113,0.0,0.0,0.0,,,,,,,3,3,0.0
null_uniform_d2,null,8,600,2,1,Calinski-Har.,4,0.10205960273742676,0.0,0.0,0.0,,,,,,,3,3,0.0
null_uniform_d2,null,8,600,2,1,Davies-Bouldin,4,0.11182737350463867,0.0,0.0,0.0,,,,,,,3,3,0.0
null_uniform_d2,null,8,600,2,1,Elbow (Kneedle),4,0.09932470321655273,0.0,0.0,0.0,,,,,,,3,3,0.0
null_uniform_d2,null,8,600,2,1,Jump statistic,4,0.1020207405090332,0.0,0.0,0.0,,,,,,,3,3,0.0
null_uniform_d2,null,8,600,2,1,Gap statistic,2,0.3178117275238037,0.0,0.0,0.0,,,,,,,1,1,0.0
null_uniform_d2,null,8,600,2,1,X-means,4,0.017084121704101562,0.0,0.0,0.0,,,,,,,3,3,0.0
null_uniform_d2,null,8,600,2,1,G-means,5,0.023497343063354492,0.0,0.0,0.0,,,,,,,4,4,0.0
null_uniform_d2,null,8,600,2,1,dip-means,1,0.011499404907226562,1.0,1.0,1.0,,,,,,,0,0,1.0
null_uniform_d2,null,8,600,2,1,ISODATA,7,0.0169830322265625,0.0,0.0,0.0,,,,,,,6,6,0.0
null_uniform_d2,null,8,600,2,1,MDL split/merge,1,0.0017905235290527344,1.0,1.0,1.0,,,,,,,0,0,1.0
null_uniform_d2,null,8,600,2,1,GMM+BIC,4,0.232712984085083,0.0,0.0,0.0,,,,,,,3,3,0.0
null_uniform_d2,null,8,600,2,1,GMM+ICL,2,0.2358405590057373,0.0,0.0,0.0,,,,,,,1,1,0.0
null_uniform_d2,null,8,600,2,1,HDBSCAN,5,0.003686666488647461,0.0,0.0,0.0,,,,,,,4,4,0.0
null_uniform_d2,null,8,600,2,1,Bisecting+Sil.,4,0.07519721984863281,0.0,0.0,0.0,,,,,,,3,3,0.0
null_uniform_d2,null,9,600,2,1,ORACLE k-means(k*),1,0.002197265625,1.0,1.0,1.0,,,,,,,0,0,1.0
null_uniform_d2,null,9,600,2,1,CDK (proposed),1,2.9194252490997314,1.0,1.0,1.0,1.0,4.0,32.0,13.0,0.5,0.0125,0,0,1.0
null_uniform_d2,null,9,600,2,1,CDK / Gaussian null,3,3.7487378120422363,0.0,0.0,0.0,1.0,11.0,32.0,13.0,0.65625,0.005,2,2,0.0
null_uniform_d2,null,9,600,2,1,CDK / AD statistic,1,2.887573719024658,1.0,1.0,1.0,1.0,1.0,32.0,13.0,0.3125,0.19083333333333333,0,0,1.0
null_uniform_d2,null,9,600,2,1,CDK / no multiplicity corr.,3,2.8209586143493652,0.0,0.0,0.0,1.0,8.0,32.0,13.0,0.625,0.0125,2,2,0.0
null_uniform_d2,null,9,600,2,1,CDK / n_min=15,1,3.4158599376678467,1.0,1.0,1.0,1.0,2.0,59.0,25.0,0.288135593220339,0.095,0,0,1.0
null_uniform_d2,null,9,600,2,1,CDK / n_min=40,1,2.2203805446624756,1.0,1.0,1.0,1.0,4.0,24.0,10.0,0.5833333333333334,0.0075,0,0,1.0
null_uniform_d2,null,9,600,2,1,Silhouette,4,0.11787891387939453,0.0,0.0,0.0,,,,,,,3,3,0.0
null_uniform_d2,null,9,600,2,1,Calinski-Har.,12,0.08812069892883301,0.0,0.0,0.0,,,,,,,11,11,0.0
null_uniform_d2,null,9,600,2,1,Davies-Bouldin,4,0.09816861152648926,0.0,0.0,0.0,,,,,,,3,3,0.0
null_uniform_d2,null,9,600,2,1,Elbow (Kneedle),4,0.08635163307189941,0.0,0.0,0.0,,,,,,,3,3,0.0
null_uniform_d2,null,9,600,2,1,Jump statistic,4,0.0864109992980957,0.0,0.0,0.0,,,,,,,3,3,0.0
null_uniform_d2,null,9,600,2,1,Gap statistic,2,0.31150174140930176,0.0,0.0,0.0,,,,,,,1,1,0.0
null_uniform_d2,null,9,600,2,1,X-means,4,0.01689910888671875,0.0,0.0,0.0,,,,,,,3,3,0.0
null_uniform_d2,null,9,600,2,1,G-means,6,0.024515628814697266,0.0,0.0,0.0,,,,,,,5,5,0.0
null_uniform_d2,null,9,600,2,1,dip-means,1,0.01115727424621582,1.0,1.0,1.0,,,,,,,0,0,1.0
null_uniform_d2,null,9,600,2,1,ISODATA,7,0.016726970672607422,0.0,0.0,0.0,,,,,,,6,6,0.0
null_uniform_d2,null,9,600,2,1,MDL split/merge,1,0.0016508102416992188,1.0,1.0,1.0,,,,,,,0,0,1.0
null_uniform_d2,null,9,600,2,1,GMM+BIC,6,0.26512861251831055,0.0,0.0,0.0,,,,,,,5,5,0.0
null_uniform_d2,null,9,600,2,1,GMM+ICL,2,0.2619938850402832,0.0,0.0,0.0,,,,,,,1,1,0.0
null_uniform_d2,null,9,600,2,1,HDBSCAN,7,0.0035393238067626953,0.0,0.0,0.0,,,,,,,6,6,0.0
null_uniform_d2,null,9,600,2,1,Bisecting+Sil.,4,0.07547926902770996,0.0,0.0,0.0,,,,,,,3,3,0.0
null_uniform_d10,null,0,600,10,1,ORACLE k-means(k*),1,0.001913309097290039,1.0,1.0,1.0,,,,,,,0,0,1.0
null_uniform_d10,null,0,600,10,1,CDK (proposed),1,2.1266520023345947,1.0,1.0,1.0,1.0,1.0,36.0,16.0,0.05555555555555555,0.46153846153846156,0,0,1.0
null_uniform_d10,null,0,600,10,1,CDK / Gaussian null,1,1.4020154476165771,1.0,1.0,1.0,1.0,1.0,36.0,16.0,0.0,0.5384615384615384,0,0,1.0
null_uniform_d10,null,0,600,10,1,CDK / AD statistic,1,3.0917789936065674,1.0,1.0,1.0,1.0,1.0,36.0,16.0,0.0,0.34615384615384615,0,0,1.0
null_uniform_d10,null,0,600,10,1,CDK / no multiplicity corr.,1,2.1074445247650146,1.0,1.0,1.0,1.0,1.0,36.0,16.0,0.19444444444444445,0.46153846153846156,0,0,1.0
null_uniform_d10,null,0,600,10,1,CDK / n_min=15,1,1.9472386837005615,1.0,1.0,1.0,1.0,1.0,59.0,26.0,0.0,0.6153846153846154,0,0,1.0
null_uniform_d10,null,0,600,10,1,CDK / n_min=40,1,2.535637378692627,1.0,1.0,1.0,1.0,1.0,23.0,10.0,0.21739130434782608,0.195,0,0,1.0
null_uniform_d10,null,0,600,10,1,Silhouette,12,0.14325499534606934,0.0,0.0,0.0,,,,,,,11,11,0.0
null_uniform_d10,null,0,600,10,1,Calinski-Har.,2,0.11596417427062988,0.0,0.0,0.0,,,,,,,1,1,0.0
null_uniform_d10,null,0,600,10,1,Davies-Bouldin,11,0.12522029876708984,0.0,0.0,0.0,,,,,,,10,10,0.0
null_uniform_d10,null,0,600,10,1,Elbow (Kneedle),5,0.11668205261230469,0.0,0.0,0.0,,,,,,,4,4,0.0
null_uniform_d10,null,0,600,10,1,Jump statistic,12,0.12135171890258789,0.0,0.0,0.0,,,,,,,11,11,0.0
null_uniform_d10,null,0,600,10,1,Gap statistic,2,0.40698695182800293,0.0,0.0,0.0,,,,,,,1,1,0.0
null_uniform_d10,null,0,600,10,1,X-means,2,0.018080949783325195,0.0,0.0,0.0,,,,,,,1,1,0.0
null_uniform_d10,null,0,600,10,1,G-means,6,0.027062654495239258,0.0,0.0,0.0,,,,,,,5,5,0.0
null_uniform_d10,null,0,600,10,1,dip-means,1,0.011734485626220703,1.0,1.0,1.0,,,,,,,0,0,1.0
null_uniform_d10,null,0,600,10,1,ISODATA,12,0.021180391311645508,0.0,0.0,0.0,,,,,,,11,11,0.0
null_uniform_d10,null,0,600,10,1,MDL split/merge,1,0.002565145492553711,1.0,1.0,1.0,,,,,,,0,0,1.0
null_uniform_d10,null,0,600,10,1,GMM+BIC,2,0.5710277557373047,0.0,0.0,0.0,,,,,,,1,1,0.0
null_uniform_d10,null,0,600,10,1,GMM+ICL,2,0.5654211044311523,0.0,0.0,0.0,,,,,,,1,1,0.0
null_uniform_d10,null,0,600,10,1,HDBSCAN,1,0.005853414535522461,1.0,1.0,1.0,,,,,,,0,0,1.0
null_uniform_d10,null,0,600,10,1,Bisecting+Sil.,2,0.09941983222961426,0.0,0.0,0.0,,,,,,,1,1,0.0
null_uniform_d10,null,1,600,10,1,ORACLE k-means(k*),1,0.0019409656524658203,1.0,1.0,1.0,,,,,,,0,0,1.0
null_uniform_d10,null,1,600,10,1,CDK (proposed),1,1.8653020858764648,1.0,1.0,1.0,1.0,1.0,31.0,14.0,0.0967741935483871,0.5769230769230769,0,0,1.0
null_uniform_d10,null,1,600,10,1,CDK / Gaussian null,1,1.5169143676757812,1.0,1.0,1.0,1.0,1.0,31.0,14.0,0.0,0.5,0,0,1.0
null_uniform_d10,null,1,600,10,1,CDK / AD statistic,1,2.0605084896087646,1.0,1.0,1.0,1.0,1.0,31.0,14.0,0.03225806451612903,0.46153846153846156,0,0,1.0
null_uniform_d10,null,1,600,10,1,CDK / no multiplicity corr.,1,1.7022066116333008,1.0,1.0,1.0,1.0,1.0,31.0,14.0,0.22580645161290322,0.5769230769230769,0,0,1.0
null_uniform_d10,null,1,600,10,1,CDK / n_min=15,1,2.0447587966918945,1.0,1.0,1.0,1.0,1.0,56.0,23.0,0.017857142857142856,0.6538461538461539,0,0,1.0
null_uniform_d10,null,1,600,10,1,CDK / n_min=40,1,2.6693243980407715,1.0,1.0,1.0,1.0,2.0,20.0,9.0,0.35,0.5576923076923077,0,0,1.0
null_uniform_d10,null,1,600,10,1,Silhouette,12,0.17853641510009766,0.0,0.0,0.0,,,,,,,11,11,0.0
null_uniform_d10,null,1,600,10,1,Calinski-Har.,2,0.1420421600341797,0.0,0.0,0.0,,,,,,,1,1,0.0
null_uniform_d10,null,1,600,10,1,Davies-Bouldin,11,0.15058112144470215,0.0,0.0,0.0,,,,,,,10,10,0.0
null_uniform_d10,null,1,600,10,1,Elbow (Kneedle),6,0.1671609878540039,0.0,0.0,0.0,,,,,,,5,5,0.0
null_uniform_d10,null,1,600,10,1,Jump statistic,9,0.16965723037719727,0.0,0.0,0.0,,,,,,,8,8,0.0
null_uniform_d10,null,1,600,10,1,Gap statistic,2,0.4972200393676758,0.0,0.0,0.0,,,,,,,1,1,0.0
null_uniform_d10,null,1,600,10,1,X-means,2,0.02184295654296875,0.0,0.0,0.0,,,,,,,1,1,0.0
null_uniform_d10,null,1,600,10,1,G-means,4,0.020604610443115234,0.0,0.0,0.0,,,,,,,3,3,0.0
null_uniform_d10,null,1,600,10,1,dip-means,1,0.013828277587890625,1.0,1.0,1.0,,,,,,,0,0,1.0
null_uniform_d10,null,1,600,10,1,ISODATA,12,0.02690410614013672,0.0,0.0,0.0,,,,,,,11,11,0.0
null_uniform_d10,null,1,600,10,1,MDL split/merge,1,0.003537416458129883,1.0,1.0,1.0,,,,,,,0,0,1.0
null_uniform_d10,null,1,600,10,1,GMM+BIC,2,0.8050556182861328,0.0,0.0,0.0,,,,,,,1,1,0.0
null_uniform_d10,null,1,600,10,1,GMM+ICL,2,0.8414700031280518,0.0,0.0,0.0,,,,,,,1,1,0.0
null_uniform_d10,null,1,600,10,1,HDBSCAN,1,0.006480693817138672,1.0,1.0,1.0,,,,,,,0,0,1.0
null_uniform_d10,null,1,600,10,1,Bisecting+Sil.,2,0.12343215942382812,0.0,0.0,0.0,,,,,,,1,1,0.0
null_uniform_d10,null,2,600,10,1,ORACLE k-means(k*),1,0.0019016265869140625,1.0,1.0,1.0,,,,,,,0,0,1.0
null_uniform_d10,null,2,600,10,1,CDK (proposed),1,2.0729565620422363,1.0,1.0,1.0,1.0,1.0,33.0,14.0,0.06060606060606061,0.5384615384615384,0,0,1.0
null_uniform_d10,null,2,600,10,1,CDK / Gaussian null,1,1.8385584354400635,1.0,1.0,1.0,1.0,1.0,33.0,14.0,0.0,0.5384615384615384,0,0,1.0
null_uniform_d10,null,2,600,10,1,CDK / AD statistic,1,2.71736741065979,1.0,1.0,1.0,1.0,1.0,33.0,14.0,0.030303030303030304,0.5,0,0,1.0
null_uniform_d10,null,2,600,10,1,CDK / no multiplicity corr.,1,2.096503734588623,1.0,1.0,1.0,1.0,1.0,33.0,14.0,0.12121212121212122,0.5384615384615384,0,0,1.0
null_uniform_d10,null,2,600,10,1,CDK / n_min=15,1,1.6569626331329346,1.0,1.0,1.0,1.0,1.0,55.0,23.0,0.0,0.5384615384615384,0,0,1.0
null_uniform_d10,null,2,600,10,1,CDK / n_min=40,1,2.3988382816314697,1.0,1.0,1.0,1.0,1.0,24.0,10.0,0.3333333333333333,0.28846153846153844,0,0,1.0
null_uniform_d10,null,2,600,10,1,Silhouette,12,0.19059062004089355,0.0,0.0,0.0,,,,,,,11,11,0.0
null_uniform_d10,null,2,600,10,1,Calinski-Har.,2,0.15044641494750977,0.0,0.0,0.0,,,,,,,1,1,0.0
null_uniform_d10,null,2,600,10,1,Davies-Bouldin,12,0.1671736240386963,0.0,0.0,0.0,,,,,,,11,11,0.0
null_uniform_d10,null,2,600,10,1,Elbow (Kneedle),6,0.1627638339996338,0.0,0.0,0.0,,,,,,,5,5,0.0
null_uniform_d10,null,2,600,10,1,Jump statistic,12,0.16673636436462402,0.0,0.0,0.0,,,,,,,11,11,0.0
null_uniform_d10,null,2,600,10,1,Gap statistic,2,0.49018096923828125,0.0,0.0,0.0,,,,,,,1,1,0.0
null_uniform_d10,null,2,600,10,1,X-means,2,0.01846003532409668,0.0,0.0,0.0,,,,,,,1,1,0.0
null_uniform_d10,null,2,600,10,1,G-means,3,0.019907712936401367,0.0,0.0,0.0,,,,,,,2,2,0.0
null_uniform_d10,null,2,600,10,1,dip-means,1,0.014670372009277344,1.0,1.0,1.0,,,,,,,0,0,1.0
null_uniform_d10,null,2,600,10,1,ISODATA,12,0.02670884132385254,0.0,0.0,0.0,,,,,,,11,11,0.0
null_uniform_d10,null,2,600,10,1,MDL split/merge,1,0.002521038055419922,1.0,1.0,1.0,,,,,,,0,0,1.0
null_uniform_d10,null,2,600,10,1,GMM+BIC,2,0.7115082740783691,0.0,0.0,0.0,,,,,,,1,1,0.0
null_uniform_d10,null,2,600,10,1,GMM+ICL,2,0.6052384376525879,0.0,0.0,0.0,,,,,,,1,1,0.0
null_uniform_d10,null,2,600,10,1,HDBSCAN,1,0.006030559539794922,1.0,1.0,1.0,,,,,,,0,0,1.0
null_uniform_d10,null,2,600,10,1,Bisecting+Sil.,2,0.09743142127990723,0.0,0.0,0.0,,,,,,,1,1,0.0
null_uniform_d10,null,3,600,10,1,ORACLE k-means(k*),1,0.0023772716522216797,1.0,1.0,1.0,,,,,,,0,0,1.0
null_uniform_d10,null,3,600,10,1,CDK (proposed),1,2.8349759578704834,1.0,1.0,1.0,1.0,1.0,32.0,14.0,0.1875,0.4230769230769231,0,0,1.0
null_uniform_d10,null,3,600,10,1,CDK / Gaussian null,1,2.2960941791534424,1.0,1.0,1.0,1.0,1.0,32.0,14.0,0.0,0.3269230769230769,0,0,1.0
null_uniform_d10,null,3,600,10,1,CDK / AD statistic,1,2.999830484390259,1.0,1.0,1.0,1.0,1.0,32.0,14.0,0.0,0.3653846153846154,0,0,1.0
null_uniform_d10,null,3,600,10,1,CDK / no multiplicity corr.,1,2.567753791809082,1.0,1.0,1.0,1.0,2.0,32.0,14.0,0.3125,0.4230769230769231,0,0,1.0
null_uniform_d10,null,3,600,10,1,CDK / n_min=15,1,2.944291114807129,1.0,1.0,1.0,1.0,1.0,53.0,22.0,0.07547169811320754,0.5,0,0,1.0
null_uniform_d10,null,3,600,10,1,CDK / n_min=40,1,2.194967031478882,1.0,1.0,1.0,1.0,1.0,20.0,9.0,0.2,0.34615384615384615,0,0,1.0
null_uniform_d10,null,3,600,10,1,Silhouette,2,0.17356109619140625,0.0,0.0,0.0,,,,,,,1,1,0.0
null_uniform_d10,null,3,600,10,1,Calinski-Har.,2,0.13941073417663574,0.0,0.0,0.0,,,,,,,1,1,0.0
null_uniform_d10,null,3,600,10,1,Davies-Bouldin,12,0.1502227783203125,0.0,0.0,0.0,,,,,,,11,11,0.0
null_uniform_d10,null,3,600,10,1,Elbow (Kneedle),6,0.14631962776184082,0.0,0.0,0.0,,,,,,,5,5,0.0
null_uniform_d10,null,3,600,10,1,Jump statistic,11,0.14983153343200684,0.0,0.0,0.0,,,,,,,10,10,0.0
null_uniform_d10,null,3,600,10,1,Gap statistic,2,0.4815635681152344,0.0,0.0,0.0,,,,,,,1,1,0.0
null_uniform_d10,null,3,600,10,1,X-means,2,0.024354219436645508,0.0,0.0,0.0,,,,,,,1,1,0.0
null_uniform_d10,null,3,600,10,1,G-means,2,0.010869741439819336,0.0,0.0,0.0,,,,,,,1,1,0.0
null_uniform_d10,null,3,600,10,1,dip-means,1,0.015181779861450195,1.0,1.0,1.0,,,,,,,0,0,1.0
null_uniform_d10,null,3,600,10,1,ISODATA,12,0.02808356285095215,0.0,0.0,0.0,,,,,,,11,11,0.0
null_uniform_d10,null,3,600,10,1,MDL split/merge,1,0.002716064453125,1.0,1.0,1.0,,,,,,,0,0,1.0
null_uniform_d10,null,3,600,10,1,GMM+BIC,2,0.8580684661865234,0.0,0.0,0.0,,,,,,,1,1,0.0
null_uniform_d10,null,3,600,10,1,GMM+ICL,2,0.8227930068969727,0.0,0.0,0.0,,,,,,,1,1,0.0
null_uniform_d10,null,3,600,10,1,HDBSCAN,1,0.00746464729309082,1.0,1.0,1.0,,,,,,,0,0,1.0
null_uniform_d10,null,3,600,10,1,Bisecting+Sil.,2,0.12578272819519043,0.0,0.0,0.0,,,,,,,1,1,0.0
null_uniform_d10,null,4,600,10,1,ORACLE k-means(k*),1,0.0020933151245117188,1.0,1.0,1.0,,,,,,,0,0,1.0
null_uniform_d10,null,4,600,10,1,CDK (proposed),1,2.400053024291992,1.0,1.0,1.0,1.0,1.0,40.0,17.0,0.025,0.34615384615384615,0,0,1.0
null_uniform_d10,null,4,600,10,1,CDK / Gaussian null,1,1.525514841079712,1.0,1.0,1.0,1.0,1.0,40.0,17.0,0.0,0.46153846153846156,0,0,1.0
null_uniform_d10,null,4,600,10,1,CDK / AD statistic,1,2.9230875968933105,1.0,1.0,1.0,1.0,1.0,40.0,17.0,0.025,0.34615384615384615,0,0,1.0
null_uniform_d10,null,4,600,10,1,CDK / no multiplicity corr.,1,2.489382743835449,1.0,1.0,1.0,1.0,2.0,40.0,17.0,0.225,0.34615384615384615,0,0,1.0
null_uniform_d10,null,4,600,10,1,CDK / n_min=15,1,2.1866533756256104,1.0,1.0,1.0,1.0,1.0,61.0,24.0,0.03278688524590164,0.5384615384615384,0,0,1.0
null_uniform_d10,null,4,600,10,1,CDK / n_min=40,1,1.8589997291564941,1.0,1.0,1.0,1.0,1.0,21.0,10.0,0.14285714285714285,0.5384615384615384,0,0,1.0
null_uniform_d10,null,4,600,10,1,Silhouette,11,0.15490150451660156,0.0,0.0,0.0,,,,,,,10,10,0.0
null_uniform_d10,null,4,600,10,1,Calinski-Har.,2,0.12640929222106934,0.0,0.0,0.0,,,,,,,1,1,0.0
null_uniform_d10,null,4,600,10,1,Davies-Bouldin,11,0.13663887977600098,0.0,0.0,0.0,,,,,,,10,10,0.0
null_uniform_d10,null,4,600,10,1,Elbow (Kneedle),5,0.12581562995910645,0.0,0.0,0.0,,,,,,,4,4,0.0
null_uniform_d10,null,4,600,10,1,Jump statistic,11,0.1295926570892334,0.0,0.0,0.0,,,,,,,10,10,0.0
null_uniform_d10,null,4,600,10,1,Gap statistic,2,0.4504213333129883,0.0,0.0,0.0,,,,,,,1,1,0.0
null_uniform_d10,null,4,600,10,1,X-means,2,0.016466856002807617,0.0,0.0,0.0,,,,,,,1,1,0.0
null_uniform_d10,null,4,600,10,1,G-means,2,0.009224653244018555,0.0,0.0,0.0,,,,,,,1,1,0.0
null_uniform_d10,null,4,600,10,1,dip-means,1,0.01172494888305664,1.0,1.0,1.0,,,,,,,0,0,1.0
null_uniform_d10,null,4,600,10,1,ISODATA,12,0.022228479385375977,0.0,0.0,0.0,,,,,,,11,11,0.0
null_uniform_d10,null,4,600,10,1,MDL split/merge,1,0.0025053024291992188,1.0,1.0,1.0,,,,,,,0,0,1.0
null_uniform_d10,null,4,600,10,1,GMM+BIC,2,0.5794293880462646,0.0,0.0,0.0,,,,,,,1,1,0.0
null_uniform_d10,null,4,600,10,1,GMM+ICL,2,0.5912618637084961,0.0,0.0,0.0,,,,,,,1,1,0.0
null_uniform_d10,null,4,600,10,1,HDBSCAN,1,0.00572514533996582,1.0,1.0,1.0,,,,,,,0,0,1.0
null_uniform_d10,null,4,600,10,1,Bisecting+Sil.,2,0.10050439834594727,0.0,0.0,0.0,,,,,,,1,1,0.0
null_uniform_d10,null,6,600,10,1,ORACLE k-means(k*),1,0.001943826675415039,1.0,1.0,1.0,,,,,,,0,0,1.0
null_uniform_d10,null,6,600,10,1,CDK (proposed),1,2.4367430210113525,1.0,1.0,1.0,1.0,1.0,33.0,14.0,0.09090909090909091,0.2692307692307692,0,0,1.0
null_uniform_d10,null,6,600,10,1,CDK / Gaussian null,1,1.6217856407165527,1.0,1.0,1.0,1.0,1.0,33.0,14.0,0.0,0.38461538461538464,0,0,1.0
null_uniform_d10,null,6,600,10,1,CDK / AD statistic,1,2.3093714714050293,1.0,1.0,1.0,1.0,1.0,33.0,14.0,0.0,0.34615384615384615,0,0,1.0
null_uniform_d10,null,6,600,10,1,CDK / no multiplicity corr.,1,2.4365897178649902,1.0,1.0,1.0,1.0,3.0,33.0,14.0,0.21212121212121213,0.2692307692307692,0,0,1.0
null_uniform_d10,null,6,600,10,1,CDK / n_min=15,1,1.8960464000701904,1.0,1.0,1.0,1.0,1.0,67.0,28.0,0.014925373134328358,0.6153846153846154,0,0,1.0
null_uniform_d10,null,6,600,10,1,CDK / n_min=40,1,2.2968404293060303,1.0,1.0,1.0,1.0,1.0,21.0,10.0,0.2857142857142857,0.2608695652173913,0,0,1.0
null_uniform_d10,null,6,600,10,1,Silhouette,12,0.18822455406188965,0.0,0.0,0.0,,,,,,,11,11,0.0
null_uniform_d10,null,6,600,10,1,Calinski-Har.,2,0.15018582344055176,0.0,0.0,0.0,,,,,,,1,1,0.0
null_uniform_d10,null,6,600,10,1,Davies-Bouldin,11,0.15618038177490234,0.0,0.0,0.0,,,,,,,10,10,0.0
null_uniform_d10,null,6,600,10,1,Elbow (Kneedle),5,0.15091872215270996,0.0,0.0,0.0,,,,,,,4,4,0.0
null_uniform_d10,null,6,600,10,1,Jump statistic,8,0.1504664421081543,0.0,0.0,0.0,,,,,,,7,7,0.0
null_uniform_d10,null,6,600,10,1,Gap statistic,2,0.5130829811096191,0.0,0.0,0.0,,,,,,,1,1,0.0
null_uniform_d10,null,6,600,10,1,X-means,2,0.02295398712158203,0.0,0.0,0.0,,,,,,,1,1,0.0
null_uniform_d10,null,6,600,10,1,G-means,4,0.029775619506835938,0.0,0.0,0.0,,,,,,,3,3,0.0
null_uniform_d10,null,6,600,10,1,dip-means,1,0.014449119567871094,1.0,1.0,1.0,,,,,,,0,0,1.0
null_uniform_d10,null,6,600,10,1,ISODATA,12,0.027634382247924805,0.0,0.0,0.0,,,,,,,11,11,0.0
null_uniform_d10,null,6,600,10,1,MDL split/merge,1,0.0031647682189941406,1.0,1.0,1.0,,,,,,,0,0,1.0
null_uniform_d10,null,6,600,10,1,GMM+BIC,2,0.6953537464141846,0.0,0.0,0.0,,,,,,,1,1,0.0
null_uniform_d10,null,6,600,10,1,GMM+ICL,2,0.6932132244110107,0.0,0.0,0.0,,,,,,,1,1,0.0
null_uniform_d10,null,6,600,10,1,HDBSCAN,1,0.007443666458129883,1.0,1.0,1.0,,,,,,,0,0,1.0
null_uniform_d10,null,6,600,10,1,Bisecting+Sil.,2,0.12714219093322754,0.0,0.0,0.0,,,,,,,1,1,0.0
null_uniform_d10,null,5,600,10,1,ORACLE k-means(k*),1,0.0026967525482177734,1.0,1.0,1.0,,,,,,,0,0,1.0
null_uniform_d10,null,5,600,10,1,CDK (proposed),1,3.9246292114257812,1.0,1.0,1.0,1.0,1.0,33.0,14.0,0.24242424242424243,0.09,0,0,1.0
null_uniform_d10,null,5,600,10,1,CDK / Gaussian null,1,1.9991512298583984,1.0,1.0,1.0,1.0,1.0,33.0,14.0,0.0,0.34615384615384615,0,0,1.0
null_uniform_d10,null,5,600,10,1,CDK / AD statistic,1,3.0325143337249756,1.0,1.0,1.0,1.0,1.0,33.0,14.0,0.06060606060606061,0.3076923076923077,0,0,1.0
null_uniform_d10,null,5,600,10,1,CDK / no multiplicity corr.,1,4.028439283370972,1.0,1.0,1.0,1.0,3.0,33.0,14.0,0.3939393939393939,0.09,0,0,1.0
null_uniform_d10,null,5,600,10,1,CDK / n_min=15,1,3.014335870742798,1.0,1.0,1.0,1.0,1.0,66.0,27.0,0.06060606060606061,0.40384615384615385,0,0,1.0
null_uniform_d10,null,5,600,10,1,CDK / n_min=40,1,3.4305763244628906,1.0,1.0,1.0,1.0,2.0,23.0,10.0,0.21739130434782608,0.15,0,0,1.0
null_uniform_d10,null,5,600,10,1,Silhouette,12,0.18546509742736816,0.0,0.0,0.0,,,,,,,11,11,0.0
null_uniform_d10,null,5,600,10,1,Calinski-Har.,2,0.1495211124420166,0.0,0.0,0.0,,,,,,,1,1,0.0
null_uniform_d10,null,5,600,10,1,Davies-Bouldin,12,0.1639540195465088,0.0,0.0,0.0,,,,,,,11,11,0.0
null_uniform_d10,null,5,600,10,1,Elbow (Kneedle),5,0.15973258018493652,0.0,0.0,0.0,,,,,,,4,4,0.0
null_uniform_d10,null,5,600,10,1,Jump statistic,12,0.16583657264709473,0.0,0.0,0.0,,,,,,,11,11,0.0
null_uniform_d10,null,5,600,10,1,Gap statistic,2,0.5249366760253906,0.0,0.0,0.0,,,,,,,1,1,0.0
null_uniform_d10,null,5,600,10,1,X-means,2,0.02288365364074707,0.0,0.0,0.0,,,,,,,1,1,0.0
null_uniform_d10,null,5,600,10,1,G-means,5,0.041492462158203125,0.0,0.0,0.0,,,,,,,4,4,0.0
null_uniform_d10,null,5,600,10,1,dip-means,1,0.015011310577392578,1.0,1.0,1.0,,,,,,,0,0,1.0
null_uniform_d10,null,5,600,10,1,ISODATA,12,0.02554917335510254,0.0,0.0,0.0,,,,,,,11,11,0.0
null_uniform_d10,null,5,600,10,1,MDL split/merge,1,0.0035066604614257812,1.0,1.0,1.0,,,,,,,0,0,1.0
null_uniform_d10,null,5,600,10,1,GMM+BIC,2,0.6610698699951172,0.0,0.0,0.0,,,,,,,1,1,0.0
null_uniform_d10,null,5,600,10,1,GMM+ICL,2,0.7276308536529541,0.0,0.0,0.0,,,,,,,1,1,0.0
null_uniform_d10,null,5,600,10,1,HDBSCAN,1,0.0069980621337890625,1.0,1.0,1.0,,,,,,,0,0,1.0
null_uniform_d10,null,5,600,10,1,Bisecting+Sil.,2,0.11151552200317383,0.0,0.0,0.0,,,,,,,1,1,0.0
null_uniform_d10,null,8,600,10,1,ORACLE k-means(k*),1,0.0023539066314697266,1.0,1.0,1.0,,,,,,,0,0,1.0
null_uniform_d10,null,8,600,10,1,CDK (proposed),1,2.1621110439300537,1.0,1.0,1.0,1.0,1.0,41.0,17.0,0.04878048780487805,0.5,0,0,1.0
null_uniform_d10,null,8,600,10,1,CDK / Gaussian null,1,1.2296295166015625,1.0,1.0,1.0,1.0,1.0,41.0,17.0,0.0,0.5,0,0,1.0
null_uniform_d10,null,8,600,10,1,CDK / AD statistic,1,2.5343494415283203,1.0,1.0,1.0,1.0,1.0,41.0,17.0,0.0,0.4230769230769231,0,0,1.0
null_uniform_d10,null,8,600,10,1,CDK / no multiplicity corr.,1,1.9647412300109863,1.0,1.0,1.0,1.0,1.0,41.0,17.0,0.12195121951219512,0.5,0,0,1.0
null_uniform_d10,null,8,600,10,1,CDK / n_min=15,1,1.644777774810791,1.0,1.0,1.0,1.0,1.0,59.0,25.0,0.01694915254237288,0.6153846153846154,0,0,1.0
null_uniform_d10,null,8,600,10,1,CDK / n_min=40,1,1.6513729095458984,1.0,1.0,1.0,1.0,1.0,19.0,9.0,0.3157894736842105,0.2692307692307692,0,0,1.0
null_uniform_d10,null,8,600,10,1,Silhouette,12,0.14640140533447266,0.0,0.0,0.0,,,,,,,11,11,0.0
null_uniform_d10,null,8,600,10,1,Calinski-Har.,2,0.11605477333068848,0.0,0.0,0.0,,,,,,,1,1,0.0
null_uniform_d10,null,8,600,10,1,Davies-Bouldin,12,0.12708687782287598,0.0,0.0,0.0,,,,,,,11,11,0.0
null_uniform_d10,null,8,600,10,1,Elbow (Kneedle),6,0.12076783180236816,0.0,0.0,0.0,,,,,,,5,5,0.0
null_uniform_d10,null,8,600,10,1,Jump statistic,11,0.1247551441192627,0.0,0.0,0.0,,,,,,,10,10,0.0
null_uniform_d10,null,8,600,10,1,Gap statistic,2,0.41530299186706543,0.0,0.0,0.0,,,,,,,1,1,0.0
null_uniform_d10,null,8,600,10,1,X-means,2,0.01739192008972168,0.0,0.0,0.0,,,,,,,1,1,0.0
null_uniform_d10,null,8,600,10,1,G-means,2,0.009396076202392578,0.0,0.0,0.0,,,,,,,1,1,0.0
null_uniform_d10,null,8,600,10,1,dip-means,1,0.012060165405273438,1.0,1.0,1.0,,,,,,,0,0,1.0
null_uniform_d10,null,8,600,10,1,ISODATA,12,0.022867202758789062,0.0,0.0,0.0,,,,,,,11,11,0.0
null_uniform_d10,null,8,600,10,1,MDL split/merge,1,0.002287626266479492,1.0,1.0,1.0,,,,,,,0,0,1.0
null_uniform_d10,null,8,600,10,1,GMM+BIC,2,0.5891799926757812,0.0,0.0,0.0,,,,,,,1,1,0.0
null_uniform_d10,null,8,600,10,1,GMM+ICL,2,0.5933902263641357,0.0,0.0,0.0,,,,,,,1,1,0.0
null_uniform_d10,null,8,600,10,1,HDBSCAN,1,0.0056056976318359375,1.0,1.0,1.0,,,,,,,0,0,1.0
null_uniform_d10,null,8,600,10,1,Bisecting+Sil.,2,0.09413886070251465,0.0,0.0,0.0,,,,,,,1,1,0.0
null_uniform_d10,null,7,600,10,1,ORACLE k-means(k*),1,0.0023212432861328125,1.0,1.0,1.0,,,,,,,0,0,1.0
null_uniform_d10,null,7,600,10,1,CDK (proposed),1,3.0618131160736084,1.0,1.0,1.0,1.0,1.0,39.0,16.0,0.1794871794871795,0.25806451612903225,0,0,1.0
null_uniform_d10,null,7,600,10,1,CDK / Gaussian null,1,1.9352457523345947,1.0,1.0,1.0,1.0,1.0,39.0,16.0,0.0,0.4230769230769231,0,0,1.0
null_uniform_d10,null,7,600,10,1,CDK / AD statistic,1,3.180422067642212,1.0,1.0,1.0,1.0,1.0,39.0,16.0,0.02564102564102564,0.38461538461538464,0,0,1.0
null_uniform_d10,null,7,600,10,1,CDK / no multiplicity corr.,1,2.757033586502075,1.0,1.0,1.0,1.0,3.0,39.0,16.0,0.3333333333333333,0.25806451612903225,0,0,1.0
null_uniform_d10,null,7,600,10,1,CDK / n_min=15,1,2.38128662109375,1.0,1.0,1.0,1.0,1.0,62.0,27.0,0.016129032258064516,0.46153846153846156,0,0,1.0
null_uniform_d10,null,7,600,10,1,CDK / n_min=40,1,2.4411723613739014,1.0,1.0,1.0,1.0,1.0,20.0,9.0,0.35,0.21605042016806722,0,0,1.0
null_uniform_d10,null,7,600,10,1,Silhouette,12,0.15425920486450195,0.0,0.0,0.0,,,,,,,11,11,0.0
null_uniform_d10,null,7,600,10,1,Calinski-Har.,2,0.11876606941223145,0.0,0.0,0.0,,,,,,,1,1,0.0
null_uniform_d10,null,7,600,10,1,Davies-Bouldin,12,0.13635683059692383,0.0,0.0,0.0,,,,,,,11,11,0.0
null_uniform_d10,null,7,600,10,1,Elbow (Kneedle),5,0.12609553337097168,0.0,0.0,0.0,,,,,,,4,4,0.0
null_uniform_d10,null,7,600,10,1,Jump statistic,12,0.12659263610839844,0.0,0.0,0.0,,,,,,,11,11,0.0
null_uniform_d10,null,7,600,10,1,Gap statistic,2,0.41074490547180176,0.0,0.0,0.0,,,,,,,1,1,0.0
null_uniform_d10,null,7,600,10,1,X-means,2,0.01804375648498535,0.0,0.0,0.0,,,,,,,1,1,0.0
null_uniform_d10,null,7,600,10,1,G-means,5,0.03194165229797363,0.0,0.0,0.0,,,,,,,4,4,0.0
null_uniform_d10,null,7,600,10,1,dip-means,1,0.011963605880737305,1.0,1.0,1.0,,,,,,,0,0,1.0
null_uniform_d10,null,7,600,10,1,ISODATA,12,0.02138066291809082,0.0,0.0,0.0,,,,,,,11,11,0.0
null_uniform_d10,null,7,600,10,1,MDL split/merge,1,0.002199411392211914,1.0,1.0,1.0,,,,,,,0,0,1.0
null_uniform_d10,null,7,600,10,1,GMM+BIC,2,0.46032047271728516,0.0,0.0,0.0,,,,,,,1,1,0.0
null_uniform_d10,null,7,600,10,1,GMM+ICL,2,0.46697044372558594,0.0,0.0,0.0,,,,,,,1,1,0.0
null_uniform_d10,null,7,600,10,1,HDBSCAN,1,0.0056591033935546875,1.0,1.0,1.0,,,,,,,0,0,1.0
null_uniform_d10,null,7,600,10,1,Bisecting+Sil.,2,0.10036230087280273,0.0,0.0,0.0,,,,,,,1,1,0.0
null_uniform_d10,null,9,600,10,1,ORACLE k-means(k*),1,0.001954317092895508,1.0,1.0,1.0,,,,,,,0,0,1.0
null_uniform_d10,null,9,600,10,1,CDK (proposed),1,2.0098044872283936,1.0,1.0,1.0,1.0,1.0,39.0,17.0,0.10256410256410256,0.46153846153846156,0,0,1.0
null_uniform_d10,null,9,600,10,1,CDK / Gaussian null,1,1.6820728778839111,1.0,1.0,1.0,1.0,1.0,39.0,17.0,0.0,0.4230769230769231,0,0,1.0
null_uniform_d10,null,9,600,10,1,CDK / AD statistic,1,2.37206768989563,1.0,1.0,1.0,1.0,1.0,39.0,17.0,0.02564102564102564,0.34615384615384615,0,0,1.0
null_uniform_d10,null,9,600,10,1,CDK / no multiplicity corr.,1,2.00696063041687,1.0,1.0,1.0,1.0,1.0,39.0,17.0,0.1794871794871795,0.46153846153846156,0,0,1.0
null_uniform_d10,null,9,600,10,1,CDK / n_min=15,1,3.0219578742980957,1.0,1.0,1.0,1.0,1.0,62.0,24.0,0.0967741935483871,0.34615384615384615,0,0,1.0
null_uniform_d10,null,9,600,10,1,CDK / n_min=40,1,1.867849349975586,1.0,1.0,1.0,1.0,1.0,20.0,9.0,0.2,0.6923076923076923,0,0,1.0
null_uniform_d10,null,9,600,10,1,Silhouette,11,0.17996954917907715,0.0,0.0,0.0,,,,,,,10,10,0.0
null_uniform_d10,null,9,600,10,1,Calinski-Har.,2,0.14037036895751953,0.0,0.0,0.0,,,,,,,1,1,0.0
null_uniform_d10,null,9,600,10,1,Davies-Bouldin,10,0.15838885307312012,0.0,0.0,0.0,,,,,,,9,9,0.0
null_uniform_d10,null,9,600,10,1,Elbow (Kneedle),6,0.15694594383239746,0.0,0.0,0.0,,,,,,,5,5,0.0
null_uniform_d10,null,9,600,10,1,Jump statistic,11,0.1619260311126709,0.0,0.0,0.0,,,,,,,10,10,0.0
null_uniform_d10,null,9,600,10,1,Gap statistic,2,0.5495574474334717,0.0,0.0,0.0,,,,,,,1,1,0.0
null_uniform_d10,null,9,600,10,1,X-means,2,0.02203512191772461,0.0,0.0,0.0,,,,,,,1,1,0.0
null_uniform_d10,null,9,600,10,1,G-means,2,0.01183176040649414,0.0,0.0,0.0,,,,,,,1,1,0.0
null_uniform_d10,null,9,600,10,1,dip-means,1,0.015683889389038086,1.0,1.0,1.0,,,,,,,0,0,1.0
null_uniform_d10,null,9,600,10,1,ISODATA,12,0.03009796142578125,0.0,0.0,0.0,,,,,,,11,11,0.0
null_uniform_d10,null,9,600,10,1,MDL split/merge,1,0.003030061721801758,1.0,1.0,1.0,,,,,,,0,0,1.0
null_uniform_d10,null,9,600,10,1,GMM+BIC,2,0.7913265228271484,0.0,0.0,0.0,,,,,,,1,1,0.0
null_uniform_d10,null,9,600,10,1,GMM+ICL,2,0.7364826202392578,0.0,0.0,0.0,,,,,,,1,1,0.0
null_uniform_d10,null,9,600,10,1,HDBSCAN,1,0.006777763366699219,1.0,1.0,1.0,,,,,,,0,0,1.0
null_uniform_d10,null,9,600,10,1,Bisecting+Sil.,2,0.1245415210723877,0.0,0.0,0.0,,,,,,,1,1,0.0
null_t3_d2,null,1,600,2,1,ORACLE k-means(k*),1,0.0022232532501220703,1.0,1.0,1.0,,,,,,,0,0,1.0
null_t3_d2,null,1,600,2,1,CDK (proposed),1,0.00552678108215332,1.0,1.0,1.0,1.0,1.0,0.0,1.0,0.0,,0,0,1.0
null_t3_d2,null,1,600,2,1,CDK / Gaussian null,1,0.0013227462768554688,1.0,1.0,1.0,1.0,1.0,0.0,1.0,0.0,,0,0,1.0
null_t3_d2,null,1,600,2,1,CDK / AD statistic,1,0.0013310909271240234,1.0,1.0,1.0,1.0,1.0,0.0,1.0,0.0,,0,0,1.0
null_t3_d2,null,1,600,2,1,CDK / no multiplicity corr.,1,0.0012059211730957031,1.0,1.0,1.0,1.0,1.0,0.0,1.0,0.0,,0,0,1.0
null_t3_d2,null,1,600,2,1,CDK / n_min=15,1,0.0012879371643066406,1.0,1.0,1.0,1.0,1.0,0.0,1.0,0.0,,0,0,1.0
null_t3_d2,null,1,600,2,1,CDK / n_min=40,1,0.005336284637451172,1.0,1.0,1.0,1.0,1.0,0.0,1.0,0.0,,0,0,1.0
null_t3_d2,null,1,600,2,1,Silhouette,2,0.1821591854095459,0.0,0.0,0.0,,,,,,,1,1,0.0
null_t3_d2,null,1,600,2,1,Calinski-Har.,12,0.12358760833740234,0.0,0.0,0.0,,,,,,,11,11,0.0
null_t3_d2,null,1,600,2,1,Davies-Bouldin,2,0.13944053649902344,0.0,0.0,0.0,,,,,,,1,1,0.0
null_t3_d2,null,1,600,2,1,Elbow (Kneedle),5,0.1252281665802002,0.0,0.0,0.0,,,,,,,4,4,0.0
null_t3_d2,null,1,600,2,1,Jump statistic,11,0.13110780715942383,0.0,0.0,0.0,,,,,,,10,10,0.0
null_t3_d2,null,1,600,2,1,Gap statistic,2,0.3972809314727783,0.0,0.0,0.0,,,,,,,1,1,0.0
null_t3_d2,null,1,600,2,1,X-means,2,0.01322317123413086,0.0,0.0,0.0,,,,,,,1,1,0.0
null_t3_d2,null,1,600,2,1,G-means,12,0.04943442344665527,0.0,0.0,0.0,,,,,,,11,11,0.0
null_t3_d2,null,1,600,2,1,dip-means,1,0.016959190368652344,1.0,1.0,1.0,,,,,,,0,0,1.0
null_t3_d2,null,1,600,2,1,ISODATA,7,0.038819313049316406,0.0,0.0,0.0,,,,,,,6,6,0.0
null_t3_d2,null,1,600,2,1,MDL split/merge,4,0.022054433822631836,0.0,0.0,0.0,,,,,,,3,3,0.0
null_t3_d2,null,1,600,2,1,GMM+BIC,3,0.3008244037628174,0.0,0.0,0.0,,,,,,,2,2,0.0
null_t3_d2,null,1,600,2,1,GMM+ICL,2,0.28498005867004395,0.0,0.0,0.0,,,,,,,1,1,0.0
null_t3_d2,null,1,600,2,1,HDBSCAN,2,0.004006147384643555,0.0,0.0,0.0,,,,,,,1,1,0.0
null_t3_d2,null,1,600,2,1,Bisecting+Sil.,8,0.10475683212280273,0.0,0.0,0.0,,,,,,,7,7,0.0
null_t3_d2,null,0,600,2,1,ORACLE k-means(k*),1,0.0018863677978515625,1.0,1.0,1.0,,,,,,,0,0,1.0
null_t3_d2,null,0,600,2,1,CDK (proposed),2,2.3187503814697266,0.0,0.0,0.0,2.0,2.0,26.0,9.0,0.5384615384615384,0.005,1,1,0.0
null_t3_d2,null,0,600,2,1,CDK / Gaussian null,1,3.245809555053711,1.0,1.0,1.0,1.0,4.0,26.0,9.0,0.5384615384615384,0.0075,0,0,1.0
null_t3_d2,null,0,600,2,1,CDK / AD statistic,4,3.646298885345459,0.0,0.0,0.0,4.0,5.0,26.0,9.0,0.6538461538461539,0.005,3,3,0.0
null_t3_d2,null,0,600,2,1,CDK / no multiplicity corr.,2,2.5817224979400635,0.0,0.0,0.0,2.0,2.0,26.0,9.0,0.6153846153846154,0.005,1,1,0.0
null_t3_d2,null,0,600,2,1,CDK / n_min=15,2,3.8291714191436768,0.0,0.0,0.0,2.0,3.0,52.0,18.0,0.36538461538461536,0.025,1,1,0.0
null_t3_d2,null,0,600,2,1,CDK / n_min=40,1,2.3352231979370117,1.0,1.0,1.0,1.0,3.0,18.0,7.0,0.5,0.0125,0,0,1.0
null_t3_d2,null,0,600,2,1,Silhouette,8,0.1513833999633789,0.0,0.0,0.0,,,,,,,7,7,0.0
null_t3_d2,null,0,600,2,1,Calinski-Har.,12,0.10970520973205566,0.0,0.0,0.0,,,,,,,11,11,0.0
null_t3_d2,null,0,600,2,1,Davies-Bouldin,8,0.12869811058044434,0.0,0.0,0.0,,,,,,,7,7,0.0
null_t3_d2,null,0,600,2,1,Elbow (Kneedle),6,0.11223554611206055,0.0,0.0,0.0,,,,,,,5,5,0.0
null_t3_d2,null,0,600,2,1,Jump statistic,8,0.11000943183898926,0.0,0.0,0.0,,,,,,,7,7,0.0
null_t3_d2,null,0,600,2,1,Gap statistic,2,0.32454919815063477,0.0,0.0,0.0,,,,,,,1,1,0.0
null_t3_d2,null,0,600,2,1,X-means,2,0.011900901794433594,0.0,0.0,0.0,,,,,,,1,1,0.0
null_t3_d2,null,0,600,2,1,G-means,10,0.022083520889282227,0.0,0.0,0.0,,,,,,,9,9,0.0
null_t3_d2,null,0,600,2,1,dip-means,1,0.011317729949951172,1.0,1.0,1.0,,,,,,,0,0,1.0
null_t3_d2,null,0,600,2,1,ISODATA,8,0.024271488189697266,0.0,0.0,0.0,,,,,,,7,7,0.0
null_t3_d2,null,0,600,2,1,MDL split/merge,5,0.028262853622436523,0.0,0.0,0.0,,,,,,,4,4,0.0
null_t3_d2,null,0,600,2,1,GMM+BIC,2,0.2141432762145996,0.0,0.0,0.0,,,,,,,1,1,0.0
null_t3_d2,null,0,600,2,1,GMM+ICL,2,0.21447324752807617,0.0,0.0,0.0,,,,,,,1,1,0.0
null_t3_d2,null,0,600,2,1,HDBSCAN,2,0.003686189651489258,0.0,0.0,0.0,,,,,,,1,1,0.0
null_t3_d2,null,0,600,2,1,Bisecting+Sil.,9,0.08343815803527832,0.0,0.0,0.0,,,,,,,8,8,0.0
null_t3_d2,null,2,600,2,1,ORACLE k-means(k*),1,0.002282381057739258,1.0,1.0,1.0,,,,,,,0,0,1.0
null_t3_d2,null,2,600,2,1,CDK (proposed),1,2.548713207244873,1.0,1.0,1.0,1.0,2.0,25.0,9.0,0.48,0.02,0,0,1.0
null_t3_d2,null,2,600,2,1,CDK / Gaussian null,3,4.274403810501099,0.0,0.0,0.0,2.0,6.0,25.0,9.0,0.72,0.005,2,2,0.0
null_t3_d2,null,2,600,2,1,CDK / AD statistic,1,4.359966039657593,1.0,1.0,1.0,1.0,3.0,25.0,9.0,0.6,0.005,0,0,1.0
null_t3_d2,null,2,600,2,1,CDK / no multiplicity corr.,2,2.5519320964813232,0.0,0.0,0.0,1.0,3.0,25.0,9.0,0.56,0.02,1,1,0.0
null_t3_d2,null,2,600,2,1,CDK / n_min=15,2,4.192154407501221,0.0,0.0,0.0,2.0,2.0,58.0,20.0,0.39655172413793105,0.075,1,1,0.0
null_t3_d2,null,2,600,2,1,CDK / n_min=40,3,1.4507229328155518,0.0,0.0,0.0,3.0,3.0,13.0,6.0,0.5384615384615384,0.005,2,2,0.0
null_t3_d2,null,2,600,2,1,Silhouette,5,0.16036581993103027,0.0,0.0,0.0,,,,,,,4,4,0.0
null_t3_d2,null,2,600,2,1,Calinski-Har.,7,0.12029862403869629,0.0,0.0,0.0,,,,,,,6,6,0.0
null_t3_d2,null,2,600,2,1,Davies-Bouldin,10,0.13411355018615723,0.0,0.0,0.0,,,,,,,9,9,0.0
null_t3_d2,null,2,600,2,1,Elbow (Kneedle),6,0.1230316162109375,0.0,0.0,0.0,,,,,,,5,5,0.0
null_t3_d2,null,2,600,2,1,Jump statistic,5,0.11697101593017578,0.0,0.0,0.0,,,,,,,4,4,0.0
null_t3_d2,null,2,600,2,1,Gap statistic,2,0.40997767448425293,0.0,0.0,0.0,,,,,,,1,1,0.0
null_t3_d2,null,2,600,2,1,X-means,2,0.016707897186279297,0.0,0.0,0.0,,,,,,,1,1,0.0
null_t3_d2,null,2,600,2,1,G-means,10,0.031950950622558594,0.0,0.0,0.0,,,,,,,9,9,0.0
null_t3_d2,null,2,600,2,1,dip-means,1,0.015032768249511719,1.0,1.0,1.0,,,,,,,0,0,1.0
null_t3_d2,null,2,600,2,1,ISODATA,8,0.021859407424926758,0.0,0.0,0.0,,,,,,,7,7,0.0
null_t3_d2,null,2,600,2,1,MDL split/merge,5,0.035449981689453125,0.0,0.0,0.0,,,,,,,4,4,0.0
null_t3_d2,null,2,600,2,1,GMM+BIC,3,0.27785754203796387,0.0,0.0,0.0,,,,,,,2,2,0.0
null_t3_d2,null,2,600,2,1,GMM+ICL,2,0.2758457660675049,0.0,0.0,0.0,,,,,,,1,1,0.0
null_t3_d2,null,2,600,2,1,HDBSCAN,2,0.003960609436035156,0.0,0.0,0.0,,,,,,,1,1,0.0
null_t3_d2,null,2,600,2,1,Bisecting+Sil.,9,0.10100412368774414,0.0,0.0,0.0,,,,,,,8,8,0.0
null_t3_d2,null,3,600,2,1,ORACLE k-means(k*),1,0.0018186569213867188,1.0,1.0,1.0,,,,,,,0,0,1.0
null_t3_d2,null,3,600,2,1,CDK (proposed),1,2.1853601932525635,1.0,1.0,1.0,1.0,1.0,28.0,10.0,0.39285714285714285,0.18,0,0,1.0
null_t3_d2,null,3,600,2,1,CDK / Gaussian null,1,3.6786611080169678,1.0,1.0,1.0,1.0,4.0,28.0,10.0,0.5357142857142857,0.01,0,0,1.0
null_t3_d2,null,3,600,2,1,CDK / AD statistic,2,4.108084678649902,0.0,0.0,0.0,1.0,3.0,28.0,10.0,0.42857142857142855,0.0175,1,1,0.0
null_t3_d2,null,3,600,2,1,CDK / no multiplicity corr.,1,2.329374313354492,1.0,1.0,1.0,1.0,2.0,28.0,10.0,0.4642857142857143,0.18,0,0,1.0
null_t3_d2,null,3,600,2,1,CDK / n_min=15,1,4.490165710449219,1.0,1.0,1.0,1.0,1.0,55.0,19.0,0.4,0.065,0,0,1.0
null_t3_d2,null,3,600,2,1,CDK / n_min=40,2,2.253793954849243,0.0,0.0,0.0,2.0,2.0,20.0,8.0,0.5,0.01,1,1,0.0
null_t3_d2,null,3,600,2,1,Silhouette,6,0.1517801284790039,0.0,0.0,0.0,,,,,,,5,5,0.0
null_t3_d2,null,3,600,2,1,Calinski-Har.,11,0.11838841438293457,0.0,0.0,0.0,,,,,,,10,10,0.0
null_t3_d2,null,3,600,2,1,Davies-Bouldin,6,0.13329648971557617,0.0,0.0,0.0,,,,,,,5,5,0.0
null_t3_d2,null,3,600,2,1,Elbow (Kneedle),5,0.11809349060058594,0.0,0.0,0.0,,,,,,,4,4,0.0
null_t3_d2,null,3,600,2,1,Jump statistic,10,0.12208843231201172,0.0,0.0,0.0,,,,,,,9,9,0.0
null_t3_d2,null,3,600,2,1,Gap statistic,2,0.39548563957214355,0.0,0.0,0.0,,,,,,,1,1,0.0
null_t3_d2,null,3,600,2,1,X-means,2,0.014385461807250977,0.0,0.0,0.0,,,,,,,1,1,0.0
null_t3_d2,null,3,600,2,1,G-means,9,0.039872169494628906,0.0,0.0,0.0,,,,,,,8,8,0.0
null_t3_d2,null,3,600,2,1,dip-means,1,0.014709234237670898,1.0,1.0,1.0,,,,,,,0,0,1.0
null_t3_d2,null,3,600,2,1,ISODATA,9,0.022769689559936523,0.0,0.0,0.0,,,,,,,8,8,0.0
null_t3_d2,null,3,600,2,1,MDL split/merge,2,0.008106231689453125,0.0,0.0,0.0,,,,,,,1,1,0.0
null_t3_d2,null,3,600,2,1,GMM+BIC,2,0.22617363929748535,0.0,0.0,0.0,,,,,,,1,1,0.0
null_t3_d2,null,3,600,2,1,GMM+ICL,2,0.2185680866241455,0.0,0.0,0.0,,,,,,,1,1,0.0
null_t3_d2,null,3,600,2,1,HDBSCAN,4,0.0040132999420166016,0.0,0.0,0.0,,,,,,,3,3,0.0
null_t3_d2,null,3,600,2,1,Bisecting+Sil.,2,0.09921646118164062,0.0,0.0,0.0,,,,,,,1,1,0.0
null_t3_d2,null,4,600,2,1,ORACLE k-means(k*),1,0.0022161006927490234,1.0,1.0,1.0,,,,,,,0,0,1.0
null_t3_d2,null,4,600,2,1,CDK (proposed),1,2.0526206493377686,1.0,1.0,1.0,1.0,1.0,17.0,7.0,0.5294117647058824,0.01,0,0,1.0
null_t3_d2,null,4,600,2,1,CDK / Gaussian null,2,2.537940263748169,0.0,0.0,0.0,2.0,4.0,17.0,7.0,0.5294117647058824,0.005,1,1,0.0
null_t3_d2,null,4,600,2,1,CDK / AD statistic,2,3.156094789505005,0.0,0.0,0.0,1.0,2.0,17.0,7.0,0.5882352941176471,0.005,1,1,0.0
null_t3_d2,null,4,600,2,1,CDK / no multiplicity corr.,1,2.0530645847320557,1.0,1.0,1.0,1.0,3.0,17.0,7.0,0.5294117647058824,0.01,0,0,1.0
null_t3_d2,null,4,600,2,1,CDK / n_min=15,1,4.967545986175537,1.0,1.0,1.0,1.0,3.0,74.0,25.0,0.2702702702702703,0.14,0,0,1.0
null_t3_d2,null,4,600,2,1,CDK / n_min=40,1,1.5301008224487305,1.0,1.0,1.0,1.0,2.0,13.0,6.0,0.46153846153846156,0.025,0,0,1.0
null_t3_d2,null,4,600,2,1,Silhouette,4,0.14481258392333984,0.0,0.0,0.0,,,,,,,3,3,0.0
null_t3_d2,null,4,600,2,1,Calinski-Har.,11,0.10649824142456055,0.0,0.0,0.0,,,,,,,10,10,0.0
null_t3_d2,null,4,600,2,1,Davies-Bouldin,10,0.12331891059875488,0.0,0.0,0.0,,,,,,,9,9,0.0
null_t3_d2,null,4,600,2,1,Elbow (Kneedle),5,0.11379766464233398,0.0,0.0,0.0,,,,,,,4,4,0.0
null_t3_d2,null,4,600,2,1,Jump statistic,10,0.11605215072631836,0.0,0.0,0.0,,,,,,,9,9,0.0
null_t3_d2,null,4,600,2,1,Gap statistic,2,0.37883901596069336,0.0,0.0,0.0,,,,,,,1,1,0.0
null_t3_d2,null,4,600,2,1,X-means,2,0.015470027923583984,0.0,0.0,0.0,,,,,,,1,1,0.0
null_t3_d2,null,4,600,2,1,G-means,9,0.031487464904785156,0.0,0.0,0.0,,,,,,,8,8,0.0
null_t3_d2,null,4,600,2,1,dip-means,1,0.013521671295166016,1.0,1.0,1.0,,,,,,,0,0,1.0
null_t3_d2,null,4,600,2,1,ISODATA,7,0.01942920684814453,0.0,0.0,0.0,,,,,,,6,6,0.0
null_t3_d2,null,4,600,2,1,MDL split/merge,2,0.00847935676574707,0.0,0.0,0.0,,,,,,,1,1,0.0
null_t3_d2,null,4,600,2,1,GMM+BIC,3,0.2166762351989746,0.0,0.0,0.0,,,,,,,2,2,0.0
null_t3_d2,null,4,600,2,1,GMM+ICL,2,0.2316434383392334,0.0,0.0,0.0,,,,,,,1,1,0.0
null_t3_d2,null,4,600,2,1,HDBSCAN,2,0.00420832633972168,0.0,0.0,0.0,,,,,,,1,1,0.0
null_t3_d2,null,4,600,2,1,Bisecting+Sil.,9,0.10409832000732422,0.0,0.0,0.0,,,,,,,8,8,0.0
null_t3_d2,null,5,600,2,1,ORACLE k-means(k*),1,0.002098560333251953,1.0,1.0,1.0,,,,,,,0,0,1.0
null_t3_d2,null,5,600,2,1,CDK (proposed),1,1.9025380611419678,1.0,1.0,1.0,1.0,2.0,22.0,8.0,0.4090909090909091,0.22384615384615386,0,0,1.0
null_t3_d2,null,5,600,2,1,CDK / Gaussian null,1,2.5514676570892334,1.0,1.0,1.0,1.0,1.0,22.0,8.0,0.4090909090909091,0.055,0,0,1.0
null_t3_d2,null,5,600,2,1,CDK / AD statistic,1,2.759063959121704,1.0,1.0,1.0,1.0,2.0,22.0,8.0,0.36363636363636365,0.20636363636363636,0,0,1.0
null_t3_d2,null,5,600,2,1,CDK / no multiplicity corr.,2,1.9388320446014404,0.0,0.0,0.0,1.0,2.0,22.0,8.0,0.45454545454545453,0.22384615384615386,1,1,0.0
null_t3_d2,null,5,600,2,1,CDK / n_min=15,2,4.012959957122803,0.0,0.0,0.0,2.0,2.0,50.0,17.0,0.4,0.055,1,1,0.0
null_t3_d2,null,5,600,2,1,CDK / n_min=40,1,1.1161127090454102,1.0,1.0,1.0,1.0,1.0,10.0,4.0,0.4,1.0,0,0,1.0
null_t3_d2,null,5,600,2,1,Silhouette,10,0.14361882209777832,0.0,0.0,0.0,,,,,,,9,9,0.0
null_t3_d2,null,5,600,2,1,Calinski-Har.,12,0.11016130447387695,0.0,0.0,0.0,,,,,,,11,11,0.0
null_t3_d2,null,5,600,2,1,Davies-Bouldin,7,0.13162851333618164,0.0,0.0,0.0,,,,,,,6,6,0.0
null_t3_d2,null,5,600,2,1,Elbow (Kneedle),6,0.11437201499938965,0.0,0.0,0.0,,,,,,,5,5,0.0
null_t3_d2,null,5,600,2,1,Jump statistic,10,0.1177985668182373,0.0,0.0,0.0,,,,,,,9,9,0.0
null_t3_d2,null,5,600,2,1,Gap statistic,2,0.3882730007171631,0.0,0.0,0.0,,,,,,,1,1,0.0
null_t3_d2,null,5,600,2,1,X-means,2,0.014709949493408203,0.0,0.0,0.0,,,,,,,1,1,0.0
null_t3_d2,null,5,600,2,1,G-means,9,0.02642989158630371,0.0,0.0,0.0,,,,,,,8,8,0.0
null_t3_d2,null,5,600,2,1,dip-means,1,0.012921571731567383,1.0,1.0,1.0,,,,,,,0,0,1.0
null_t3_d2,null,5,600,2,1,ISODATA,7,0.028959035873413086,0.0,0.0,0.0,,,,,,,6,6,0.0
null_t3_d2,null,5,600,2,1,MDL split/merge,4,0.020781278610229492,0.0,0.0,0.0,,,,,,,3,3,0.0
null_t3_d2,null,5,600,2,1,GMM+BIC,3,0.24576759338378906,0.0,0.0,0.0,,,,,,,2,2,0.0
null_t3_d2,null,5,600,2,1,GMM+ICL,2,0.2531154155731201,0.0,0.0,0.0,,,,,,,1,1,0.0
null_t3_d2,null,5,600,2,1,HDBSCAN,2,0.0042572021484375,0.0,0.0,0.0,,,,,,,1,1,0.0
null_t3_d2,null,5,600,2,1,Bisecting+Sil.,6,0.10439848899841309,0.0,0.0,0.0,,,,,,,5,5,0.0
null_t3_d2,null,6,600,2,1,ORACLE k-means(k*),1,0.002275228500366211,1.0,1.0,1.0,,,,,,,0,0,1.0
null_t3_d2,null,6,600,2,1,CDK (proposed),1,1.3893871307373047,1.0,1.0,1.0,1.0,1.0,10.0,4.0,0.5,0.19480769230769232,0,0,1.0
null_t3_d2,null,6,600,2,1,CDK / Gaussian null,1,1.9433953762054443,1.0,1.0,1.0,1.0,1.0,10.0,4.0,0.5,0.04,0,0,1.0
null_t3_d2,null,6,600,2,1,CDK / AD statistic,1,2.0337560176849365,1.0,1.0,1.0,1.0,1.0,10.0,4.0,0.4,0.0175,0,0,1.0
null_t3_d2,null,6,600,2,1,CDK / no multiplicity corr.,1,1.4085400104522705,1.0,1.0,1.0,1.0,1.0,10.0,4.0,0.5,0.19480769230769232,0,0,1.0
null_t3_d2,null,6,600,2,1,CDK / n_min=15,2,3.8336989879608154,0.0,0.0,0.0,2.0,2.0,60.0,21.0,0.3333333333333333,0.09,1,1,0.0
null_t3_d2,null,6,600,2,1,CDK / n_min=40,1,1.3656597137451172,1.0,1.0,1.0,1.0,1.0,10.0,4.0,0.5,0.19480769230769232,0,0,1.0
null_t3_d2,null,6,600,2,1,Silhouette,12,0.16599535942077637,0.0,0.0,0.0,,,,,,,11,11,0.0
null_t3_d2,null,6,600,2,1,Calinski-Har.,12,0.14716291427612305,0.0,0.0,0.0,,,,,,,11,11,0.0
null_t3_d2,null,6,600,2,1,Davies-Bouldin,12,0.13758373260498047,0.0,0.0,0.0,,,,,,,11,11,0.0
null_t3_d2,null,6,600,2,1,Elbow (Kneedle),6,0.134840726852417,0.0,0.0,0.0,,,,,,,5,5,0.0
null_t3_d2,null,6,600,2,1,Jump statistic,12,0.14459490776062012,0.0,0.0,0.0,,,,,,,11,11,0.0
null_t3_d2,null,6,600,2,1,Gap statistic,2,0.45029497146606445,0.0,0.0,0.0,,,,,,,1,1,0.0
null_t3_d2,null,6,600,2,1,X-means,2,0.018231630325317383,0.0,0.0,0.0,,,,,,,1,1,0.0
null_t3_d2,null,6,600,2,1,G-means,10,0.033663034439086914,0.0,0.0,0.0,,,,,,,9,9,0.0
null_t3_d2,null,6,600,2,1,dip-means,1,0.015590190887451172,1.0,1.0,1.0,,,,,,,0,0,1.0
null_t3_d2,null,6,600,2,1,ISODATA,8,0.023896455764770508,0.0,0.0,0.0,,,,,,,7,7,0.0
null_t3_d2,null,6,600,2,1,MDL split/merge,3,0.018116474151611328,0.0,0.0,0.0,,,,,,,2,2,0.0
null_t3_d2,null,6,600,2,1,GMM+BIC,3,0.2988460063934326,0.0,0.0,0.0,,,,,,,2,2,0.0
null_t3_d2,null,6,600,2,1,GMM+ICL,2,0.2924797534942627,0.0,0.0,0.0,,,,,,,1,1,0.0
null_t3_d2,null,6,600,2,1,HDBSCAN,2,0.004466056823730469,0.0,0.0,0.0,,,,,,,1,1,0.0
null_t3_d2,null,6,600,2,1,Bisecting+Sil.,8,0.1158761978149414,0.0,0.0,0.0,,,,,,,7,7,0.0
null_t3_d2,null,7,600,2,1,ORACLE k-means(k*),1,0.002171039581298828,1.0,1.0,1.0,,,,,,,0,0,1.0
null_t3_d2,null,7,600,2,1,CDK (proposed),1,2.115609884262085,1.0,1.0,1.0,1.0,1.0,18.0,7.0,0.4444444444444444,0.0425,0,0,1.0
null_t3_d2,null,7,600,2,1,CDK / Gaussian null,2,2.5765130519866943,0.0,0.0,0.0,2.0,2.0,18.0,7.0,0.6666666666666666,0.005,1,1,0.0
null_t3_d2,null,7,600,2,1,CDK / AD statistic,2,2.1252734661102295,0.0,0.0,0.0,1.0,2.0,18.0,7.0,0.5,0.049999999999999996,1,1,0.0
null_t3_d2,null,7,600,2,1,CDK / no multiplicity corr.,1,1.7965004444122314,1.0,1.0,1.0,1.0,1.0,18.0,7.0,0.5555555555555556,0.0425,0,0,1.0
null_t3_d2,null,7,600,2,1,CDK / n_min=15,2,3.111177682876587,0.0,0.0,0.0,2.0,3.0,54.0,19.0,0.42592592592592593,0.06,1,1,0.0
null_t3_d2,null,7,600,2,1,CDK / n_min=40,1,0.7015800476074219,1.0,1.0,1.0,1.0,1.0,10.0,4.0,0.2,0.7692307692307692,0,0,1.0
null_t3_d2,null,7,600,2,1,Silhouette,12,0.1451280117034912,0.0,0.0,0.0,,,,,,,11,11,0.0
null_t3_d2,null,7,600,2,1,Calinski-Har.,11,0.0957343578338623,0.0,0.0,0.0,,,,,,,10,10,0.0
null_t3_d2,null,7,600,2,1,Davies-Bouldin,10,0.1063683032989502,0.0,0.0,0.0,,,,,,,9,9,0.0
null_t3_d2,null,7,600,2,1,Elbow (Kneedle),6,0.10139703750610352,0.0,0.0,0.0,,,,,,,5,5,0.0
null_t3_d2,null,7,600,2,1,Jump statistic,10,0.10817193984985352,0.0,0.0,0.0,,,,,,,9,9,0.0
null_t3_d2,null,7,600,2,1,Gap statistic,2,0.3237037658691406,0.0,0.0,0.0,,,,,,,1,1,0.0
null_t3_d2,null,7,600,2,1,X-means,2,0.011481285095214844,0.0,0.0,0.0,,,,,,,1,1,0.0
null_t3_d2,null,7,600,2,1,G-means,2,0.007664203643798828,0.0,0.0,0.0,,,,,,,1,1,0.0
null_t3_d2,null,7,600,2,1,dip-means,1,0.011284828186035156,1.0,1.0,1.0,,,,,,,0,0,1.0
null_t3_d2,null,7,600,2,1,ISODATA,8,0.020810604095458984,0.0,0.0,0.0,,,,,,,7,7,0.0
null_t3_d2,null,7,600,2,1,MDL split/merge,2,0.00677037239074707,0.0,0.0,0.0,,,,,,,1,1,0.0
null_t3_d2,null,7,600,2,1,GMM+BIC,2,0.1828773021697998,0.0,0.0,0.0,,,,,,,1,1,0.0
null_t3_d2,null,7,600,2,1,GMM+ICL,2,0.18714404106140137,0.0,0.0,0.0,,,,,,,1,1,0.0
null_t3_d2,null,7,600,2,1,HDBSCAN,3,0.003487825393676758,0.0,0.0,0.0,,,,,,,2,2,0.0
null_t3_d2,null,7,600,2,1,Bisecting+Sil.,8,0.09144067764282227,0.0,0.0,0.0,,,,,,,7,7,0.0
null_t3_d2,null,8,600,2,1,ORACLE k-means(k*),1,0.002705812454223633,1.0,1.0,1.0,,,,,,,0,0,1.0
null_t3_d2,null,8,600,2,1,CDK (proposed),2,1.863523006439209,0.0,0.0,0.0,1.0,2.0,26.0,9.0,0.34615384615384615,0.19477272727272726,1,1,0.0
null_t3_d2,null,8,600,2,1,CDK / Gaussian null,2,2.6701560020446777,0.0,0.0,0.0,2.0,3.0,26.0,9.0,0.5,0.015,1,1,0.0
null_t3_d2,null,8,600,2,1,CDK / AD statistic,2,2.5223894119262695,0.0,0.0,0.0,2.0,2.0,26.0,9.0,0.4230769230769231,0.18607142857142855,1,1,0.0
null_t3_d2,null,8,600,2,1,CDK / no multiplicity corr.,2,1.6176295280456543,0.0,0.0,0.0,2.0,2.0,26.0,9.0,0.4230769230769231,0.19477272727272726,1,1,0.0
null_t3_d2,null,8,600,2,1,CDK / n_min=15,2,2.2227423191070557,0.0,0.0,0.0,2.0,2.0,35.0,12.0,0.34285714285714286,0.05,1,1,0.0
null_t3_d2,null,8,600,2,1,CDK / n_min=40,1,1.175410509109497,1.0,1.0,1.0,1.0,1.0,18.0,7.0,0.2777777777777778,0.5192307692307692,0,0,1.0
null_t3_d2,null,8,600,2,1,Silhouette,2,0.12342023849487305,0.0,0.0,0.0,,,,,,,1,1,0.0
null_t3_d2,null,8,600,2,1,Calinski-Har.,11,0.09186220169067383,0.0,0.0,0.0,,,,,,,10,10,0.0
null_t3_d2,null,8,600,2,1,Davies-Bouldin,2,0.10575461387634277,0.0,0.0,0.0,,,,,,,1,1,0.0
null_t3_d2,null,8,600,2,1,Elbow (Kneedle),6,0.09538388252258301,0.0,0.0,0.0,,,,,,,5,5,0.0
null_t3_d2,null,8,600,2,1,Jump statistic,6,0.09597349166870117,0.0,0.0,0.0,,,,,,,5,5,0.0
null_t3_d2,null,8,600,2,1,Gap statistic,2,0.3134427070617676,0.0,0.0,0.0,,,,,,,1,1,0.0
null_t3_d2,null,8,600,2,1,X-means,2,0.008942604064941406,0.0,0.0,0.0,,,,,,,1,1,0.0
null_t3_d2,null,8,600,2,1,G-means,12,0.029271364212036133,0.0,0.0,0.0,,,,,,,11,11,0.0
null_t3_d2,null,8,600,2,1,dip-means,1,0.011504411697387695,1.0,1.0,1.0,,,,,,,0,0,1.0
null_t3_d2,null,8,600,2,1,ISODATA,7,0.026700735092163086,0.0,0.0,0.0,,,,,,,6,6,0.0
null_t3_d2,null,8,600,2,1,MDL split/merge,6,0.03264880180358887,0.0,0.0,0.0,,,,,,,5,5,0.0
null_t3_d2,null,8,600,2,1,GMM+BIC,4,0.19035792350769043,0.0,0.0,0.0,,,,,,,3,3,0.0
null_t3_d2,null,8,600,2,1,GMM+ICL,2,0.1940019130706787,0.0,0.0,0.0,,,,,,,1,1,0.0
null_t3_d2,null,8,600,2,1,HDBSCAN,2,0.0034797191619873047,0.0,0.0,0.0,,,,,,,1,1,0.0
null_t3_d2,null,8,600,2,1,Bisecting+Sil.,2,0.09979939460754395,0.0,0.0,0.0,,,,,,,1,1,0.0
null_t3_d2,null,9,600,2,1,ORACLE k-means(k*),1,0.001817464828491211,1.0,1.0,1.0,,,,,,,0,0,1.0
null_t3_d2,null,9,600,2,1,CDK (proposed),3,2.5607967376708984,0.0,0.0,0.0,3.0,3.0,26.0,10.0,0.5769230769230769,0.005,2,2,0.0
null_t3_d2,null,9,600,2,1,CDK / Gaussian null,4,3.620311975479126,0.0,0.0,0.0,3.0,6.0,26.0,10.0,0.6923076923076923,0.005,3,3,0.0
null_t3_d2,null,9,600,2,1,CDK / AD statistic,5,4.114678859710693,0.0,0.0,0.0,4.0,5.0,26.0,10.0,0.7307692307692307,0.005,4,4,0.0
null_t3_d2,null,9,600,2,1,CDK / no multiplicity corr.,3,3.096497058868408,0.0,0.0,0.0,3.0,4.0,26.0,10.0,0.6153846153846154,0.005,2,2,0.0
null_t3_d2,null,9,600,2,1,CDK / n_min=15,2,3.7785377502441406,0.0,0.0,0.0,2.0,2.0,51.0,18.0,0.47058823529411764,0.035,1,1,0.0
null_t3_d2,null,9,600,2,1,CDK / n_min=40,1,0.7660994529724121,1.0,1.0,1.0,1.0,1.0,6.0,3.0,0.3333333333333333,0.4723076923076923,0,0,1.0
null_t3_d2,null,9,600,2,1,Silhouette,5,0.12660765647888184,0.0,0.0,0.0,,,,,,,4,4,0.0
null_t3_d2,null,9,600,2,1,Calinski-Har.,12,0.09313416481018066,0.0,0.0,0.0,,,,,,,11,11,0.0
null_t3_d2,null,9,600,2,1,Davies-Bouldin,11,0.10938429832458496,0.0,0.0,0.0,,,,,,,10,10,0.0
null_t3_d2,null,9,600,2,1,Elbow (Kneedle),6,0.10094404220581055,0.0,0.0,0.0,,,,,,,5,5,0.0
null_t3_d2,null,9,600,2,1,Jump statistic,12,0.1040794849395752,0.0,0.0,0.0,,,,,,,11,11,0.0
null_t3_d2,null,9,600,2,1,Gap statistic,2,0.331470251083374,0.0,0.0,0.0,,,,,,,1,1,0.0
null_t3_d2,null,9,600,2,1,X-means,2,0.011777162551879883,0.0,0.0,0.0,,,,,,,1,1,0.0
null_t3_d2,null,9,600,2,1,G-means,9,0.025568723678588867,0.0,0.0,0.0,,,,,,,8,8,0.0
null_t3_d2,null,9,600,2,1,dip-means,1,0.01134037971496582,1.0,1.0,1.0,,,,,,,0,0,1.0
null_t3_d2,null,9,600,2,1,ISODATA,8,0.022769689559936523,0.0,0.0,0.0,,,,,,,7,7,0.0
null_t3_d2,null,9,600,2,1,MDL split/merge,3,0.01221013069152832,0.0,0.0,0.0,,,,,,,2,2,0.0
null_t3_d2,null,9,600,2,1,GMM+BIC,2,0.2287147045135498,0.0,0.0,0.0,,,,,,,1,1,0.0
null_t3_d2,null,9,600,2,1,GMM+ICL,2,0.23354601860046387,0.0,0.0,0.0,,,,,,,1,1,0.0
null_t3_d2,null,9,600,2,1,HDBSCAN,2,0.0035512447357177734,0.0,0.0,0.0,,,,,,,1,1,0.0
null_t3_d2,null,9,600,2,1,Bisecting+Sil.,6,0.08305978775024414,0.0,0.0,0.0,,,,,,,5,5,0.0
null_t3_d10,null,0,600,10,1,ORACLE k-means(k*),1,0.001953601837158203,1.0,1.0,1.0,,,,,,,0,0,1.0
null_t3_d10,null,0,600,10,1,CDK (proposed),1,0.5300593376159668,1.0,1.0,1.0,1.0,1.0,10.0,4.0,0.2,1.0,0,0,1.0
null_t3_d10,null,0,600,10,1,CDK / Gaussian null,1,1.7171947956085205,1.0,1.0,1.0,1.0,1.0,10.0,4.0,0.5,0.505,0,0,1.0
null_t3_d10,null,0,600,10,1,CDK / AD statistic,1,0.9506931304931641,1.0,1.0,1.0,1.0,1.0,10.0,4.0,0.2,0.6538461538461539,0,0,1.0
null_t3_d10,null,0,600,10,1,CDK / no multiplicity corr.,1,0.543870210647583,1.0,1.0,1.0,1.0,1.0,10.0,4.0,0.2,1.0,0,0,1.0
null_t3_d10,null,0,600,10,1,CDK / n_min=15,1,1.3958179950714111,1.0,1.0,1.0,1.0,1.0,33.0,11.0,0.12121212121212122,0.9230769230769231,0,0,1.0
null_t3_d10,null,0,600,10,1,CDK / n_min=40,1,0.5625145435333252,1.0,1.0,1.0,1.0,1.0,6.0,3.0,0.16666666666666666,0.9615384615384616,0,0,1.0
null_t3_d10,null,0,600,10,1,Silhouette,10,0.1546630859375,0.0,0.0,0.0,,,,,,,9,9,0.0
null_t3_d10,null,0,600,10,1,Calinski-Har.,3,0.12185788154602051,0.0,0.0,0.0,,,,,,,2,2,0.0
null_t3_d10,null,0,600,10,1,Davies-Bouldin,12,0.13438677787780762,0.0,0.0,0.0,,,,,,,11,11,0.0
null_t3_d10,null,0,600,10,1,Elbow (Kneedle),6,0.1270437240600586,0.0,0.0,0.0,,,,,,,5,5,0.0
null_t3_d10,null,0,600,10,1,Jump statistic,10,0.12858247756958008,0.0,0.0,0.0,,,,,,,9,9,0.0
null_t3_d10,null,0,600,10,1,Gap statistic,2,0.389237642288208,0.0,0.0,0.0,,,,,,,1,1,0.0
null_t3_d10,null,0,600,10,1,X-means,2,0.015667438507080078,0.0,0.0,0.0,,,,,,,1,1,0.0
null_t3_d10,null,0,600,10,1,G-means,4,0.021249771118164062,0.0,0.0,0.0,,,,,,,3,3,0.0
null_t3_d10,null,0,600,10,1,dip-means,1,0.01201009750366211,1.0,1.0,1.0,,,,,,,0,0,1.0
null_t3_d10,null,0,600,10,1,ISODATA,11,0.022083520889282227,0.0,0.0,0.0,,,,,,,10,10,0.0
null_t3_d10,null,0,600,10,1,MDL split/merge,17,0.22548842430114746,0.0,0.0,0.0,,,,,,,16,16,0.0
null_t3_d10,null,0,600,10,1,GMM+BIC,2,0.4988861083984375,0.0,0.0,0.0,,,,,,,1,1,0.0
null_t3_d10,null,0,600,10,1,GMM+ICL,2,0.5226845741271973,0.0,0.0,0.0,,,,,,,1,1,0.0
null_t3_d10,null,0,600,10,1,HDBSCAN,1,0.0056552886962890625,1.0,1.0,1.0,,,,,,,0,0,1.0
null_t3_d10,null,0,600,10,1,Bisecting+Sil.,2,0.1093449592590332,0.0,0.0,0.0,,,,,,,1,1,0.0
null_t3_d10,null,1,600,10,1,ORACLE k-means(k*),1,0.0021588802337646484,1.0,1.0,1.0,,,,,,,0,0,1.0
null_t3_d10,null,1,600,10,1,CDK (proposed),1,0.14287161827087402,1.0,1.0,1.0,1.0,1.0,3.0,2.0,0.0,1.0,0,0,1.0
null_t3_d10,null,1,600,10,1,CDK / Gaussian null,1,0.4717094898223877,1.0,1.0,1.0,1.0,1.0,3.0,2.0,0.3333333333333333,1.0,0,0,1.0
null_t3_d10,null,1,600,10,1,CDK / AD statistic,1,0.5242743492126465,1.0,1.0,1.0,1.0,1.0,3.0,2.0,0.3333333333333333,0.7692307692307693,0,0,1.0
null_t3_d10,null,1,600,10,1,CDK / no multiplicity corr.,1,0.18327951431274414,1.0,1.0,1.0,1.0,1.0,3.0,2.0,0.0,1.0,0,0,1.0
null_t3_d10,null,1,600,10,1,CDK / n_min=15,1,1.0651869773864746,1.0,1.0,1.0,1.0,1.0,30.0,11.0,0.06666666666666667,1.0,0,0,1.0
null_t3_d10,null,1,600,10,1,CDK / n_min=40,1,0.17555618286132812,1.0,1.0,1.0,1.0,1.0,3.0,2.0,0.0,1.0,0,0,1.0
null_t3_d10,null,1,600,10,1,Silhouette,12,0.16718292236328125,0.0,0.0,0.0,,,,,,,11,11,0.0
null_t3_d10,null,1,600,10,1,Calinski-Har.,2,0.13823270797729492,0.0,0.0,0.0,,,,,,,1,1,0.0
null_t3_d10,null,1,600,10,1,Davies-Bouldin,10,0.1570432186126709,0.0,0.0,0.0,,,,,,,9,9,0.0
null_t3_d10,null,1,600,10,1,Elbow (Kneedle),6,0.1456456184387207,0.0,0.0,0.0,,,,,,,5,5,0.0
null_t3_d10,null,1,600,10,1,Jump statistic,11,0.15134358406066895,0.0,0.0,0.0,,,,,,,10,10,0.0
null_t3_d10,null,1,600,10,1,Gap statistic,2,0.44326043128967285,0.0,0.0,0.0,,,,,,,1,1,0.0
null_t3_d10,null,1,600,10,1,X-means,3,0.022281885147094727,0.0,0.0,0.0,,,,,,,2,2,0.0
null_t3_d10,null,1,600,10,1,G-means,8,0.03787112236022949,0.0,0.0,0.0,,,,,,,7,7,0.0
null_t3_d10,null,1,600,10,1,dip-means,1,0.012427806854248047,1.0,1.0,1.0,,,,,,,0,0,1.0
null_t3_d10,null,1,600,10,1,ISODATA,11,0.036180734634399414,0.0,0.0,0.0,,,,,,,10,10,0.0
null_t3_d10,null,1,600,10,1,MDL split/merge,17,0.2852206230163574,0.0,0.0,0.0,,,,,,,16,16,0.0
null_t3_d10,null,1,600,10,1,GMM+BIC,2,0.6434884071350098,0.0,0.0,0.0,,,,,,,1,1,0.0
null_t3_d10,null,1,600,10,1,GMM+ICL,2,0.6549553871154785,0.0,0.0,0.0,,,,,,,1,1,0.0
null_t3_d10,null,1,600,10,1,HDBSCAN,1,0.006659269332885742,1.0,1.0,1.0,,,,,,,0,0,1.0
null_t3_d10,null,1,600,10,1,Bisecting+Sil.,2,0.1319568157196045,0.0,0.0,0.0,,,,,,,1,1,0.0
null_t3_d10,null,3,600,10,1,ORACLE k-means(k*),1,0.002248525619506836,1.0,1.0,1.0,,,,,,,0,0,1.0
null_t3_d10,null,3,600,10,1,CDK (proposed),1,0.002412080764770508,1.0,1.0,1.0,1.0,1.0,0.0,1.0,0.0,,0,0,1.0
null_t3_d10,null,3,600,10,1,CDK / Gaussian null,1,0.0023348331451416016,1.0,1.0,1.0,1.0,1.0,0.0,1.0,0.0,,0,0,1.0
null_t3_d10,null,3,600,10,1,CDK / AD statistic,1,0.0023581981658935547,1.0,1.0,1.0,1.0,1.0,0.0,1.0,0.0,,0,0,1.0
null_t3_d10,null,3,600,10,1,CDK / no multiplicity corr.,1,0.002334117889404297,1.0,1.0,1.0,1.0,1.0,0.0,1.0,0.0,,0,0,1.0
null_t3_d10,null,3,600,10,1,CDK / n_min=15,1,0.0023021697998046875,1.0,1.0,1.0,1.0,1.0,0.0,1.0,0.0,,0,0,1.0
null_t3_d10,null,3,600,10,1,CDK / n_min=40,1,0.002301931381225586,1.0,1.0,1.0,1.0,1.0,0.0,1.0,0.0,,0,0,1.0
null_t3_d10,null,3,600,10,1,Silhouette,2,0.17164111137390137,0.0,0.0,0.0,,,,,,,1,1,0.0
null_t3_d10,null,3,600,10,1,Calinski-Har.,2,0.1437854766845703,0.0,0.0,0.0,,,,,,,1,1,0.0
null_t3_d10,null,3,600,10,1,Davies-Bouldin,2,0.15578389167785645,0.0,0.0,0.0,,,,,,,1,1,0.0
null_t3_d10,null,3,600,10,1,Elbow (Kneedle),5,0.15184402465820312,0.0,0.0,0.0,,,,,,,4,4,0.0
null_t3_d10,null,3,600,10,1,Jump statistic,12,0.14579534530639648,0.0,0.0,0.0,,,,,,,11,11,0.0
null_t3_d10,null,3,600,10,1,Gap statistic,2,0.4279630184173584,0.0,0.0,0.0,,,,,,,1,1,0.0
null_t3_d10,null,3,600,10,1,X-means,2,0.016130924224853516,0.0,0.0,0.0,,,,,,,1,1,0.0
null_t3_d10,null,3,600,10,1,G-means,4,0.020964860916137695,0.0,0.0,0.0,,,,,,,3,3,0.0
null_t3_d10,null,3,600,10,1,dip-means,1,0.014977216720581055,1.0,1.0,1.0,,,,,,,0,0,1.0
null_t3_d10,null,3,600,10,1,ISODATA,9,0.03981804847717285,0.0,0.0,0.0,,,,,,,8,8,0.0
null_t3_d10,null,3,600,10,1,MDL split/merge,17,0.253892183303833,0.0,0.0,0.0,,,,,,,16,16,0.0
null_t3_d10,null,3,600,10,1,GMM+BIC,3,0.5859136581420898,0.0,0.0,0.0,,,,,,,2,2,0.0
null_t3_d10,null,3,600,10,1,GMM+ICL,3,0.5326383113861084,0.0,0.0,0.0,,,,,,,2,2,0.0
null_t3_d10,null,3,600,10,1,HDBSCAN,1,0.006429910659790039,1.0,1.0,1.0,,,,,,,0,0,1.0
null_t3_d10,null,3,600,10,1,Bisecting+Sil.,2,0.13404345512390137,0.0,0.0,0.0,,,,,,,1,1,0.0
null_t3_d10,null,2,600,10,1,ORACLE k-means(k*),1,0.002120494842529297,1.0,1.0,1.0,,,,,,,0,0,1.0
null_t3_d10,null,2,600,10,1,CDK (proposed),1,1.5943121910095215,1.0,1.0,1.0,1.0,1.0,23.0,9.0,0.17391304347826086,0.9615384615384616,0,0,1.0
null_t3_d10,null,2,600,10,1,CDK / Gaussian null,2,2.115102529525757,0.0,0.0,0.0,1.0,2.0,23.0,9.0,0.2608695652173913,0.46153846153846156,1,1,0.0
null_t3_d10,null,2,600,10,1,CDK / AD statistic,1,2.825232982635498,1.0,1.0,1.0,1.0,1.0,23.0,9.0,0.2608695652173913,0.46153846153846156,0,0,1.0
null_t3_d10,null,2,600,10,1,CDK / no multiplicity corr.,1,1.6865742206573486,1.0,1.0,1.0,1.0,1.0,23.0,9.0,0.2608695652173913,0.9615384615384616,0,0,1.0
null_t3_d10,null,2,600,10,1,CDK / n_min=15,1,2.187812328338623,1.0,1.0,1.0,1.0,1.0,48.0,16.0,0.125,1.0,0,0,1.0
null_t3_d10,null,2,600,10,1,CDK / n_min=40,1,1.0415143966674805,1.0,1.0,1.0,1.0,1.0,26.0,10.0,0.11538461538461539,0.9615384615384616,0,0,1.0
null_t3_d10,null,2,600,10,1,Silhouette,12,0.15664935111999512,0.0,0.0,0.0,,,,,,,11,11,0.0
null_t3_d10,null,2,600,10,1,Calinski-Har.,2,0.12241363525390625,0.0,0.0,0.0,,,,,,,1,1,0.0
null_t3_d10,null,2,600,10,1,Davies-Bouldin,12,0.13874483108520508,0.0,0.0,0.0,,,,,,,11,11,0.0
null_t3_d10,null,2,600,10,1,Elbow (Kneedle),7,0.1339247226715088,0.0,0.0,0.0,,,,,,,6,6,0.0
null_t3_d10,null,2,600,10,1,Jump statistic,12,0.1406562328338623,0.0,0.0,0.0,,,,,,,11,11,0.0
null_t3_d10,null,2,600,10,1,Gap statistic,2,0.4016282558441162,0.0,0.0,0.0,,,,,,,1,1,0.0
null_t3_d10,null,2,600,10,1,X-means,6,0.03847217559814453,0.0,0.0,0.0,,,,,,,5,5,0.0
null_t3_d10,null,2,600,10,1,G-means,4,0.015354633331298828,0.0,0.0,0.0,,,,,,,3,3,0.0
null_t3_d10,null,2,600,10,1,dip-means,1,0.011506080627441406,1.0,1.0,1.0,,,,,,,0,0,1.0
null_t3_d10,null,2,600,10,1,ISODATA,12,0.024365901947021484,0.0,0.0,0.0,,,,,,,11,11,0.0
null_t3_d10,null,2,600,10,1,MDL split/merge,17,0.22504043579101562,0.0,0.0,0.0,,,,,,,16,16,0.0
null_t3_d10,null,2,600,10,1,GMM+BIC,2,0.5396747589111328,0.0,0.0,0.0,,,,,,,1,1,0.0
null_t3_d10,null,2,600,10,1,GMM+ICL,2,0.5341935157775879,0.0,0.0,0.0,,,,,,,1,1,0.0
null_t3_d10,null,2,600,10,1,HDBSCAN,1,0.005690813064575195,1.0,1.0,1.0,,,,,,,0,0,1.0
null_t3_d10,null,2,600,10,1,Bisecting+Sil.,2,0.10320568084716797,0.0,0.0,0.0,,,,,,,1,1,0.0
null_t3_d10,null,5,600,10,1,ORACLE k-means(k*),1,0.0021321773529052734,1.0,1.0,1.0,,,,,,,0,0,1.0
null_t3_d10,null,5,600,10,1,CDK (proposed),1,0.0031533241271972656,1.0,1.0,1.0,1.0,1.0,0.0,1.0,0.0,,0,0,1.0
null_t3_d10,null,5,600,10,1,CDK / Gaussian null,1,0.003360271453857422,1.0,1.0,1.0,1.0,1.0,0.0,1.0,0.0,,0,0,1.0
null_t3_d10,null,5,600,10,1,CDK / AD statistic,1,0.0034322738647460938,1.0,1.0,1.0,1.0,1.0,0.0,1.0,0.0,,0,0,1.0
null_t3_d10,null,5,600,10,1,CDK / no multiplicity corr.,1,0.0033712387084960938,1.0,1.0,1.0,1.0,1.0,0.0,1.0,0.0,,0,0,1.0
null_t3_d10,null,5,600,10,1,CDK / n_min=15,1,0.0030317306518554688,1.0,1.0,1.0,1.0,1.0,0.0,1.0,0.0,,0,0,1.0
null_t3_d10,null,5,600,10,1,CDK / n_min=40,1,0.0032608509063720703,1.0,1.0,1.0,1.0,1.0,0.0,1.0,0.0,,0,0,1.0
null_t3_d10,null,5,600,10,1,Silhouette,3,0.16106963157653809,0.0,0.0,0.0,,,,,,,2,2,0.0
null_t3_d10,null,5,600,10,1,Calinski-Har.,4,0.13308191299438477,0.0,0.0,0.0,,,,,,,3,3,0.0
null_t3_d10,null,5,600,10,1,Davies-Bouldin,10,0.15342426300048828,0.0,0.0,0.0,,,,,,,9,9,0.0
null_t3_d10,null,5,600,10,1,Elbow (Kneedle),6,0.16845297813415527,0.0,0.0,0.0,,,,,,,5,5,0.0
null_t3_d10,null,5,600,10,1,Jump statistic,11,0.1680619716644287,0.0,0.0,0.0,,,,,,,10,10,0.0
null_t3_d10,null,5,600,10,1,Gap statistic,2,0.5070323944091797,0.0,0.0,0.0,,,,,,,1,1,0.0
null_t3_d10,null,5,600,10,1,X-means,4,0.0342562198638916,0.0,0.0,0.0,,,,,,,3,3,0.0
null_t3_d10,null,5,600,10,1,G-means,8,0.04267597198486328,0.0,0.0,0.0,,,,,,,7,7,0.0
null_t3_d10,null,5,600,10,1,dip-means,1,0.015413761138916016,1.0,1.0,1.0,,,,,,,0,0,1.0
null_t3_d10,null,5,600,10,1,ISODATA,11,0.04353475570678711,0.0,0.0,0.0,,,,,,,10,10,0.0
null_t3_d10,null,5,600,10,1,MDL split/merge,17,0.2565302848815918,0.0,0.0,0.0,,,,,,,16,16,0.0
null_t3_d10,null,5,600,10,1,GMM+BIC,2,0.547248125076294,0.0,0.0,0.0,,,,,,,1,1,0.0
null_t3_d10,null,5,600,10,1,GMM+ICL,2,0.538170576095581,0.0,0.0,0.0,,,,,,,1,1,0.0
null_t3_d10,null,5,600,10,1,HDBSCAN,1,0.005751132965087891,1.0,1.0,1.0,,,,,,,0,0,1.0
null_t3_d10,null,5,600,10,1,Bisecting+Sil.,2,0.10032916069030762,0.0,0.0,0.0,,,,,,,1,1,0.0
null_t3_d10,null,4,600,10,1,ORACLE k-means(k*),1,0.0024118423461914062,1.0,1.0,1.0,,,,,,,0,0,1.0
null_t3_d10,null,4,600,10,1,CDK (proposed),1,1.043276071548462,1.0,1.0,1.0,1.0,1.0,10.0,4.0,0.2,1.0,0,0,1.0
null_t3_d10,null,4,600,10,1,CDK / Gaussian null,1,2.536325216293335,1.0,1.0,1.0,1.0,1.0,10.0,4.0,0.5,0.02,0,0,1.0
null_t3_d10,null,4,600,10,1,CDK / AD statistic,1,2.1495361328125,1.0,1.0,1.0,1.0,1.0,10.0,4.0,0.2,0.07,0,0,1.0
null_t3_d10,null,4,600,10,1,CDK / no multiplicity corr.,1,1.1472210884094238,1.0,1.0,1.0,1.0,1.0,10.0,4.0,0.2,1.0,0,0,1.0
null_t3_d10,null,4,600,10,1,CDK / n_min=15,1,1.663175344467163,1.0,1.0,1.0,1.0,1.0,21.0,8.0,0.14285714285714285,1.0,0,0,1.0
null_t3_d10,null,4,600,10,1,CDK / n_min=40,1,0.30618977546691895,1.0,1.0,1.0,1.0,1.0,10.0,5.0,0.0,1.0,0,0,1.0
null_t3_d10,null,4,600,10,1,Silhouette,2,0.14309334754943848,0.0,0.0,0.0,,,,,,,1,1,0.0
null_t3_d10,null,4,600,10,1,Calinski-Har.,2,0.11250543594360352,0.0,0.0,0.0,,,,,,,1,1,0.0
null_t3_d10,null,4,600,10,1,Davies-Bouldin,10,0.13015174865722656,0.0,0.0,0.0,,,,,,,9,9,0.0
null_t3_d10,null,4,600,10,1,Elbow (Kneedle),5,0.13139033317565918,0.0,0.0,0.0,,,,,,,4,4,0.0
null_t3_d10,null,4,600,10,1,Jump statistic,10,0.12823939323425293,0.0,0.0,0.0,,,,,,,9,9,0.0
null_t3_d10,null,4,600,10,1,Gap statistic,2,0.392655611038208,0.0,0.0,0.0,,,,,,,1,1,0.0
null_t3_d10,null,4,600,10,1,X-means,2,0.01630234718322754,0.0,0.0,0.0,,,,,,,1,1,0.0
null_t3_d10,null,4,600,10,1,G-means,8,0.03369021415710449,0.0,0.0,0.0,,,,,,,7,7,0.0
null_t3_d10,null,4,600,10,1,dip-means,1,0.011657476425170898,1.0,1.0,1.0,,,,,,,0,0,1.0
null_t3_d10,null,4,600,10,1,ISODATA,12,0.021615266799926758,0.0,0.0,0.0,,,,,,,11,11,0.0
null_t3_d10,null,4,600,10,1,MDL split/merge,17,0.23382568359375,0.0,0.0,0.0,,,,,,,16,16,0.0
null_t3_d10,null,4,600,10,1,GMM+BIC,3,0.5646333694458008,0.0,0.0,0.0,,,,,,,2,2,0.0
null_t3_d10,null,4,600,10,1,GMM+ICL,2,0.5367426872253418,0.0,0.0,0.0,,,,,,,1,1,0.0
null_t3_d10,null,4,600,10,1,HDBSCAN,1,0.005754947662353516,1.0,1.0,1.0,,,,,,,0,0,1.0
null_t3_d10,null,4,600,10,1,Bisecting+Sil.,2,0.10058832168579102,0.0,0.0,0.0,,,,,,,1,1,0.0
null_t3_d10,null,6,600,10,1,ORACLE k-means(k*),1,0.0019266605377197266,1.0,1.0,1.0,,,,,,,0,0,1.0
null_t3_d10,null,6,600,10,1,CDK (proposed),1,0.9384584426879883,1.0,1.0,1.0,1.0,1.0,10.0,4.0,0.2,1.0,0,0,1.0
null_t3_d10,null,6,600,10,1,CDK / Gaussian null,1,1.2482762336730957,1.0,1.0,1.0,1.0,1.0,10.0,4.0,0.3,0.9615384615384616,0,0,1.0
null_t3_d10,null,6,600,10,1,CDK / AD statistic,1,2.002373218536377,1.0,1.0,1.0,1.0,1.0,10.0,4.0,0.6,0.005,0,0,1.0
null_t3_d10,null,6,600,10,1,CDK / no multiplicity corr.,1,0.9134469032287598,1.0,1.0,1.0,1.0,1.0,10.0,4.0,0.2,1.0,0,0,1.0
null_t3_d10,null,6,600,10,1,CDK / n_min=15,1,1.2627391815185547,1.0,1.0,1.0,1.0,1.0,18.0,7.0,0.16666666666666666,1.0,0,0,1.0
null_t3_d10,null,6,600,10,1,CDK / n_min=40,1,1.6115961074829102,1.0,1.0,1.0,1.0,1.0,10.0,5.0,0.6,0.005,0,0,1.0
null_t3_d10,null,6,600,10,1,Silhouette,12,0.14518117904663086,0.0,0.0,0.0,,,,,,,11,11,0.0
null_t3_d10,null,6,600,10,1,Calinski-Har.,2,0.11817193031311035,0.0,0.0,0.0,,,,,,,1,1,0.0
null_t3_d10,null,6,600,10,1,Davies-Bouldin,12,0.1298542022705078,0.0,0.0,0.0,,,,,,,11,11,0.0
null_t3_d10,null,6,600,10,1,Elbow (Kneedle),7,0.12594938278198242,0.0,0.0,0.0,,,,,,,6,6,0.0
null_t3_d10,null,6,600,10,1,Jump statistic,12,0.12869763374328613,0.0,0.0,0.0,,,,,,,11,11,0.0
null_t3_d10,null,6,600,10,1,Gap statistic,2,0.39066123962402344,0.0,0.0,0.0,,,,,,,1,1,0.0
null_t3_d10,null,6,600,10,1,X-means,4,0.025591373443603516,0.0,0.0,0.0,,,,,,,3,3,0.0
null_t3_d10,null,6,600,10,1,G-means,5,0.02799391746520996,0.0,0.0,0.0,,,,,,,4,4,0.0
null_t3_d10,null,6,600,10,1,dip-means,1,0.01165914535522461,1.0,1.0,1.0,,,,,,,0,0,1.0
null_t3_d10,null,6,600,10,1,ISODATA,10,0.038300514221191406,0.0,0.0,0.0,,,,,,,9,9,0.0
null_t3_d10,null,6,600,10,1,MDL split/merge,17,0.2597534656524658,0.0,0.0,0.0,,,,,,,16,16,0.0
null_t3_d10,null,6,600,10,1,GMM+BIC,2,0.5602869987487793,0.0,0.0,0.0,,,,,,,1,1,0.0
null_t3_d10,null,6,600,10,1,GMM+ICL,2,0.5363245010375977,0.0,0.0,0.0,,,,,,,1,1,0.0
null_t3_d10,null,6,600,10,1,HDBSCAN,1,0.006628274917602539,1.0,1.0,1.0,,,,,,,0,0,1.0
null_t3_d10,null,6,600,10,1,Bisecting+Sil.,2,0.10275721549987793,0.0,0.0,0.0,,,,,,,1,1,0.0
null_t3_d10,null,8,600,10,1,ORACLE k-means(k*),1,0.0018768310546875,1.0,1.0,1.0,,,,,,,0,0,1.0
null_t3_d10,null,8,600,10,1,CDK (proposed),1,0.002753734588623047,1.0,1.0,1.0,1.0,1.0,0.0,1.0,0.0,,0,0,1.0
null_t3_d10,null,8,600,10,1,CDK / Gaussian null,1,0.0027022361755371094,1.0,1.0,1.0,1.0,1.0,0.0,1.0,0.0,,0,0,1.0
null_t3_d10,null,8,600,10,1,CDK / AD statistic,1,0.002766847610473633,1.0,1.0,1.0,1.0,1.0,0.0,1.0,0.0,,0,0,1.0
null_t3_d10,null,8,600,10,1,CDK / no multiplicity corr.,1,0.0026972293853759766,1.0,1.0,1.0,1.0,1.0,0.0,1.0,0.0,,0,0,1.0
null_t3_d10,null,8,600,10,1,CDK / n_min=15,1,0.002719402313232422,1.0,1.0,1.0,1.0,1.0,0.0,1.0,0.0,,0,0,1.0
null_t3_d10,null,8,600,10,1,CDK / n_min=40,1,0.0028829574584960938,1.0,1.0,1.0,1.0,1.0,0.0,1.0,0.0,,0,0,1.0
null_t3_d10,null,8,600,10,1,Silhouette,2,0.14443111419677734,0.0,0.0,0.0,,,,,,,1,1,0.0
null_t3_d10,null,8,600,10,1,Calinski-Har.,2,0.11326360702514648,0.0,0.0,0.0,,,,,,,1,1,0.0
null_t3_d10,null,8,600,10,1,Davies-Bouldin,2,0.1251673698425293,0.0,0.0,0.0,,,,,,,1,1,0.0
null_t3_d10,null,8,600,10,1,Elbow (Kneedle),5,0.11830019950866699,0.0,0.0,0.0,,,,,,,4,4,0.0
null_t3_d10,null,8,600,10,1,Jump statistic,11,0.1214742660522461,0.0,0.0,0.0,,,,,,,10,10,0.0
null_t3_d10,null,8,600,10,1,Gap statistic,2,0.36484742164611816,0.0,0.0,0.0,,,,,,,1,1,0.0
null_t3_d10,null,8,600,10,1,X-means,2,0.010735750198364258,0.0,0.0,0.0,,,,,,,1,1,0.0
null_t3_d10,null,8,600,10,1,G-means,10,0.04023551940917969,0.0,0.0,0.0,,,,,,,9,9,0.0
null_t3_d10,null,8,600,10,1,dip-means,1,0.011705636978149414,1.0,1.0,1.0,,,,,,,0,0,1.0
null_t3_d10,null,8,600,10,1,ISODATA,9,0.03364992141723633,0.0,0.0,0.0,,,,,,,8,8,0.0
null_t3_d10,null,8,600,10,1,MDL split/merge,17,0.19351482391357422,0.0,0.0,0.0,,,,,,,16,16,0.0
null_t3_d10,null,8,600,10,1,GMM+BIC,4,0.43146538734436035,0.0,0.0,0.0,,,,,,,3,3,0.0
null_t3_d10,null,8,600,10,1,GMM+ICL,3,0.41384434700012207,0.0,0.0,0.0,,,,,,,2,2,0.0
null_t3_d10,null,8,600,10,1,HDBSCAN,1,0.005787849426269531,1.0,1.0,1.0,,,,,,,0,0,1.0
null_t3_d10,null,8,600,10,1,Bisecting+Sil.,2,0.10660147666931152,0.0,0.0,0.0,,,,,,,1,1,0.0
null_t3_d10,null,7,600,10,1,ORACLE k-means(k*),1,0.0021669864654541016,1.0,1.0,1.0,,,,,,,0,0,1.0
null_t3_d10,null,7,600,10,1,CDK (proposed),1,0.8999292850494385,1.0,1.0,1.0,1.0,1.0,28.0,10.0,0.10714285714285714,1.0,0,0,1.0
null_t3_d10,null,7,600,10,1,CDK / Gaussian null,1,2.4478657245635986,1.0,1.0,1.0,1.0,1.0,28.0,10.0,0.21428571428571427,0.8461538461538463,0,0,1.0
null_t3_d10,null,7,600,10,1,CDK / AD statistic,1,3.2653725147247314,1.0,1.0,1.0,1.0,1.0,28.0,10.0,0.35714285714285715,0.38461538461538464,0,0,1.0
null_t3_d10,null,7,600,10,1,CDK / no multiplicity corr.,1,0.9563343524932861,1.0,1.0,1.0,1.0,1.0,28.0,10.0,0.10714285714285714,1.0,0,0,1.0
null_t3_d10,null,7,600,10,1,CDK / n_min=15,1,1.1238064765930176,1.0,1.0,1.0,1.0,1.0,34.0,12.0,0.11764705882352941,1.0,0,0,1.0
null_t3_d10,null,7,600,10,1,CDK / n_min=40,1,1.4550538063049316,1.0,1.0,1.0,1.0,1.0,10.0,5.0,0.5,0.4832692307692308,0,0,1.0
null_t3_d10,null,7,600,10,1,Silhouette,10,0.19092988967895508,0.0,0.0,0.0,,,,,,,9,9,0.0
null_t3_d10,null,7,600,10,1,Calinski-Har.,2,0.14577031135559082,0.0,0.0,0.0,,,,,,,1,1,0.0
null_t3_d10,null,7,600,10,1,Davies-Bouldin,12,0.1630392074584961,0.0,0.0,0.0,,,,,,,11,11,0.0
null_t3_d10,null,7,600,10,1,Elbow (Kneedle),5,0.14769434928894043,0.0,0.0,0.0,,,,,,,4,4,0.0
null_t3_d10,null,7,600,10,1,Jump statistic,12,0.1638956069946289,0.0,0.0,0.0,,,,,,,11,11,0.0
null_t3_d10,null,7,600,10,1,Gap statistic,2,0.5447590351104736,0.0,0.0,0.0,,,,,,,1,1,0.0
null_t3_d10,null,7,600,10,1,X-means,2,0.022982358932495117,0.0,0.0,0.0,,,,,,,1,1,0.0
null_t3_d10,null,7,600,10,1,G-means,10,0.03545713424682617,0.0,0.0,0.0,,,,,,,9,9,0.0
null_t3_d10,null,7,600,10,1,dip-means,1,0.014933586120605469,1.0,1.0,1.0,,,,,,,0,0,1.0
null_t3_d10,null,7,600,10,1,ISODATA,12,0.03063201904296875,0.0,0.0,0.0,,,,,,,11,11,0.0
null_t3_d10,null,7,600,10,1,MDL split/merge,17,0.27298998832702637,0.0,0.0,0.0,,,,,,,16,16,0.0
null_t3_d10,null,7,600,10,1,GMM+BIC,3,0.6371550559997559,0.0,0.0,0.0,,,,,,,2,2,0.0
null_t3_d10,null,7,600,10,1,GMM+ICL,3,0.5504586696624756,0.0,0.0,0.0,,,,,,,2,2,0.0
null_t3_d10,null,7,600,10,1,HDBSCAN,1,0.005690336227416992,1.0,1.0,1.0,,,,,,,0,0,1.0
null_t3_d10,null,7,600,10,1,Bisecting+Sil.,3,0.11796092987060547,0.0,0.0,0.0,,,,,,,2,2,0.0
null_t3_d10,null,9,600,10,1,ORACLE k-means(k*),1,0.0019965171813964844,1.0,1.0,1.0,,,,,,,0,0,1.0
null_t3_d10,null,9,600,10,1,CDK (proposed),1,0.8210639953613281,1.0,1.0,1.0,1.0,1.0,17.0,7.0,0.11764705882352941,1.0,0,0,1.0
null_t3_d10,null,9,600,10,1,CDK / Gaussian null,1,1.570418119430542,1.0,1.0,1.0,1.0,1.0,17.0,7.0,0.23529411764705882,1.0,0,0,1.0
null_t3_d10,null,9,600,10,1,CDK / AD statistic,1,2.2874019145965576,1.0,1.0,1.0,1.0,2.0,17.0,7.0,0.35294117647058826,0.38461538461538464,0,0,1.0
null_t3_d10,null,9,600,10,1,CDK / no multiplicity corr.,1,0.815011739730835,1.0,1.0,1.0,1.0,1.0,17.0,7.0,0.11764705882352941,1.0,0,0,1.0
null_t3_d10,null,9,600,10,1,CDK / n_min=15,1,1.7194790840148926,1.0,1.0,1.0,1.0,1.0,32.0,11.0,0.125,1.0,0,0,1.0
null_t3_d10,null,9,600,10,1,CDK / n_min=40,1,2.1605708599090576,1.0,1.0,1.0,1.0,1.0,21.0,8.0,0.47619047619047616,0.8461538461538461,0,0,1.0
null_t3_d10,null,9,600,10,1,Silhouette,12,0.15288257598876953,0.0,0.0,0.0,,,,,,,11,11,0.0
null_t3_d10,null,9,600,10,1,Calinski-Har.,2,0.11859655380249023,0.0,0.0,0.0,,,,,,,1,1,0.0
null_t3_d10,null,9,600,10,1,Davies-Bouldin,12,0.13103246688842773,0.0,0.0,0.0,,,,,,,11,11,0.0
null_t3_d10,null,9,600,10,1,Elbow (Kneedle),4,0.12249493598937988,0.0,0.0,0.0,,,,,,,3,3,0.0
null_t3_d10,null,9,600,10,1,Jump statistic,12,0.12755846977233887,0.0,0.0,0.0,,,,,,,11,11,0.0
null_t3_d10,null,9,600,10,1,Gap statistic,2,0.40250325202941895,0.0,0.0,0.0,,,,,,,1,1,0.0
null_t3_d10,null,9,600,10,1,X-means,4,0.028067827224731445,0.0,0.0,0.0,,,,,,,3,3,0.0
null_t3_d10,null,9,600,10,1,G-means,11,0.03410053253173828,0.0,0.0,0.0,,,,,,,10,10,0.0
null_t3_d10,null,9,600,10,1,dip-means,1,0.011512041091918945,1.0,1.0,1.0,,,,,,,0,0,1.0
null_t3_d10,null,9,600,10,1,ISODATA,11,0.030142784118652344,0.0,0.0,0.0,,,,,,,10,10,0.0
null_t3_d10,null,9,600,10,1,MDL split/merge,17,0.21296954154968262,0.0,0.0,0.0,,,,,,,16,16,0.0
null_t3_d10,null,9,600,10,1,GMM+BIC,3,0.4729747772216797,0.0,0.0,0.0,,,,,,,2,2,0.0
null_t3_d10,null,9,600,10,1,GMM+ICL,2,0.4800708293914795,0.0,0.0,0.0,,,,,,,1,1,0.0
null_t3_d10,null,9,600,10,1,HDBSCAN,1,0.0057070255279541016,1.0,1.0,1.0,,,,,,,0,0,1.0
null_t3_d10,null,9,600,10,1,Bisecting+Sil.,2,0.09696793556213379,0.0,0.0,0.0,,,,,,,1,1,0.0
null_aniso_d2,null,0,600,2,1,ORACLE k-means(k*),1,0.0019443035125732422,1.0,1.0,1.0,,,,,,,0,0,1.0
null_aniso_d2,null,0,600,2,1,CDK (proposed),1,2.7867941856384277,1.0,1.0,1.0,1.0,2.0,39.0,16.0,0.46153846153846156,0.08,0,0,1.0
null_aniso_d2,null,0,600,2,1,CDK / Gaussian null,2,3.5615100860595703,0.0,0.0,0.0,1.0,4.0,39.0,16.0,0.4358974358974359,0.02,1,1,0.0
null_aniso_d2,null,0,600,2,1,CDK / AD statistic,2,3.2774782180786133,0.0,0.0,0.0,2.0,2.0,39.0,16.0,0.3333333333333333,0.2532467532467532,1,1,0.0
null_aniso_d2,null,0,600,2,1,CDK / no multiplicity corr.,1,2.52752947807312,1.0,1.0,1.0,1.0,3.0,39.0,16.0,0.46153846153846156,0.08,0,0,1.0
null_aniso_d2,null,0,600,2,1,CDK / n_min=15,1,3.1582350730895996,1.0,1.0,1.0,1.0,3.0,53.0,21.0,0.33962264150943394,0.045,0,0,1.0
null_aniso_d2,null,0,600,2,1,CDK / n_min=40,2,2.3390002250671387,0.0,0.0,0.0,2.0,3.0,20.0,8.0,0.7,0.005,1,1,0.0
null_aniso_d2,null,0,600,2,1,Silhouette,2,0.14460349082946777,0.0,0.0,0.0,,,,,,,1,1,0.0
null_aniso_d2,null,0,600,2,1,Calinski-Har.,8,0.10221409797668457,0.0,0.0,0.0,,,,,,,7,7,0.0
null_aniso_d2,null,0,600,2,1,Davies-Bouldin,2,0.11600899696350098,0.0,0.0,0.0,,,,,,,1,1,0.0
null_aniso_d2,null,0,600,2,1,Elbow (Kneedle),5,0.11415624618530273,0.0,0.0,0.0,,,,,,,4,4,0.0
null_aniso_d2,null,0,600,2,1,Jump statistic,4,0.1105031967163086,0.0,0.0,0.0,,,,,,,3,3,0.0
null_aniso_d2,null,0,600,2,1,Gap statistic,2,0.3890035152435303,0.0,0.0,0.0,,,,,,,1,1,0.0
null_aniso_d2,null,0,600,2,1,X-means,11,0.08806681632995605,0.0,0.0,0.0,,,,,,,10,10,0.0
null_aniso_d2,null,0,600,2,1,G-means,1,0.004056215286254883,1.0,1.0,1.0,,,,,,,0,0,1.0
null_aniso_d2,null,0,600,2,1,dip-means,1,0.014724969863891602,1.0,1.0,1.0,,,,,,,0,0,1.0
null_aniso_d2,null,0,600,2,1,ISODATA,7,0.020543813705444336,0.0,0.0,0.0,,,,,,,6,6,0.0
null_aniso_d2,null,0,600,2,1,MDL split/merge,8,0.07613801956176758,0.0,0.0,0.0,,,,,,,7,7,0.0
null_aniso_d2,null,0,600,2,1,GMM+BIC,2,0.17314720153808594,0.0,0.0,0.0,,,,,,,1,1,0.0
null_aniso_d2,null,0,600,2,1,GMM+ICL,2,0.1868598461151123,0.0,0.0,0.0,,,,,,,1,1,0.0
null_aniso_d2,null,0,600,2,1,HDBSCAN,4,0.004259586334228516,0.0,0.0,0.0,,,,,,,3,3,0.0
null_aniso_d2,null,0,600,2,1,Bisecting+Sil.,2,0.09859251976013184,0.0,0.0,0.0,,,,,,,1,1,0.0
null_aniso_d2,null,1,600,2,1,ORACLE k-means(k*),1,0.0018186569213867188,1.0,1.0,1.0,,,,,,,0,0,1.0
null_aniso_d2,null,1,600,2,1,CDK (proposed),1,3.0134105682373047,1.0,1.0,1.0,1.0,4.0,38.0,15.0,0.5,0.0125,0,0,1.0
null_aniso_d2,null,1,600,2,1,CDK / Gaussian null,1,3.4029276371002197,1.0,1.0,1.0,1.0,4.0,38.0,15.0,0.5263157894736842,0.01,0,0,1.0
null_aniso_d2,null,1,600,2,1,CDK / AD statistic,1,3.668334484100342,1.0,1.0,1.0,1.0,1.0,38.0,15.0,0.2894736842105263,0.15250000000000002,0,0,1.0
null_aniso_d2,null,1,600,2,1,CDK / no multiplicity corr.,3,3.0591158866882324,0.0,0.0,0.0,1.0,6.0,38.0,15.0,0.5789473684210527,0.0125,2,2,0.0
null_aniso_d2,null,1,600,2,1,CDK / n_min=15,2,3.7010281085968018,0.0,0.0,0.0,2.0,2.0,60.0,24.0,0.3333333333333333,0.1125,1,1,0.0
null_aniso_d2,null,1,600,2,1,CDK / n_min=40,5,2.721341371536255,0.0,0.0,0.0,4.0,5.0,17.0,7.0,0.8823529411764706,0.005,4,4,0.0
null_aniso_d2,null,1,600,2,1,Silhouette,2,0.13338088989257812,0.0,0.0,0.0,,,,,,,1,1,0.0
null_aniso_d2,null,1,600,2,1,Calinski-Har.,7,0.1001582145690918,0.0,0.0,0.0,,,,,,,6,6,0.0
null_aniso_d2,null,1,600,2,1,Davies-Bouldin,4,0.11532020568847656,0.0,0.0,0.0,,,,,,,3,3,0.0
null_aniso_d2,null,1,600,2,1,Elbow (Kneedle),5,0.10498952865600586,0.0,0.0,0.0,,,,,,,4,4,0.0
null_aniso_d2,null,1,600,2,1,Jump statistic,7,0.10808944702148438,0.0,0.0,0.0,,,,,,,6,6,0.0
null_aniso_d2,null,1,600,2,1,Gap statistic,2,0.3961648941040039,0.0,0.0,0.0,,,,,,,1,1,0.0
null_aniso_d2,null,1,600,2,1,X-means,8,0.038439273834228516,0.0,0.0,0.0,,,,,,,7,7,0.0
null_aniso_d2,null,1,600,2,1,G-means,1,0.004015684127807617,1.0,1.0,1.0,,,,,,,0,0,1.0
null_aniso_d2,null,1,600,2,1,dip-means,1,0.014389753341674805,1.0,1.0,1.0,,,,,,,0,0,1.0
null_aniso_d2,null,1,600,2,1,ISODATA,7,0.0192410945892334,0.0,0.0,0.0,,,,,,,6,6,0.0
null_aniso_d2,null,1,600,2,1,MDL split/merge,7,0.05785679817199707,0.0,0.0,0.0,,,,,,,6,6,0.0
null_aniso_d2,null,1,600,2,1,GMM+BIC,2,0.19747352600097656,0.0,0.0,0.0,,,,,,,1,1,0.0
null_aniso_d2,null,1,600,2,1,GMM+ICL,6,0.19318079948425293,0.0,0.0,0.0,,,,,,,5,5,0.0
null_aniso_d2,null,1,600,2,1,HDBSCAN,2,0.004521608352661133,0.0,0.0,0.0,,,,,,,1,1,0.0
null_aniso_d2,null,1,600,2,1,Bisecting+Sil.,2,0.10074663162231445,0.0,0.0,0.0,,,,,,,1,1,0.0
null_aniso_d2,null,2,600,2,1,ORACLE k-means(k*),1,0.0023145675659179688,1.0,1.0,1.0,,,,,,,0,0,1.0
null_aniso_d2,null,2,600,2,1,CDK (proposed),1,2.3359293937683105,1.0,1.0,1.0,1.0,1.0,30.0,12.0,0.43333333333333335,0.125,0,0,1.0
null_aniso_d2,null,2,600,2,1,CDK / Gaussian null,1,3.5657854080200195,1.0,1.0,1.0,1.0,4.0,30.0,12.0,0.5333333333333333,0.005,0,0,1.0
null_aniso_d2,null,2,600,2,1,CDK / AD statistic,1,3.2946531772613525,1.0,1.0,1.0,1.0,1.0,30.0,12.0,0.3333333333333333,0.14,0,0,1.0
null_aniso_d2,null,2,600,2,1,CDK / no multiplicity corr.,1,2.04988956451416,1.0,1.0,1.0,1.0,3.0,30.0,12.0,0.4666666666666667,0.125,0,0,1.0
null_aniso_d2,null,2,600,2,1,CDK / n_min=15,2,3.3657188415527344,0.0,0.0,0.0,2.0,5.0,58.0,24.0,0.29310344827586204,0.04,1,1,0.0
null_aniso_d2,null,2,600,2,1,CDK / n_min=40,1,2.3201351165771484,1.0,1.0,1.0,1.0,3.0,22.0,9.0,0.5909090909090909,0.005,0,0,1.0
null_aniso_d2,null,2,600,2,1,Silhouette,2,0.21718072891235352,0.0,0.0,0.0,,,,,,,1,1,0.0
null_aniso_d2,null,2,600,2,1,Calinski-Har.,9,0.10633230209350586,0.0,0.0,0.0,,,,,,,8,8,0.0
null_aniso_d2,null,2,600,2,1,Davies-Bouldin,2,0.11859822273254395,0.0,0.0,0.0,,,,,,,1,1,0.0
null_aniso_d2,null,2,600,2,1,Elbow (Kneedle),5,0.09993720054626465,0.0,0.0,0.0,,,,,,,4,4,0.0
null_aniso_d2,null,2,600,2,1,Jump statistic,7,0.09930896759033203,0.0,0.0,0.0,,,,,,,6,6,0.0
null_aniso_d2,null,2,600,2,1,Gap statistic,2,0.34009242057800293,0.0,0.0,0.0,,,,,,,1,1,0.0
null_aniso_d2,null,2,600,2,1,X-means,11,0.06190085411071777,0.0,0.0,0.0,,,,,,,10,10,0.0
null_aniso_d2,null,2,600,2,1,G-means,1,0.0034508705139160156,1.0,1.0,1.0,,,,,,,0,0,1.0
null_aniso_d2,null,2,600,2,1,dip-means,1,0.0138702392578125,1.0,1.0,1.0,,,,,,,0,0,1.0
null_aniso_d2,null,2,600,2,1,ISODATA,7,0.019752979278564453,0.0,0.0,0.0,,,,,,,6,6,0.0
null_aniso_d2,null,2,600,2,1,MDL split/merge,8,0.0705556869506836,0.0,0.0,0.0,,,,,,,7,7,0.0
null_aniso_d2,null,2,600,2,1,GMM+BIC,2,0.1736006736755371,0.0,0.0,0.0,,,,,,,1,1,0.0
null_aniso_d2,null,2,600,2,1,GMM+ICL,2,0.18003082275390625,0.0,0.0,0.0,,,,,,,1,1,0.0
null_aniso_d2,null,2,600,2,1,HDBSCAN,3,0.0042629241943359375,0.0,0.0,0.0,,,,,,,2,2,0.0
null_aniso_d2,null,2,600,2,1,Bisecting+Sil.,2,0.09714365005493164,0.0,0.0,0.0,,,,,,,1,1,0.0
null_aniso_d2,null,3,600,2,1,ORACLE k-means(k*),1,0.002303600311279297,1.0,1.0,1.0,,,,,,,0,0,1.0
null_aniso_d2,null,3,600,2,1,CDK (proposed),1,2.4130892753601074,1.0,1.0,1.0,1.0,1.0,34.0,14.0,0.38235294117647056,0.22884615384615387,0,0,1.0
null_aniso_d2,null,3,600,2,1,CDK / Gaussian null,1,3.4512712955474854,1.0,1.0,1.0,1.0,5.0,34.0,14.0,0.38235294117647056,0.030000000000000002,0,0,1.0
null_aniso_d2,null,3,600,2,1,CDK / AD statistic,1,3.2274868488311768,1.0,1.0,1.0,1.0,1.0,34.0,14.0,0.3235294117647059,0.20745098039215687,0,0,1.0
null_aniso_d2,null,3,600,2,1,CDK / no multiplicity corr.,1,2.5867440700531006,1.0,1.0,1.0,1.0,2.0,34.0,14.0,0.4117647058823529,0.22884615384615387,0,0,1.0
null_aniso_d2,null,3,600,2,1,CDK / n_min=15,2,3.3325088024139404,0.0,0.0,0.0,2.0,3.0,52.0,21.0,0.40384615384615385,0.125,1,1,0.0
null_aniso_d2,null,3,600,2,1,CDK / n_min=40,3,3.1750905513763428,0.0,0.0,0.0,3.0,5.0,23.0,9.0,0.6956521739130435,0.005,2,2,0.0
null_aniso_d2,null,3,600,2,1,Silhouette,2,0.15821242332458496,0.0,0.0,0.0,,,,,,,1,1,0.0
null_aniso_d2,null,3,600,2,1,Calinski-Har.,7,0.1040034294128418,0.0,0.0,0.0,,,,,,,6,6,0.0
null_aniso_d2,null,3,600,2,1,Davies-Bouldin,3,0.14065909385681152,0.0,0.0,0.0,,,,,,,2,2,0.0
null_aniso_d2,null,3,600,2,1,Elbow (Kneedle),4,0.11515021324157715,0.0,0.0,0.0,,,,,,,3,3,0.0
null_aniso_d2,null,3,600,2,1,Jump statistic,7,0.11224222183227539,0.0,0.0,0.0,,,,,,,6,6,0.0
null_aniso_d2,null,3,600,2,1,Gap statistic,2,0.34867215156555176,0.0,0.0,0.0,,,,,,,1,1,0.0
null_aniso_d2,null,3,600,2,1,X-means,8,0.03958606719970703,0.0,0.0,0.0,,,,,,,7,7,0.0
null_aniso_d2,null,3,600,2,1,G-means,1,0.0036554336547851562,1.0,1.0,1.0,,,,,,,0,0,1.0
null_aniso_d2,null,3,600,2,1,dip-means,1,0.01246953010559082,1.0,1.0,1.0,,,,,,,0,0,1.0
null_aniso_d2,null,3,600,2,1,ISODATA,7,0.018358230590820312,0.0,0.0,0.0,,,,,,,6,6,0.0
null_aniso_d2,null,3,600,2,1,MDL split/merge,7,0.052449941635131836,0.0,0.0,0.0,,,,,,,6,6,0.0
null_aniso_d2,null,3,600,2,1,GMM+BIC,2,0.16579246520996094,0.0,0.0,0.0,,,,,,,1,1,0.0
null_aniso_d2,null,3,600,2,1,GMM+ICL,3,0.17216849327087402,0.0,0.0,0.0,,,,,,,2,2,0.0
null_aniso_d2,null,3,600,2,1,HDBSCAN,3,0.003818511962890625,0.0,0.0,0.0,,,,,,,2,2,0.0
null_aniso_d2,null,3,600,2,1,Bisecting+Sil.,2,0.08618474006652832,0.0,0.0,0.0,,,,,,,1,1,0.0
null_aniso_d2,null,4,600,2,1,ORACLE k-means(k*),1,0.0023043155670166016,1.0,1.0,1.0,,,,,,,0,0,1.0
null_aniso_d2,null,4,600,2,1,CDK (proposed),1,2.8807175159454346,1.0,1.0,1.0,1.0,2.0,37.0,15.0,0.35135135135135137,0.08,0,0,1.0
null_aniso_d2,null,4,600,2,1,CDK / Gaussian null,1,4.157321214675903,1.0,1.0,1.0,1.0,4.0,37.0,15.0,0.43243243243243246,0.02,0,0,1.0
null_aniso_d2,null,4,600,2,1,CDK / AD statistic,1,4.0428221225738525,1.0,1.0,1.0,1.0,1.0,37.0,15.0,0.2972972972972973,0.25517241379310346,0,0,1.0
null_aniso_d2,null,4,600,2,1,CDK / no multiplicity corr.,2,2.828761100769043,0.0,0.0,0.0,1.0,5.0,37.0,15.0,0.4864864864864865,0.08,1,1,0.0
null_aniso_d2,null,4,600,2,1,CDK / n_min=15,1,3.1852595806121826,1.0,1.0,1.0,1.0,1.0,60.0,25.0,0.25,0.1525,0,0,1.0
null_aniso_d2,null,4,600,2,1,CDK / n_min=40,1,1.9354522228240967,1.0,1.0,1.0,1.0,2.0,23.0,10.0,0.43478260869565216,0.025,0,0,1.0
null_aniso_d2,null,4,600,2,1,Silhouette,2,0.11755084991455078,0.0,0.0,0.0,,,,,,,1,1,0.0
null_aniso_d2,null,4,600,2,1,Calinski-Har.,7,0.09090542793273926,0.0,0.0,0.0,,,,,,,6,6,0.0
null_aniso_d2,null,4,600,2,1,Davies-Bouldin,2,0.10056233406066895,0.0,0.0,0.0,,,,,,,1,1,0.0
null_aniso_d2,null,4,600,2,1,Elbow (Kneedle),5,0.08994865417480469,0.0,0.0,0.0,,,,,,,4,4,0.0
null_aniso_d2,null,4,600,2,1,Jump statistic,6,0.08751749992370605,0.0,0.0,0.0,,,,,,,5,5,0.0
null_aniso_d2,null,4,600,2,1,Gap statistic,2,0.3065221309661865,0.0,0.0,0.0,,,,,,,1,1,0.0
null_aniso_d2,null,4,600,2,1,X-means,10,0.060373783111572266,0.0,0.0,0.0,,,,,,,9,9,0.0
null_aniso_d2,null,4,600,2,1,G-means,1,0.003248453140258789,1.0,1.0,1.0,,,,,,,0,0,1.0
null_aniso_d2,null,4,600,2,1,dip-means,1,0.011602640151977539,1.0,1.0,1.0,,,,,,,0,0,1.0
null_aniso_d2,null,4,600,2,1,ISODATA,7,0.016730785369873047,0.0,0.0,0.0,,,,,,,6,6,0.0
null_aniso_d2,null,4,600,2,1,MDL split/merge,8,0.05721259117126465,0.0,0.0,0.0,,,,,,,7,7,0.0
null_aniso_d2,null,4,600,2,1,GMM+BIC,2,0.1757524013519287,0.0,0.0,0.0,,,,,,,1,1,0.0
null_aniso_d2,null,4,600,2,1,GMM+ICL,2,0.18873238563537598,0.0,0.0,0.0,,,,,,,1,1,0.0
null_aniso_d2,null,4,600,2,1,HDBSCAN,2,0.00407862663269043,0.0,0.0,0.0,,,,,,,1,1,0.0
null_aniso_d2,null,4,600,2,1,Bisecting+Sil.,2,0.09053182601928711,0.0,0.0,0.0,,,,,,,1,1,0.0
null_aniso_d2,null,5,600,2,1,ORACLE k-means(k*),1,0.0019431114196777344,1.0,1.0,1.0,,,,,,,0,0,1.0
null_aniso_d2,null,5,600,2,1,CDK (proposed),1,3.4850146770477295,1.0,1.0,1.0,1.0,2.0,39.0,16.0,0.4358974358974359,0.06,0,0,1.0
null_aniso_d2,null,5,600,2,1,CDK / Gaussian null,1,4.091267108917236,1.0,1.0,1.0,1.0,3.0,39.0,16.0,0.4358974358974359,0.02,0,0,1.0
null_aniso_d2,null,5,600,2,1,CDK / AD statistic,1,4.017916440963745,1.0,1.0,1.0,1.0,2.0,39.0,16.0,0.28205128205128205,0.155,0,0,1.0
null_aniso_d2,null,5,600,2,1,CDK / no multiplicity corr.,1,3.335117816925049,1.0,1.0,1.0,1.0,5.0,39.0,16.0,0.46153846153846156,0.06,0,0,1.0
null_aniso_d2,null,5,600,2,1,CDK / n_min=15,1,4.306256294250488,1.0,1.0,1.0,1.0,4.0,59.0,25.0,0.288135593220339,0.09,0,0,1.0
null_aniso_d2,null,5,600,2,1,CDK / n_min=40,2,3.37813401222229,0.0,0.0,0.0,2.0,5.0,23.0,9.0,0.6956521739130435,0.005,1,1,0.0
null_aniso_d2,null,5,600,2,1,Silhouette,2,0.12334656715393066,0.0,0.0,0.0,,,,,,,1,1,0.0
null_aniso_d2,null,5,600,2,1,Calinski-Har.,7,0.08595943450927734,0.0,0.0,0.0,,,,,,,6,6,0.0
null_aniso_d2,null,5,600,2,1,Davies-Bouldin,3,0.09697103500366211,0.0,0.0,0.0,,,,,,,2,2,0.0
null_aniso_d2,null,5,600,2,1,Elbow (Kneedle),5,0.08614110946655273,0.0,0.0,0.0,,,,,,,4,4,0.0
null_aniso_d2,null,5,600,2,1,Jump statistic,7,0.08678674697875977,0.0,0.0,0.0,,,,,,,6,6,0.0
null_aniso_d2,null,5,600,2,1,Gap statistic,2,0.32692718505859375,0.0,0.0,0.0,,,,,,,1,1,0.0
null_aniso_d2,null,5,600,2,1,X-means,12,0.045691490173339844,0.0,0.0,0.0,,,,,,,11,11,0.0
null_aniso_d2,null,5,600,2,1,G-means,1,0.0031142234802246094,1.0,1.0,1.0,,,,,,,0,0,1.0
null_aniso_d2,null,5,600,2,1,dip-means,1,0.011540412902832031,1.0,1.0,1.0,,,,,,,0,0,1.0
null_aniso_d2,null,5,600,2,1,ISODATA,7,0.017169475555419922,0.0,0.0,0.0,,,,,,,6,6,0.0
null_aniso_d2,null,5,600,2,1,MDL split/merge,7,0.04839611053466797,0.0,0.0,0.0,,,,,,,6,6,0.0
null_aniso_d2,null,5,600,2,1,GMM+BIC,2,0.1484682559967041,0.0,0.0,0.0,,,,,,,1,1,0.0
null_aniso_d2,null,5,600,2,1,GMM+ICL,2,0.14837265014648438,0.0,0.0,0.0,,,,,,,1,1,0.0
null_aniso_d2,null,5,600,2,1,HDBSCAN,2,0.0034339427947998047,0.0,0.0,0.0,,,,,,,1,1,0.0
null_aniso_d2,null,5,600,2,1,Bisecting+Sil.,2,0.08062076568603516,0.0,0.0,0.0,,,,,,,1,1,0.0
null_aniso_d2,null,6,600,2,1,ORACLE k-means(k*),1,0.0020618438720703125,1.0,1.0,1.0,,,,,,,0,0,1.0
null_aniso_d2,null,6,600,2,1,CDK (proposed),1,2.3301303386688232,1.0,1.0,1.0,1.0,1.0,29.0,11.0,0.5172413793103449,0.01,0,0,1.0
null_aniso_d2,null,6,600,2,1,CDK / Gaussian null,1,2.9846434593200684,1.0,1.0,1.0,1.0,3.0,29.0,11.0,0.5172413793103449,0.01,0,0,1.0
null_aniso_d2,null,6,600,2,1,CDK / AD statistic,1,3.8119637966156006,1.0,1.0,1.0,1.0,3.0,29.0,11.0,0.3448275862068966,0.08,0,0,1.0
null_aniso_d2,null,6,600,2,1,CDK / no multiplicity corr.,1,2.6829607486724854,1.0,1.0,1.0,1.0,3.0,29.0,11.0,0.5517241379310345,0.01,0,0,1.0
null_aniso_d2,null,6,600,2,1,CDK / n_min=15,2,4.47624135017395,0.0,0.0,0.0,1.0,3.0,60.0,25.0,0.25,0.075,1,1,0.0
null_aniso_d2,null,6,600,2,1,CDK / n_min=40,3,3.293332815170288,0.0,0.0,0.0,3.0,4.0,20.0,8.0,0.75,0.005,2,2,0.0
null_aniso_d2,null,6,600,2,1,Silhouette,2,0.1318807601928711,0.0,0.0,0.0,,,,,,,1,1,0.0
null_aniso_d2,null,6,600,2,1,Calinski-Har.,7,0.11508631706237793,0.0,0.0,0.0,,,,,,,6,6,0.0
null_aniso_d2,null,6,600,2,1,Davies-Bouldin,3,0.1258692741394043,0.0,0.0,0.0,,,,,,,2,2,0.0
null_aniso_d2,null,6,600,2,1,Elbow (Kneedle),5,0.10912966728210449,0.0,0.0,0.0,,,,,,,4,4,0.0
null_aniso_d2,null,6,600,2,1,Jump statistic,5,0.10976362228393555,0.0,0.0,0.0,,,,,,,4,4,0.0
null_aniso_d2,null,6,600,2,1,Gap statistic,2,0.3820226192474365,0.0,0.0,0.0,,,,,,,1,1,0.0
null_aniso_d2,null,6,600,2,1,X-means,12,0.06856369972229004,0.0,0.0,0.0,,,,,,,11,11,0.0
null_aniso_d2,null,6,600,2,1,G-means,1,0.003916025161743164,1.0,1.0,1.0,,,,,,,0,0,1.0
null_aniso_d2,null,6,600,2,1,dip-means,1,0.014540910720825195,1.0,1.0,1.0,,,,,,,0,0,1.0
null_aniso_d2,null,6,600,2,1,ISODATA,7,0.02074265480041504,0.0,0.0,0.0,,,,,,,6,6,0.0
null_aniso_d2,null,6,600,2,1,MDL split/merge,7,0.05872774124145508,0.0,0.0,0.0,,,,,,,6,6,0.0
null_aniso_d2,null,6,600,2,1,GMM+BIC,2,0.18161821365356445,0.0,0.0,0.0,,,,,,,1,1,0.0
null_aniso_d2,null,6,600,2,1,GMM+ICL,2,0.1824800968170166,0.0,0.0,0.0,,,,,,,1,1,0.0
null_aniso_d2,null,6,600,2,1,HDBSCAN,3,0.004328250885009766,0.0,0.0,0.0,,,,,,,2,2,0.0
null_aniso_d2,null,6,600,2,1,Bisecting+Sil.,2,0.09689879417419434,0.0,0.0,0.0,,,,,,,1,1,0.0
null_aniso_d2,null,7,600,2,1,ORACLE k-means(k*),1,0.0018112659454345703,1.0,1.0,1.0,,,,,,,0,0,1.0
null_aniso_d2,null,7,600,2,1,CDK (proposed),1,3.1402366161346436,1.0,1.0,1.0,1.0,2.0,38.0,15.0,0.5,0.025,0,0,1.0
null_aniso_d2,null,7,600,2,1,CDK / Gaussian null,3,4.305400371551514,0.0,0.0,0.0,3.0,4.0,38.0,15.0,0.5789473684210527,0.005,2,2,0.0
null_aniso_d2,null,7,600,2,1,CDK / AD statistic,2,4.030350208282471,0.0,0.0,0.0,2.0,3.0,38.0,15.0,0.4473684210526316,0.13712962962962963,1,1,0.0
null_aniso_d2,null,7,600,2,1,CDK / no multiplicity corr.,1,3.1634716987609863,1.0,1.0,1.0,1.0,3.0,38.0,15.0,0.5263157894736842,0.025,0,0,1.0
null_aniso_d2,null,7,600,2,1,CDK / n_min=15,1,4.434329032897949,1.0,1.0,1.0,1.0,2.0,59.0,24.0,0.3220338983050847,0.105,0,0,1.0
null_aniso_d2,null,7,600,2,1,CDK / n_min=40,1,3.010967254638672,1.0,1.0,1.0,1.0,1.0,23.0,9.0,0.6521739130434783,0.005,0,0,1.0
null_aniso_d2,null,7,600,2,1,Silhouette,2,0.15960264205932617,0.0,0.0,0.0,,,,,,,1,1,0.0
null_aniso_d2,null,7,600,2,1,Calinski-Har.,8,0.12391996383666992,0.0,0.0,0.0,,,,,,,7,7,0.0
null_aniso_d2,null,7,600,2,1,Davies-Bouldin,3,0.15843868255615234,0.0,0.0,0.0,,,,,,,2,2,0.0
null_aniso_d2,null,7,600,2,1,Elbow (Kneedle),5,0.15558838844299316,0.0,0.0,0.0,,,,,,,4,4,0.0
null_aniso_d2,null,7,600,2,1,Jump statistic,6,0.12369012832641602,0.0,0.0,0.0,,,,,,,5,5,0.0
null_aniso_d2,null,7,600,2,1,Gap statistic,2,0.37784266471862793,0.0,0.0,0.0,,,,,,,1,1,0.0
null_aniso_d2,null,7,600,2,1,X-means,12,0.04667067527770996,0.0,0.0,0.0,,,,,,,11,11,0.0
null_aniso_d2,null,7,600,2,1,G-means,1,0.0032482147216796875,1.0,1.0,1.0,,,,,,,0,0,1.0
null_aniso_d2,null,7,600,2,1,dip-means,1,0.01257181167602539,1.0,1.0,1.0,,,,,,,0,0,1.0
null_aniso_d2,null,7,600,2,1,ISODATA,7,0.017399072647094727,0.0,0.0,0.0,,,,,,,6,6,0.0
null_aniso_d2,null,7,600,2,1,MDL split/merge,7,0.04740190505981445,0.0,0.0,0.0,,,,,,,6,6,0.0
null_aniso_d2,null,7,600,2,1,GMM+BIC,2,0.16304230690002441,0.0,0.0,0.0,,,,,,,1,1,0.0
null_aniso_d2,null,7,600,2,1,GMM+ICL,2,0.17545437812805176,0.0,0.0,0.0,,,,,,,1,1,0.0
null_aniso_d2,null,7,600,2,1,HDBSCAN,2,0.0035126209259033203,0.0,0.0,0.0,,,,,,,1,1,0.0
null_aniso_d2,null,7,600,2,1,Bisecting+Sil.,2,0.08861136436462402,0.0,0.0,0.0,,,,,,,1,1,0.0
null_aniso_d2,null,8,600,2,1,ORACLE k-means(k*),1,0.002164602279663086,1.0,1.0,1.0,,,,,,,0,0,1.0
null_aniso_d2,null,8,600,2,1,CDK (proposed),1,2.667663335800171,1.0,1.0,1.0,1.0,1.0,33.0,14.0,0.5151515151515151,0.01,0,0,1.0
null_aniso_d2,null,8,600,2,1,CDK / Gaussian null,2,3.939347267150879,0.0,0.0,0.0,1.0,5.0,33.0,14.0,0.6060606060606061,0.01,1,1,0.0
null_aniso_d2,null,8,600,2,1,CDK / AD statistic,1,3.7674880027770996,1.0,1.0,1.0,1.0,1.0,33.0,14.0,0.30303030303030304,0.16,0,0,1.0
null_aniso_d2,null,8,600,2,1,CDK / no multiplicity corr.,1,2.8535120487213135,1.0,1.0,1.0,1.0,4.0,33.0,14.0,0.5454545454545454,0.01,0,0,1.0
null_aniso_d2,null,8,600,2,1,CDK / n_min=15,1,4.421591520309448,1.0,1.0,1.0,1.0,1.0,65.0,26.0,0.27692307692307694,0.125,0,0,1.0
null_aniso_d2,null,8,600,2,1,CDK / n_min=40,1,2.221109628677368,1.0,1.0,1.0,1.0,2.0,25.0,10.0,0.52,0.01,0,0,1.0
null_aniso_d2,null,8,600,2,1,Silhouette,2,0.12111282348632812,0.0,0.0,0.0,,,,,,,1,1,0.0
null_aniso_d2,null,8,600,2,1,Calinski-Har.,8,0.08799481391906738,0.0,0.0,0.0,,,,,,,7,7,0.0
null_aniso_d2,null,8,600,2,1,Davies-Bouldin,3,0.09969711303710938,0.0,0.0,0.0,,,,,,,2,2,0.0
null_aniso_d2,null,8,600,2,1,Elbow (Kneedle),5,0.0903022289276123,0.0,0.0,0.0,,,,,,,4,4,0.0
null_aniso_d2,null,8,600,2,1,Jump statistic,5,0.08985519409179688,0.0,0.0,0.0,,,,,,,4,4,0.0
null_aniso_d2,null,8,600,2,1,Gap statistic,2,0.3107571601867676,0.0,0.0,0.0,,,,,,,1,1,0.0
null_aniso_d2,null,8,600,2,1,X-means,12,0.04279637336730957,0.0,0.0,0.0,,,,,,,11,11,0.0
null_aniso_d2,null,8,600,2,1,G-means,1,0.0033121109008789062,1.0,1.0,1.0,,,,,,,0,0,1.0
null_aniso_d2,null,8,600,2,1,dip-means,1,0.011354923248291016,1.0,1.0,1.0,,,,,,,0,0,1.0
null_aniso_d2,null,8,600,2,1,ISODATA,7,0.0192415714263916,0.0,0.0,0.0,,,,,,,6,6,0.0
null_aniso_d2,null,8,600,2,1,MDL split/merge,8,0.060488224029541016,0.0,0.0,0.0,,,,,,,7,7,0.0
null_aniso_d2,null,8,600,2,1,GMM+BIC,2,0.15494394302368164,0.0,0.0,0.0,,,,,,,1,1,0.0
null_aniso_d2,null,8,600,2,1,GMM+ICL,2,0.15506887435913086,0.0,0.0,0.0,,,,,,,1,1,0.0
null_aniso_d2,null,8,600,2,1,HDBSCAN,2,0.003636598587036133,0.0,0.0,0.0,,,,,,,1,1,0.0
null_aniso_d2,null,8,600,2,1,Bisecting+Sil.,2,0.0854489803314209,0.0,0.0,0.0,,,,,,,1,1,0.0
null_aniso_d10,null,0,600,10,1,ORACLE k-means(k*),1,0.0020151138305664062,1.0,1.0,1.0,,,,,,,0,0,1.0
null_aniso_d10,null,0,600,10,1,CDK (proposed),1,1.7480907440185547,1.0,1.0,1.0,1.0,1.0,36.0,15.0,0.1111111111111111,0.5,0,0,1.0
null_aniso_d10,null,0,600,10,1,CDK / Gaussian null,1,2.0196914672851562,1.0,1.0,1.0,1.0,1.0,36.0,15.0,0.0,0.38461538461538464,0,0,1.0
null_aniso_d10,null,0,600,10,1,CDK / AD statistic,1,1.6821317672729492,1.0,1.0,1.0,1.0,1.0,36.0,15.0,0.05555555555555555,0.75,0,0,1.0
null_aniso_d10,null,0,600,10,1,CDK / no multiplicity corr.,1,1.8921241760253906,1.0,1.0,1.0,1.0,1.0,36.0,15.0,0.19444444444444445,0.5,0,0,1.0
null_aniso_d10,null,0,600,10,1,CDK / n_min=15,1,2.5450046062469482,1.0,1.0,1.0,1.0,1.0,47.0,19.0,0.0851063829787234,0.5384615384615384,0,0,1.0
null_aniso_d10,null,0,600,10,1,CDK / n_min=40,1,1.4672579765319824,1.0,1.0,1.0,1.0,1.0,18.0,8.0,0.2222222222222222,0.5192307692307692,0,0,1.0
null_aniso_d10,null,0,600,10,1,Silhouette,2,0.14850878715515137,0.0,0.0,0.0,,,,,,,1,1,0.0
null_aniso_d10,null,0,600,10,1,Calinski-Har.,2,0.11309218406677246,0.0,0.0,0.0,,,,,,,1,1,0.0
null_aniso_d10,null,0,600,10,1,Davies-Bouldin,5,0.12066221237182617,0.0,0.0,0.0,,,,,,,4,4,0.0
null_aniso_d10,null,0,600,10,1,Elbow (Kneedle),5,0.11286497116088867,0.0,0.0,0.0,,,,,,,4,4,0.0
null_aniso_d10,null,0,600,10,1,Jump statistic,11,0.11557269096374512,0.0,0.0,0.0,,,,,,,10,10,0.0
null_aniso_d10,null,0,600,10,1,Gap statistic,2,0.3764374256134033,0.0,0.0,0.0,,,,,,,1,1,0.0
null_aniso_d10,null,0,600,10,1,X-means,6,0.03375101089477539,0.0,0.0,0.0,,,,,,,5,5,0.0
null_aniso_d10,null,0,600,10,1,G-means,1,0.004415750503540039,1.0,1.0,1.0,,,,,,,0,0,1.0
null_aniso_d10,null,0,600,10,1,dip-means,1,0.012090921401977539,1.0,1.0,1.0,,,,,,,0,0,1.0
null_aniso_d10,null,0,600,10,1,ISODATA,12,0.021549701690673828,0.0,0.0,0.0,,,,,,,11,11,0.0
null_aniso_d10,null,0,600,10,1,MDL split/merge,17,0.25999999046325684,0.0,0.0,0.0,,,,,,,16,16,0.0
null_aniso_d10,null,0,600,10,1,GMM+BIC,2,0.6474597454071045,0.0,0.0,0.0,,,,,,,1,1,0.0
null_aniso_d10,null,0,600,10,1,GMM+ICL,2,0.6150877475738525,0.0,0.0,0.0,,,,,,,1,1,0.0
null_aniso_d10,null,0,600,10,1,HDBSCAN,2,0.005738973617553711,0.0,0.0,0.0,,,,,,,1,1,0.0
null_aniso_d10,null,0,600,10,1,Bisecting+Sil.,2,0.09362053871154785,0.0,0.0,0.0,,,,,,,1,1,0.0
null_aniso_d2,null,9,600,2,1,ORACLE k-means(k*),1,0.0017943382263183594,1.0,1.0,1.0,,,,,,,0,0,1.0
null_aniso_d2,null,9,600,2,1,CDK (proposed),1,3.2215113639831543,1.0,1.0,1.0,1.0,1.0,40.0,16.0,0.4,0.052500000000000005,0,0,1.0
null_aniso_d2,null,9,600,2,1,CDK / Gaussian null,1,4.641549587249756,1.0,1.0,1.0,1.0,6.0,40.0,16.0,0.35,0.0225,0,0,1.0
null_aniso_d2,null,9,600,2,1,CDK / AD statistic,1,4.436821460723877,1.0,1.0,1.0,1.0,2.0,40.0,16.0,0.275,0.28028293545534927,0,0,1.0
null_aniso_d2,null,9,600,2,1,CDK / no multiplicity corr.,1,3.0987086296081543,1.0,1.0,1.0,1.0,5.0,40.0,16.0,0.5,0.052500000000000005,0,0,1.0
null_aniso_d2,null,9,600,2,1,CDK / n_min=15,2,4.278224468231201,0.0,0.0,0.0,1.0,3.0,58.0,23.0,0.3620689655172414,0.0425,1,1,0.0
null_aniso_d2,null,9,600,2,1,CDK / n_min=40,1,3.2413580417633057,1.0,1.0,1.0,1.0,3.0,26.0,10.0,0.6153846153846154,0.005,0,0,1.0
null_aniso_d2,null,9,600,2,1,Silhouette,2,0.14084482192993164,0.0,0.0,0.0,,,,,,,1,1,0.0
null_aniso_d2,null,9,600,2,1,Calinski-Har.,9,0.12020397186279297,0.0,0.0,0.0,,,,,,,8,8,0.0
null_aniso_d2,null,9,600,2,1,Davies-Bouldin,4,0.1244349479675293,0.0,0.0,0.0,,,,,,,3,3,0.0
null_aniso_d2,null,9,600,2,1,Elbow (Kneedle),5,0.11174321174621582,0.0,0.0,0.0,,,,,,,4,4,0.0
null_aniso_d2,null,9,600,2,1,Jump statistic,5,0.11219549179077148,0.0,0.0,0.0,,,,,,,4,4,0.0
null_aniso_d2,null,9,600,2,1,Gap statistic,2,0.4216427803039551,0.0,0.0,0.0,,,,,,,1,1,0.0
null_aniso_d2,null,9,600,2,1,X-means,12,0.05108070373535156,0.0,0.0,0.0,,,,,,,11,11,0.0
null_aniso_d2,null,9,600,2,1,G-means,1,0.004145145416259766,1.0,1.0,1.0,,,,,,,0,0,1.0
null_aniso_d2,null,9,600,2,1,dip-means,1,0.014907360076904297,1.0,1.0,1.0,,,,,,,0,0,1.0
null_aniso_d2,null,9,600,2,1,ISODATA,7,0.020266294479370117,0.0,0.0,0.0,,,,,,,6,6,0.0
null_aniso_d2,null,9,600,2,1,MDL split/merge,8,0.07600069046020508,0.0,0.0,0.0,,,,,,,7,7,0.0
null_aniso_d2,null,9,600,2,1,GMM+BIC,2,0.19691109657287598,0.0,0.0,0.0,,,,,,,1,1,0.0
null_aniso_d2,null,9,600,2,1,GMM+ICL,4,0.20374393463134766,0.0,0.0,0.0,,,,,,,3,3,0.0
null_aniso_d2,null,9,600,2,1,HDBSCAN,2,0.004122734069824219,0.0,0.0,0.0,,,,,,,1,1,0.0
null_aniso_d2,null,9,600,2,1,Bisecting+Sil.,2,0.09549832344055176,0.0,0.0,0.0,,,,,,,1,1,0.0
null_aniso_d10,null,1,600,10,1,ORACLE k-means(k*),1,0.0019063949584960938,1.0,1.0,1.0,,,,,,,0,0,1.0
null_aniso_d10,null,1,600,10,1,CDK (proposed),1,2.198002338409424,1.0,1.0,1.0,1.0,1.0,37.0,15.0,0.1891891891891892,0.5,0,0,1.0
null_aniso_d10,null,1,600,10,1,CDK / Gaussian null,1,2.4076664447784424,1.0,1.0,1.0,1.0,1.0,37.0,15.0,0.0,0.3076923076923077,0,0,1.0
null_aniso_d10,null,1,600,10,1,CDK / AD statistic,1,2.3964004516601562,1.0,1.0,1.0,1.0,1.0,37.0,15.0,0.08108108108108109,0.7692307692307693,0,0,1.0
null_aniso_d10,null,1,600,10,1,CDK / no multiplicity corr.,1,2.3002796173095703,1.0,1.0,1.0,1.0,1.0,37.0,15.0,0.2702702702702703,0.5,0,0,1.0
null_aniso_d10,null,1,600,10,1,CDK / n_min=15,1,2.2822065353393555,1.0,1.0,1.0,1.0,1.0,56.0,22.0,0.05357142857142857,0.5,0,0,1.0
null_aniso_d10,null,1,600,10,1,CDK / n_min=40,1,1.1327829360961914,1.0,1.0,1.0,1.0,1.0,16.0,7.0,0.125,0.8846153846153846,0,0,1.0
null_aniso_d10,null,1,600,10,1,Silhouette,2,0.13798975944519043,0.0,0.0,0.0,,,,,,,1,1,0.0
null_aniso_d10,null,1,600,10,1,Calinski-Har.,2,0.10532641410827637,0.0,0.0,0.0,,,,,,,1,1,0.0
null_aniso_d10,null,1,600,10,1,Davies-Bouldin,5,0.1160440444946289,0.0,0.0,0.0,,,,,,,4,4,0.0
null_aniso_d10,null,1,600,10,1,Elbow (Kneedle),5,0.11863875389099121,0.0,0.0,0.0,,,,,,,4,4,0.0
null_aniso_d10,null,1,600,10,1,Jump statistic,10,0.13173460960388184,0.0,0.0,0.0,,,,,,,9,9,0.0
null_aniso_d10,null,1,600,10,1,Gap statistic,2,0.41927647590637207,0.0,0.0,0.0,,,,,,,1,1,0.0
null_aniso_d10,null,1,600,10,1,X-means,5,0.030435800552368164,0.0,0.0,0.0,,,,,,,4,4,0.0
null_aniso_d10,null,1,600,10,1,G-means,1,0.003523588180541992,1.0,1.0,1.0,,,,,,,0,0,1.0
null_aniso_d10,null,1,600,10,1,dip-means,1,0.011649131774902344,1.0,1.0,1.0,,,,,,,0,0,1.0
null_aniso_d10,null,1,600,10,1,ISODATA,12,0.022262096405029297,0.0,0.0,0.0,,,,,,,11,11,0.0
null_aniso_d10,null,1,600,10,1,MDL split/merge,17,0.23549389839172363,0.0,0.0,0.0,,,,,,,16,16,0.0
null_aniso_d10,null,1,600,10,1,GMM+BIC,2,0.603057861328125,0.0,0.0,0.0,,,,,,,1,1,0.0
null_aniso_d10,null,1,600,10,1,GMM+ICL,2,0.5974903106689453,0.0,0.0,0.0,,,,,,,1,1,0.0
null_aniso_d10,null,1,600,10,1,HDBSCAN,1,0.005331754684448242,1.0,1.0,1.0,,,,,,,0,0,1.0
null_aniso_d10,null,1,600,10,1,Bisecting+Sil.,2,0.11201810836791992,0.0,0.0,0.0,,,,,,,1,1,0.0
null_aniso_d10,null,2,600,10,1,ORACLE k-means(k*),1,0.0023467540740966797,1.0,1.0,1.0,,,,,,,0,0,1.0
null_aniso_d10,null,2,600,10,1,CDK (proposed),1,2.7397348880767822,1.0,1.0,1.0,1.0,1.0,38.0,16.0,0.10526315789473684,0.3479020979020979,0,0,1.0
null_aniso_d10,null,2,600,10,1,CDK / Gaussian null,1,2.193389892578125,1.0,1.0,1.0,1.0,1.0,38.0,16.0,0.0,0.38461538461538464,0,0,1.0
null_aniso_d10,null,2,600,10,1,CDK / AD statistic,1,2.2506277561187744,1.0,1.0,1.0,1.0,1.0,38.0,16.0,0.02631578947368421,0.7115384615384615,0,0,1.0
null_aniso_d10,null,2,600,10,1,CDK / no multiplicity corr.,1,2.6826419830322266,1.0,1.0,1.0,1.0,2.0,38.0,16.0,0.2631578947368421,0.3479020979020979,0,0,1.0
null_aniso_d10,null,2,600,10,1,CDK / n_min=15,1,1.9189834594726562,1.0,1.0,1.0,1.0,1.0,49.0,21.0,0.12244897959183673,0.6153846153846154,0,0,1.0
null_aniso_d10,null,2,600,10,1,CDK / n_min=40,1,1.9981098175048828,1.0,1.0,1.0,1.0,1.0,20.0,9.0,0.15,0.4230769230769231,0,0,1.0
null_aniso_d10,null,2,600,10,1,Silhouette,2,0.17377281188964844,0.0,0.0,0.0,,,,,,,1,1,0.0
null_aniso_d10,null,2,600,10,1,Calinski-Har.,2,0.13787031173706055,0.0,0.0,0.0,,,,,,,1,1,0.0
null_aniso_d10,null,2,600,10,1,Davies-Bouldin,12,0.15558791160583496,0.0,0.0,0.0,,,,,,,11,11,0.0
null_aniso_d10,null,2,600,10,1,Elbow (Kneedle),5,0.14794707298278809,0.0,0.0,0.0,,,,,,,4,4,0.0
null_aniso_d10,null,2,600,10,1,Jump statistic,12,0.15468955039978027,0.0,0.0,0.0,,,,,,,11,11,0.0
null_aniso_d10,null,2,600,10,1,Gap statistic,2,0.48224973678588867,0.0,0.0,0.0,,,,,,,1,1,0.0
null_aniso_d10,null,2,600,10,1,X-means,8,0.05967545509338379,0.0,0.0,0.0,,,,,,,7,7,0.0
null_aniso_d10,null,2,600,10,1,G-means,1,0.004703044891357422,1.0,1.0,1.0,,,,,,,0,0,1.0
null_aniso_d10,null,2,600,10,1,dip-means,1,0.013849020004272461,1.0,1.0,1.0,,,,,,,0,0,1.0
null_aniso_d10,null,2,600,10,1,ISODATA,12,0.028010845184326172,0.0,0.0,0.0,,,,,,,11,11,0.0
null_aniso_d10,null,2,600,10,1,MDL split/merge,17,0.2853736877441406,0.0,0.0,0.0,,,,,,,16,16,0.0
null_aniso_d10,null,2,600,10,1,GMM+BIC,2,0.8672001361846924,0.0,0.0,0.0,,,,,,,1,1,0.0
null_aniso_d10,null,2,600,10,1,GMM+ICL,2,0.8219771385192871,0.0,0.0,0.0,,,,,,,1,1,0.0
null_aniso_d10,null,2,600,10,1,HDBSCAN,1,0.0060465335845947266,1.0,1.0,1.0,,,,,,,0,0,1.0
null_aniso_d10,null,2,600,10,1,Bisecting+Sil.,2,0.10294651985168457,0.0,0.0,0.0,,,,,,,1,1,0.0
null_aniso_d10,null,3,600,10,1,ORACLE k-means(k*),1,0.002884387969970703,1.0,1.0,1.0,,,,,,,0,0,1.0
null_aniso_d10,null,3,600,10,1,CDK (proposed),1,2.4505786895751953,1.0,1.0,1.0,1.0,1.0,41.0,16.0,0.1951219512195122,0.4230769230769231,0,0,1.0
null_aniso_d10,null,3,600,10,1,CDK / Gaussian null,1,2.7455339431762695,1.0,1.0,1.0,1.0,1.0,41.0,16.0,0.024390243902439025,0.38461538461538464,0,0,1.0
null_aniso_d10,null,3,600,10,1,CDK / AD statistic,1,2.617326259613037,1.0,1.0,1.0,1.0,1.0,41.0,16.0,0.024390243902439025,0.7307692307692307,0,0,1.0
null_aniso_d10,null,3,600,10,1,CDK / no multiplicity corr.,1,2.1968767642974854,1.0,1.0,1.0,1.0,1.0,41.0,16.0,0.2926829268292683,0.4230769230769231,0,0,1.0
null_aniso_d10,null,3,600,10,1,CDK / n_min=15,1,4.0155189037323,1.0,1.0,1.0,1.0,1.0,65.0,24.0,0.06153846153846154,0.34615384615384615,0,0,1.0
null_aniso_d10,null,3,600,10,1,CDK / n_min=40,1,3.418910503387451,1.0,1.0,1.0,1.0,1.0,25.0,10.0,0.2,0.13,0,0,1.0
null_aniso_d10,null,3,600,10,1,Silhouette,2,0.17750763893127441,0.0,0.0,0.0,,,,,,,1,1,0.0
null_aniso_d10,null,3,600,10,1,Calinski-Har.,2,0.13333702087402344,0.0,0.0,0.0,,,,,,,1,1,0.0
null_aniso_d10,null,3,600,10,1,Davies-Bouldin,6,0.1532278060913086,0.0,0.0,0.0,,,,,,,5,5,0.0
null_aniso_d10,null,3,600,10,1,Elbow (Kneedle),6,0.1720726490020752,0.0,0.0,0.0,,,,,,,5,5,0.0
null_aniso_d10,null,3,600,10,1,Jump statistic,12,0.14879250526428223,0.0,0.0,0.0,,,,,,,11,11,0.0
null_aniso_d10,null,3,600,10,1,Gap statistic,2,0.41672396659851074,0.0,0.0,0.0,,,,,,,1,1,0.0
null_aniso_d10,null,3,600,10,1,X-means,9,0.04368710517883301,0.0,0.0,0.0,,,,,,,8,8,0.0
null_aniso_d10,null,3,600,10,1,G-means,1,0.0033957958221435547,1.0,1.0,1.0,,,,,,,0,0,1.0
null_aniso_d10,null,3,600,10,1,dip-means,1,0.012988090515136719,1.0,1.0,1.0,,,,,,,0,0,1.0
null_aniso_d10,null,3,600,10,1,ISODATA,11,0.019967317581176758,0.0,0.0,0.0,,,,,,,10,10,0.0
null_aniso_d10,null,3,600,10,1,MDL split/merge,17,0.23477911949157715,0.0,0.0,0.0,,,,,,,16,16,0.0
null_aniso_d10,null,3,600,10,1,GMM+BIC,2,0.5558092594146729,0.0,0.0,0.0,,,,,,,1,1,0.0
null_aniso_d10,null,3,600,10,1,GMM+ICL,2,0.5618209838867188,0.0,0.0,0.0,,,,,,,1,1,0.0
null_aniso_d10,null,3,600,10,1,HDBSCAN,1,0.005528926849365234,1.0,1.0,1.0,,,,,,,0,0,1.0
null_aniso_d10,null,3,600,10,1,Bisecting+Sil.,2,0.0932011604309082,0.0,0.0,0.0,,,,,,,1,1,0.0
null_aniso_d10,null,4,600,10,1,ORACLE k-means(k*),1,0.0021491050720214844,1.0,1.0,1.0,,,,,,,0,0,1.0
null_aniso_d10,null,4,600,10,1,CDK (proposed),1,2.8409085273742676,1.0,1.0,1.0,1.0,1.0,31.0,13.0,0.1935483870967742,0.38461538461538464,0,0,1.0
null_aniso_d10,null,4,600,10,1,CDK / Gaussian null,1,2.742431879043579,1.0,1.0,1.0,1.0,1.0,31.0,13.0,0.0967741935483871,0.26666666666666666,0,0,1.0
null_aniso_d10,null,4,600,10,1,CDK / AD statistic,1,1.8914785385131836,1.0,1.0,1.0,1.0,1.0,31.0,13.0,0.0967741935483871,0.7307692307692307,0,0,1.0
null_aniso_d10,null,4,600,10,1,CDK / no multiplicity corr.,1,2.3830959796905518,1.0,1.0,1.0,1.0,1.0,31.0,13.0,0.3225806451612903,0.38461538461538464,0,0,1.0
null_aniso_d10,null,4,600,10,1,CDK / n_min=15,1,3.215681791305542,1.0,1.0,1.0,1.0,1.0,70.0,27.0,0.05714285714285714,0.34615384615384615,0,0,1.0
null_aniso_d10,null,4,600,10,1,CDK / n_min=40,1,1.513253927230835,1.0,1.0,1.0,1.0,1.0,18.0,8.0,0.16666666666666666,0.46153846153846156,0,0,1.0
null_aniso_d10,null,4,600,10,1,Silhouette,2,0.1400134563446045,0.0,0.0,0.0,,,,,,,1,1,0.0
null_aniso_d10,null,4,600,10,1,Calinski-Har.,2,0.11118340492248535,0.0,0.0,0.0,,,,,,,1,1,0.0
null_aniso_d10,null,4,600,10,1,Davies-Bouldin,5,0.11942863464355469,0.0,0.0,0.0,,,,,,,4,4,0.0
null_aniso_d10,null,4,600,10,1,Elbow (Kneedle),5,0.11048746109008789,0.0,0.0,0.0,,,,,,,4,4,0.0
null_aniso_d10,null,4,600,10,1,Jump statistic,11,0.11452913284301758,0.0,0.0,0.0,,,,,,,10,10,0.0
null_aniso_d10,null,4,600,10,1,Gap statistic,2,0.37523961067199707,0.0,0.0,0.0,,,,,,,1,1,0.0
null_aniso_d10,null,4,600,10,1,X-means,11,0.05075860023498535,0.0,0.0,0.0,,,,,,,10,10,0.0
null_aniso_d10,null,4,600,10,1,G-means,1,0.003576517105102539,1.0,1.0,1.0,,,,,,,0,0,1.0
null_aniso_d10,null,4,600,10,1,dip-means,1,0.012632131576538086,1.0,1.0,1.0,,,,,,,0,0,1.0
null_aniso_d10,null,4,600,10,1,ISODATA,11,0.021886587142944336,0.0,0.0,0.0,,,,,,,10,10,0.0
null_aniso_d10,null,4,600,10,1,MDL split/merge,17,0.24400115013122559,0.0,0.0,0.0,,,,,,,16,16,0.0
null_aniso_d10,null,4,600,10,1,GMM+BIC,2,0.5272660255432129,0.0,0.0,0.0,,,,,,,1,1,0.0
null_aniso_d10,null,4,600,10,1,GMM+ICL,2,0.524895429611206,0.0,0.0,0.0,,,,,,,1,1,0.0
null_aniso_d10,null,4,600,10,1,HDBSCAN,1,0.005433559417724609,1.0,1.0,1.0,,,,,,,0,0,1.0
null_aniso_d10,null,4,600,10,1,Bisecting+Sil.,2,0.09745573997497559,0.0,0.0,0.0,,,,,,,1,1,0.0
null_aniso_d10,null,5,600,10,1,ORACLE k-means(k*),1,0.0019402503967285156,1.0,1.0,1.0,,,,,,,0,0,1.0
null_aniso_d10,null,5,600,10,1,CDK (proposed),1,2.2244434356689453,1.0,1.0,1.0,1.0,1.0,33.0,14.0,0.21212121212121213,0.4230769230769231,0,0,1.0
null_aniso_d10,null,5,600,10,1,CDK / Gaussian null,1,2.293848991394043,1.0,1.0,1.0,1.0,1.0,33.0,14.0,0.0,0.3076923076923077,0,0,1.0
null_aniso_d10,null,5,600,10,1,CDK / AD statistic,1,2.121711015701294,1.0,1.0,1.0,1.0,1.0,33.0,14.0,0.0,0.6923076923076923,0,0,1.0
null_aniso_d10,null,5,600,10,1,CDK / no multiplicity corr.,1,2.2603886127471924,1.0,1.0,1.0,1.0,1.0,33.0,14.0,0.3333333333333333,0.4230769230769231,0,0,1.0
null_aniso_d10,null,5,600,10,1,CDK / n_min=15,1,2.4070565700531006,1.0,1.0,1.0,1.0,1.0,53.0,23.0,0.11320754716981132,0.38461538461538464,0,0,1.0
null_aniso_d10,null,5,600,10,1,CDK / n_min=40,1,1.9215140342712402,1.0,1.0,1.0,1.0,1.0,21.0,9.0,0.2857142857142857,0.3076923076923077,0,0,1.0
null_aniso_d10,null,5,600,10,1,Silhouette,2,0.14285683631896973,0.0,0.0,0.0,,,,,,,1,1,0.0
null_aniso_d10,null,5,600,10,1,Calinski-Har.,2,0.11180830001831055,0.0,0.0,0.0,,,,,,,1,1,0.0
null_aniso_d10,null,5,600,10,1,Davies-Bouldin,3,0.11966490745544434,0.0,0.0,0.0,,,,,,,2,2,0.0
null_aniso_d10,null,5,600,10,1,Elbow (Kneedle),5,0.1130824089050293,0.0,0.0,0.0,,,,,,,4,4,0.0
null_aniso_d10,null,5,600,10,1,Jump statistic,11,0.1129462718963623,0.0,0.0,0.0,,,,,,,10,10,0.0
null_aniso_d10,null,5,600,10,1,Gap statistic,2,0.377591609954834,0.0,0.0,0.0,,,,,,,1,1,0.0
null_aniso_d10,null,5,600,10,1,X-means,9,0.041465044021606445,0.0,0.0,0.0,,,,,,,8,8,0.0
null_aniso_d10,null,5,600,10,1,G-means,1,0.0033960342407226562,1.0,1.0,1.0,,,,,,,0,0,1.0
null_aniso_d10,null,5,600,10,1,dip-means,1,0.01161646842956543,1.0,1.0,1.0,,,,,,,0,0,1.0
null_aniso_d10,null,5,600,10,1,ISODATA,12,0.020914077758789062,0.0,0.0,0.0,,,,,,,11,11,0.0
null_aniso_d10,null,5,600,10,1,MDL split/merge,17,0.2603878974914551,0.0,0.0,0.0,,,,,,,16,16,0.0
null_aniso_d10,null,5,600,10,1,GMM+BIC,2,0.6640377044677734,0.0,0.0,0.0,,,,,,,1,1,0.0
null_aniso_d10,null,5,600,10,1,GMM+ICL,2,0.5925695896148682,0.0,0.0,0.0,,,,,,,1,1,0.0
null_aniso_d10,null,5,600,10,1,HDBSCAN,1,0.008057832717895508,1.0,1.0,1.0,,,,,,,0,0,1.0
null_aniso_d10,null,5,600,10,1,Bisecting+Sil.,2,0.09155058860778809,0.0,0.0,0.0,,,,,,,1,1,0.0
null_aniso_d10,null,6,600,10,1,ORACLE k-means(k*),1,0.0019407272338867188,1.0,1.0,1.0,,,,,,,0,0,1.0
null_aniso_d10,null,6,600,10,1,CDK (proposed),1,1.9101579189300537,1.0,1.0,1.0,1.0,1.0,36.0,14.0,0.08333333333333333,0.6923076923076923,0,0,1.0
null_aniso_d10,null,6,600,10,1,CDK / Gaussian null,1,2.1761281490325928,1.0,1.0,1.0,1.0,1.0,36.0,14.0,0.027777777777777776,0.34615384615384615,0,0,1.0
null_aniso_d10,null,6,600,10,1,CDK / AD statistic,1,2.0827383995056152,1.0,1.0,1.0,1.0,1.0,36.0,14.0,0.0,0.8461538461538461,0,0,1.0
null_aniso_d10,null,6,600,10,1,CDK / no multiplicity corr.,1,2.0216994285583496,1.0,1.0,1.0,1.0,1.0,36.0,14.0,0.16666666666666666,0.6923076923076923,0,0,1.0
null_aniso_d10,null,6,600,10,1,CDK / n_min=15,1,2.2018392086029053,1.0,1.0,1.0,1.0,1.0,57.0,22.0,0.07017543859649122,0.5,0,0,1.0
null_aniso_d10,null,6,600,10,1,CDK / n_min=40,1,0.9474725723266602,1.0,1.0,1.0,1.0,1.0,16.0,8.0,0.125,0.8461538461538461,0,0,1.0
null_aniso_d10,null,6,600,10,1,Silhouette,2,0.14624714851379395,0.0,0.0,0.0,,,,,,,1,1,0.0
null_aniso_d10,null,6,600,10,1,Calinski-Har.,2,0.1136786937713623,0.0,0.0,0.0,,,,,,,1,1,0.0
null_aniso_d10,null,6,600,10,1,Davies-Bouldin,6,0.12568402290344238,0.0,0.0,0.0,,,,,,,5,5,0.0
null_aniso_d10,null,6,600,10,1,Elbow (Kneedle),6,0.11650586128234863,0.0,0.0,0.0,,,,,,,5,5,0.0
null_aniso_d10,null,6,600,10,1,Jump statistic,12,0.11968994140625,0.0,0.0,0.0,,,,,,,11,11,0.0
null_aniso_d10,null,6,600,10,1,Gap statistic,2,0.3948240280151367,0.0,0.0,0.0,,,,,,,1,1,0.0
null_aniso_d10,null,6,600,10,1,X-means,8,0.047745704650878906,0.0,0.0,0.0,,,,,,,7,7,0.0
null_aniso_d10,null,6,600,10,1,G-means,1,0.004223823547363281,1.0,1.0,1.0,,,,,,,0,0,1.0
null_aniso_d10,null,6,600,10,1,dip-means,1,0.011910438537597656,1.0,1.0,1.0,,,,,,,0,0,1.0
null_aniso_d10,null,6,600,10,1,ISODATA,11,0.021576642990112305,0.0,0.0,0.0,,,,,,,10,10,0.0
null_aniso_d10,null,6,600,10,1,MDL split/merge,17,0.2490401268005371,0.0,0.0,0.0,,,,,,,16,16,0.0
null_aniso_d10,null,6,600,10,1,GMM+BIC,2,0.6481077671051025,0.0,0.0,0.0,,,,,,,1,1,0.0
null_aniso_d10,null,6,600,10,1,GMM+ICL,2,0.6487593650817871,0.0,0.0,0.0,,,,,,,1,1,0.0
null_aniso_d10,null,6,600,10,1,HDBSCAN,1,0.005574941635131836,1.0,1.0,1.0,,,,,,,0,0,1.0
null_aniso_d10,null,6,600,10,1,Bisecting+Sil.,2,0.09877181053161621,0.0,0.0,0.0,,,,,,,1,1,0.0
null_aniso_d10,null,7,600,10,1,ORACLE k-means(k*),1,0.002013683319091797,1.0,1.0,1.0,,,,,,,0,0,1.0
null_aniso_d10,null,7,600,10,1,CDK (proposed),1,2.2264528274536133,1.0,1.0,1.0,1.0,1.0,31.0,14.0,0.06451612903225806,0.2692307692307692,0,0,1.0
null_aniso_d10,null,7,600,10,1,CDK / Gaussian null,1,2.1217098236083984,1.0,1.0,1.0,1.0,1.0,31.0,14.0,0.0,0.2692307692307692,0,0,1.0
null_aniso_d10,null,7,600,10,1,CDK / AD statistic,1,1.8854577541351318,1.0,1.0,1.0,1.0,1.0,31.0,14.0,0.03225806451612903,0.7307692307692307,0,0,1.0
null_aniso_d10,null,7,600,10,1,CDK / no multiplicity corr.,1,2.248552083969116,1.0,1.0,1.0,1.0,2.0,31.0,14.0,0.22580645161290322,0.2692307692307692,0,0,1.0
null_aniso_d10,null,7,600,10,1,CDK / n_min=15,1,1.9891817569732666,1.0,1.0,1.0,1.0,1.0,50.0,21.0,0.06,0.6346153846153846,0,0,1.0
null_aniso_d10,null,7,600,10,1,CDK / n_min=40,1,2.322638988494873,1.0,1.0,1.0,1.0,1.0,22.0,10.0,0.18181818181818182,0.1525,0,0,1.0
null_aniso_d10,null,7,600,10,1,Silhouette,2,0.1413273811340332,0.0,0.0,0.0,,,,,,,1,1,0.0
null_aniso_d10,null,7,600,10,1,Calinski-Har.,2,0.10709500312805176,0.0,0.0,0.0,,,,,,,1,1,0.0
null_aniso_d10,null,7,600,10,1,Davies-Bouldin,5,0.12127232551574707,0.0,0.0,0.0,,,,,,,4,4,0.0
null_aniso_d10,null,7,600,10,1,Elbow (Kneedle),5,0.11266016960144043,0.0,0.0,0.0,,,,,,,4,4,0.0
null_aniso_d10,null,7,600,10,1,Jump statistic,12,0.11358976364135742,0.0,0.0,0.0,,,,,,,11,11,0.0
null_aniso_d10,null,7,600,10,1,Gap statistic,2,0.376833438873291,0.0,0.0,0.0,,,,,,,1,1,0.0
null_aniso_d10,null,7,600,10,1,X-means,8,0.03507733345031738,0.0,0.0,0.0,,,,,,,7,7,0.0
null_aniso_d10,null,7,600,10,1,G-means,1,0.0038127899169921875,1.0,1.0,1.0,,,,,,,0,0,1.0
null_aniso_d10,null,7,600,10,1,dip-means,1,0.011740446090698242,1.0,1.0,1.0,,,,,,,0,0,1.0
null_aniso_d10,null,7,600,10,1,ISODATA,12,0.02175736427307129,0.0,0.0,0.0,,,,,,,11,11,0.0
null_aniso_d10,null,7,600,10,1,MDL split/merge,17,0.23597073554992676,0.0,0.0,0.0,,,,,,,16,16,0.0
null_aniso_d10,null,7,600,10,1,GMM+BIC,2,0.5968992710113525,0.0,0.0,0.0,,,,,,,1,1,0.0
null_aniso_d10,null,7,600,10,1,GMM+ICL,2,0.6168758869171143,0.0,0.0,0.0,,,,,,,1,1,0.0
null_aniso_d10,null,7,600,10,1,HDBSCAN,1,0.005362987518310547,1.0,1.0,1.0,,,,,,,0,0,1.0
null_aniso_d10,null,7,600,10,1,Bisecting+Sil.,2,0.08911895751953125,0.0,0.0,0.0,,,,,,,1,1,0.0
null_aniso_d10,null,8,600,10,1,ORACLE k-means(k*),1,0.0020127296447753906,1.0,1.0,1.0,,,,,,,0,0,1.0
null_aniso_d10,null,8,600,10,1,CDK (proposed),1,2.1902105808258057,1.0,1.0,1.0,1.0,1.0,34.0,14.0,0.17647058823529413,0.4230769230769231,0,0,1.0
null_aniso_d10,null,8,600,10,1,CDK / Gaussian null,1,2.339292526245117,1.0,1.0,1.0,1.0,1.0,34.0,14.0,0.029411764705882353,0.28846153846153844,0,0,1.0
null_aniso_d10,null,8,600,10,1,CDK / AD statistic,1,1.2492992877960205,1.0,1.0,1.0,1.0,1.0,34.0,14.0,0.058823529411764705,0.7884615384615385,0,0,1.0
null_aniso_d10,null,8,600,10,1,CDK / no multiplicity corr.,1,2.349550485610962,1.0,1.0,1.0,1.0,1.0,34.0,14.0,0.29411764705882354,0.4230769230769231,0,0,1.0
null_aniso_d10,null,8,600,10,1,CDK / n_min=15,1,2.752692699432373,1.0,1.0,1.0,1.0,1.0,58.0,23.0,0.06896551724137931,0.5384615384615384,0,0,1.0
null_aniso_d10,null,8,600,10,1,CDK / n_min=40,1,2.9050402641296387,1.0,1.0,1.0,1.0,1.0,19.0,8.0,0.3684210526315789,0.06,0,0,1.0
null_aniso_d10,null,8,600,10,1,Silhouette,2,0.1519021987915039,0.0,0.0,0.0,,,,,,,1,1,0.0
null_aniso_d10,null,8,600,10,1,Calinski-Har.,2,0.1260826587677002,0.0,0.0,0.0,,,,,,,1,1,0.0
null_aniso_d10,null,8,600,10,1,Davies-Bouldin,5,0.1347637176513672,0.0,0.0,0.0,,,,,,,4,4,0.0
null_aniso_d10,null,8,600,10,1,Elbow (Kneedle),5,0.1298811435699463,0.0,0.0,0.0,,,,,,,4,4,0.0
null_aniso_d10,null,8,600,10,1,Jump statistic,12,0.13402247428894043,0.0,0.0,0.0,,,,,,,11,11,0.0
null_aniso_d10,null,8,600,10,1,Gap statistic,4,0.3850736618041992,0.0,0.0,0.0,,,,,,,3,3,0.0
null_aniso_d10,null,8,600,10,1,X-means,9,0.044168710708618164,0.0,0.0,0.0,,,,,,,8,8,0.0
null_aniso_d10,null,8,600,10,1,G-means,1,0.0036842823028564453,1.0,1.0,1.0,,,,,,,0,0,1.0
null_aniso_d10,null,8,600,10,1,dip-means,1,0.01190638542175293,1.0,1.0,1.0,,,,,,,0,0,1.0
null_aniso_d10,null,8,600,10,1,ISODATA,11,0.0216677188873291,0.0,0.0,0.0,,,,,,,10,10,0.0
null_aniso_d10,null,8,600,10,1,MDL split/merge,17,0.2298581600189209,0.0,0.0,0.0,,,,,,,16,16,0.0
null_aniso_d10,null,8,600,10,1,GMM+BIC,2,0.6213788986206055,0.0,0.0,0.0,,,,,,,1,1,0.0
null_aniso_d10,null,8,600,10,1,GMM+ICL,2,0.6362731456756592,0.0,0.0,0.0,,,,,,,1,1,0.0
null_aniso_d10,null,8,600,10,1,HDBSCAN,1,0.0055696964263916016,1.0,1.0,1.0,,,,,,,0,0,1.0
null_aniso_d10,null,8,600,10,1,Bisecting+Sil.,2,0.09536123275756836,0.0,0.0,0.0,,,,,,,1,1,0.0
null_aniso_d10,null,9,600,10,1,ORACLE k-means(k*),1,0.0020248889923095703,1.0,1.0,1.0,,,,,,,0,0,1.0
null_aniso_d10,null,9,600,10,1,CDK (proposed),1,2.3828625679016113,1.0,1.0,1.0,1.0,1.0,39.0,16.0,0.1282051282051282,0.4230769230769231,0,0,1.0
null_aniso_d10,null,9,600,10,1,CDK / Gaussian null,1,2.310487985610962,1.0,1.0,1.0,1.0,1.0,39.0,16.0,0.02564102564102564,0.38461538461538464,0,0,1.0
null_aniso_d10,null,9,600,10,1,CDK / AD statistic,1,2.187556743621826,1.0,1.0,1.0,1.0,1.0,39.0,16.0,0.05128205128205128,0.7307692307692307,0,0,1.0
null_aniso_d10,null,9,600,10,1,CDK / no multiplicity corr.,1,2.4358601570129395,1.0,1.0,1.0,1.0,1.0,39.0,16.0,0.28205128205128205,0.4230769230769231,0,0,1.0
null_aniso_d10,null,9,600,10,1,CDK / n_min=15,1,1.9230880737304688,1.0,1.0,1.0,1.0,1.0,64.0,24.0,0.015625,0.6153846153846154,0,0,1.0
null_aniso_d10,null,9,600,10,1,CDK / n_min=40,1,1.8367443084716797,1.0,1.0,1.0,1.0,1.0,21.0,9.0,0.2857142857142857,0.5384615384615384,0,0,1.0
null_aniso_d10,null,9,600,10,1,Silhouette,2,0.13615679740905762,0.0,0.0,0.0,,,,,,,1,1,0.0
null_aniso_d10,null,9,600,10,1,Calinski-Har.,2,0.10574483871459961,0.0,0.0,0.0,,,,,,,1,1,0.0
null_aniso_d10,null,9,600,10,1,Davies-Bouldin,5,0.11891674995422363,0.0,0.0,0.0,,,,,,,4,4,0.0
null_aniso_d10,null,9,600,10,1,Elbow (Kneedle),5,0.1100003719329834,0.0,0.0,0.0,,,,,,,4,4,0.0
null_aniso_d10,null,9,600,10,1,Jump statistic,11,0.11264991760253906,0.0,0.0,0.0,,,,,,,10,10,0.0
null_aniso_d10,null,9,600,10,1,Gap statistic,2,0.36317944526672363,0.0,0.0,0.0,,,,,,,1,1,0.0
null_aniso_d10,null,9,600,10,1,X-means,10,0.0481724739074707,0.0,0.0,0.0,,,,,,,9,9,0.0
null_aniso_d10,null,9,600,10,1,G-means,1,0.003649473190307617,1.0,1.0,1.0,,,,,,,0,0,1.0
null_aniso_d10,null,9,600,10,1,dip-means,1,0.011525154113769531,1.0,1.0,1.0,,,,,,,0,0,1.0
null_aniso_d10,null,9,600,10,1,ISODATA,12,0.021192550659179688,0.0,0.0,0.0,,,,,,,11,11,0.0
null_aniso_d10,null,9,600,10,1,MDL split/merge,17,0.2262120246887207,0.0,0.0,0.0,,,,,,,16,16,0.0
null_aniso_d10,null,9,600,10,1,GMM+BIC,2,0.5986480712890625,0.0,0.0,0.0,,,,,,,1,1,0.0
null_aniso_d10,null,9,600,10,1,GMM+ICL,2,0.6023361682891846,0.0,0.0,0.0,,,,,,,1,1,0.0
null_aniso_d10,null,9,600,10,1,HDBSCAN,1,0.005367279052734375,1.0,1.0,1.0,,,,,,,0,0,1.0
null_aniso_d10,null,9,600,10,1,Bisecting+Sil.,2,0.09274077415466309,0.0,0.0,0.0,,,,,,,1,1,0.0
