dataset,family,rep,n,d,true_k,method,k_hat,runtime,n_tests,k_init,sep_evidence,p_median,ARI,AMI,NMI
sep_k2_d2,sep,1,800,2,2,CDK repaired,2,6.855647325515747,52,21,0.23076923076923078,0.2692307692307692,1.0,1.0,1.0
sep_k2_d2,sep,0,800,2,2,CDK repaired,2,7.708323955535889,44,18,0.3409090909090909,0.065,1.0,1.0,1.0
sep_k2_d2,sep,2,800,2,2,CDK repaired,2,6.58322548866272,47,19,0.2553191489361702,0.22,1.0,1.0,1.0
sep_k2_d2,sep,3,800,2,2,CDK repaired,2,7.9918212890625,41,17,0.34146341463414637,0.085,1.0,1.0,1.0
sep_k2_d2,sep,4,800,2,2,CDK repaired,2,9.31824254989624,48,19,0.3958333333333333,0.045,1.0,1.0,1.0
sep_k2_d2,sep,5,800,2,2,CDK repaired,2,8.096844911575317,47,19,0.3617021276595745,0.115,1.0,1.0,1.0
sep_k2_d2,sep,6,800,2,2,CDK repaired,2,6.851006507873535,39,16,0.38461538461538464,0.06,1.0,1.0,1.0
sep_k2_d2,sep,7,800,2,2,CDK repaired,2,7.4801414012908936,54,21,0.25925925925925924,0.20461538461538462,1.0,1.0,1.0
sep_k2_d2,sep,8,800,2,2,CDK repaired,2,7.5925304889678955,42,17,0.35714285714285715,0.04,1.0,1.0,1.0
sep_k2_d2,sep,9,800,2,2,CDK repaired,2,6.330548524856567,38,16,0.2631578947368421,0.20407894736842103,1.0,1.0,1.0
sep_k2_d2,sep,10,800,2,2,CDK repaired,2,6.263504266738892,38,16,0.2894736842105263,0.1325,1.0,1.0,1.0
sep_k2_d2,sep,11,800,2,2,CDK repaired,2,6.999654531478882,42,17,0.30952380952380953,0.14250000000000002,1.0,1.0,1.0
sep_k2_d2,sep,12,800,2,2,CDK repaired,2,7.305152654647827,55,22,0.21818181818181817,0.2619047619047619,1.0,1.0,1.0
sep_k2_d2,sep,13,800,2,2,CDK repaired,2,6.879006862640381,41,17,0.2926829268292683,0.17,1.0,1.0,1.0
sep_k2_d2,sep,15,800,2,2,CDK repaired,2,7.091849088668823,50,20,0.24,0.23658227848101265,1.0,1.0,1.0
sep_k2_d2,sep,14,800,2,2,CDK repaired,2,8.334678173065186,52,20,0.28846153846153844,0.08249999999999999,1.0,1.0,1.0
sep_k2_d2,sep,16,800,2,2,CDK repaired,2,6.369298696517944,39,16,0.3076923076923077,0.135,1.0,1.0,1.0
sep_k2_d2,sep,17,800,2,2,CDK repaired,2,8.082340478897095,54,22,0.2962962962962963,0.1225,1.0,1.0,1.0
sep_k2_d2,sep,18,800,2,2,CDK repaired,2,8.238088130950928,46,18,0.30434782608695654,0.0325,1.0,1.0,1.0
sep_k2_d2,sep,19,800,2,2,CDK repaired,2,6.7582848072052,38,16,0.23684210526315788,0.14250000000000002,1.0,1.0,1.0
sep_k2_d10,sep,0,800,10,2,CDK repaired,2,4.507939577102661,50,21,0.0,0.5961538461538461,1.0,1.0,1.0
sep_k2_d10,sep,1,800,10,2,CDK repaired,2,4.553020000457764,49,21,0.02040816326530612,0.8076923076923077,1.0,1.0,1.0
sep_k2_d10,sep,2,800,10,2,CDK repaired,2,4.503746032714844,41,17,0.024390243902439025,0.6538461538461539,1.0,1.0,1.0
sep_k2_d10,sep,3,800,10,2,CDK repaired,2,4.506403207778931,44,19,0.045454545454545456,0.7884615384615385,1.0,1.0,1.0
sep_k2_d10,sep,5,800,10,2,CDK repaired,2,3.904876947402954,45,20,0.022222222222222223,0.6153846153846154,1.0,1.0,1.0
sep_k2_d10,sep,4,800,10,2,CDK repaired,2,6.144806861877441,52,21,0.019230769230769232,0.5,1.0,1.0,1.0
sep_k2_d10,sep,6,800,10,2,CDK repaired,2,3.5097248554229736,51,22,0.0392156862745098,0.7307692307692307,1.0,1.0,1.0
sep_k2_d10,sep,7,800,10,2,CDK repaired,2,3.4651424884796143,42,19,0.07142857142857142,0.75,1.0,1.0,1.0
sep_k2_d10,sep,9,800,10,2,CDK repaired,2,3.8223304748535156,50,21,0.0,0.7307692307692307,1.0,1.0,1.0
sep_k2_d10,sep,8,800,10,2,CDK repaired,2,5.824281930923462,42,18,0.07142857142857142,0.5384615384615384,1.0,1.0,1.0
sep_k2_d10,sep,10,800,10,2,CDK repaired,2,4.531370162963867,47,20,0.0425531914893617,0.6923076923076923,1.0,1.0,1.0
sep_k2_d10,sep,11,800,10,2,CDK repaired,2,4.90045166015625,43,19,0.023255813953488372,0.7307692307692307,1.0,1.0,1.0
sep_k2_d10,sep,12,800,10,2,CDK repaired,2,5.0564351081848145,47,19,0.0,0.6923076923076923,1.0,1.0,1.0
sep_k2_d10,sep,13,800,10,2,CDK repaired,2,5.568440914154053,48,20,0.020833333333333332,0.7115384615384615,1.0,1.0,1.0
sep_k2_d10,sep,15,800,10,2,CDK repaired,2,4.158169984817505,46,20,0.021739130434782608,0.6730769230769231,1.0,1.0,1.0
sep_k2_d10,sep,14,800,10,2,CDK repaired,2,6.1700599193573,45,19,0.08888888888888889,0.5769230769230769,1.0,1.0,1.0
sep_k2_d10,sep,17,800,10,2,CDK repaired,2,4.66802191734314,42,18,0.023809523809523808,0.5769230769230769,1.0,1.0,1.0
sep_k2_d10,sep,16,800,10,2,CDK repaired,2,5.531871318817139,47,20,0.0425531914893617,0.7307692307692307,1.0,1.0,1.0
sep_k2_d10,sep,18,800,10,2,CDK repaired,2,4.440459251403809,43,19,0.023255813953488372,0.7307692307692307,1.0,1.0,1.0
sep_k2_d10,sep,19,800,10,2,CDK repaired,2,7.013204574584961,46,19,0.08695652173913043,0.4423076923076923,1.0,1.0,1.0
sep_k2_d50,sep,0,800,50,2,CDK repaired,2,4.605034351348877,33,14,0.0,1.0,1.0,1.0,1.0
sep_k2_d50,sep,1,800,50,2,CDK repaired,2,5.568637371063232,45,18,0.0,1.0,1.0,1.0,1.0
sep_k2_d50,sep,2,800,50,2,CDK repaired,2,8.037239789962769,36,15,0.0,1.0,1.0,1.0,1.0
sep_k2_d50,sep,3,800,50,2,CDK repaired,2,5.051229476928711,44,18,0.0,1.0,1.0,1.0,1.0
sep_k2_d50,sep,4,800,50,2,CDK repaired,2,5.422525644302368,36,15,0.0,1.0,1.0,1.0,1.0
sep_k2_d50,sep,5,800,50,2,CDK repaired,2,6.2285072803497314,48,18,0.0,1.0,1.0,1.0,1.0
sep_k2_d50,sep,7,800,50,2,CDK repaired,2,5.728410243988037,43,17,0.0,1.0,1.0,1.0,1.0
sep_k2_d50,sep,6,800,50,2,CDK repaired,2,7.479644775390625,40,16,0.0,1.0,1.0,1.0,1.0
sep_k2_d50,sep,8,800,50,2,CDK repaired,2,6.321162700653076,46,18,0.0,1.0,1.0,1.0,1.0
sep_k2_d50,sep,9,800,50,2,CDK repaired,2,6.378701686859131,31,13,0.0,1.0,1.0,1.0,1.0
sep_k2_d50,sep,11,800,50,2,CDK repaired,2,5.834802865982056,41,17,0.0,1.0,1.0,1.0,1.0
sep_k2_d50,sep,10,800,50,2,CDK repaired,2,6.304103136062622,41,17,0.0,1.0,1.0,1.0,1.0
sep_k2_d50,sep,12,800,50,2,CDK repaired,2,6.728466510772705,46,18,0.0,1.0,1.0,1.0,1.0
sep_k2_d50,sep,13,800,50,2,CDK repaired,2,7.0297322273254395,48,19,0.0,1.0,1.0,1.0,1.0
sep_k2_d50,sep,15,800,50,2,CDK repaired,2,6.264592170715332,44,18,0.0,1.0,1.0,1.0,1.0
sep_k2_d50,sep,14,800,50,2,CDK repaired,2,7.175888538360596,45,18,0.0,1.0,1.0,1.0,1.0
sep_k2_d50,sep,16,800,50,2,CDK repaired,2,5.924235582351685,34,14,0.0,1.0,1.0,1.0,1.0
sep_k2_d50,sep,17,800,50,2,CDK repaired,2,6.4854631423950195,44,18,0.0,1.0,1.0,1.0,1.0
sep_k2_d50,sep,18,800,50,2,CDK repaired,2,4.9558281898498535,40,17,0.0,1.0,1.0,1.0,1.0
sep_k2_d50,sep,19,800,50,2,CDK repaired,2,5.539579391479492,42,17,0.0,1.0,1.0,1.0,1.0
sep_k3_d2,sep,0,800,2,3,CDK repaired,3,6.400174379348755,34,15,0.38235294117647056,0.08249999999999999,1.0,1.0,1.0
sep_k3_d2,sep,1,800,2,3,CDK repaired,3,5.334829330444336,30,15,0.23333333333333334,0.11,1.0,1.0,1.0
sep_k3_d2,sep,2,800,2,3,CDK repaired,3,4.8080267906188965,30,14,0.3333333333333333,0.28846153846153844,0.9962429541292189,0.9924878588475724,0.9925050108706743
sep_k3_d2,sep,3,800,2,3,CDK repaired,3,5.16923713684082,36,17,0.2222222222222222,0.26252236135957063,1.0,1.0,1.0
sep_k3_d2,sep,4,800,2,3,CDK repaired,3,5.510027647018433,34,16,0.3235294117647059,0.14250000000000002,1.0,1.0,1.0
sep_k3_d2,sep,5,800,2,3,CDK repaired,3,6.278699636459351,36,16,0.3055555555555556,0.125,1.0,1.0,1.0
sep_k3_d2,sep,6,800,2,3,CDK repaired,3,8.566169023513794,40,18,0.275,0.1625,1.0,1.0,1.0
sep_k3_d2,sep,7,800,2,3,CDK repaired,3,8.251767873764038,34,15,0.2647058823529412,0.065,1.0,1.0,1.0
sep_k3_d2,sep,8,800,2,3,CDK repaired,3,8.85968279838562,40,18,0.3,0.135,1.0,1.0,1.0
sep_k3_d2,sep,9,800,2,3,CDK repaired,3,8.85503339767456,33,16,0.2727272727272727,0.115,1.0,1.0,1.0
sep_k3_d2,sep,11,800,2,3,CDK repaired,3,9.134859323501587,37,17,0.21621621621621623,0.3076923076923077,1.0,1.0,1.0
sep_k3_d2,sep,10,800,2,3,CDK repaired,3,10.686148166656494,37,16,0.2702702702702703,0.085,1.0,1.0,1.0
sep_k3_d2,sep,12,800,2,3,CDK repaired,3,10.588077545166016,34,16,0.29411764705882354,0.14,1.0,1.0,1.0
sep_k3_d2,sep,13,800,2,3,CDK repaired,3,10.433426856994629,33,15,0.3333333333333333,0.06,1.0,1.0,1.0
sep_k3_d2,sep,14,800,2,3,CDK repaired,3,10.017128229141235,36,17,0.19444444444444445,0.2604895104895105,1.0,1.0,1.0
sep_k3_d2,sep,15,800,2,3,CDK repaired,3,11.900312185287476,40,18,0.275,0.16249999999999998,1.0,1.0,1.0
sep_k3_d2,sep,16,800,2,3,CDK repaired,3,12.83104920387268,44,19,0.3409090909090909,0.1375,1.0,1.0,1.0
sep_k3_d2,sep,17,800,2,3,CDK repaired,3,11.83895468711853,36,17,0.3055555555555556,0.05,1.0,1.0,1.0
sep_k3_d2,sep,19,800,2,3,CDK repaired,3,10.379152536392212,36,17,0.19444444444444445,0.2692307692307692,1.0,1.0,1.0
sep_k3_d2,sep,18,800,2,3,CDK repaired,3,12.292179346084595,34,15,0.4117647058823529,0.04,1.0,1.0,1.0
sep_k3_d10,sep,1,800,10,3,CDK repaired,3,9.438338041305542,43,19,0.046511627906976744,0.6923076923076923,1.0,1.0,1.0
sep_k3_d10,sep,0,800,10,3,CDK repaired,3,11.737877607345581,46,20,0.08695652173913043,0.5769230769230769,1.0,1.0,1.0
sep_k3_d10,sep,2,800,10,3,CDK repaired,3,7.359982252120972,46,20,0.021739130434782608,0.75,1.0,1.0,1.0
sep_k3_d10,sep,3,800,10,3,CDK repaired,3,7.2901365756988525,39,18,0.10256410256410256,0.6153846153846154,1.0,1.0,1.0
sep_k3_d10,sep,5,800,10,3,CDK repaired,3,5.775046110153198,36,17,0.027777777777777776,0.7115384615384615,1.0,1.0,1.0
sep_k3_d10,sep,4,800,10,3,CDK repaired,3,8.660775661468506,39,18,0.05128205128205128,0.7692307692307693,1.0,1.0,1.0
sep_k3_d10,sep,6,800,10,3,CDK repaired,3,6.610039710998535,41,19,0.0,0.6923076923076923,1.0,1.0,1.0
sep_k3_d10,sep,7,800,10,3,CDK repaired,3,6.73365044593811,40,19,0.05,0.75,1.0,1.0,1.0
sep_k3_d10,sep,8,800,10,3,CDK repaired,3,5.874146938323975,43,20,0.0,0.7692307692307693,1.0,1.0,1.0
sep_k3_d10,sep,9,800,10,3,CDK repaired,3,9.275977611541748,42,19,0.07142857142857142,0.6346153846153846,0.9962500118508789,0.9924899863753236,0.9925071335780613
sep_k3_d10,sep,10,800,10,3,CDK repaired,3,8.16410517692566,46,21,0.043478260869565216,0.7692307692307692,1.0,1.0,1.0
sep_k3_d10,sep,11,800,10,3,CDK repaired,3,9.667059183120728,41,19,0.0,0.6538461538461539,1.0,1.0,1.0
sep_k3_d10,sep,12,800,10,3,CDK repaired,3,9.98845362663269,41,19,0.04878048780487805,0.6153846153846154,1.0,1.0,1.0
sep_k3_d10,sep,13,800,10,3,CDK repaired,3,9.031314134597778,38,18,0.0,0.6153846153846154,1.0,1.0,1.0
sep_k3_d10,sep,14,800,10,3,CDK repaired,3,9.182170629501343,42,19,0.023809523809523808,0.7307692307692307,1.0,1.0,1.0
sep_k3_d10,sep,15,800,10,3,CDK repaired,3,8.237510919570923,38,18,0.05263157894736842,0.7307692307692308,1.0,1.0,1.0
sep_k3_d10,sep,16,800,10,3,CDK repaired,3,10.520263910293579,40,18,0.05,0.6346153846153846,1.0,1.0,1.0
sep_k3_d10,sep,17,800,10,3,CDK repaired,3,9.6984121799469,44,20,0.06818181818181818,0.8076923076923077,1.0,1.0,1.0
sep_k3_d10,sep,18,800,10,3,CDK repaired,3,12.172035455703735,47,21,0.0425531914893617,0.5384615384615384,1.0,1.0,1.0
sep_k3_d10,sep,19,800,10,3,CDK repaired,3,14.45126223564148,45,20,0.06666666666666667,0.5384615384615384,1.0,1.0,1.0
sep_k3_d50,sep,0,800,50,3,CDK repaired,3,13.200050830841064,34,15,0.11764705882352941,1.0,1.0,1.0,1.0
sep_k3_d50,sep,1,800,50,3,CDK repaired,3,9.334458589553833,38,17,0.0,1.0,1.0,1.0,1.0
sep_k3_d50,sep,2,800,50,3,CDK repaired,3,11.146835088729858,44,19,0.0,1.0,1.0,1.0,1.0
sep_k3_d50,sep,4,800,50,3,CDK repaired,3,8.191614627838135,34,16,0.0,1.0,1.0,1.0,1.0
sep_k3_d50,sep,3,800,50,3,CDK repaired,3,22.885619401931763,33,14,0.21212121212121213,1.0,1.0,1.0,1.0
sep_k3_d50,sep,5,800,50,3,CDK repaired,3,9.453569173812866,49,21,0.0,1.0,1.0,1.0,1.0
sep_k3_d50,sep,6,800,50,3,CDK repaired,3,11.66024923324585,34,14,0.20588235294117646,1.0,1.0,1.0,1.0
sep_k3_d50,sep,7,800,50,3,CDK repaired,3,8.818304061889648,34,14,0.23529411764705882,1.0,1.0,1.0,1.0
sep_k3_d50,sep,8,800,50,3,CDK repaired,3,4.489527225494385,33,16,0.0,1.0,1.0,1.0,1.0
sep_k3_d50,sep,10,800,50,3,CDK repaired,3,4.402011156082153,37,17,0.0,1.0,1.0,1.0,1.0
sep_k3_d50,sep,9,800,50,3,CDK repaired,3,9.988004922866821,37,15,0.16216216216216217,0.9615384615384616,1.0,1.0,1.0
sep_k3_d50,sep,12,800,50,3,CDK repaired,3,6.465102195739746,42,17,0.11904761904761904,1.0,1.0,1.0,1.0
sep_k3_d50,sep,11,800,50,3,CDK repaired,3,8.919925212860107,37,15,0.16216216216216217,1.0,1.0,1.0,1.0
sep_k3_d50,sep,14,800,50,3,CDK repaired,3,5.702670097351074,37,16,0.10810810810810811,1.0,1.0,1.0,1.0
sep_k3_d50,sep,15,800,50,3,CDK repaired,3,4.946641445159912,41,18,0.0,1.0,1.0,1.0,1.0
sep_k3_d50,sep,13,800,50,3,CDK repaired,3,14.577580451965332,23,10,0.4782608695652174,0.9615384615384616,1.0,1.0,1.0
sep_k3_d50,sep,16,800,50,3,CDK repaired,3,4.610285997390747,38,17,0.0,1.0,1.0,1.0,1.0
sep_k3_d50,sep,18,800,50,3,CDK repaired,3,4.990481853485107,40,18,0.0,1.0,1.0,1.0,1.0
sep_k3_d50,sep,19,800,50,3,CDK repaired,3,4.077254772186279,43,19,0.0,1.0,0.992514192108457,0.9865608248555884,0.9865915100544773
sep_k3_d50,sep,17,800,50,3,CDK repaired,3,10.609036684036255,30,13,0.26666666666666666,0.9807692307692308,1.0,1.0,1.0
sep_k5_d2,sep,0,800,2,5,CDK repaired,5,7.813482999801636,40,17,0.45,0.0475,0.981463313194489,0.9778120282951852,0.9779509584621134
sep_k5_d2,sep,1,800,2,5,CDK repaired,5,7.704855442047119,38,16,0.4473684210526316,0.03,0.9785020843697608,0.9774081107654076,0.9775495765461263
sep_k5_d2,sep,2,800,2,5,CDK repaired,5,7.781837224960327,41,17,0.4878048780487805,0.02,1.0,1.0,1.0
sep_k5_d2,sep,3,800,2,5,CDK repaired,5,7.8902740478515625,41,17,0.4634146341463415,0.015,0.9439888565124597,0.9535035360357291,0.9537949207327177
sep_k5_d2,sep,4,800,2,5,CDK repaired,5,6.352765798568726,41,17,0.5121951219512195,0.005,0.9814335452659734,0.9769473183246515,0.9770916617948454
sep_k5_d2,sep,5,800,2,5,CDK repaired,5,7.318495750427246,47,20,0.44680851063829785,0.04,0.9968691099886755,0.9952518682725184,0.9952815964482751
sep_k5_d2,sep,6,800,2,5,CDK repaired,5,6.713730335235596,37,16,0.4864864864864865,0.035,0.9754419259620173,0.9726764159108316,0.9728475141848425
sep_k5_d2,sep,7,800,2,5,CDK repaired,5,8.1290864944458,42,17,0.5238095238095238,0.005,0.9845044162845311,0.9806025317275346,0.98072398601518
sep_k5_d2,sep,8,800,2,5,CDK repaired,5,7.261921644210815,39,16,0.5128205128205128,0.005,0.9725416274279405,0.972720590339078,0.9728914224124162
sep_k5_d2,sep,9,800,2,5,CDK repaired,5,7.794615030288696,46,20,0.43478260869565216,0.055,1.0,1.0,1.0
sep_k5_d2,sep,10,800,2,5,CDK repaired,5,7.340191125869751,39,16,0.48717948717948717,0.02,0.9666634632932005,0.9683831935991778,0.9685812080867381
sep_k5_d2,sep,11,800,2,5,CDK repaired,5,7.528804302215576,39,16,0.5128205128205128,0.005,0.95776093899856,0.9579674143464034,0.9582306975692456
sep_k5_d2,sep,12,800,2,5,CDK repaired,5,6.6117284297943115,44,19,0.4090909090909091,0.08,0.9968691099886755,0.9952518682725183,0.995281596448275
sep_k5_d2,sep,13,800,2,5,CDK repaired,5,6.439659595489502,41,17,0.4878048780487805,0.105,0.9845044162845311,0.9806025317275346,0.98072398601518
sep_k5_d2,sep,14,800,2,5,CDK repaired,5,7.007813453674316,39,16,0.48717948717948717,0.03,0.9875656538910945,0.9835904399933479,0.9836931838387913
sep_k5_d2,sep,15,800,2,5,CDK repaired,5,8.77001404762268,35,13,0.6,0.005,0.9783613943088488,0.9722141073052825,0.9723880853194892
sep_k5_d2,sep,16,800,2,5,CDK repaired,5,6.936778545379639,45,19,0.4,0.07,0.9875656538910945,0.9835904399933479,0.9836931838387913
sep_k5_d2,sep,17,800,2,5,CDK repaired,5,7.07630729675293,36,15,0.5,0.01,0.9302780139572704,0.9424532845490241,0.9428140996269602
sep_k5_d2,sep,18,800,2,5,CDK repaired,5,7.120487928390503,43,18,0.4418604651162791,0.07,1.0,1.0,1.0
sep_k5_d2,sep,19,800,2,5,CDK repaired,5,8.44788646697998,34,14,0.47058823529411764,0.0225,0.9783828090746228,0.9737009594749088,0.9738656337408039
sep_k5_d10,sep,0,800,10,5,CDK repaired,5,7.286450624465942,46,19,0.41304347826086957,0.1621153846153846,0.9968691099886755,0.9952518682725183,0.995281596448275
sep_k5_d10,sep,2,800,10,5,CDK repaired,5,6.050849199295044,46,20,0.32608695652173914,0.4230769230769231,0.9968691099886755,0.9952518682725183,0.995281596448275
sep_k5_d10,sep,1,800,10,5,CDK repaired,5,8.369617938995361,44,17,0.5227272727272727,0.005,0.9968691099886755,0.9952518682725183,0.995281596448275
sep_k5_d10,sep,3,800,10,5,CDK repaired,5,7.397465705871582,46,18,0.43478260869565216,0.38461538461538464,0.9691923778047782,0.9588448709633653,0.9591025469291182
sep_k5_d10,sep,4,800,10,5,CDK repaired,5,8.738518476486206,45,18,0.4444444444444444,0.3076923076923077,0.9968691099886755,0.9952518682725183,0.995281596448275
sep_k5_d10,sep,5,800,10,5,CDK repaired,5,7.241994380950928,48,20,0.375,0.40384615384615385,0.9937579600246279,0.9915871831020886,0.9916398563708724
sep_k5_d10,sep,6,800,10,5,CDK repaired,5,6.396318674087524,49,21,0.30612244897959184,0.5769230769230769,0.9874866982641379,0.9820882917734481,0.9822004391620147
sep_k5_d10,sep,7,800,10,5,CDK repaired,5,8.230255126953125,46,19,0.391304347826087,0.125,1.0,1.0,1.0
sep_k5_d10,sep,8,800,10,5,CDK repaired,5,8.086086511611938,49,22,0.24489795918367346,0.3076923076923077,0.9906666593459081,0.9883314061298462,0.9884044649935745
sep_k5_d10,sep,9,800,10,5,CDK repaired,5,8.476804971694946,40,16,0.45,0.085,0.9663573126730648,0.960444945595832,0.9606926392468654
sep_k5_d10,sep,10,800,10,5,CDK repaired,5,6.851898431777954,50,22,0.28,0.7307692307692308,0.9906271808867675,0.9868389844155382,0.9869213867182499
sep_k5_d10,sep,11,800,10,5,CDK repaired,5,6.0094521045684814,47,19,0.40425531914893614,0.5769230769230769,0.9937480346795808,0.9905061789482672,0.9905656200078304
sep_k5_d10,sep,12,800,10,5,CDK repaired,5,9.645220518112183,39,15,0.5384615384615384,0.005,0.9814136993941059,0.9777998574287763,0.9779388619877611
sep_k5_d10,sep,13,800,10,5,CDK repaired,5,7.943187236785889,41,17,0.5121951219512195,0.005,0.990646920349587,0.986843850651261,0.9869262229118854
sep_k5_d10,sep,14,800,10,5,CDK repaired,5,8.119543552398682,40,17,0.475,0.1225,0.9968691099886755,0.9952518682725183,0.995281596448275
sep_k5_d10,sep,15,800,10,5,CDK repaired,5,6.850496053695679,49,20,0.3673469387755102,0.6538461538461539,0.975267096514509,0.965733297546151,0.9659478428067834
sep_k5_d10,sep,16,800,10,5,CDK repaired,5,7.883926630020142,48,20,0.3958333333333333,0.3269230769230769,0.9937579600246279,0.9915871831020887,0.9916398563708725
sep_k5_d10,sep,17,800,10,5,CDK repaired,5,7.351758003234863,47,19,0.425531914893617,0.2549019607843137,1.0,1.0,1.0
sep_k5_d10,sep,18,800,10,5,CDK repaired,5,7.182861804962158,39,16,0.4358974358974359,0.46153846153846156,0.9844831391365741,0.9788548232979921,0.9789872144721318
sep_k5_d10,sep,19,800,10,5,CDK repaired,5,7.383295059204102,49,21,0.30612244897959184,0.6153846153846154,0.9968691099886755,0.9952518682725183,0.995281596448275
sep_k5_d50,sep,0,800,50,5,CDK repaired,5,15.373521089553833,43,17,0.5116279069767442,0.005,0.9844251718430678,0.9799182901852591,0.980044026150531
sep_k5_d50,sep,1,800,50,5,CDK repaired,5,14.74967908859253,42,17,0.47619047619047616,0.7692307692307693,1.0,1.0,1.0
sep_k5_d50,sep,3,800,50,5,CDK repaired,5,14.189092874526978,45,18,0.4444444444444444,0.9230769230769231,1.0,1.0,1.0
sep_k5_d50,sep,2,800,50,5,CDK repaired,5,15.879735469818115,39,16,0.5128205128205128,0.005,0.9968691099886755,0.9952518682725183,0.995281596448275
sep_k5_d50,sep,4,800,50,5,CDK repaired,5,16.282833576202393,29,12,0.6551724137931034,0.005,0.9968691099886755,0.9952518682725183,0.995281596448275
sep_k5_d50,sep,5,800,50,5,CDK repaired,5,17.160537004470825,38,14,0.6052631578947368,0.005,0.9968691099886755,0.9952518682725183,0.995281596448275
sep_k5_d50,sep,6,800,50,5,CDK repaired,5,16.40401816368103,44,16,0.5909090909090909,0.005,1.0,1.0,1.0
sep_k5_d50,sep,7,800,50,5,CDK repaired,5,17.173339366912842,37,14,0.5945945945945946,0.005,1.0,1.0,1.0
sep_k5_d50,sep,8,800,50,5,CDK repaired,5,13.56749176979065,45,18,0.4666666666666667,0.7307692307692307,1.0,1.0,1.0
sep_k5_d50,sep,9,800,50,5,CDK repaired,5,15.426038980484009,35,14,0.5428571428571428,0.005,0.9968691099886755,0.9952518682725183,0.995281596448275
sep_k5_d50,sep,10,800,50,5,CDK repaired,5,10.008188962936401,46,20,0.32608695652173914,1.0,1.0,1.0,1.0
sep_k5_d50,sep,11,800,50,5,CDK repaired,5,15.023972272872925,38,16,0.42105263157894735,0.9038461538461539,0.9937480346795808,0.9905061789482672,0.9905656200078304
sep_k5_d50,sep,12,800,50,5,CDK repaired,5,10.42534589767456,48,20,0.375,0.9423076923076923,0.9968691099886755,0.9952518682725183,0.995281596448275
sep_k5_d50,sep,13,800,50,5,CDK repaired,5,16.44760298728943,29,11,0.7241379310344828,0.005,1.0,1.0,1.0
sep_k5_d50,sep,14,800,50,5,CDK repaired,5,17.52613139152527,37,13,0.6216216216216216,0.005,1.0,1.0,1.0
sep_k5_d50,sep,15,800,50,5,CDK repaired,5,12.398571014404297,41,17,0.4878048780487805,0.7307692307692307,1.0,1.0,1.0
sep_k5_d50,sep,16,800,50,5,CDK repaired,5,15.932470560073853,32,14,0.40625,0.9615384615384616,0.9968691099886755,0.9952518682725184,0.9952815964482751
sep_k5_d50,sep,17,800,50,5,CDK repaired,5,16.52220892906189,35,14,0.5714285714285714,0.005,1.0,1.0,1.0
sep_k5_d50,sep,18,800,50,5,CDK repaired,5,16.76380944252014,39,15,0.5384615384615384,0.005,1.0,1.0,1.0
sep_k5_d50,sep,19,800,50,5,CDK repaired,5,10.28187084197998,47,20,0.3404255319148936,1.0,1.0,1.0,1.0
sep_k10_d2,sep,0,800,2,10,CDK repaired,10,10.119539737701416,47,19,0.8085106382978723,0.005,0.9808899378218139,0.9850267171260859,0.9853654558991948
sep_k10_d2,sep,1,800,2,10,CDK repaired,10,10.828740358352661,49,19,0.7959183673469388,0.005,0.9809936219731817,0.9850469854986889,0.9853852568249435
sep_k10_d2,sep,2,800,2,10,CDK repaired,10,9.989126682281494,47,18,0.8085106382978723,0.005,0.978234940587205,0.9805980113941294,0.9810369056695135
sep_k10_d2,sep,3,800,2,10,CDK repaired,10,11.172101736068726,52,20,0.8076923076923077,0.005,0.9944164284049487,0.9940212980624569,0.9941565274494993
sep_k10_d2,sep,4,800,2,10,CDK repaired,10,9.697039365768433,50,20,0.8,0.005,0.9944517015171701,0.9947913446469437,0.9949091578370609
sep_k10_d2,sep,5,800,2,10,CDK repaired,10,10.926743745803833,45,18,0.8222222222222222,0.005,0.9888338005509576,0.988805629826583,0.9890588370269919
sep_k10_d2,sep,6,800,2,10,CDK repaired,10,10.45612621307373,51,19,0.8235294117647058,0.005,0.9916252324538937,0.9917950719698342,0.9919806596341608
sep_k10_d2,sep,7,800,2,10,CDK repaired,10,9.652956485748291,41,17,0.8292682926829268,0.005,0.959886315293953,0.9677653589218228,0.9684947149348115
sep_k10_d2,sep,8,800,2,10,CDK repaired,10,9.013080358505249,46,19,0.8043478260869565,0.005,0.9862546761338381,0.9881334750550141,0.9884018973843361
sep_k10_d2,sep,9,800,2,10,CDK repaired,10,9.670381307601929,44,19,0.7954545454545454,0.005,0.9482438441230044,0.9632187626817152,0.9640515503532505
sep_k10_d2,sep,10,800,2,10,CDK repaired,10,9.218704462051392,36,15,0.8611111111111112,0.005,0.9275872699890225,0.9521808610471583,0.9532642550181601
sep_k10_d2,sep,11,800,2,10,CDK repaired,10,10.941153049468994,47,19,0.8085106382978723,0.005,0.980812181146235,0.9829453195327273,0.9833310951529012
sep_k10_d2,sep,12,800,2,10,CDK repaired,10,9.92722773551941,49,19,0.8163265306122449,0.005,0.9890457178955094,0.991123014258148,0.9913238118727026
sep_k10_d2,sep,13,800,2,10,CDK repaired,10,9.223993301391602,39,17,0.8205128205128205,0.005,0.9497753825304734,0.9618121892613508,0.9626766324127141
sep_k10_d2,sep,14,800,2,10,CDK repaired,10,9.20555329322815,47,19,0.8085106382978723,0.005,0.97566398047625,0.9798804341504667,0.9803356218586545
sep_k10_d2,sep,15,800,2,10,CDK repaired,10,10.387518644332886,49,20,0.7959183673469388,0.005,0.9944517015171701,0.9947913446469435,0.9949091578370607
sep_k10_d2,sep,16,800,2,10,CDK repaired,10,9.370551347732544,48,19,0.8125,0.005,1.0,1.0,1.0
sep_k10_d2,sep,18,800,2,10,CDK repaired,10,9.215493202209473,47,20,0.7872340425531915,0.005,0.9944164284049487,0.9940212980624569,0.9941565274494993
sep_k10_d2,sep,17,800,2,10,CDK repaired,10,10.43578839302063,47,20,0.7659574468085106,0.005,0.9834262700001635,0.9836246773270622,0.9839950735398645
sep_k10_d2,sep,19,800,2,10,CDK repaired,10,10.151489973068237,52,21,0.7692307692307693,0.005,0.9916601118438279,0.9918019440178278,0.991987374544139
sep_k10_d10,sep,0,800,10,10,CDK repaired,10,14.779781341552734,50,18,0.84,0.005,0.9646751971144223,0.9680122488237677,0.9687360373086565
sep_k10_d10,sep,1,800,10,10,CDK repaired,10,11.672677040100098,50,19,0.82,0.005,0.9861647593691866,0.9858407535611322,0.9861610208248738
sep_k10_d10,sep,2,800,10,10,CDK repaired,10,12.597095966339111,44,18,0.8181818181818182,0.005,0.9452503589318512,0.9480157155907185,0.9491918872971222
sep_k10_d10,sep,3,800,10,10,CDK repaired,10,12.111247777938843,52,19,0.8269230769230769,0.005,0.9888334859883282,0.9880425153854764,0.988312981112255
sep_k10_d10,sep,4,800,10,10,CDK repaired,10,14.088651180267334,51,19,0.8235294117647058,0.005,0.9645639758359328,0.9675109699497509,0.9682460553010561
sep_k10_d10,sep,5,800,10,10,CDK repaired,10,12.68524432182312,49,17,0.8571428571428571,0.005,0.9750698796165537,0.9746597727946119,0.9752329530799493
sep_k10_d10,sep,6,800,10,10,CDK repaired,10,13.857264518737793,43,17,0.8372093023255814,0.005,0.9645730424865625,0.9672328254017554,0.9679741376612655
sep_k10_d10,sep,7,800,10,10,CDK repaired,10,12.060917615890503,52,20,0.8076923076923077,0.005,0.9944339084006838,0.9940247905501669,0.9941599403020662
sep_k10_d10,sep,8,800,10,10,CDK repaired,10,13.577782392501831,36,14,0.8888888888888888,0.005,0.9377773797224231,0.9427067921661783,0.9440028352044817
sep_k10_d10,sep,9,800,10,10,CDK repaired,10,12.812427759170532,53,19,0.8113207547169812,0.005,0.9749157581526791,0.9746278537419384,0.9752017856317066
sep_k10_d10,sep,10,800,10,10,CDK repaired,10,12.295974969863892,42,17,0.8333333333333334,0.005,0.9468930931084713,0.959562900905756,0.9604783067575977
sep_k10_d10,sep,11,800,10,10,CDK repaired,10,11.681467533111572,45,17,0.8444444444444444,0.005,0.9326779828829709,0.9482120316187805,0.9493854172060017
sep_k10_d10,sep,12,800,10,10,CDK repaired,10,12.541185855865479,46,18,0.8260869565217391,0.005,0.9860945297213144,0.9858266892802633,0.9861472745935543
sep_k10_d10,sep,13,800,10,10,CDK repaired,10,12.09693431854248,51,19,0.8235294117647058,0.005,0.9861134563240254,0.9865931551488436,0.9868964139459577
sep_k10_d10,sep,14,800,10,10,CDK repaired,10,13.56293797492981,56,21,0.7857142857142857,0.005,0.9751134049413833,0.9754295670075556,0.9759853996197081
sep_k10_d10,sep,15,800,10,10,CDK repaired,10,13.164868354797363,42,15,0.8809523809523809,0.005,0.9107797932317596,0.937230275768612,0.9386546423134112
sep_k10_d10,sep,17,800,10,10,CDK repaired,10,11.885893106460571,35,14,0.8857142857142857,0.005,0.9093586746779182,0.9301550315536149,0.9317382009225971
sep_k10_d10,sep,16,800,10,10,CDK repaired,10,13.413225412368774,46,17,0.8478260869565217,0.005,0.9723380906282834,0.9727268906003408,0.9733438448084194
sep_k10_d10,sep,18,800,10,10,CDK repaired,10,12.967632293701172,50,18,0.84,0.005,0.9752703147761753,0.9775720185394035,0.9780793762250535
sep_k10_d10,sep,19,800,10,10,CDK repaired,10,14.538930892944336,51,19,0.8235294117647058,0.005,0.9694758295936788,0.9697234398408606,0.9704083249729105
sep_k10_d50,sep,0,800,50,10,CDK repaired,10,22.66502046585083,43,15,0.8837209302325582,0.005,0.9722647583904148,0.9734764376749288,0.974076411876276
sep_k10_d50,sep,1,800,50,10,CDK repaired,10,23.714739084243774,50,18,0.84,0.005,0.9833738334290381,0.9828512672919903,0.9832391591059496
sep_k10_d50,sep,2,800,50,10,CDK repaired,10,21.153459072113037,41,16,0.8536585365853658,0.005,0.9617582384384438,0.9671071253522786,0.9678513481000558
sep_k10_d50,sep,3,800,50,10,CDK repaired,10,20.536572694778442,48,19,0.8125,0.005,0.986112673962375,0.9865930825626984,0.9868963372470476
sep_k10_d50,sep,4,800,50,10,CDK repaired,10,21.96897792816162,41,16,0.8536585365853658,0.005,0.9161839439200041,0.9345376818606921,0.936020566223567
sep_k10_d50,sep,5,800,50,10,CDK repaired,10,26.633216857910156,52,18,0.8461538461538461,0.005,0.9726704236212524,0.9747856494182928,0.9753560235786174
sep_k10_d50,sep,6,800,50,10,CDK repaired,10,25.239973306655884,43,16,0.8372093023255814,0.005,0.9805842371673613,0.9816712696036,0.9820858658193174
sep_k10_d50,sep,7,800,50,10,CDK repaired,10,21.948161125183105,39,14,0.8974358974358975,0.005,0.9944164284049487,0.9940212980624569,0.9941565274494993
sep_k10_d50,sep,8,800,50,10,CDK repaired,10,24.6310715675354,51,18,0.8431372549019608,0.005,0.9806868468351589,0.979882973279767,0.9803379992679171
sep_k10_d50,sep,9,800,50,10,CDK repaired,10,23.450318813323975,47,17,0.851063829787234,0.005,0.9833743017712335,0.9838978281614245,0.9842620509912415
sep_k10_d50,sep,10,800,50,10,CDK repaired,10,22.653251886367798,42,16,0.8571428571428571,0.005,0.9572104637621898,0.9680453739708679,0.9687685444548193
sep_k10_d50,sep,11,800,50,10,CDK repaired,9,19.845518589019775,43,17,0.7906976744186046,0.005,0.8675587717211112,0.9335668633158855,0.9349411975299325
sep_k10_d50,sep,12,800,50,10,CDK repaired,10,20.697855710983276,43,17,0.8372093023255814,0.005,0.944923621157856,0.9559864281142915,0.9569827618850688
sep_k10_d50,sep,13,800,50,10,CDK repaired,10,21.905301094055176,43,16,0.8604651162790697,0.005,0.9624939506619922,0.9690315573576601,0.9697322292578778
sep_k10_d50,sep,14,800,50,10,CDK repaired,11,20.65942406654358,47,18,0.851063829787234,0.005,0.9527524467184972,0.9645480339454438,0.9654334730081171
sep_k10_d50,sep,15,800,50,10,CDK repaired,10,23.138922452926636,49,18,0.8163265306122449,0.005,0.9754051837016242,0.9770024528280998,0.9775226550316239
sep_k10_d50,sep,16,800,50,10,CDK repaired,10,22.583638668060303,45,16,0.8444444444444444,0.005,0.9451877037803565,0.9482911142522874,0.949460976255534
sep_k10_d50,sep,17,800,50,10,CDK repaired,10,22.249937295913696,47,16,0.851063829787234,0.005,0.9751035898293231,0.9739040996749171,0.9744943614962699
sep_k10_d50,sep,18,800,50,10,CDK repaired,10,25.096636295318604,46,16,0.8695652173913043,0.005,0.9806550018149846,0.9798756205884185,0.9803308397193298
sep_k10_d50,sep,19,800,50,10,CDK repaired,10,22.591994524002075,47,18,0.8085106382978723,0.005,0.9860953131382468,0.9858266630397869,0.9861472550997905
sep_k20_d2,sep,0,800,2,20,CDK repaired,19,11.696012735366821,46,19,1.0,0.005,0.8612442420915888,0.9221326272490205,0.9285850247494637
sep_k20_d2,sep,1,800,2,20,CDK repaired,20,12.716049432754517,48,20,1.0,0.005,0.8771597141195844,0.9422671460018097,0.9473071692320042
sep_k20_d2,sep,2,800,2,20,CDK repaired,18,11.886206150054932,47,19,0.9787234042553191,0.005,0.767110406337196,0.8993574402609705,0.90735940932932
sep_k20_d2,sep,3,800,2,20,CDK repaired,19,12.941823244094849,46,19,1.0,0.005,0.7996218644550459,0.8886380982874339,0.8978833740009592
sep_k20_d2,sep,4,800,2,20,CDK repaired,20,11.590134143829346,47,20,1.0,0.005,0.9419494733174704,0.9661975069573947,0.969139812781553
sep_k20_d2,sep,5,800,2,20,CDK repaired,17,11.973106145858765,43,18,0.9767441860465116,0.005,0.7473970054689599,0.9042302799788268,0.9114464542609028
sep_k20_d2,sep,6,800,2,20,CDK repaired,20,11.520145654678345,49,20,1.0,0.005,0.9533891221390203,0.9662035564646713,0.9691439991309526
sep_k20_d2,sep,7,800,2,20,CDK repaired,18,12.333577632904053,45,19,0.9777777777777777,0.005,0.8202210136489904,0.9239754641311754,0.9300008066396116
sep_k20_d2,sep,8,800,2,20,CDK repaired,19,11.28700041770935,46,19,1.0,0.005,0.8035783804950786,0.9020910385752534,0.9102238605271411
sep_k20_d2,sep,9,800,2,20,CDK repaired,18,12.476778984069824,46,19,0.9782608695652174,0.005,0.7978143709410471,0.9133806758909063,0.920239706056515
sep_k20_d2,sep,10,800,2,20,CDK repaired,20,11.78300166130066,49,20,1.0,0.005,0.928199586345498,0.9571210517290188,0.9608536193999451
sep_k20_d2,sep,11,800,2,20,CDK repaired,19,12.591902494430542,46,19,1.0,0.005,0.8831415393155119,0.9402838038808307,0.9452349704238285
sep_k20_d2,sep,12,800,2,20,CDK repaired,20,11.065200567245483,47,20,1.0,0.005,0.9373176360664811,0.9603398814473421,0.9637914899279038
sep_k20_d2,sep,13,800,2,20,CDK repaired,20,12.656555891036987,48,20,1.0,0.005,0.9085412126466075,0.9481520808715107,0.9526675226673014
sep_k20_d2,sep,14,800,2,20,CDK repaired,18,11.1563138961792,46,19,0.9782608695652174,0.005,0.8056404502420803,0.9073831238019158,0.914700510128361
sep_k20_d2,sep,15,800,2,20,CDK repaired,18,12.86099123954773,47,20,0.9574468085106383,0.005,0.7330388916250233,0.8829741738761088,0.892298310088317
sep_k20_d2,sep,16,800,2,20,CDK repaired,19,10.80959177017212,44,19,1.0,0.005,0.8086946234248733,0.9016599589874931,0.9098197435475421
sep_k20_d2,sep,18,800,2,20,CDK repaired,20,10.913416385650635,47,20,1.0,0.005,0.9335593785239861,0.9551364328150354,0.9590409579942475
sep_k20_d2,sep,17,800,2,20,CDK repaired,20,12.50497317314148,47,20,1.0,0.005,0.950667637477592,0.9651448808102323,0.968177468894688
sep_k20_d2,sep,19,800,2,20,CDK repaired,20,10.768760442733765,47,20,1.0,0.005,0.8898914600644175,0.9329970831152583,0.9388322425982171
sep_k20_d10,sep,0,800,10,20,CDK repaired,20,17.43510675430298,53,20,1.0,0.005,0.9088436801594809,0.9308684118868938,0.9368843611520632
sep_k20_d10,sep,1,800,10,20,CDK repaired,19,16.079498052597046,53,19,1.0,0.005,0.8431069759323546,0.9162535979789113,0.9232004066385734
sep_k20_d10,sep,2,800,10,20,CDK repaired,20,17.543426513671875,55,20,1.0,0.005,0.8884165446827014,0.9272567090288231,0.9335895358274382
sep_k20_d10,sep,3,800,10,20,CDK repaired,20,15.577683448791504,53,20,1.0,0.005,0.8995357712564676,0.9262059198688185,0.9326284820461359
sep_k20_d10,sep,4,800,10,20,CDK repaired,20,17.115124940872192,53,20,1.0,0.005,0.9079098829052921,0.9406464799043163,0.9458135326912834
sep_k20_d10,sep,5,800,10,20,CDK repaired,20,15.812891483306885,54,20,1.0,0.005,0.895114120722118,0.9320985946977435,0.9380094875096523
sep_k20_d10,sep,6,800,10,20,CDK repaired,19,17.96034812927246,55,19,1.0,0.005,0.8304664525309785,0.8965085403855824,0.9050877192993002
sep_k20_d10,sep,7,800,10,20,CDK repaired,20,13.47282862663269,50,20,1.0,0.005,0.9461296602649545,0.9636021062228224,0.966768974346694
sep_k20_d10,sep,8,800,10,20,CDK repaired,20,14.063814163208008,50,20,1.0,0.005,0.911881736085006,0.9367486496034106,0.9422536525612375
sep_k20_d10,sep,9,800,10,20,CDK repaired,20,15.865395545959473,54,20,1.0,0.005,0.8765330328579171,0.9203642830759773,0.9272989083005508
sep_k20_d10,sep,10,800,10,20,CDK repaired,18,15.101838827133179,48,18,1.0,0.005,0.8084051978550034,0.8947430690638432,0.9030206564407938
sep_k20_d10,sep,11,800,10,20,CDK repaired,19,15.842320442199707,52,19,1.0,0.005,0.8518350242478042,0.9145660858802902,0.9216592894157359
sep_k20_d10,sep,12,800,10,20,CDK repaired,20,15.73444128036499,54,20,1.0,0.005,0.861159989785249,0.9169068789357574,0.9241489594213969
sep_k20_d10,sep,13,800,10,20,CDK repaired,20,13.726335287094116,49,20,1.0,0.005,0.9333912510556427,0.9513628716486863,0.9555947279474952
sep_k20_d10,sep,14,800,10,20,CDK repaired,20,15.791485786437988,53,20,1.0,0.005,0.909273364242082,0.9340475205890658,0.9397868019165316
sep_k20_d10,sep,15,800,10,20,CDK repaired,19,15.485793590545654,51,19,1.0,0.005,0.8463787495363271,0.920189190303422,0.9268145276466025
sep_k20_d10,sep,16,800,10,20,CDK repaired,19,15.41566514968872,51,19,1.0,0.005,0.8725762935405903,0.925954535409248,0.9320945407184433
sep_k20_d10,sep,17,800,10,20,CDK repaired,19,15.66145634651184,53,19,1.0,0.005,0.8966524962855662,0.9444343095032277,0.9490404935360227
sep_k20_d10,sep,18,800,10,20,CDK repaired,19,16.361948251724243,51,19,1.0,0.005,0.799302399403811,0.8774260108235519,0.8875919530539609
sep_k20_d10,sep,19,800,10,20,CDK repaired,20,15.357160806655884,53,20,1.0,0.005,0.9205506183567302,0.9449068833797956,0.9497019949319593
sep_k20_d50,sep,0,800,50,20,CDK repaired,20,26.323877573013306,54,20,1.0,0.005,0.886580150769292,0.917959862227661,0.925102479900868
sep_k20_d50,sep,1,800,50,20,CDK repaired,19,30.962265014648438,58,19,1.0,0.005,0.8171833923307001,0.8897796452641583,0.898917176289058
sep_k20_d50,sep,2,800,50,20,CDK repaired,20,26.026856899261475,55,20,1.0,0.005,0.8598903517968962,0.9121554883089625,0.9198084491059271
sep_k20_d50,sep,3,800,50,20,CDK repaired,20,28.623758792877197,61,20,1.0,0.005,0.8918924659393194,0.917811256821916,0.924963660280205
sep_k20_d50,sep,4,800,50,20,CDK repaired,19,30.76784372329712,60,19,1.0,0.005,0.8470883898108316,0.9016504391337544,0.9097956709072783
sep_k20_d50,sep,5,800,50,20,CDK repaired,20,28.547691583633423,59,20,1.0,0.005,0.8667735111107172,0.9119671428082053,0.9196340244495836
sep_k20_d50,sep,6,800,50,20,CDK repaired,20,28.06195831298828,58,20,1.0,0.005,0.853019391147012,0.9079929486252759,0.9160109297619665
sep_k20_d50,sep,7,800,50,20,CDK repaired,18,28.68932271003723,53,18,1.0,0.005,0.8158315913782702,0.8861561156982316,0.8951038152285153
sep_k20_d50,sep,8,800,50,20,CDK repaired,20,30.948588371276855,65,20,1.0,0.005,0.8160344905638403,0.884018226760977,0.8941337882501735
sep_k20_d50,sep,9,800,50,20,CDK repaired,19,31.992494344711304,61,19,1.0,0.005,0.8499841383979803,0.9168914214246159,0.9237874439003526
sep_k20_d50,sep,10,800,50,20,CDK repaired,20,29.358513593673706,58,20,1.0,0.005,0.8666961624715507,0.9068241148626649,0.9149395011775968
sep_k20_d50,sep,11,800,50,20,CDK repaired,20,29.032819747924805,61,20,1.0,0.005,0.8622528613914052,0.9128645248084497,0.9204592515557288
sep_k20_d50,sep,12,800,50,20,CDK repaired,20,29.599363803863525,62,20,1.0,0.005,0.8863536313283632,0.9182417357330286,0.9253580816511557
sep_k20_d50,sep,13,800,50,20,CDK repaired,20,27.03185200691223,58,20,1.0,0.005,0.8924160957742686,0.927199796551255,0.9335383003405258
sep_k20_d50,sep,14,800,50,20,CDK repaired,19,32.469820737838745,62,19,1.0,0.005,0.8266618404777636,0.8899809773359523,0.8991077018379415
sep_k20_d50,sep,15,800,50,20,CDK repaired,19,29.662802696228027,58,19,1.0,0.005,0.8094130751165075,0.8856325928383193,0.8951142918267422
sep_k20_d50,sep,17,800,50,20,CDK repaired,20,28.487398386001587,59,20,1.0,0.005,0.9009057371997322,0.9258988856471193,0.9323467459910065
sep_k20_d50,sep,16,800,50,20,CDK repaired,19,30.13444757461548,59,19,1.0,0.005,0.8478821772825612,0.9093508962272266,0.9168621716159762
sep_k20_d50,sep,18,800,50,20,CDK repaired,20,28.145443439483643,60,20,1.0,0.005,0.9040114705792721,0.9329538836824444,0.9387902167186334
sep_k20_d50,sep,19,800,50,20,CDK repaired,20,30.588057041168213,64,20,1.0,0.005,0.8169421731959456,0.8821539599294319,0.8924250484443063
overlap_s6.0,overlap,0,800,2,5,CDK repaired,5,7.004397869110107,42,18,0.47619047619047616,0.0175,0.984444616051696,0.9784405911667833,0.9785755786589211
overlap_s6.0,overlap,1,800,2,5,CDK repaired,5,7.124924659729004,37,15,0.4864864864864865,0.015,0.9404896074356037,0.9432421195646719,0.9435977824489933
overlap_s6.0,overlap,2,800,2,5,CDK repaired,5,7.7631142139434814,44,18,0.5227272727272727,0.0075,0.9783828090746228,0.9737009594749086,0.9738656337408038
overlap_s6.0,overlap,3,800,2,5,CDK repaired,5,6.8251659870147705,41,17,0.5365853658536586,0.01,0.9722165478813642,0.9642301525517978,0.9644541153451637
overlap_s6.0,overlap,4,800,2,5,CDK repaired,5,6.8350510597229,44,19,0.4318181818181818,0.0375,0.9813429124706873,0.9726214138421163,0.9727928345196065
overlap_s6.0,overlap,5,800,2,5,CDK repaired,5,6.947156667709351,45,19,0.4,0.09,0.9783404878750162,0.9711310479477238,0.9713118027343506
overlap_s6.0,overlap,6,800,2,5,CDK repaired,5,6.615168333053589,41,18,0.43902439024390244,0.05,0.9906466993024384,0.9868439181866433,0.9869262891785979
overlap_s6.0,overlap,7,800,2,5,CDK repaired,5,6.631529092788696,43,19,0.4186046511627907,0.18,0.969156764567439,0.9614337376217043,0.9616752169463846
overlap_s6.0,overlap,8,800,2,5,CDK repaired,5,6.581734895706177,47,21,0.3191489361702128,0.12,0.984385177791463,0.9762689403034951,0.9764175226034119
overlap_s6.0,overlap,9,800,2,5,CDK repaired,5,6.804171085357666,47,20,0.40425531914893614,0.08,0.9875953157730175,0.9853411519308972,0.9854329348806473
overlap_s6.0,overlap,10,800,2,5,CDK repaired,5,7.941431522369385,39,15,0.5384615384615384,0.005,0.9255842634435988,0.9218353223517167,0.9223251089237037
overlap_s6.0,overlap,11,800,2,5,CDK repaired,5,6.786645174026489,43,19,0.4418604651162791,0.035,0.990646920349587,0.986843850651261,0.9869262229118854
overlap_s6.0,overlap,12,800,2,5,CDK repaired,5,6.20063853263855,46,20,0.34782608695652173,0.1775,1.0,1.0,1.0
overlap_s6.0,overlap,13,800,2,5,CDK repaired,5,6.573078155517578,46,20,0.391304347826087,0.0875,0.9725416274279405,0.972720590339078,0.9728914224124162
overlap_s6.0,overlap,14,800,2,5,CDK repaired,5,6.592519760131836,45,20,0.3333333333333333,0.045,0.9813618804655009,0.9726265925686137,0.9727979781817103
overlap_s6.0,overlap,15,800,2,5,CDK repaired,5,6.578070402145386,44,19,0.45454545454545453,0.030000000000000002,0.9755116186410642,0.9750153976053437,0.9751718520750207
overlap_s6.0,overlap,16,800,2,5,CDK repaired,5,7.327301025390625,30,12,0.6,0.005,0.9100042871923724,0.9186484237724893,0.9191587277919512
overlap_s6.0,overlap,17,800,2,5,CDK repaired,5,7.64665150642395,41,16,0.5121951219512195,0.01,0.9605415645187662,0.9574284580501807,0.9576950762870559
overlap_s6.0,overlap,18,800,2,5,CDK repaired,5,6.056498050689697,45,20,0.37777777777777777,0.2558139534883721,0.9968691099886755,0.9952518682725184,0.9952815964482751
overlap_s6.0,overlap,19,800,2,5,CDK repaired,6,7.600343465805054,47,21,0.3617021276595745,0.085,0.9160680070652124,0.9183615952692246,0.9189809323714998
overlap_s4.0,overlap,0,800,2,5,CDK repaired,5,7.8158838748931885,43,18,0.4883720930232558,0.02,0.8043797937712228,0.8033353560597074,0.8045700754158044
overlap_s4.0,overlap,1,800,2,5,CDK repaired,5,8.500265121459961,45,19,0.4666666666666667,0.065,0.885279472123872,0.8671395326333303,0.8679716926010009
overlap_s4.0,overlap,2,800,2,5,CDK repaired,4,6.329124450683594,46,20,0.32608695652173914,0.21735294117647058,0.6997321613537314,0.7701277442345177,0.7713058904650054
overlap_s4.0,overlap,3,800,2,5,CDK repaired,3,7.650860548019409,46,20,0.3695652173913043,0.0325,0.4166531630086475,0.6458147869952767,0.647220016319709
overlap_s4.0,overlap,4,800,2,5,CDK repaired,3,8.056017398834229,44,18,0.4090909090909091,0.030000000000000002,0.4646246670421142,0.6720367052582819,0.6733133332255362
overlap_s4.0,overlap,5,800,2,5,CDK repaired,4,6.840081691741943,44,19,0.4318181818181818,0.03,0.6890359616871223,0.7852747272460457,0.7863791272649217
overlap_s4.0,overlap,6,800,2,5,CDK repaired,3,7.81956148147583,46,19,0.4782608695652174,0.0175,0.1762770543028942,0.40927087377115096,0.41192135107809785
overlap_s4.0,overlap,7,800,2,5,CDK repaired,5,6.975119113922119,44,19,0.4318181818181818,0.057499999999999996,0.8262353727701115,0.8466350593921753,0.8475994765129061
overlap_s4.0,overlap,8,800,2,5,CDK repaired,4,6.408870697021484,48,21,0.3333333333333333,0.1,0.6626392559370443,0.7369413913608523,0.7382933498033906
overlap_s4.0,overlap,9,800,2,5,CDK repaired,5,6.422348260879517,45,20,0.4222222222222222,0.04,0.9074034406511199,0.9009987821497049,0.9016188486841646
overlap_s4.0,overlap,10,800,2,5,CDK repaired,5,6.059281826019287,44,19,0.4090909090909091,0.17227272727272724,0.8759394697349042,0.8554763459823226,0.8563815751560793
overlap_s4.0,overlap,11,800,2,5,CDK repaired,4,6.211019039154053,40,18,0.4,0.045,0.6708926006868594,0.7543760560334409,0.7556365818197133
overlap_s4.0,overlap,12,800,2,5,CDK repaired,5,6.877236843109131,43,18,0.46511627906976744,0.02,0.8944164288765066,0.8759500965965406,0.8767268788775485
overlap_s4.0,overlap,13,800,2,5,CDK repaired,2,6.34564995765686,45,19,0.37777777777777777,0.115,0.1924751887452008,0.43483953337683096,0.4361949695131635
overlap_s4.0,overlap,14,800,2,5,CDK repaired,3,7.39160418510437,46,20,0.34782608695652173,0.07500000000000001,0.3351628784217216,0.5669020417375497,0.5686492841590247
overlap_s4.0,overlap,15,800,2,5,CDK repaired,2,6.9826929569244385,44,19,0.3409090909090909,0.057499999999999996,0.1862542024747678,0.412969965177399,0.41437785155534274
overlap_s4.0,overlap,16,800,2,5,CDK repaired,4,7.291179418563843,45,19,0.4666666666666667,0.05,0.6750015356203818,0.7671633538468452,0.7683619623837583
overlap_s4.0,overlap,17,800,2,5,CDK repaired,4,8.0356605052948,44,18,0.5454545454545454,0.005,0.6723569480113903,0.7562658338405267,0.7575106300464329
overlap_s4.0,overlap,18,800,2,5,CDK repaired,4,7.341590642929077,39,16,0.5384615384615384,0.005,0.7131546184620883,0.8015632933057951,0.8025802798455604
overlap_s4.0,overlap,19,800,2,5,CDK repaired,2,6.5976526737213135,41,18,0.4634146341463415,0.035,0.15433164095245297,0.3532548420566939,0.35482038818504497
overlap_s3.0,overlap,0,800,2,5,CDK repaired,1,6.945955038070679,46,19,0.32608695652173914,0.08249999999999999,0.0,0.0,0.0
overlap_s3.0,overlap,1,800,2,5,CDK repaired,1,6.539703130722046,49,22,0.32653061224489793,0.12,0.0,0.0,0.0
overlap_s3.0,overlap,2,800,2,5,CDK repaired,1,7.2107789516448975,52,22,0.25,0.10750000000000001,0.0,0.0,0.0
overlap_s3.0,overlap,3,800,2,5,CDK repaired,1,6.67118239402771,46,20,0.30434782608695654,0.1675,0.0,0.0,0.0
overlap_s3.0,overlap,4,800,2,5,CDK repaired,1,6.798283100128174,46,20,0.2826086956521739,0.08,0.0,0.0,0.0
overlap_s3.0,overlap,5,800,2,5,CDK repaired,1,7.108403444290161,49,20,0.24489795918367346,0.11,0.0,0.0,0.0
overlap_s3.0,overlap,7,800,2,5,CDK repaired,1,5.761487722396851,46,20,0.2826086956521739,0.2605820105820106,0.0,0.0,0.0
overlap_s3.0,overlap,6,800,2,5,CDK repaired,1,8.041288137435913,48,19,0.2708333333333333,0.06,0.0,0.0,0.0
overlap_s3.0,overlap,8,800,2,5,CDK repaired,1,6.513471603393555,43,19,0.27906976744186046,0.105,0.0,0.0,0.0
overlap_s3.0,overlap,9,800,2,5,CDK repaired,2,6.717428684234619,44,19,0.3181818181818182,0.1575,0.16936354736244946,0.3779500006395786,0.37944593077134603
overlap_s3.0,overlap,10,800,2,5,CDK repaired,2,6.78762674331665,45,19,0.37777777777777777,0.135,0.13125256824604414,0.2808344398154184,0.2825655041908021
overlap_s3.0,overlap,11,800,2,5,CDK repaired,1,6.670214891433716,51,21,0.29411764705882354,0.2,0.0,0.0,0.0
overlap_s3.0,overlap,12,800,2,5,CDK repaired,1,6.727348804473877,44,19,0.2727272727272727,0.0875,0.0,0.0,0.0
overlap_s3.0,overlap,13,800,2,5,CDK repaired,1,7.612281560897827,46,20,0.2608695652173913,0.0825,0.0,0.0,0.0
overlap_s3.0,overlap,14,800,2,5,CDK repaired,1,7.140379905700684,49,20,0.2653061224489796,0.125,0.0,0.0,0.0
overlap_s3.0,overlap,15,800,2,5,CDK repaired,1,6.875934839248657,46,19,0.30434782608695654,0.1575,0.0,0.0,0.0
overlap_s3.0,overlap,16,800,2,5,CDK repaired,1,7.807802677154541,50,20,0.34,0.055,0.0,0.0,0.0
overlap_s3.0,overlap,17,800,2,5,CDK repaired,1,7.753824472427368,44,19,0.3181818181818182,0.08,0.0,0.0,0.0
overlap_s3.0,overlap,18,800,2,5,CDK repaired,1,8.394702672958374,51,20,0.3333333333333333,0.05,0.0,0.0,0.0
overlap_s3.0,overlap,19,800,2,5,CDK repaired,1,7.2880918979644775,46,20,0.2608695652173913,0.1525,0.0,0.0,0.0
overlap_s2.0,overlap,0,800,2,5,CDK repaired,1,7.310649871826172,46,18,0.21739130434782608,0.14750000000000002,0.0,0.0,0.0
overlap_s2.0,overlap,1,800,2,5,CDK repaired,1,7.56339955329895,49,20,0.2857142857142857,0.09,0.0,0.0,0.0
overlap_s2.0,overlap,2,800,2,5,CDK repaired,1,6.6719372272491455,47,20,0.2553191489361702,0.13,0.0,0.0,0.0
overlap_s2.0,overlap,3,800,2,5,CDK repaired,1,8.865253686904907,47,19,0.2978723404255319,0.06,0.0,0.0,0.0
overlap_s2.0,overlap,4,800,2,5,CDK repaired,1,7.377341985702515,50,20,0.4,0.0775,0.0,0.0,0.0
overlap_s2.0,overlap,5,800,2,5,CDK repaired,1,7.967901229858398,52,20,0.21153846153846154,0.045,0.0,0.0,0.0
overlap_s2.0,overlap,6,800,2,5,CDK repaired,1,6.66774582862854,51,20,0.2549019607843137,0.15,0.0,0.0,0.0
overlap_s2.0,overlap,7,800,2,5,CDK repaired,1,6.994889497756958,51,20,0.23529411764705882,0.13,0.0,0.0,0.0
overlap_s2.0,overlap,8,800,2,5,CDK repaired,1,6.343233585357666,44,19,0.22727272727272727,0.1675,0.0,0.0,0.0
overlap_s2.0,overlap,9,800,2,5,CDK repaired,1,7.566847324371338,44,17,0.29545454545454547,0.07500000000000001,0.0,0.0,0.0
overlap_s2.0,overlap,10,800,2,5,CDK repaired,1,7.165348529815674,50,20,0.3,0.08499999999999999,0.0,0.0,0.0
overlap_s2.0,overlap,11,800,2,5,CDK repaired,1,6.42215371131897,50,20,0.28,0.2121296296296296,0.0,0.0,0.0
overlap_s2.0,overlap,12,800,2,5,CDK repaired,1,7.019517183303833,51,20,0.13725490196078433,0.135,0.0,0.0,0.0
overlap_s2.0,overlap,13,800,2,5,CDK repaired,1,6.0195207595825195,42,17,0.21428571428571427,0.2811188811188811,0.0,0.0,0.0
overlap_s2.0,overlap,14,800,2,5,CDK repaired,1,7.762344121932983,49,19,0.2857142857142857,0.075,0.0,0.0,0.0
overlap_s2.0,overlap,15,800,2,5,CDK repaired,1,8.196975708007812,53,22,0.16981132075471697,0.15,0.0,0.0,0.0
overlap_s2.0,overlap,16,800,2,5,CDK repaired,1,8.16532278060913,55,21,0.2,0.13,0.0,0.0,0.0
overlap_s2.0,overlap,17,800,2,5,CDK repaired,1,7.699763536453247,51,20,0.27450980392156865,0.135,0.0,0.0,0.0
overlap_s2.0,overlap,18,800,2,5,CDK repaired,1,7.195764064788818,50,20,0.3,0.135,0.0,0.0,0.0
overlap_s2.0,overlap,19,800,2,5,CDK repaired,1,6.784472465515137,50,20,0.18,0.21908227848101267,0.0,0.0,0.0
unbal_r5,unbalanced,0,897,2,5,CDK repaired,5,9.450437068939209,60,23,0.43333333333333335,0.055,0.9975276177224729,0.995213461800537,0.9952430958132771
unbal_r5,unbalanced,1,897,2,5,CDK repaired,5,8.560352325439453,51,21,0.4117647058823529,0.03,0.9967924595287926,0.9950577416593008,0.9950883546671669
unbal_r5,unbalanced,2,897,2,5,CDK repaired,5,8.567003965377808,35,13,0.6,0.005,0.9747586127532313,0.9567282649299349,0.9569986462093102
unbal_r5,unbalanced,3,897,2,5,CDK repaired,5,9.185708045959473,43,16,0.5581395348837209,0.005,0.9863870804197234,0.9745740552826166,0.9747322401651508
unbal_r5,unbalanced,4,897,2,5,CDK repaired,5,8.720366716384888,58,22,0.41379310344827586,0.0275,1.0,1.0,1.0
unbal_r5,unbalanced,5,897,2,5,CDK repaired,5,8.108074188232422,47,19,0.46808510638297873,0.025,0.9936017094518451,0.9911788771901188,0.9912335343526539
unbal_r5,unbalanced,6,897,2,5,CDK repaired,5,7.394163370132446,46,19,0.5,0.0125,0.9936017094518451,0.9911788771901188,0.9912335343526539
unbal_r5,unbalanced,7,897,2,5,CDK repaired,5,7.725252866744995,47,19,0.44680851063829785,0.02,0.9936376024788942,0.9832941870133199,0.9833977987846552
unbal_r5,unbalanced,8,897,2,5,CDK repaired,5,7.1524882316589355,36,15,0.5277777777777778,0.0075,0.9792334623681296,0.9757591187916419,0.9759101543054847
unbal_r5,unbalanced,9,897,2,5,CDK repaired,5,7.99812126159668,43,18,0.4883720930232558,0.015,1.0,1.0,1.0
unbal_r5,unbalanced,10,897,2,5,CDK repaired,5,9.000277042388916,56,22,0.44642857142857145,0.030000000000000002,1.0,1.0,1.0
unbal_r5,unbalanced,11,897,2,5,CDK repaired,5,8.227186441421509,48,19,0.4791666666666667,0.035,1.0,1.0,1.0
unbal_r5,unbalanced,12,897,2,5,CDK repaired,5,8.278200387954712,52,21,0.46153846153846156,0.015,0.9930029688737623,0.9845690421416482,0.9846644143744849
unbal_r5,unbalanced,13,897,2,5,CDK repaired,5,7.8446364402771,44,18,0.5227272727272727,0.01,0.9946515281515963,0.9904252906538686,0.9904845987002159
unbal_r5,unbalanced,14,897,2,5,CDK repaired,5,8.533313989639282,52,21,0.4423076923076923,0.05,1.0,1.0,1.0
unbal_r5,unbalanced,15,897,2,5,CDK repaired,5,7.571877956390381,49,20,0.46938775510204084,0.065,0.9989065747947903,0.9958369234501876,0.9958627077114272
unbal_r5,unbalanced,16,897,2,5,CDK repaired,5,8.330639839172363,54,22,0.3888888888888889,0.052500000000000005,1.0,1.0,1.0
unbal_r5,unbalanced,17,897,2,5,CDK repaired,5,8.460561990737915,39,15,0.5641025641025641,0.005,0.9635852911569085,0.9537437282202222,0.9540342954404203
unbal_r5,unbalanced,19,897,2,5,CDK repaired,5,6.476381301879883,23,9,0.7391304347826086,0.005,0.957011331730589,0.9438232897624649,0.9441740886312755
unbal_r5,unbalanced,18,897,2,5,CDK repaired,5,7.59100866317749,43,17,0.4418604651162791,0.02,0.9797671071559324,0.9578889938455435,0.9581518542583668
unbal_r20,unbalanced,1,898,2,5,CDK repaired,4,5.921762943267822,37,15,0.3783783783783784,0.2549019607843137,0.9829385199576768,0.9578100614557843,0.9580604799471484
unbal_r20,unbalanced,0,898,2,5,CDK repaired,5,7.59422492980957,39,16,0.46153846153846156,0.025,0.9861928474741584,0.9731131617918772,0.9733250470467455
unbal_r20,unbalanced,2,898,2,5,CDK repaired,4,7.841989278793335,51,20,0.3333333333333333,0.13,0.9821551585060867,0.9588893084221052,0.9591350632225549
unbal_r20,unbalanced,3,898,2,5,CDK repaired,4,8.393564462661743,53,20,0.33962264150943394,0.135,0.9798701633148513,0.9577617687908464,0.9580146216427743
unbal_r20,unbalanced,4,898,2,5,CDK repaired,4,6.399694442749023,19,8,0.6842105263157895,0.005,0.9391467308943922,0.9450903081277795,0.945424969245946
unbal_r20,unbalanced,5,898,2,5,CDK repaired,4,8.703040361404419,45,16,0.37777777777777777,0.055,0.9779344006303461,0.9491181555917944,0.949423659646351
unbal_r20,unbalanced,6,898,2,5,CDK repaired,4,7.5341527462005615,40,14,0.45,0.08,0.965533697387525,0.9503959730355023,0.9506960789104237
unbal_r20,unbalanced,7,898,2,5,CDK repaired,5,9.764343023300171,53,20,0.4339622641509434,0.025,0.9949111684626611,0.9723591062294036,0.9725762966479838
unbal_r20,unbalanced,8,898,2,5,CDK repaired,4,8.872318983078003,48,18,0.4375,0.02,0.9851560883897568,0.9611791546062061,0.961411210823618
unbal_r20,unbalanced,10,898,2,5,CDK repaired,4,7.574291229248047,51,20,0.39215686274509803,0.07,0.9877182422516623,0.9635740843123639,0.9637897843853866
unbal_r20,unbalanced,9,898,2,5,CDK repaired,5,10.031432390213013,55,21,0.4909090909090909,0.015,1.0,1.0,1.0
unbal_r20,unbalanced,11,898,2,5,CDK repaired,5,8.832247018814087,57,22,0.3508771929824561,0.065,1.0,1.0,1.0
unbal_r20,unbalanced,12,898,2,5,CDK repaired,5,9.393626928329468,50,18,0.48,0.0175,0.9983356387454547,0.9913546219416293,0.9914225444527544
unbal_r20,unbalanced,13,898,2,5,CDK repaired,5,8.62166452407837,54,21,0.42592592592592593,0.052500000000000005,1.0,1.0,1.0
unbal_r20,unbalanced,14,898,2,5,CDK repaired,5,8.746185064315796,55,21,0.4,0.065,0.9934360783840961,0.9716439356576092,0.9718670525690778
unbal_r20,unbalanced,15,898,2,5,CDK repaired,5,7.868955135345459,52,21,0.40384615384615385,0.0875,0.9986111693637285,0.9920086569015222,0.9920714263411293
unbal_r20,unbalanced,16,898,2,5,CDK repaired,5,9.346588850021362,56,21,0.375,0.0375,0.9937420200623376,0.9892403578720863,0.9893251092455763
unbal_r20,unbalanced,17,898,2,5,CDK repaired,5,8.733208417892456,62,25,0.3709677419354839,0.1,0.9971662800165679,0.9943247203870014,0.9943694096827815
unbal_r20,unbalanced,18,898,2,5,CDK repaired,5,8.241090059280396,53,20,0.4716981132075472,0.015,0.9964503372246284,0.9899490438449347,0.9900281558368957
unbal_r20,unbalanced,19,898,2,5,CDK repaired,5,6.799773931503296,42,17,0.42857142857142855,0.037500000000000006,0.9859701626681331,0.9791632204273145,0.9793281767506089
unbal_r100,unbalanced,0,923,2,5,CDK repaired,5,10.051144123077393,58,22,0.4482758620689655,0.0225,1.0,1.0,1.0
unbal_r100,unbalanced,1,923,2,5,CDK repaired,5,11.240854263305664,66,23,0.4090909090909091,0.052500000000000005,1.0,1.0,1.0
unbal_r100,unbalanced,2,923,2,5,CDK repaired,4,8.772454023361206,52,19,0.3076923076923077,0.16,0.9800252111704576,0.9405574216334979,0.9410020617621672
unbal_r100,unbalanced,3,923,2,5,CDK repaired,4,9.054006099700928,57,23,0.3157894736842105,0.08,0.9961503685440247,0.974563942003253,0.9747509861253522
unbal_r100,unbalanced,4,923,2,5,CDK repaired,5,11.08275818824768,65,24,0.46153846153846156,0.015,1.0,1.0,1.0
unbal_r100,unbalanced,5,923,2,5,CDK repaired,4,8.485469579696655,50,19,0.32,0.07,0.987389509104404,0.9596152034858989,0.9599127135988615
unbal_r100,unbalanced,7,923,2,5,CDK repaired,4,4.891937017440796,17,7,0.7058823529411765,0.005,0.9633677945991127,0.9364072232366424,0.936882030333528
unbal_r100,unbalanced,6,923,2,5,CDK repaired,5,9.20443081855774,63,24,0.3333333333333333,0.065,0.9933816139412952,0.9594738217664095,0.9598655851674768
unbal_r100,unbalanced,9,923,2,5,CDK repaired,4,3.6374666690826416,10,4,0.7,0.005,0.9224308702354466,0.8949876420405974,0.8957953400892567
unbal_r100,unbalanced,8,923,2,5,CDK repaired,5,11.065145254135132,59,22,0.4067796610169492,0.035,1.0,1.0,1.0
unbal_r100,unbalanced,10,923,2,5,CDK repaired,4,9.11073923110962,56,22,0.26785714285714285,0.0975,0.9961503685440247,0.974563942003253,0.9747509861253522
unbal_r100,unbalanced,12,923,2,5,CDK repaired,4,5.367454290390015,18,7,0.7222222222222222,0.005,0.9793344041917101,0.9473316021462392,0.9477225380416293
unbal_r100,unbalanced,11,923,2,5,CDK repaired,3,9.441150188446045,55,21,0.2909090909090909,0.1,0.8720482869329931,0.8516062796968251,0.8523919909596146
unbal_r100,unbalanced,13,923,2,5,CDK repaired,3,3.7575953006744385,10,5,0.8,0.005,0.858173589772462,0.8562202363936883,0.8569899028230159
unbal_r100,unbalanced,14,923,2,5,CDK repaired,3,3.728032112121582,10,5,0.8,0.005,0.8683317652728236,0.8523262251896633,0.8531134998162222
unbal_r100,unbalanced,15,923,2,5,CDK repaired,4,7.745156526565552,44,17,0.4090909090909091,0.1175,0.9818156967945894,0.942687695047688,0.9431113141914265
unbal_r100,unbalanced,16,923,2,5,CDK repaired,4,6.644644260406494,46,17,0.3695652173913043,0.125,0.9798325736561067,0.9551566205862791,0.955489439019111
unbal_r100,unbalanced,17,923,2,5,CDK repaired,3,3.9155707359313965,20,8,0.6,0.005,0.7481460579103077,0.7802951707225423,0.7815546340921741
unbal_r100,unbalanced,18,923,2,5,CDK repaired,5,10.140717029571533,63,23,0.36507936507936506,0.045,1.0,1.0,1.0
unbal_r100,unbalanced,19,923,2,5,CDK repaired,4,8.299067258834839,41,15,0.43902439024390244,0.045,0.9545542091193705,0.926816297595538,0.9273697597488607
uvar_r3,unequal_var,0,800,2,4,CDK repaired,4,5.636314630508423,40,18,0.35,0.1564367816091954,0.9769414116552734,0.9698292909504862,0.9699523658562559
uvar_r3,unequal_var,1,800,2,4,CDK repaired,4,5.4723169803619385,41,18,0.24390243902439024,0.38461538461538464,0.9834813714326988,0.978773242140614,0.9788598309318988
uvar_r3,unequal_var,3,800,2,4,CDK repaired,4,6.038093328475952,37,16,0.35135135135135137,0.07,0.9575882841441937,0.9480204598932317,0.9482325473906914
uvar_r3,unequal_var,2,800,2,4,CDK repaired,4,7.052048683166504,29,12,0.5517241379310345,0.005,0.9153699636034507,0.9164696115103741,0.9168108109467032
uvar_r3,unequal_var,4,800,2,4,CDK repaired,4,6.470971584320068,34,15,0.2647058823529412,0.065,0.9539051178488012,0.9424970072438664,0.9427316176092929
uvar_r3,unequal_var,5,800,2,4,CDK repaired,4,6.481477737426758,32,14,0.375,0.037500000000000006,0.8991600529395977,0.8916376969871755,0.8920804688747312
uvar_r3,unequal_var,7,800,2,4,CDK repaired,4,5.460965156555176,38,16,0.42105263157894735,0.21462962962962961,0.970352596183018,0.9589907499538789,0.9591580439797198
uvar_r3,unequal_var,6,800,2,4,CDK repaired,4,6.778355836868286,31,13,0.4838709677419355,0.025,0.9444194742792902,0.9282770123099178,0.9285696777957752
uvar_r3,unequal_var,8,800,2,4,CDK repaired,4,6.776636838912964,44,19,0.3409090909090909,0.07,0.9358132365008365,0.9279101296609902,0.9282043021303638
uvar_r3,unequal_var,9,800,2,4,CDK repaired,4,5.769344329833984,40,18,0.3,0.11750000000000001,0.9477892275589217,0.9319751395397753,0.9322526429016205
uvar_r3,unequal_var,10,800,2,4,CDK repaired,4,5.982514381408691,30,13,0.4666666666666667,0.1025,0.9671762484557062,0.9580551275443696,0.9582262429406073
uvar_r3,unequal_var,11,800,2,4,CDK repaired,4,6.599834442138672,38,16,0.39473684210526316,0.0825,0.9801856768887659,0.9730822484341566,0.9731920510522937
uvar_r3,unequal_var,12,800,2,4,CDK repaired,4,5.8619325160980225,40,18,0.35,0.07,0.9834813714326988,0.978773242140614,0.9788598309318988
uvar_r3,unequal_var,13,800,2,4,CDK repaired,4,5.6342363357543945,39,17,0.38461538461538464,0.16,0.954411759151077,0.9423507054892992,0.942585927789952
uvar_r3,unequal_var,14,800,2,4,CDK repaired,4,6.4335949420928955,37,16,0.4864864864864865,0.025,0.9768894836172729,0.9681146121075885,0.9682446762424162
uvar_r3,unequal_var,15,800,2,4,CDK repaired,4,6.436174392700195,27,12,0.48148148148148145,0.02,0.9134720102475722,0.9055384882436315,0.9059242275629896
uvar_r3,unequal_var,16,800,2,4,CDK repaired,4,6.553928375244141,36,15,0.4166666666666667,0.057499999999999996,0.9352917371663527,0.918816014310853,0.9191472853751993
uvar_r3,unequal_var,17,800,2,4,CDK repaired,4,6.12634801864624,32,14,0.375,0.1,0.9094489680087616,0.9126651186023818,0.9130219806796019
uvar_r3,unequal_var,18,800,2,4,CDK repaired,4,6.595216751098633,34,15,0.35294117647058826,0.05,0.9419717623817395,0.9349727311491487,0.935238055617104
uvar_r3,unequal_var,19,800,2,4,CDK repaired,4,6.583733797073364,33,13,0.45454545454545453,0.02,0.9508730307101211,0.9376046504100777,0.9378592060350427
uvar_r10,unequal_var,0,800,2,4,CDK repaired,3,7.075573444366455,35,14,0.42857142857142855,0.03,0.6361725227981844,0.7029757451320939,0.7038845455378796
uvar_r10,unequal_var,1,800,2,4,CDK repaired,3,7.984229326248169,41,15,0.36585365853658536,0.025,0.6139949714729505,0.6804568527288444,0.6814379887229178
uvar_r10,unequal_var,2,800,2,4,CDK repaired,2,7.578012704849243,34,13,0.4117647058823529,0.02,0.31484211036112647,0.4838045562492541,0.4847848670907811
uvar_r10,unequal_var,3,800,2,4,CDK repaired,2,6.995992660522461,35,14,0.34285714285714286,0.14,0.3069637873556881,0.4481940451248023,0.4492371295677415
uvar_r10,unequal_var,5,800,2,4,CDK repaired,2,7.012126922607422,43,17,0.3488372093023256,0.045,0.3209395211614055,0.5067297894986508,0.5076729960178527
uvar_r10,unequal_var,4,800,2,4,CDK repaired,3,7.702965497970581,26,11,0.5769230769230769,0.0075,0.5996338178570548,0.6564106001147082,0.6574634960807845
uvar_r10,unequal_var,7,800,2,4,CDK repaired,3,6.337825536727905,35,14,0.42857142857142855,0.17,0.6240848124533974,0.68012844787656,0.6811092607873052
uvar_r10,unequal_var,6,800,2,4,CDK repaired,2,8.060823202133179,37,14,0.5135135135135135,0.01,0.30590598911743044,0.45189602540102786,0.45292704679822826
uvar_r10,unequal_var,8,800,2,4,CDK repaired,3,6.731960773468018,29,11,0.5862068965517241,0.005,0.45432825285237444,0.58529716521194,0.5866281985516281
uvar_r10,unequal_var,9,800,2,4,CDK repaired,2,6.858698844909668,33,13,0.45454545454545453,0.015,0.3129087749228234,0.4793473622856668,0.48032884064460407
uvar_r10,unequal_var,10,800,2,4,CDK repaired,2,7.851191282272339,41,16,0.36585365853658536,0.045,0.3115634886510167,0.46867094818277405,0.46967646564258686
uvar_r10,unequal_var,11,800,2,4,CDK repaired,4,7.739940404891968,37,14,0.5135135135135135,0.01,0.6921844966765227,0.6998380704564992,0.7010764501727679
uvar_r10,unequal_var,12,800,2,4,CDK repaired,4,7.33706259727478,23,9,0.6086956521739131,0.005,0.7106328839413941,0.727721831133844,0.7288477252434716
uvar_r10,unequal_var,13,800,2,4,CDK repaired,2,6.830502986907959,36,14,0.3333333333333333,0.1175,0.30353838881174494,0.44603035943030533,0.44707079060616556
uvar_r10,unequal_var,14,800,2,4,CDK repaired,2,8.187043905258179,35,13,0.45714285714285713,0.03,0.3110791034077212,0.46579134800545163,0.4668017392290505
uvar_r10,unequal_var,15,800,2,4,CDK repaired,3,7.403339147567749,27,10,0.48148148148148145,0.02,0.6248283044089132,0.6985132048238873,0.6994320369672419
uvar_r10,unequal_var,16,800,2,4,CDK repaired,3,7.086219549179077,30,12,0.4,0.1075,0.6324115934012259,0.6994211408685662,0.7003414732629869
uvar_r10,unequal_var,17,800,2,4,CDK repaired,2,7.5567238330841064,39,15,0.4358974358974359,0.025,0.31799683638175114,0.4983064343645746,0.49926151883384023
uvar_r10,unequal_var,18,800,2,4,CDK repaired,4,7.935648202896118,43,18,0.3953488372093023,0.05,0.6890091979024207,0.7215332089738407,0.7226988334807867
uvar_r10,unequal_var,19,800,2,4,CDK repaired,4,7.6211748123168945,20,8,0.7,0.005,0.6606781109537787,0.6860880366049523,0.6873968270850481
elong_c5,elongated,1,800,2,4,CDK repaired,3,10.603693962097168,47,18,0.6808510638297872,0.005,0.6054467205699201,0.71371886858303,0.7146144956539965
elong_c5,elongated,0,800,2,4,CDK repaired,3,11.418310165405273,50,19,0.68,0.005,0.4833586390028692,0.6257445275450004,0.6269506090571662
elong_c5,elongated,2,800,2,4,CDK repaired,5,9.597050428390503,45,19,0.6,0.005,0.5799529923859112,0.6594436621431321,0.6612801401529075
elong_c5,elongated,3,800,2,4,CDK repaired,3,11.079890251159668,48,19,0.6458333333333334,0.005,0.5590214096461055,0.6904450815130848,0.6914212162200569
elong_c5,elongated,4,800,2,4,CDK repaired,5,8.961215257644653,44,18,0.6590909090909091,0.005,0.5315937120870603,0.6555274142203781,0.6574038228771558
elong_c5,elongated,5,800,2,4,CDK repaired,4,10.490688562393188,43,16,0.6744186046511628,0.005,0.4022426547413335,0.5697711001031102,0.5717515156023725
elong_c5,elongated,6,800,2,4,CDK repaired,2,8.067124366760254,43,19,0.5348837209302325,0.01,0.4081942381298953,0.5193149906156913,0.5201862008117623
elong_c5,elongated,7,800,2,4,CDK repaired,4,9.642980813980103,43,18,0.5813953488372093,0.005,0.588454103038244,0.7433848853729328,0.7445079593724309
elong_c5,elongated,8,800,2,4,CDK repaired,3,8.358012676239014,42,16,0.6428571428571429,0.005,0.43100194590663204,0.5901156721087413,0.5914378589165482
elong_c5,elongated,9,800,2,4,CDK repaired,1,8.961913585662842,44,19,0.5454545454545454,0.0075,0.0,0.0,0.0
elong_c5,elongated,10,800,2,4,CDK repaired,3,10.201977491378784,49,19,0.5714285714285714,0.005,0.3722815129318109,0.5885184194002789,0.5899137557119294
elong_c5,elongated,11,800,2,4,CDK repaired,5,8.794178247451782,38,15,0.6842105263157895,0.005,0.7166129358675257,0.7559151187343801,0.7571717554465843
elong_c5,elongated,12,800,2,4,CDK repaired,4,8.964008569717407,44,19,0.6363636363636364,0.005,0.5102498019152066,0.6457550348170183,0.6473433011635836
elong_c5,elongated,13,800,2,4,CDK repaired,4,7.576189041137695,32,14,0.625,0.0075,0.4220335503769574,0.5569875529066564,0.5589346728004215
elong_c5,elongated,14,800,2,4,CDK repaired,2,8.840900421142578,43,18,0.5581395348837209,0.005,0.20821978787319717,0.40332188600600805,0.4045121851104742
elong_c5,elongated,15,800,2,4,CDK repaired,2,10.055244207382202,48,19,0.5833333333333334,0.005,0.09454773660573887,0.26167836910086323,0.2632340386831868
elong_c5,elongated,16,800,2,4,CDK repaired,3,10.628508806228638,48,19,0.6458333333333334,0.005,0.4609296027768712,0.578753476352966,0.5801120488460965
elong_c5,elongated,17,800,2,4,CDK repaired,3,8.221230030059814,40,18,0.6,0.005,0.24300657778243193,0.39000053015740066,0.39219063634116647
elong_c5,elongated,18,800,2,4,CDK repaired,3,8.567403554916382,45,19,0.6444444444444445,0.005,0.6024754032111196,0.6960965348969202,0.697039875994777
elong_c5,elongated,19,800,2,4,CDK repaired,2,9.277331829071045,41,17,0.5609756097560976,0.005,0.2532061078946695,0.4127318690803119,0.4138688427207261
elong_c20,elongated,0,800,2,4,CDK repaired,1,10.735178232192993,54,20,0.5,0.0125,0.0,0.0,0.0
elong_c20,elongated,1,800,2,4,CDK repaired,1,9.85385775566101,48,19,0.5208333333333334,0.01,0.0,0.0,0.0
elong_c20,elongated,2,800,2,4,CDK repaired,1,9.203821659088135,47,18,0.44680851063829785,0.025,0.0,0.0,0.0
elong_c20,elongated,3,800,2,4,CDK repaired,3,11.646738290786743,52,18,0.6346153846153846,0.005,0.12268065597477268,0.24610804816638232,0.2485844137558767
elong_c20,elongated,4,800,2,4,CDK repaired,5,10.006253957748413,43,17,0.6976744186046512,0.005,0.18503709078600056,0.26483356819750564,0.2692377776200173
elong_c20,elongated,5,800,2,4,CDK repaired,2,11.019381523132324,51,19,0.6470588235294118,0.005,0.022658138876979927,0.08507873042395771,0.08703603814978243
elong_c20,elongated,6,800,2,4,CDK repaired,3,10.21552062034607,45,16,0.6888888888888889,0.005,0.17049319302615076,0.2672879360633917,0.2695310260432741
elong_c20,elongated,7,800,2,4,CDK repaired,3,9.572871923446655,42,16,0.6190476190476191,0.0075,0.08257234259609297,0.12904162278221679,0.13196055366223503
elong_c20,elongated,8,800,2,4,CDK repaired,4,9.54611325263977,40,15,0.675,0.0075,0.16580896463548542,0.2832235855544113,0.2863654452152997
elong_c20,elongated,9,800,2,4,CDK repaired,2,8.748980283737183,42,16,0.5952380952380952,0.005,0.004231703104719016,0.03380655210533903,0.03601256237443466
elong_c20,elongated,10,800,2,4,CDK repaired,4,11.875254154205322,57,19,0.6491228070175439,0.005,0.1753352819924529,0.2514950092206194,0.25484103545841447
elong_c20,elongated,11,800,2,4,CDK repaired,2,11.331515550613403,53,19,0.5849056603773585,0.005,0.01757725177968849,0.09041090884155607,0.09247512605896871
elong_c20,elongated,12,800,2,4,CDK repaired,2,10.551698684692383,48,18,0.5416666666666666,0.01,0.11227474531720033,0.2258474307440514,0.22736246707756178
elong_c20,elongated,13,800,2,4,CDK repaired,5,11.75022578239441,54,20,0.6666666666666666,0.005,0.10322066772082046,0.252265759156909,0.25687269565750215
elong_c20,elongated,14,800,2,4,CDK repaired,1,10.255683422088623,42,15,0.6428571428571429,0.005,0.0,0.0,0.0
elong_c20,elongated,15,800,2,4,CDK repaired,2,11.970499753952026,59,20,0.6949152542372882,0.005,0.06618066251641148,0.17128161420917257,0.17293950753850285
elong_c20,elongated,16,800,2,4,CDK repaired,3,10.435746192932129,46,17,0.6739130434782609,0.005,0.11365663171208114,0.250013291306816,0.25257194523637
elong_c20,elongated,17,800,2,4,CDK repaired,3,8.923446893692017,40,16,0.625,0.01,0.20100687161403452,0.27511247537032907,0.2773612604896999
elong_c20,elongated,18,800,2,4,CDK repaired,2,11.232109546661377,51,19,0.6078431372549019,0.005,0.036386442304397,0.08905327402767765,0.09085728606723222
elong_c20,elongated,19,800,2,4,CDK repaired,4,10.433665752410889,50,18,0.64,0.0075,0.17852383887393602,0.265900713336892,0.2689671216665908
nongauss_t3,nongauss,0,800,2,5,CDK repaired,5,6.8622987270355225,25,10,0.72,0.005,0.9906666593459081,0.9883314061298463,0.9884044649935746
nongauss_t3,nongauss,1,800,2,5,CDK repaired,5,6.047363042831421,38,16,0.39473684210526316,0.24384615384615385,0.9844438807915686,0.9784409227578476,0.9785759053872045
nongauss_t3,nongauss,2,800,2,5,CDK repaired,5,7.2679219245910645,27,10,0.7037037037037037,0.005,0.9844145291180962,0.9773549263375825,0.9774967088185426
nongauss_t3,nongauss,3,800,2,5,CDK repaired,5,7.498018264770508,35,13,0.6857142857142857,0.005,0.9968691099886755,0.9952518682725183,0.995281596448275
nongauss_t3,nongauss,4,800,2,5,CDK repaired,5,7.272830486297607,38,15,0.5789473684210527,0.005,0.9968691099886755,0.9952518682725183,0.995281596448275
nongauss_t3,nongauss,5,800,2,5,CDK repaired,5,6.510772943496704,31,13,0.5806451612903226,0.005,0.9515019001770266,0.9539130037082585,0.9542017223998488
nongauss_t3,nongauss,6,800,2,5,CDK repaired,5,6.594546318054199,27,11,0.6296296296296297,0.005,0.984385177791463,0.9762689403034948,0.9764175226034115
nongauss_t3,nongauss,7,800,2,5,CDK repaired,5,7.312472105026245,31,13,0.5483870967741935,0.005,0.9874967342362952,0.9820906790845182,0.9822028123884863
nongauss_t3,nongauss,8,800,2,5,CDK repaired,5,8.512423276901245,35,12,0.6571428571428571,0.005,1.0,1.0,1.0
nongauss_t3,nongauss,9,800,2,5,CDK repaired,5,7.275465250015259,30,11,0.6666666666666666,0.005,0.9875359909576884,0.9835831414780363,0.9836859302211457
nongauss_t3,nongauss,10,800,2,5,CDK repaired,5,6.211262941360474,16,7,0.8125,0.005,0.9906662181794057,0.9868488828432564,0.9869312223284835
nongauss_t3,nongauss,11,800,2,5,CDK repaired,5,7.354956150054932,29,12,0.6206896551724138,0.005,0.990646920349587,0.9868438506512609,0.9869262229118853
nongauss_t3,nongauss,12,800,2,5,CDK repaired,5,7.448750257492065,33,13,0.5454545454545454,0.005,0.9937579600246279,0.9915871831020886,0.9916398563708724
nongauss_t3,nongauss,13,800,2,5,CDK repaired,5,6.731228590011597,28,12,0.6428571428571429,0.005,0.9844251718430678,0.9799182901852591,0.980044026150531
nongauss_t3,nongauss,14,800,2,5,CDK repaired,5,7.570607900619507,35,14,0.5714285714285714,0.005,0.9844647950001386,0.9805927987493821,0.9807143127131974
nongauss_t3,nongauss,15,800,2,5,CDK repaired,5,7.348542928695679,24,9,0.75,0.005,0.978392749328417,0.9730780630540756,0.9732466380666448
nongauss_t3,nongauss,16,800,2,5,CDK repaired,5,7.1319005489349365,35,13,0.6571428571428571,0.005,0.9634304524815348,0.9610401366455705,0.9612841220016194
nongauss_t3,nongauss,17,800,2,5,CDK repaired,5,6.4312567710876465,32,13,0.53125,0.0075,0.9634347710546107,0.9610383330721247,0.9612823426632611
nongauss_t3,nongauss,18,800,2,5,CDK repaired,5,7.044418811798096,28,11,0.7142857142857143,0.005,0.9875162150845661,0.9820956053521009,0.9822077072442185
nongauss_t3,nongauss,19,800,2,5,CDK repaired,5,7.567886829376221,23,9,0.782608695652174,0.005,0.99063671875,0.9857629668115665,0.9858521050171825
nongauss_uniform,nongauss,0,800,2,5,CDK repaired,5,7.473395347595215,46,20,0.5,0.0125,1.0,1.0,1.0
nongauss_uniform,nongauss,1,800,2,5,CDK repaired,5,8.189178943634033,47,20,0.574468085106383,0.005,1.0,1.0,1.0
nongauss_uniform,nongauss,2,800,2,5,CDK repaired,5,7.592756748199463,47,20,0.5531914893617021,0.005,1.0,1.0,1.0
nongauss_uniform,nongauss,3,800,2,5,CDK repaired,5,8.718588590621948,42,17,0.6190476190476191,0.005,0.9551570868253528,0.9605212443855387,0.9607685638729626
nongauss_uniform,nongauss,4,800,2,5,CDK repaired,5,7.69384765625,46,19,0.5217391304347826,0.0075,1.0,1.0,1.0
nongauss_uniform,nongauss,5,800,2,5,CDK repaired,5,7.20790958404541,47,20,0.574468085106383,0.005,1.0,1.0,1.0
nongauss_uniform,nongauss,6,800,2,5,CDK repaired,5,6.857049465179443,48,20,0.5,0.0125,1.0,1.0,1.0
nongauss_uniform,nongauss,7,800,2,5,CDK repaired,5,7.375481605529785,47,20,0.5106382978723404,0.005,1.0,1.0,1.0
nongauss_uniform,nongauss,8,800,2,5,CDK repaired,5,7.934697151184082,47,20,0.574468085106383,0.005,1.0,1.0,1.0
nongauss_uniform,nongauss,9,800,2,5,CDK repaired,5,8.408354997634888,46,19,0.5434782608695652,0.005,1.0,1.0,1.0
nongauss_uniform,nongauss,10,800,2,5,CDK repaired,5,8.013904571533203,46,19,0.5652173913043478,0.005,1.0,1.0,1.0
nongauss_uniform,nongauss,11,800,2,5,CDK repaired,5,7.602590560913086,40,17,0.55,0.0075,0.9695922097915319,0.970512764001192,0.9706974311541055
nongauss_uniform,nongauss,12,800,2,5,CDK repaired,5,7.901496410369873,46,19,0.5869565217391305,0.0075,1.0,1.0,1.0
nongauss_uniform,nongauss,13,800,2,5,CDK repaired,5,7.667279243469238,43,19,0.5116279069767442,0.005,1.0,1.0,1.0
nongauss_uniform,nongauss,14,800,2,5,CDK repaired,5,7.808887004852295,46,19,0.5217391304347826,0.005,0.9968691099886755,0.9952518682725183,0.995281596448275
nongauss_uniform,nongauss,15,800,2,5,CDK repaired,5,7.711932182312012,48,20,0.5625,0.005,1.0,1.0,1.0
nongauss_uniform,nongauss,16,800,2,5,CDK repaired,5,7.673913240432739,46,20,0.5434782608695652,0.005,1.0,1.0,1.0
nongauss_uniform,nongauss,17,800,2,5,CDK repaired,5,7.1686155796051025,45,20,0.5333333333333333,0.01,1.0,1.0,1.0
nongauss_uniform,nongauss,18,800,2,5,CDK repaired,5,8.104862928390503,44,19,0.5454545454545454,0.01,1.0,1.0,1.0
nongauss_uniform,nongauss,19,800,2,5,CDK repaired,5,8.264343738555908,40,17,0.575,0.005,0.9695922097915319,0.9705127640011919,0.9706974311541052
nongauss_mixed,nongauss,0,800,2,5,CDK repaired,5,7.457676410675049,40,16,0.6,0.005,0.9968691099886755,0.9952518682725183,0.995281596448275
nongauss_mixed,nongauss,1,800,2,5,CDK repaired,5,7.12097954750061,38,16,0.47368421052631576,0.015,0.972461845853068,0.9702859763163058,0.9704720509985918
nongauss_mixed,nongauss,2,800,2,5,CDK repaired,5,6.478286981582642,37,15,0.5405405405405406,0.005,0.9906271808867675,0.9868389844155382,0.9869213867182499
nongauss_mixed,nongauss,3,800,2,5,CDK repaired,5,6.187156438827515,45,20,0.4,0.105,0.9937579600246279,0.9915871831020887,0.9916398563708725
nongauss_mixed,nongauss,4,800,2,5,CDK repaired,5,5.69411301612854,38,17,0.42105263157894735,0.0475,0.9725416274279405,0.972720590339078,0.9728914224124162
nongauss_mixed,nongauss,5,800,2,5,CDK repaired,5,7.117595434188843,46,19,0.5,0.022500000000000003,1.0,1.0,1.0
nongauss_mixed,nongauss,6,800,2,5,CDK repaired,5,6.619596242904663,38,17,0.47368421052631576,0.060000000000000005,1.0,1.0,1.0
nongauss_mixed,nongauss,7,800,2,5,CDK repaired,5,6.895522117614746,40,16,0.5,0.01,0.9968691099886755,0.9952518682725184,0.9952815964482751
nongauss_mixed,nongauss,8,800,2,5,CDK repaired,5,7.234901428222656,37,15,0.5675675675675675,0.005,0.9845044162845311,0.9806025317275346,0.98072398601518
nongauss_mixed,nongauss,9,800,2,5,CDK repaired,5,7.161630630493164,44,18,0.5,0.0125,0.9844647950001386,0.9805927987493823,0.9807143127131976
nongauss_mixed,nongauss,10,800,2,5,CDK repaired,5,7.101348638534546,38,16,0.5263157894736842,0.005,1.0,1.0,1.0
nongauss_mixed,nongauss,11,800,2,5,CDK repaired,5,6.759882926940918,44,19,0.38636363636363635,0.125,1.0,1.0,1.0
nongauss_mixed,nongauss,12,800,2,5,CDK repaired,5,7.905366659164429,38,15,0.5789473684210527,0.005,0.9875064746028823,0.9820931652929028,0.9822052827434912
nongauss_mixed,nongauss,13,800,2,5,CDK repaired,5,7.239726543426514,40,17,0.5,0.0125,0.9968691099886755,0.9952518682725183,0.995281596448275
nongauss_mixed,nongauss,14,800,2,5,CDK repaired,5,7.010733366012573,35,14,0.6,0.005,0.9968691099886755,0.9952518682725183,0.995281596448275
nongauss_mixed,nongauss,15,800,2,5,CDK repaired,5,6.3851494789123535,43,18,0.4883720930232558,0.065,0.9968691099886755,0.9952518682725183,0.995281596448275
nongauss_mixed,nongauss,16,800,2,5,CDK repaired,5,6.60401463508606,44,18,0.45454545454545453,0.0425,0.9968691099886755,0.9952518682725183,0.995281596448275
nongauss_mixed,nongauss,17,800,2,5,CDK repaired,5,7.003952264785767,38,16,0.5,0.0125,0.9937579600246279,0.9915871831020887,0.9916398563708725
nongauss_mixed,nongauss,18,800,2,5,CDK repaired,5,7.317701101303101,44,18,0.4772727272727273,0.0275,1.0,1.0,1.0
nongauss_mixed,nongauss,19,800,2,5,CDK repaired,5,8.013002395629883,47,19,0.48936170212765956,0.015,0.9968691099886755,0.9952518682725183,0.995281596448275
nongauss_skew,nongauss,0,800,2,5,CDK repaired,6,8.268741369247437,30,11,0.7333333333333333,0.005,0.9475807033572363,0.9509483935970743,0.9513243135483122
nongauss_skew,nongauss,1,800,2,5,CDK repaired,5,7.905540227890015,33,13,0.5454545454545454,0.005,1.0,1.0,1.0
nongauss_skew,nongauss,2,800,2,5,CDK repaired,5,7.916707277297974,41,17,0.4878048780487805,0.02,0.9844647950001386,0.9805927987493821,0.9807143127131974
nongauss_skew,nongauss,3,800,2,5,CDK repaired,5,8.425342321395874,41,17,0.5365853658536586,0.005,0.9937579600246279,0.9915871831020886,0.9916398563708724
nongauss_skew,nongauss,4,800,2,5,CDK repaired,5,9.722848415374756,45,19,0.5111111111111111,0.01,0.9906173109804156,0.9857579733601333,0.9858471437422217
nongauss_skew,nongauss,5,800,2,5,CDK repaired,5,9.828476667404175,43,18,0.5348837209302325,0.005,1.0,1.0,1.0
nongauss_skew,nongauss,6,800,2,5,CDK repaired,6,8.563252449035645,40,16,0.55,0.0075,0.9503740166963424,0.9540041153857034,0.9543578278486552
nongauss_skew,nongauss,7,800,2,5,CDK repaired,6,10.36608099937439,38,16,0.6052631578947368,0.005,0.9662011947790693,0.9735743414139435,0.973777547511054
nongauss_skew,nongauss,8,800,2,5,CDK repaired,6,8.059010744094849,27,11,0.7407407407407407,0.005,0.9022152105107945,0.9223065256146543,0.9228945025267156
nongauss_skew,nongauss,9,800,2,5,CDK repaired,5,9.239095211029053,39,17,0.5384615384615384,0.01,0.9580022035212857,0.9623984304315856,0.962633972514048
nongauss_skew,nongauss,10,800,2,5,CDK repaired,5,7.656551361083984,21,9,0.7619047619047619,0.005,0.9604374088020079,0.9574051587695701,0.9576719045304273
nongauss_skew,nongauss,12,800,2,5,CDK repaired,5,8.085783243179321,39,15,0.5641025641025641,0.005,1.0,1.0,1.0
nongauss_skew,nongauss,11,800,2,5,CDK repaired,5,9.421079635620117,35,14,0.5428571428571428,0.005,0.9875656538910945,0.9835904399933479,0.9836931838387913
nongauss_skew,nongauss,13,800,2,5,CDK repaired,6,8.527888774871826,51,23,0.43137254901960786,0.025,0.9491353162213726,0.9617927882007065,0.9620831907621856
nongauss_skew,nongauss,14,800,2,5,CDK repaired,5,9.774544715881348,47,21,0.46808510638297873,0.015,0.9968691099886755,0.9952518682725183,0.995281596448275
nongauss_skew,nongauss,15,800,2,5,CDK repaired,6,8.306154489517212,33,13,0.696969696969697,0.005,0.9387562446359758,0.9450342064693558,0.9454536827900291
nongauss_skew,nongauss,16,800,2,5,CDK repaired,5,9.379974603652954,29,12,0.6551724137931034,0.005,0.9906666593459081,0.9883314061298463,0.9884044649935746
nongauss_skew,nongauss,17,800,2,5,CDK repaired,5,7.442477464675903,32,14,0.59375,0.005,0.9845440356963782,0.9825483218796528,0.9826575939983835
nongauss_skew,nongauss,18,800,2,5,CDK repaired,6,7.395023822784424,35,14,0.6,0.005,0.9371167526615216,0.9510307345070558,0.9514023346720143
nongauss_skew,nongauss,19,800,2,5,CDK repaired,5,9.772584915161133,35,13,0.7428571428571429,0.005,1.0,1.0,1.0
nongauss_t3_d10,nongauss,0,800,10,5,CDK repaired,5,9.015082120895386,33,13,0.6060606060606061,0.005,0.9968691099886755,0.9952518682725184,0.9952815964482751
nongauss_t3_d10,nongauss,1,800,10,5,CDK repaired,5,8.007596731185913,39,15,0.5897435897435898,0.005,0.9906370506764907,0.9857628188647093,0.9858519593711438
nongauss_t3_d10,nongauss,2,800,10,5,CDK repaired,5,9.330982446670532,21,8,0.8095238095238095,0.005,1.0,1.0,1.0
nongauss_t3_d10,nongauss,3,800,10,5,CDK repaired,5,8.90087890625,27,11,0.7037037037037037,0.005,0.9875259556813485,0.9820980915364135,0.9822101775754624
nongauss_t3_d10,nongauss,4,800,10,5,CDK repaired,5,8.202430009841919,38,14,0.5526315789473685,0.005,1.0,1.0,1.0
nongauss_t3_d10,nongauss,5,800,10,5,CDK repaired,5,10.039790153503418,30,11,0.7,0.005,0.9968691099886755,0.9952518682725183,0.995281596448275
nongauss_t3_d10,nongauss,6,800,10,5,CDK repaired,5,9.374601125717163,19,8,0.7894736842105263,0.005,0.9968691099886755,0.9952518682725183,0.995281596448275
nongauss_t3_d10,nongauss,7,800,10,5,CDK repaired,5,9.747682094573975,34,13,0.6470588235294118,0.005,0.9968691099886755,0.9952518682725184,0.9952815964482751
nongauss_t3_d10,nongauss,8,800,10,5,CDK repaired,5,10.525437116622925,27,10,0.7407407407407407,0.005,0.9968691099886755,0.9952518682725184,0.9952815964482751
nongauss_t3_d10,nongauss,9,800,10,5,CDK repaired,5,9.602887392044067,33,13,0.6060606060606061,0.005,0.9937480346795808,0.9905061789482673,0.9905656200078305
nongauss_t3_d10,nongauss,10,800,10,5,CDK repaired,5,9.005643129348755,37,14,0.6486486486486487,0.005,0.9937382569747051,0.9905037133434421,0.9905631699923133
nongauss_t3_d10,nongauss,11,800,10,5,CDK repaired,5,9.191683530807495,26,10,0.7692307692307693,0.005,0.9937481085578733,0.990506147772212,0.990565589332136
nongauss_t3_d10,nongauss,12,800,10,5,CDK repaired,5,7.828310012817383,23,10,0.6956521739130435,0.005,0.9906173109804156,0.9857579579733369,0.9858471284533301
nongauss_t3_d10,nongauss,13,800,10,5,CDK repaired,5,8.807711362838745,34,13,0.6176470588235294,0.005,1.0,1.0,1.0
nongauss_t3_d10,nongauss,14,800,10,5,CDK repaired,5,9.168490171432495,26,10,0.7307692307692307,0.005,0.9874962909927296,0.9810122649036397,0.981131148515233
nongauss_t3_d10,nongauss,15,800,10,5,CDK repaired,5,8.623290300369263,36,14,0.6388888888888888,0.005,0.9937382569747051,0.9905037133434424,0.9905631699923135
nongauss_t3_d10,nongauss,16,800,10,5,CDK repaired,5,9.151505708694458,18,8,0.7777777777777778,0.005,0.9906172001062978,0.9857580124243613,0.9858471821056417
nongauss_t3_d10,nongauss,17,800,10,5,CDK repaired,5,9.618974685668945,39,14,0.6666666666666666,0.005,0.9968691099886755,0.9952518682725184,0.9952815964482751
nongauss_t3_d10,nongauss,18,800,10,5,CDK repaired,5,9.43822193145752,24,10,0.625,0.005,0.9937382569747051,0.9905037133434422,0.9905631699923134
noise_10,noise,0,900,2,4,CDK repaired,4,7.140625238418579,27,11,0.5555555555555556,0.005,1.0,1.0,1.0
nongauss_t3_d10,nongauss,19,800,10,5,CDK repaired,5,9.06399941444397,37,14,0.5945945945945946,0.005,1.0,1.0,1.0
noise_10,noise,1,900,2,4,CDK repaired,4,7.80875301361084,27,10,0.6296296296296297,0.005,1.0,1.0,1.0
noise_10,noise,2,900,2,4,CDK repaired,4,7.563448905944824,38,16,0.47368421052631576,0.02,0.9836427491482942,0.9789697711203021,0.9790544936186116
noise_10,noise,3,900,2,4,CDK repaired,4,6.090733289718628,13,6,0.7692307692307693,0.005,0.9868399131660527,0.9803689328046041,0.9804480157687637
noise_10,noise,4,900,2,4,CDK repaired,4,6.605633020401001,28,12,0.5,0.08,0.970536695797528,0.9617446630847658,0.9618987909167295
noise_10,noise,6,900,2,4,CDK repaired,4,6.145563840866089,13,6,0.8461538461538461,0.005,1.0,1.0,1.0
noise_10,noise,5,900,2,4,CDK repaired,4,7.4869420528411865,28,11,0.5357142857142857,0.0075,0.99670373774982,0.9943572121186693,0.9943799433996481
noise_10,noise,8,900,2,4,CDK repaired,4,5.084341526031494,10,5,0.9,0.005,1.0,1.0,1.0
noise_10,noise,7,900,2,4,CDK repaired,4,7.021261215209961,28,12,0.42857142857142855,0.05,1.0,1.0,1.0
noise_10,noise,9,900,2,4,CDK repaired,4,6.7340781688690186,31,13,0.5161290322580645,0.01,1.0,1.0,1.0
noise_10,noise,10,900,2,4,CDK repaired,4,7.230806350708008,47,21,0.2553191489361702,0.16,1.0,1.0,1.0
noise_10,noise,11,900,2,4,CDK repaired,4,6.792129039764404,32,13,0.46875,0.0375,1.0,1.0,1.0
noise_10,noise,12,900,2,4,CDK repaired,4,6.630244493484497,20,9,0.65,0.005,1.0,1.0,1.0
noise_10,noise,13,900,2,4,CDK repaired,4,7.405409097671509,19,8,0.6842105263157895,0.005,1.0,1.0,1.0
noise_10,noise,14,900,2,4,CDK repaired,4,6.469994306564331,28,12,0.5,0.0125,1.0,1.0,1.0
noise_10,noise,15,900,2,4,CDK repaired,4,6.827673435211182,23,9,0.6086956521739131,0.005,0.9967037647435848,0.9943571981018373,0.9943799295424158
noise_10,noise,16,900,2,4,CDK repaired,4,6.774217367172241,31,13,0.3225806451612903,0.23,0.9772740560274898,0.9726782694795667,0.9727883457175153
noise_10,noise,17,900,2,4,CDK repaired,4,6.602254390716553,28,12,0.5,0.04,1.0,1.0,1.0
noise_10,noise,18,900,2,4,CDK repaired,4,6.665324449539185,33,14,0.3939393939393939,0.055,0.9706830428437898,0.9613912977369348,0.9615468479387793
noise_10,noise,19,900,2,4,CDK repaired,4,7.2600202560424805,35,15,0.4857142857142857,0.04,1.0,1.0,1.0
noise_30,noise,0,900,2,4,CDK repaired,3,8.849051713943481,27,10,0.6296296296296297,0.005,0.7133127475038233,0.8565770107817654,0.8571434506000934
noise_30,noise,1,900,2,4,CDK repaired,5,8.747638463973999,23,9,0.6956521739130435,0.005,0.9915435490740768,0.9869112791020791,0.9870046174247636
noise_30,noise,2,900,2,4,CDK repaired,4,8.347573041915894,33,13,0.48484848484848486,0.02,1.0,1.0,1.0
noise_30,noise,3,900,2,4,CDK repaired,4,8.053227424621582,42,17,0.47619047619047616,0.015,0.7125758378698671,0.8470552537077717,0.8480156284978867
noise_30,noise,4,900,2,4,CDK repaired,3,10.017414093017578,44,18,0.4772727272727273,0.0175,0.7117511426319999,0.8560549559148805,0.8566237235370306
noise_30,noise,5,900,2,4,CDK repaired,8,8.328384637832642,32,14,0.75,0.005,0.9608645271593794,0.9506238106167292,0.951163980955004
noise_30,noise,6,900,2,4,CDK repaired,6,8.720804452896118,37,15,0.5135135135135135,0.005,0.9916071598662851,0.9880693780272752,0.98817427801317
noise_30,noise,7,900,2,4,CDK repaired,4,7.116612672805786,35,15,0.45714285714285713,0.05,1.0,1.0,1.0
noise_30,noise,8,900,2,4,CDK repaired,3,8.026998043060303,55,23,0.18181818181818182,0.26666666666666666,0.3313355518177618,0.5754790270069972,0.5765229604136762
noise_30,noise,9,900,2,4,CDK repaired,8,7.429461240768433,37,17,0.6216216216216216,0.005,0.9957649518020141,0.9930556540876451,0.9931133596104297
noise_30,noise,10,900,2,4,CDK repaired,4,7.8940160274505615,39,16,0.5128205128205128,0.005,1.0,1.0,1.0
noise_30,noise,11,900,2,4,CDK repaired,6,8.613965272903442,45,19,0.5111111111111111,0.01,0.9893993848536833,0.9833556676094025,0.9835021660691015
noise_30,noise,12,900,2,4,CDK repaired,6,8.570824384689331,41,18,0.4878048780487805,0.03,0.9831304366890409,0.9762010472205657,0.976421070308815
noise_30,noise,13,900,2,4,CDK repaired,4,8.213314771652222,37,15,0.5405405405405406,0.01,0.7091920952770957,0.8402185656379814,0.8411723208692109
noise_30,noise,14,900,2,4,CDK repaired,4,7.619260549545288,33,14,0.3333333333333333,0.07,0.9873628491547921,0.9828704975413985,0.982959352904824
noise_30,noise,15,900,2,4,CDK repaired,4,9.001509189605713,30,12,0.6,0.005,0.9666848406791424,0.9582172508816502,0.9584340104728771
noise_30,noise,16,900,2,4,CDK repaired,4,8.889821529388428,34,14,0.5,0.0125,1.0,1.0,1.0
noise_30,noise,17,900,2,4,CDK repaired,4,5.8465282917022705,10,4,1.0,0.005,0.9588502771504422,0.9567514397913078,0.9569758701949796
noise_30,noise,18,900,2,4,CDK repaired,4,6.350628137588501,42,19,0.30952380952380953,0.24134615384615385,1.0,1.0,1.0
noise_30,noise,19,900,2,4,CDK repaired,5,9.666542530059814,28,10,0.6785714285714286,0.005,1.0,1.0,1.0
noise_50,noise,0,900,2,4,CDK repaired,3,9.87911081314087,49,21,0.4897959183673469,0.015,0.7028130457240521,0.8378132345826054,0.8387122196638336
noise_50,noise,1,900,2,4,CDK repaired,4,8.427233219146729,35,15,0.5142857142857142,0.01,0.7044019636725575,0.8450620918441248,0.8464296217560034
noise_50,noise,2,900,2,4,CDK repaired,4,10.15241265296936,48,19,0.5,0.015,1.0,1.0,1.0
noise_50,noise,3,900,2,4,CDK repaired,3,9.549611330032349,45,18,0.5555555555555556,0.01,0.7129229142703917,0.8563477843778986,0.8571440203243947
noise_50,noise,4,900,2,4,CDK repaired,2,8.490846633911133,52,21,0.40384615384615385,0.035,0.0,0.0,0.0
noise_50,noise,5,900,2,4,CDK repaired,4,7.629964828491211,35,15,0.5142857142857142,0.01,0.3305272243436137,0.5714889284194151,0.574305052204264
noise_50,noise,6,900,2,4,CDK repaired,4,7.969979524612427,37,16,0.5405405405405406,0.01,0.7107329186510152,0.8556147728478636,0.8564156027153473
noise_50,noise,7,900,2,4,CDK repaired,1,7.203213453292847,40,17,0.45,0.05,0.0,0.0,0.0
noise_50,noise,9,900,2,4,CDK repaired,2,7.6146323680877686,50,21,0.36,0.1,0.3305370277363002,0.5748006831950069,0.5762682769441476
noise_50,noise,8,900,2,4,CDK repaired,4,8.78964352607727,45,19,0.5111111111111111,0.01,0.7014949940536835,0.8353577515590668,0.8368100160833422
noise_50,noise,10,900,2,4,CDK repaired,2,6.271923065185547,44,20,0.2727272727272727,0.2650987224157956,0.3305370277363002,0.5748006831950069,0.5762682769441476
noise_50,noise,11,900,2,4,CDK repaired,2,9.767673254013062,46,19,0.5217391304347826,0.01,0.3331649049779347,0.5765914206702748,0.5780509140644647
noise_50,noise,12,900,2,4,CDK repaired,2,9.287236452102661,46,19,0.45652173913043476,0.02,6.644344081087599e-05,0.0033411594400018295,0.008780288864104802
noise_50,noise,13,900,2,4,CDK repaired,2,9.127091646194458,54,22,0.3333333333333333,0.0925,-1.3149416823363884e-05,-1.4150934407577499e-05,0.004390890298936277
noise_50,noise,14,900,2,4,CDK repaired,5,9.044713973999023,48,20,0.5833333333333334,0.0075,0.9910781138665913,0.9861709058694165,0.9863018173321234
noise_50,noise,15,900,2,4,CDK repaired,2,8.956125497817993,53,23,0.3584905660377358,0.045,0.324001443366487,0.5598833247742655,0.5614044294046571
noise_50,noise,16,900,2,4,CDK repaired,2,9.173577547073364,52,23,0.36538461538461536,0.035,0.480838682402088,0.6236432730587723,0.6248566484630349
noise_50,noise,17,900,2,4,CDK repaired,1,8.13529372215271,41,18,0.4878048780487805,0.015,0.0,0.0,0.0
noise_50,noise,18,900,2,4,CDK repaired,3,8.44221544265747,42,18,0.4523809523809524,0.0225,0.7049375730936711,0.8385335927108585,0.8394280110889655
noise_50,noise,19,900,2,4,CDK repaired,3,8.53540325164795,43,19,0.3488372093023256,0.04,0.707841903903496,0.8458048748493804,0.8466595480675253
nested_d2,nested,0,900,2,6,CDK repaired,6,9.127068758010864,55,23,0.45454545454545453,0.025,0.992000189305803,0.9895962084495391,0.9896776094601148
nested_d2,nested,1,900,2,6,CDK repaired,6,8.243638753890991,54,23,0.42592592592592593,0.065,0.9946547792687578,0.9924865266838148,0.9925453129681759
nested_d2,nested,2,900,2,6,CDK repaired,6,8.242715120315552,56,24,0.39285714285714285,0.0875,0.9973273736639168,0.9962432711731919,0.9962726641888647
nested_d2,nested,3,900,2,6,CDK repaired,6,8.110309839248657,53,22,0.4528301886792453,0.035,0.9867444477547551,0.9832887743689345,0.9834195258019798
nested_d2,nested,4,900,2,6,CDK repaired,6,8.080365896224976,57,24,0.42105263157894735,0.05,0.981453839434775,0.9778349581165684,0.978008384202495
nested_d2,nested,5,900,2,6,CDK repaired,6,8.821750402450562,55,23,0.43636363636363634,0.025,1.0,1.0,1.0
nested_d2,nested,6,900,2,6,CDK repaired,6,8.13604474067688,53,22,0.49056603773584906,0.015,0.992000189305803,0.9895962084495391,0.9896776094601148
nested_d2,nested,7,900,2,6,CDK repaired,6,7.949117422103882,55,23,0.4,0.09,0.9946725925925926,0.992490724793562,0.992549477970633
nested_d2,nested,8,900,2,6,CDK repaired,6,8.30450177192688,48,20,0.5416666666666666,0.005,0.9893631895147522,0.9858478706459742,0.9859585985431146
nested_d2,nested,9,900,2,6,CDK repaired,6,8.051790475845337,53,22,0.4716981132075472,0.02,0.9973273736639168,0.9962432711731919,0.9962726641888647
nested_d2,nested,10,900,2,6,CDK repaired,6,8.271382570266724,57,24,0.38596491228070173,0.075,0.9920357522894643,0.9896046289742785,0.9896859633791744
nested_d2,nested,11,900,2,6,CDK repaired,6,7.904093027114868,53,22,0.4528301886792453,0.07,0.9840731225151442,0.980925044444056,0.9810742944035873
nested_d2,nested,12,900,2,6,CDK repaired,6,8.50354552268982,53,22,0.4716981132075472,0.03,1.0,1.0,1.0
nested_d2,nested,13,900,2,6,CDK repaired,6,8.832141637802124,52,22,0.4807692307692308,0.0175,0.9973273736639168,0.9962432711731919,0.9962726641888647
nested_d2,nested,14,900,2,6,CDK repaired,6,8.355889558792114,55,23,0.4,0.07,0.9893274355299279,0.9849772201696758,0.9850947601368569
nested_d2,nested,15,900,2,6,CDK repaired,6,8.819701910018921,55,23,0.43636363636363634,0.04,0.9973273736639168,0.9962432711731919,0.9962726641888647
nested_d2,nested,16,900,2,6,CDK repaired,6,8.720456838607788,55,23,0.43636363636363634,0.04,0.9973273736639168,0.9962432711731919,0.9962726641888647
nested_d2,nested,17,900,2,6,CDK repaired,6,7.84385871887207,55,23,0.4,0.06,0.9866729410669858,0.9820868549719632,0.9822270104240213
nested_d2,nested,18,900,2,6,CDK repaired,6,8.5481538772583,54,23,0.48148148148148145,0.02,0.9919822168139506,0.9887297665317704,0.9888179463378379
nested_d2,nested,19,900,2,6,CDK repaired,6,8.007231950759888,52,22,0.4230769230769231,0.065,0.9973273736639168,0.9962432711731919,0.9962726641888647
null_gaussian_d2,null,0,600,2,1,CDK repaired,1,5.208961725234985,36,14,0.25,0.14500000000000002,1.0,1.0,1.0
null_gaussian_d2,null,1,600,2,1,CDK repaired,1,4.539260387420654,31,13,0.2903225806451613,0.205,1.0,1.0,1.0
null_gaussian_d2,null,2,600,2,1,CDK repaired,1,5.681170463562012,33,13,0.2727272727272727,0.12,1.0,1.0,1.0
null_gaussian_d2,null,3,600,2,1,CDK repaired,1,6.0913286209106445,36,14,0.25,0.0475,1.0,1.0,1.0
null_gaussian_d2,null,4,600,2,1,CDK repaired,1,6.264493227005005,38,14,0.34210526315789475,0.0925,1.0,1.0,1.0
null_gaussian_d2,null,5,600,2,1,CDK repaired,1,6.6891584396362305,42,16,0.16666666666666666,0.105,1.0,1.0,1.0
null_gaussian_d2,null,6,600,2,1,CDK repaired,1,6.248929977416992,40,15,0.25,0.1875,1.0,1.0,1.0
null_gaussian_d2,null,7,600,2,1,CDK repaired,1,5.827115774154663,43,16,0.20930232558139536,0.145,1.0,1.0,1.0
null_gaussian_d2,null,8,600,2,1,CDK repaired,1,5.625469446182251,40,16,0.2,0.24,1.0,1.0,1.0
null_gaussian_d2,null,9,600,2,1,CDK repaired,1,5.110180139541626,35,14,0.2,0.215,1.0,1.0,1.0
null_gaussian_d2,null,11,600,2,1,CDK repaired,1,4.8903093338012695,45,18,0.08888888888888889,0.3076923076923077,1.0,1.0,1.0
null_gaussian_d2,null,10,600,2,1,CDK repaired,1,5.963101625442505,41,15,0.2926829268292683,0.23,1.0,1.0,1.0
null_gaussian_d2,null,12,600,2,1,CDK repaired,1,6.0140862464904785,40,15,0.2,0.12000000000000001,1.0,1.0,1.0
null_gaussian_d2,null,13,600,2,1,CDK repaired,1,6.196526050567627,47,17,0.2127659574468085,0.16,1.0,1.0,1.0
null_gaussian_d2,null,15,600,2,1,CDK repaired,1,5.774493932723999,38,15,0.21052631578947367,0.14,1.0,1.0,1.0
null_gaussian_d2,null,14,600,2,1,CDK repaired,1,7.325740575790405,44,16,0.25,0.065,1.0,1.0,1.0
null_gaussian_d2,null,16,600,2,1,CDK repaired,1,4.8412253856658936,38,15,0.18421052631578946,0.2566137566137566,1.0,1.0,1.0
null_gaussian_d2,null,17,600,2,1,CDK repaired,1,5.620614528656006,38,15,0.18421052631578946,0.1325,1.0,1.0,1.0
null_gaussian_d2,null,18,600,2,1,CDK repaired,1,4.673137426376343,37,14,0.1891891891891892,0.3076923076923077,1.0,1.0,1.0
null_gaussian_d2,null,19,600,2,1,CDK repaired,1,4.802135229110718,32,12,0.21875,0.26236559139784943,1.0,1.0,1.0
null_gaussian_d10,null,0,600,10,1,CDK repaired,1,4.846675395965576,33,14,0.030303030303030304,0.6538461538461539,1.0,1.0,1.0
null_gaussian_d10,null,1,600,10,1,CDK repaired,1,4.432213544845581,39,15,0.02564102564102564,0.5384615384615384,1.0,1.0,1.0
null_gaussian_d10,null,2,600,10,1,CDK repaired,1,4.657963514328003,36,15,0.05555555555555555,0.6346153846153846,1.0,1.0,1.0
null_gaussian_d10,null,3,600,10,1,CDK repaired,1,4.5313544273376465,38,16,0.07894736842105263,0.5961538461538461,1.0,1.0,1.0
null_gaussian_d10,null,4,600,10,1,CDK repaired,1,4.001844644546509,32,13,0.0,0.7307692307692307,1.0,1.0,1.0
null_gaussian_d10,null,5,600,10,1,CDK repaired,1,3.527989625930786,40,16,0.025,0.8076923076923077,1.0,1.0,1.0
null_gaussian_d10,null,6,600,10,1,CDK repaired,1,3.5552749633789062,33,14,0.0,0.6153846153846154,1.0,1.0,1.0
null_gaussian_d10,null,7,600,10,1,CDK repaired,1,3.957031726837158,34,14,0.058823529411764705,0.7115384615384615,1.0,1.0,1.0
null_gaussian_d10,null,8,600,10,1,CDK repaired,1,2.502915620803833,35,15,0.0,0.6153846153846154,1.0,1.0,1.0
null_gaussian_d10,null,10,600,10,1,CDK repaired,1,2.353222370147705,37,16,0.0,0.6923076923076923,1.0,1.0,1.0
null_gaussian_d10,null,9,600,10,1,CDK repaired,1,3.9405951499938965,33,14,0.030303030303030304,0.46153846153846156,1.0,1.0,1.0
null_gaussian_d10,null,11,600,10,1,CDK repaired,1,2.4715168476104736,35,15,0.02857142857142857,0.6923076923076923,1.0,1.0,1.0
null_gaussian_d10,null,12,600,10,1,CDK repaired,1,2.7319118976593018,30,14,0.0,0.6346153846153846,1.0,1.0,1.0
null_gaussian_d10,null,13,600,10,1,CDK repaired,1,3.826643705368042,34,14,0.029411764705882353,0.5961538461538461,1.0,1.0,1.0
null_gaussian_d10,null,14,600,10,1,CDK repaired,1,3.253704786300659,30,13,0.03333333333333333,0.5769230769230769,1.0,1.0,1.0
null_gaussian_d10,null,15,600,10,1,CDK repaired,1,3.0579135417938232,38,15,0.0,0.6153846153846154,1.0,1.0,1.0
null_gaussian_d10,null,16,600,10,1,CDK repaired,1,3.367748975753784,34,15,0.029411764705882353,0.6346153846153846,1.0,1.0,1.0
null_gaussian_d10,null,17,600,10,1,CDK repaired,1,3.8812546730041504,31,14,0.06451612903225806,0.6538461538461539,1.0,1.0,1.0
null_gaussian_d10,null,18,600,10,1,CDK repaired,1,3.8787777423858643,38,15,0.05263157894736842,0.5192307692307692,1.0,1.0,1.0
null_gaussian_d10,null,19,600,10,1,CDK repaired,1,4.942706346511841,34,14,0.029411764705882353,0.5576923076923077,1.0,1.0,1.0
null_uniform_d2,null,0,600,2,1,CDK repaired,1,5.664553642272949,35,15,0.37142857142857144,0.075,1.0,1.0,1.0
null_uniform_d2,null,1,600,2,1,CDK repaired,1,4.904220104217529,33,14,0.3333333333333333,0.095,1.0,1.0,1.0
null_uniform_d2,null,2,600,2,1,CDK repaired,1,5.883901119232178,41,17,0.2682926829268293,0.115,1.0,1.0,1.0
null_uniform_d2,null,3,600,2,1,CDK repaired,1,5.315667390823364,42,17,0.21428571428571427,0.2388157894736842,1.0,1.0,1.0
null_uniform_d2,null,4,600,2,1,CDK repaired,1,5.904320001602173,33,14,0.3333333333333333,0.055,1.0,1.0,1.0
null_uniform_d2,null,5,600,2,1,CDK repaired,1,6.774419069290161,38,16,0.39473684210526316,0.09,1.0,1.0,1.0
null_uniform_d2,null,6,600,2,1,CDK repaired,1,5.209977149963379,38,16,0.21052631578947367,0.1675,1.0,1.0,1.0
null_uniform_d2,null,8,600,2,1,CDK repaired,1,4.635241746902466,37,15,0.2702702702702703,0.12,1.0,1.0,1.0
null_uniform_d2,null,7,600,2,1,CDK repaired,1,5.994627237319946,33,14,0.36363636363636365,0.06,1.0,1.0,1.0
null_uniform_d2,null,9,600,2,1,CDK repaired,1,5.799428462982178,32,13,0.375,0.025,1.0,1.0,1.0
null_uniform_d2,null,10,600,2,1,CDK repaired,1,5.999823570251465,37,15,0.2972972972972973,0.155,1.0,1.0,1.0
null_uniform_d2,null,11,600,2,1,CDK repaired,1,4.098512887954712,38,16,0.23684210526315788,0.2636476426799007,1.0,1.0,1.0
null_uniform_d2,null,12,600,2,1,CDK repaired,1,5.900014877319336,35,15,0.2571428571428571,0.085,1.0,1.0,1.0
null_uniform_d2,null,13,600,2,1,CDK repaired,1,5.07977819442749,37,15,0.2972972972972973,0.14,1.0,1.0,1.0
null_uniform_d2,null,14,600,2,1,CDK repaired,1,5.04201602935791,36,15,0.2222222222222222,0.2666908563134978,1.0,1.0,1.0
null_uniform_d2,null,15,600,2,1,CDK repaired,1,6.004883766174316,33,14,0.3333333333333333,0.05,1.0,1.0,1.0
null_uniform_d2,null,16,600,2,1,CDK repaired,1,5.7816994190216064,42,17,0.23809523809523808,0.24607142857142855,1.0,1.0,1.0
null_uniform_d2,null,17,600,2,1,CDK repaired,1,5.130197525024414,39,16,0.28205128205128205,0.19,1.0,1.0,1.0
null_uniform_d2,null,18,600,2,1,CDK repaired,1,5.367860555648804,37,15,0.2702702702702703,0.25806451612903225,1.0,1.0,1.0
null_uniform_d2,null,19,600,2,1,CDK repaired,1,6.311505079269409,40,16,0.275,0.07250000000000001,1.0,1.0,1.0
null_uniform_d10,null,0,600,10,1,CDK repaired,1,4.7908711433410645,36,16,0.027777777777777776,0.40384615384615385,1.0,1.0,1.0
null_uniform_d10,null,1,600,10,1,CDK repaired,1,3.684424638748169,31,14,0.0,0.38461538461538464,1.0,1.0,1.0
null_uniform_d10,null,2,600,10,1,CDK repaired,1,4.978562355041504,33,14,0.06060606060606061,0.38461538461538464,1.0,1.0,1.0
null_uniform_d10,null,3,600,10,1,CDK repaired,1,5.4410014152526855,32,14,0.09375,0.3269230769230769,1.0,1.0,1.0
null_uniform_d10,null,4,600,10,1,CDK repaired,1,4.4189772605896,40,17,0.025,0.3076923076923077,1.0,1.0,1.0
null_uniform_d10,null,5,600,10,1,CDK repaired,1,5.778339624404907,33,14,0.12121212121212122,0.2692307692307692,1.0,1.0,1.0
null_uniform_d10,null,6,600,10,1,CDK repaired,1,6.019891977310181,33,14,0.06060606060606061,0.2692307692307692,1.0,1.0,1.0
null_uniform_d10,null,8,600,10,1,CDK repaired,1,4.699133396148682,41,17,0.04878048780487805,0.4230769230769231,1.0,1.0,1.0
null_uniform_d10,null,7,600,10,1,CDK repaired,1,6.241642475128174,39,16,0.10256410256410256,0.2692307692307692,1.0,1.0,1.0
null_uniform_d10,null,10,600,10,1,CDK repaired,1,5.02878212928772,32,15,0.03125,0.40384615384615385,1.0,1.0,1.0
null_uniform_d10,null,9,600,10,1,CDK repaired,1,5.550236940383911,39,17,0.07692307692307693,0.3076923076923077,1.0,1.0,1.0
null_uniform_d10,null,11,600,10,1,CDK repaired,1,5.496181964874268,32,14,0.09375,0.3653846153846154,1.0,1.0,1.0
null_uniform_d10,null,12,600,10,1,CDK repaired,1,5.349542140960693,37,15,0.05405405405405406,0.38461538461538464,1.0,1.0,1.0
null_uniform_d10,null,13,600,10,1,CDK repaired,1,5.592262268066406,30,13,0.13333333333333333,0.34615384615384615,1.0,1.0,1.0
null_uniform_d10,null,14,600,10,1,CDK repaired,1,6.143787384033203,37,16,0.16216216216216217,0.2692307692307692,1.0,1.0,1.0
null_uniform_d10,null,15,600,10,1,CDK repaired,1,4.803267478942871,36,15,0.05555555555555555,0.34615384615384615,1.0,1.0,1.0
null_uniform_d10,null,16,600,10,1,CDK repaired,1,4.848829030990601,40,17,0.075,0.5,1.0,1.0,1.0
null_uniform_d10,null,18,600,10,1,CDK repaired,1,4.845106363296509,36,15,0.1388888888888889,0.3653846153846154,1.0,1.0,1.0
null_uniform_d10,null,17,600,10,1,CDK repaired,1,5.957969665527344,33,14,0.12121212121212122,0.25806451612903225,1.0,1.0,1.0
null_t3_d2,null,0,600,2,1,CDK repaired,1,4.174526691436768,26,9,0.2692307692307692,0.2221153846153846,1.0,1.0,1.0
null_t3_d2,null,1,600,2,1,CDK repaired,1,0.003009319305419922,0,1,0.0,,1.0,1.0,1.0
null_uniform_d10,null,19,600,10,1,CDK repaired,1,5.610206127166748,39,16,0.05128205128205128,0.34615384615384615,1.0,1.0,1.0
null_t3_d2,null,3,600,2,1,CDK repaired,1,3.9234509468078613,28,10,0.2857142857142857,0.4230769230769231,1.0,1.0,1.0
null_t3_d2,null,2,600,2,1,CDK repaired,2,6.5699076652526855,25,9,0.36,0.04,0.0,0.0,0.0
null_t3_d2,null,4,600,2,1,CDK repaired,1,2.983731985092163,17,7,0.17647058823529413,0.5,1.0,1.0,1.0
null_t3_d2,null,6,600,2,1,CDK repaired,1,0.7275421619415283,10,4,0.0,0.9230769230769231,1.0,1.0,1.0
null_t3_d2,null,5,600,2,1,CDK repaired,1,2.2400317192077637,22,8,0.22727272727272727,0.7115384615384616,1.0,1.0,1.0
null_t3_d2,null,8,600,2,1,CDK repaired,1,3.1274733543395996,26,9,0.23076923076923078,0.3269230769230769,1.0,1.0,1.0
null_t3_d2,null,7,600,2,1,CDK repaired,1,4.5435731410980225,18,7,0.5,0.0125,1.0,1.0,1.0
null_t3_d2,null,9,600,2,1,CDK repaired,1,4.315183162689209,26,10,0.34615384615384615,0.22884615384615387,1.0,1.0,1.0
null_t3_d2,null,11,600,2,1,CDK repaired,1,0.447507381439209,6,3,0.0,1.0,1.0,1.0,1.0
null_t3_d2,null,10,600,2,1,CDK repaired,1,5.224637031555176,37,13,0.2972972972972973,0.125,1.0,1.0,1.0
null_t3_d2,null,12,600,2,1,CDK repaired,2,3.1315433979034424,14,6,0.42857142857142855,0.1921153846153846,0.0,0.0,0.0
null_t3_d2,null,13,600,2,1,CDK repaired,1,3.9565389156341553,23,9,0.30434782608695654,0.195,1.0,1.0,1.0
null_t3_d2,null,14,600,2,1,CDK repaired,1,2.68713641166687,22,8,0.2727272727272727,0.3269230769230769,1.0,1.0,1.0
null_t3_d2,null,16,600,2,1,CDK repaired,1,1.4251201152801514,10,4,0.1,1.0,1.0,1.0,1.0
null_t3_d2,null,17,600,2,1,CDK repaired,1,1.09010648727417,10,4,0.1,1.0,1.0,1.0,1.0
null_t3_d2,null,15,600,2,1,CDK repaired,1,4.1381072998046875,38,13,0.18421052631578946,0.26424501424501423,1.0,1.0,1.0
null_t3_d2,null,19,600,2,1,CDK repaired,1,0.001744985580444336,0,1,0.0,,1.0,1.0,1.0
null_t3_d10,null,0,600,10,1,CDK repaired,1,0.7861900329589844,10,4,0.0,1.0,1.0,1.0,1.0
null_t3_d10,null,1,600,10,1,CDK repaired,1,0.3244163990020752,3,2,0.0,1.0,1.0,1.0,1.0
null_t3_d10,null,2,600,10,1,CDK repaired,1,1.275400161743164,23,9,0.0,1.0,1.0,1.0,1.0
null_t3_d10,null,3,600,10,1,CDK repaired,1,0.0030982494354248047,0,1,0.0,,1.0,1.0,1.0
null_t3_d10,null,4,600,10,1,CDK repaired,1,0.8548002243041992,10,4,0.0,1.0,1.0,1.0,1.0
null_t3_d10,null,5,600,10,1,CDK repaired,1,0.0049762725830078125,0,1,0.0,,1.0,1.0,1.0
null_t3_d10,null,6,600,10,1,CDK repaired,1,1.4003636837005615,10,4,0.0,1.0,1.0,1.0,1.0
null_t3_d2,null,18,600,2,1,CDK repaired,1,6.875044822692871,43,15,0.3023255813953488,0.08,1.0,1.0,1.0
null_t3_d10,null,8,600,10,1,CDK repaired,1,0.004432201385498047,0,1,0.0,,1.0,1.0,1.0
null_t3_d10,null,9,600,10,1,CDK repaired,1,1.1525535583496094,17,7,0.0,1.0,1.0,1.0,1.0
null_t3_d10,null,7,600,10,1,CDK repaired,1,2.286510705947876,28,10,0.07142857142857142,1.0,1.0,1.0,1.0
null_t3_d10,null,10,600,10,1,CDK repaired,1,1.046750783920288,18,8,0.0,1.0,1.0,1.0,1.0
null_t3_d10,null,11,600,10,1,CDK repaired,1,1.0132555961608887,16,7,0.0,1.0,1.0,1.0,1.0
null_t3_d10,null,12,600,10,1,CDK repaired,1,1.1610019207000732,20,8,0.0,1.0,1.0,1.0,1.0
null_t3_d10,null,13,600,10,1,CDK repaired,1,1.3883650302886963,16,7,0.0,1.0,1.0,1.0,1.0
null_t3_d10,null,14,600,10,1,CDK repaired,1,1.0223605632781982,14,6,0.0,1.0,1.0,1.0,1.0
null_t3_d10,null,15,600,10,1,CDK repaired,1,1.162353754043579,17,7,0.0,1.0,1.0,1.0,1.0
null_t3_d10,null,17,600,10,1,CDK repaired,1,1.0454812049865723,16,7,0.0,1.0,1.0,1.0,1.0
null_t3_d10,null,16,600,10,1,CDK repaired,1,1.8229072093963623,18,7,0.0,1.0,1.0,1.0,1.0
null_t3_d10,null,19,600,10,1,CDK repaired,1,1.4534554481506348,18,7,0.0,1.0,1.0,1.0,1.0
null_t3_d10,null,18,600,10,1,CDK repaired,1,2.5854485034942627,26,9,0.038461538461538464,1.0,1.0,1.0,1.0
null_aniso_d2,null,0,600,2,1,CDK repaired,1,5.586913347244263,39,16,0.38461538461538464,0.065,1.0,1.0,1.0
null_aniso_d2,null,1,600,2,1,CDK repaired,1,7.328871726989746,38,15,0.39473684210526316,0.03,1.0,1.0,1.0
null_aniso_d2,null,2,600,2,1,CDK repaired,1,5.298358917236328,30,12,0.43333333333333335,0.042499999999999996,1.0,1.0,1.0
null_aniso_d2,null,3,600,2,1,CDK repaired,1,4.984227895736694,34,14,0.38235294117647056,0.2296153846153846,1.0,1.0,1.0
null_aniso_d2,null,4,600,2,1,CDK repaired,1,5.7966225147247314,37,15,0.32432432432432434,0.085,1.0,1.0,1.0
null_aniso_d2,null,5,600,2,1,CDK repaired,1,6.127211093902588,39,16,0.3333333333333333,0.05,1.0,1.0,1.0
null_aniso_d2,null,6,600,2,1,CDK repaired,1,5.801917314529419,29,11,0.41379310344827586,0.045,1.0,1.0,1.0
null_aniso_d2,null,7,600,2,1,CDK repaired,1,5.689640283584595,38,15,0.3684210526315789,0.08,1.0,1.0,1.0
null_aniso_d2,null,8,600,2,1,CDK repaired,1,6.006829738616943,33,14,0.3939393939393939,0.03,1.0,1.0,1.0
null_aniso_d2,null,9,600,2,1,CDK repaired,1,6.048171758651733,40,16,0.35,0.065,1.0,1.0,1.0
null_aniso_d2,null,10,600,2,1,CDK repaired,1,5.695619106292725,33,14,0.3333333333333333,0.05,1.0,1.0,1.0
null_aniso_d2,null,11,600,2,1,CDK repaired,1,6.527666330337524,39,15,0.46153846153846156,0.035,1.0,1.0,1.0
null_aniso_d2,null,12,600,2,1,CDK repaired,1,5.704356670379639,31,12,0.4838709677419355,0.015,1.0,1.0,1.0
null_aniso_d2,null,13,600,2,1,CDK repaired,1,5.9490978717803955,34,14,0.4411764705882353,0.07750000000000001,1.0,1.0,1.0
null_aniso_d2,null,14,600,2,1,CDK repaired,1,5.588953495025635,32,13,0.40625,0.052500000000000005,1.0,1.0,1.0
null_aniso_d2,null,15,600,2,1,CDK repaired,2,6.045904636383057,34,14,0.38235294117647056,0.07500000000000001,0.0,0.0,0.0
null_aniso_d2,null,16,600,2,1,CDK repaired,1,6.652025938034058,37,14,0.4864864864864865,0.015,1.0,1.0,1.0
null_aniso_d2,null,17,600,2,1,CDK repaired,1,5.8791584968566895,30,12,0.5333333333333333,0.01,1.0,1.0,1.0
null_aniso_d2,null,18,600,2,1,CDK repaired,2,6.373379230499268,44,18,0.4090909090909091,0.0575,0.0,0.0,0.0
null_aniso_d2,null,19,600,2,1,CDK repaired,1,5.843782424926758,30,12,0.5,0.0125,1.0,1.0,1.0
null_aniso_d10,null,0,600,10,1,CDK repaired,1,4.237494230270386,36,15,0.08333333333333333,0.5769230769230769,1.0,1.0,1.0
null_aniso_d10,null,1,600,10,1,CDK repaired,1,4.746022462844849,37,15,0.10810810810810811,0.46153846153846156,1.0,1.0,1.0
null_aniso_d10,null,2,600,10,1,CDK repaired,1,4.720762729644775,38,16,0.05263157894736842,0.4807692307692308,1.0,1.0,1.0
null_aniso_d10,null,3,600,10,1,CDK repaired,1,5.208213567733765,41,16,0.17073170731707318,0.4230769230769231,1.0,1.0,1.0
null_aniso_d10,null,4,600,10,1,CDK repaired,1,5.423841953277588,31,13,0.22580645161290322,0.6153846153846154,1.0,1.0,1.0
null_aniso_d10,null,5,600,10,1,CDK repaired,1,5.612890958786011,33,14,0.21212121212121213,0.34615384615384615,1.0,1.0,1.0
null_aniso_d10,null,6,600,10,1,CDK repaired,1,4.327494382858276,36,14,0.05555555555555555,0.7884615384615385,1.0,1.0,1.0
null_aniso_d10,null,7,600,10,1,CDK repaired,1,4.29570460319519,31,14,0.0967741935483871,0.38461538461538464,1.0,1.0,1.0
null_aniso_d10,null,8,600,10,1,CDK repaired,1,5.00422739982605,34,14,0.17647058823529413,0.5,1.0,1.0,1.0
null_aniso_d10,null,10,600,10,1,CDK repaired,1,3.4646108150482178,26,11,0.15384615384615385,0.46153846153846156,1.0,1.0,1.0
null_aniso_d10,null,9,600,10,1,CDK repaired,1,5.5732102394104,39,16,0.1282051282051282,0.6538461538461539,1.0,1.0,1.0
null_aniso_d10,null,12,600,10,1,CDK repaired,1,3.3323864936828613,32,14,0.0625,0.6538461538461539,1.0,1.0,1.0
null_aniso_d10,null,11,600,10,1,CDK repaired,1,5.248381853103638,31,13,0.16129032258064516,0.4230769230769231,1.0,1.0,1.0
null_aniso_d10,null,13,600,10,1,CDK repaired,1,3.0948290824890137,32,14,0.03125,0.7692307692307692,1.0,1.0,1.0
null_aniso_d10,null,14,600,10,1,CDK repaired,1,4.75739049911499,34,14,0.08823529411764706,0.5384615384615384,1.0,1.0,1.0
null_aniso_d10,null,15,600,10,1,CDK repaired,1,6.498917579650879,34,14,0.23529411764705882,0.1275,1.0,1.0,1.0
null_aniso_d10,null,16,600,10,1,CDK repaired,1,5.102074146270752,37,15,0.05405405405405406,0.5,1.0,1.0,1.0
null_aniso_d10,null,18,600,10,1,CDK repaired,1,5.0587193965911865,29,12,0.20689655172413793,0.38461538461538464,1.0,1.0,1.0
null_aniso_d10,null,17,600,10,1,CDK repaired,1,6.757909297943115,40,16,0.225,0.14250000000000002,1.0,1.0,1.0
Iris,real,0,150,4,3,CDK repaired,2,1.05562424659729,6,3,0.3333333333333333,0.3151923076923077,0.5681159420289855,0.7315847607219573,0.7336804366512104
Iris,real,1,150,4,3,CDK repaired,2,1.0378127098083496,6,3,0.3333333333333333,0.18057692307692308,0.5681159420289855,0.7315847607219573,0.7336804366512104
null_aniso_d10,null,19,600,10,1,CDK repaired,1,3.012178659439087,32,14,0.0625,0.7307692307692308,1.0,1.0,1.0
Iris,real,2,150,4,3,CDK repaired,2,0.7773079872131348,6,3,0.3333333333333333,0.6153846153846154,0.5681159420289855,0.7315847607219573,0.7336804366512104
Iris,real,3,150,4,3,CDK repaired,2,1.3468382358551025,6,3,0.3333333333333333,0.02,0.5681159420289855,0.7315847607219573,0.7336804366512104
Iris,real,4,150,4,3,CDK repaired,2,1.0365228652954102,6,3,0.3333333333333333,0.30173076923076925,0.5681159420289855,0.7315847607219573,0.7336804366512104
Iris,real,5,150,4,3,CDK repaired,2,1.4202189445495605,10,4,0.4,0.16634615384615387,0.5681159420289855,0.7315847607219573,0.7336804366512104
Iris,real,6,150,4,3,CDK repaired,2,1.7503650188446045,10,4,0.4,0.0325,0.5681159420289855,0.7315847607219573,0.7336804366512104
Iris,real,7,150,4,3,CDK repaired,2,0.9119446277618408,6,3,0.3333333333333333,0.3192307692307692,0.5681159420289855,0.7315847607219573,0.7336804366512104
Iris,real,9,150,4,3,CDK repaired,2,0.7754433155059814,6,3,0.3333333333333333,0.4807692307692308,0.5681159420289855,0.7315847607219573,0.7336804366512104
Iris,real,8,150,4,3,CDK repaired,2,1.0467503070831299,6,3,0.3333333333333333,0.23653846153846153,0.5681159420289855,0.7315847607219573,0.7336804366512104
Wine,real,1,178,13,3,CDK repaired,3,1.8586487770080566,6,3,0.6666666666666666,0.005,0.6201585324205922,0.7167517107041727,0.7197735144394726
Wine,real,0,178,13,3,CDK repaired,3,1.9411885738372803,10,4,0.5,0.34865384615384615,0.9132811631904065,0.8736335139006144,0.8749617319420023
Wine,real,2,178,13,3,CDK repaired,3,2.4040069580078125,10,4,0.5,0.034999999999999996,0.7061522803267194,0.7394114515975244,0.7421417676387967
Wine,real,3,178,13,3,CDK repaired,3,2.726651191711426,10,5,0.8,0.005,0.8249724103208144,0.8109901595207788,0.8129979493833708
Wine,real,5,178,13,3,CDK repaired,3,1.9314022064208984,6,3,0.5,0.0125,0.6432077747162065,0.7048869057505933,0.7079972883290646
Wine,real,4,178,13,3,CDK repaired,2,2.5390377044677734,10,5,0.7,0.005,0.5499067956270987,0.6634139518643454,0.6656263298249103
Wine,real,7,178,13,3,CDK repaired,3,2.05704927444458,6,3,0.6666666666666666,0.005,0.6201585324205922,0.7167517107041727,0.7197735144394726
Wine,real,6,178,13,3,CDK repaired,3,2.3555357456207275,10,4,0.6,0.0075,0.9296062769008537,0.8999994874600835,0.9010505064276644
Wine,real,8,178,13,3,CDK repaired,3,2.0094738006591797,10,4,0.5,0.36788461538461537,0.8312800990128415,0.833334981160594,0.835099540332014
Wine,real,9,178,13,3,CDK repaired,3,2.0577402114868164,10,4,0.5,0.21403846153846154,0.8620510103782859,0.8318883750734866,0.8336552510822279
Breast cancer,real,1,569,30,2,CDK repaired,1,7.491406440734863,32,12,0.3125,0.16,0.0,0.0,0.0
Breast cancer,real,0,569,30,2,CDK repaired,1,8.040618896484375,25,10,0.48,0.04,0.0,0.0,0.0
Breast cancer,real,2,569,30,2,CDK repaired,1,6.86748480796814,26,10,0.34615384615384615,0.1325,0.0,0.0,0.0
Breast cancer,real,3,569,30,2,CDK repaired,1,7.32379674911499,24,9,0.5,0.015,0.0,0.0,0.0
Breast cancer,real,5,569,30,2,CDK repaired,1,6.265580415725708,28,11,0.35714285714285715,0.2692307692307692,0.0,0.0,0.0
Breast cancer,real,4,569,30,2,CDK repaired,3,8.42778468132019,32,13,0.4375,0.07750000000000001,0.609438273580172,0.4871791822270567,0.4883704178012516
Breast cancer,real,6,569,30,2,CDK repaired,2,7.473395109176636,23,9,0.43478260869565216,0.025,0.6536246043910179,0.5317737219826534,0.5324078598532422
Breast cancer,real,7,569,30,2,CDK repaired,1,7.631681442260742,29,11,0.3448275862068966,0.11,0.0,0.0,0.0
Breast cancer,real,8,569,30,2,CDK repaired,1,7.331568479537964,35,13,0.2857142857142857,0.105,0.0,0.0,0.0
Breast cancer,real,9,569,30,2,CDK repaired,1,7.331701755523682,25,10,0.32,0.08,0.0,0.0,0.0
Digits,real,1,1797,64,10,CDK repaired,1,0.029216289520263672,0,1,0.0,,0.0,0.0,0.0
Digits,real,0,1797,64,10,CDK repaired,3,35.38420343399048,38,13,0.6052631578947368,0.005,0.01394726699726298,0.11856442207094922,0.12209322789505736
Digits,real,2,1797,64,10,CDK repaired,1,53.82007718086243,74,27,0.5135135135135135,0.0075,0.0,0.0,0.0
Digits,real,3,1797,64,10,CDK repaired,7,44.07314586639404,100,35,0.56,0.005,0.03909568416586438,0.2544584350557614,0.26215403034677354
Digits,real,4,1797,64,10,CDK repaired,2,46.889676332473755,75,27,0.4666666666666667,0.05,0.00036777335108623783,0.017169115753760823,0.019417912793759297
Digits,real,5,1797,64,10,CDK repaired,10,38.31043481826782,51,18,0.8235294117647058,0.005,0.12151158549483339,0.40539741806247004,0.41302208286372916
Digits,real,6,1797,64,10,CDK repaired,5,52.713111877441406,88,32,0.5568181818181818,0.005,0.020193693707601608,0.18001510596757048,0.18575768424566583
Digits,real,7,1797,64,10,CDK repaired,5,39.64814472198486,59,22,0.5423728813559322,0.005,0.01010463212817948,0.13974272426461118,0.14628407459143178
Digits,real,9,1797,64,10,CDK repaired,1,0.04319906234741211,0,1,0.0,,0.0,0.0,0.0
Digits-700,real,0,700,64,10,CDK repaired,1,11.701478958129883,16,7,0.25,0.9423076923076923,0.0,0.0,0.0
Digits-700,real,1,700,64,10,CDK repaired,1,0.008877754211425781,0,1,0.0,,0.0,0.0,0.0
Digits-700,real,2,700,64,10,CDK repaired,1,18.76113796234131,42,15,0.42857142857142855,0.1575,0.0,0.0,0.0
Digits,real,8,1797,64,10,CDK repaired,2,39.03462243080139,57,21,0.5263157894736842,0.005,0.0027000037370943654,0.04723229397912133,0.04929737026405076
Digits-700,real,4,700,64,10,CDK repaired,1,0.017405033111572266,0,1,0.0,,0.0,0.0,0.0
Digits-700,real,3,700,64,10,CDK repaired,2,15.118563413619995,29,10,0.5172413793103449,0.005,0.016225706272867915,0.11461902683235686,0.11929694250204524
Digits-700,real,5,700,64,10,CDK repaired,1,16.248162746429443,38,14,0.47368421052631576,0.0175,0.0,0.0,0.0
Digits-700,real,7,700,64,10,CDK repaired,1,0.009399652481079102,0,1,0.0,,0.0,0.0,0.0
Digits-700,real,6,700,64,10,CDK repaired,1,16.949048280715942,28,11,0.42857142857142855,0.0875,0.0,0.0,0.0
Digits-700,real,8,700,64,10,CDK repaired,1,10.06598424911499,10,5,0.2,1.0,0.0,0.0,0.0
Digits-700,real,9,700,64,10,CDK repaired,2,13.942930459976196,26,10,0.5,0.0225,0.03270146144052715,0.1830727326146082,0.18725947845806387
Digits-0168,real,0,715,64,4,CDK repaired,4,21.138214826583862,32,12,0.6875,0.005,0.4422751121841875,0.5460761602233996,0.5483116096463
Digits-0168,real,1,715,64,4,CDK repaired,3,16.333277940750122,33,13,0.5454545454545454,0.005,0.3301559014662356,0.5434650111105758,0.5453269038413515
Digits-0168,real,2,715,64,4,CDK repaired,4,22.668315172195435,33,12,0.696969696969697,0.005,0.3772802791820924,0.47778350731805475,0.48045282218597446
Digits-0168,real,3,715,64,4,CDK repaired,1,16.291428327560425,20,8,0.45,0.030000000000000002,0.0,0.0,0.0
Digits-0168,real,4,715,64,4,CDK repaired,2,19.027618646621704,36,14,0.5555555555555556,0.005,0.004699621514856928,0.055991168026494266,0.058469783811428935
Digits-0168,real,5,715,64,4,CDK repaired,3,17.002217054367065,21,8,0.6666666666666666,0.005,0.0471596464792901,0.19290756230957323,0.19669889993252374
Digits-0168,real,6,715,64,4,CDK repaired,5,21.534659147262573,26,10,0.7692307692307693,0.005,0.6292824056205774,0.6763727290516005,0.6783312487090002
Digits-0168,real,7,715,64,4,CDK repaired,3,23.404141426086426,31,12,0.6129032258064516,0.005,0.3034697389969748,0.4814069180783611,0.4835147121344593
Digits-0168,real,8,715,64,4,CDK repaired,4,22.00021767616272,37,14,0.6756756756756757,0.005,0.3297559385962355,0.5321716676428413,0.534845512052214
Digits-0168,real,9,715,64,4,CDK repaired,3,22.289029359817505,33,12,0.6060606060606061,0.005,0.015807905231579548,0.1255561212187557,0.13002738907732983
Digits-0to4,real,1,901,64,5,CDK repaired,1,0.009850263595581055,0,1,0.0,,0.0,0.0,0.0
Digits-0to4,real,0,901,64,5,CDK repaired,1,26.209001779556274,39,15,0.48717948717948717,0.015,0.0,0.0,0.0
Digits-0to4,real,3,901,64,5,CDK repaired,1,0.018297195434570312,0,1,0.0,,0.0,0.0,0.0
Digits-0to4,real,2,901,64,5,CDK repaired,4,32.697800159454346,37,14,0.6216216216216216,0.005,0.3768720264700182,0.5720111235899434,0.5740897572404489
Digits-0to4,real,4,901,64,5,CDK repaired,4,28.34325361251831,29,12,0.5862068965517241,0.005,0.4649978988011774,0.606493686564264,0.6083626710173958
Digits-0to4,real,5,901,64,5,CDK repaired,6,30.407958269119263,34,14,0.7058823529411765,0.005,0.250760591930339,0.5026779128004516,0.5068206710338049
Digits-0to4,real,6,901,64,5,CDK repaired,6,34.34375,30,12,0.8,0.005,0.6045953680369949,0.6632773024417945,0.6655526769877752
Digits-0to4,real,7,901,64,5,CDK repaired,5,32.28960561752319,33,13,0.696969696969697,0.005,0.047233638891532474,0.20922652695540514,0.21555252294252414
Digits-0to4,real,8,901,64,5,CDK repaired,3,25.797189950942993,47,18,0.5106382978723404,0.01,0.027179537043706903,0.1447908271447571,0.14850359068039376
Digits-0to4,real,9,901,64,5,CDK repaired,3,33.667633295059204,23,9,0.6086956521739131,0.005,0.1827917939634869,0.32317983249039356,0.32570795658734947
Digits-PCA10,real,0,1797,10,10,CDK repaired,6,24.61910080909729,59,21,0.6271186440677966,0.005,0.05164135161283742,0.25769074188757923,0.26397121141208146
Digits-PCA10,real,2,1797,10,10,CDK repaired,1,6.840534687042236,14,6,0.5,0.0525,0.0,0.0,0.0
Digits-PCA10,real,1,1797,10,10,CDK repaired,5,22.818389892578125,57,21,0.6666666666666666,0.005,0.031196693791025652,0.21821299771481054,0.2235514452949931
Digits-PCA10,real,3,1797,10,10,CDK repaired,7,22.18723201751709,80,30,0.5375,0.01,0.20363593525595508,0.5009468299161685,0.5050433111526501
Digits-PCA10,real,4,1797,10,10,CDK repaired,5,19.01402497291565,79,27,0.5443037974683544,0.005,0.036802035260617524,0.2297900280371828,0.2352647775722197
Digits-PCA10,real,5,1797,10,10,CDK repaired,7,17.408757209777832,79,29,0.45569620253164556,0.025,0.13606913881867777,0.44591523357083185,0.4509723086110416
Digits-PCA10,real,6,1797,10,10,CDK repaired,4,20.623019218444824,63,21,0.6031746031746031,0.005,0.03803635561990706,0.2048327839037362,0.2090292715784167
Digits-PCA10,real,7,1797,10,10,CDK repaired,3,14.850840330123901,69,26,0.42028985507246375,0.12,0.043689158087708485,0.21931192908062838,0.22228694130062845
Digits-PCA10,real,8,1797,10,10,CDK repaired,4,21.09979271888733,89,32,0.43820224719101125,0.015,0.11211523473570893,0.39131536728638944,0.394263612663692
Digits-PCA10,real,9,1797,10,10,CDK repaired,3,16.540701866149902,60,21,0.36666666666666664,0.19412337662337661,0.0046508631165531585,0.07945446763831977,0.08338975085532922
BC-benign(1cls),real,0,357,30,1,CDK repaired,1,3.224102258682251,17,7,0.35294117647058826,0.5769230769230769,1.0,1.0,1.0
BC-benign(1cls),real,1,357,30,1,CDK repaired,1,3.570751905441284,20,8,0.35,0.4602564102564103,1.0,1.0,1.0
BC-benign(1cls),real,2,357,30,1,CDK repaired,1,3.739108085632324,20,8,0.15,0.5192307692307692,1.0,1.0,1.0
BC-benign(1cls),real,3,357,30,1,CDK repaired,1,3.581660270690918,14,6,0.21428571428571427,0.41692307692307695,1.0,1.0,1.0
BC-benign(1cls),real,4,357,30,1,CDK repaired,1,4.033548593521118,26,10,0.19230769230769232,0.4423076923076923,1.0,1.0,1.0
BC-benign(1cls),real,5,357,30,1,CDK repaired,1,4.316129207611084,14,6,0.21428571428571427,0.1,1.0,1.0,1.0
BC-benign(1cls),real,6,357,30,1,CDK repaired,1,2.586555242538452,17,7,0.23529411764705882,0.5769230769230769,1.0,1.0,1.0
BC-benign(1cls),real,8,357,30,1,CDK repaired,1,4.661504507064819,17,7,0.35294117647058826,0.18,1.0,1.0,1.0
BC-benign(1cls),real,7,357,30,1,CDK repaired,1,5.278320550918579,24,9,0.3333333333333333,0.07,1.0,1.0,1.0
BC-malignant(1cls),real,0,212,30,1,CDK repaired,1,2.236462116241455,10,5,0.4,0.052500000000000005,1.0,1.0,1.0
BC-benign(1cls),real,9,357,30,1,CDK repaired,1,3.4728143215179443,14,6,0.07142857142857142,0.305,1.0,1.0,1.0
BC-malignant(1cls),real,1,212,30,1,CDK repaired,1,1.811276912689209,10,4,0.2,0.5576923076923077,1.0,1.0,1.0
BC-malignant(1cls),real,3,212,30,1,CDK repaired,1,0.0018999576568603516,0,1,0.0,,1.0,1.0,1.0
BC-malignant(1cls),real,2,212,30,1,CDK repaired,1,1.9750723838806152,10,4,0.1,0.32193732193732194,1.0,1.0,1.0
BC-malignant(1cls),real,4,212,30,1,CDK repaired,1,2.156379461288452,10,5,0.1,0.18884615384615386,1.0,1.0,1.0
BC-malignant(1cls),real,5,212,30,1,CDK repaired,1,1.8583953380584717,6,3,0.3333333333333333,0.2098076923076923,1.0,1.0,1.0
BC-malignant(1cls),real,6,212,30,1,CDK repaired,1,1.7329881191253662,10,5,0.2,0.3653846153846154,1.0,1.0,1.0
BC-malignant(1cls),real,7,212,30,1,CDK repaired,1,1.9316673278808594,10,4,0.1,0.5384615384615384,1.0,1.0,1.0
BC-malignant(1cls),real,9,212,30,1,CDK repaired,1,0.3101620674133301,3,2,0.0,0.6923076923076923,1.0,1.0,1.0
BC-malignant(1cls),real,8,212,30,1,CDK repaired,1,1.7558257579803467,10,4,0.3,0.46153846153846156,1.0,1.0,1.0
Digit-1(1cls),real,0,182,64,1,CDK repaired,2,2.37522292137146,6,3,0.5,0.2717307692307692,0.0,0.0,0.0
Digit-1(1cls),real,2,182,64,1,CDK repaired,1,3.7675669193267822,6,3,0.3333333333333333,0.15013513513513516,1.0,1.0,1.0
Digit-1(1cls),real,1,182,64,1,CDK repaired,4,6.116300344467163,10,4,0.9,0.005,0.0,0.0,0.0
Digit-1(1cls),real,3,182,64,1,CDK repaired,2,2.940984010696411,6,3,0.3333333333333333,0.0375,0.0,0.0,0.0
Digit-1(1cls),real,4,182,64,1,CDK repaired,2,3.0801641941070557,6,3,0.5,0.015000000000000001,0.0,0.0,0.0
Digit-1(1cls),real,5,182,64,1,CDK repaired,2,2.4103264808654785,6,3,0.3333333333333333,0.2457692307692308,0.0,0.0,0.0
Digit-1(1cls),real,7,182,64,1,CDK repaired,2,2.5084240436553955,6,3,0.5,0.15634615384615386,0.0,0.0,0.0
Digit-1(1cls),real,6,182,64,1,CDK repaired,1,4.440072536468506,3,2,0.0,0.02,1.0,1.0,1.0
Digit-1(1cls),real,9,182,64,1,CDK repaired,1,0.0017590522766113281,0,1,0.0,,1.0,1.0,1.0
Digit-1(1cls),real,8,182,64,1,CDK repaired,2,2.523510217666626,6,3,0.5,0.01,0.0,0.0,0.0
Digit-3(1cls),real,0,183,64,1,CDK repaired,1,3.3164312839508057,10,4,0.3,0.40615384615384614,1.0,1.0,1.0
Digit-3(1cls),real,1,183,64,1,CDK repaired,1,3.085763931274414,6,3,0.3333333333333333,0.060000000000000005,1.0,1.0,1.0
Digit-3(1cls),real,2,183,64,1,CDK repaired,1,2.576399564743042,3,2,0.6666666666666666,0.005,1.0,1.0,1.0
Digit-3(1cls),real,3,183,64,1,CDK repaired,1,2.6225357055664062,6,3,0.5,0.5025,1.0,1.0,1.0
Digit-3(1cls),real,4,183,64,1,CDK repaired,1,3.6656599044799805,6,3,0.5,0.030000000000000002,1.0,1.0,1.0
Digit-3(1cls),real,5,183,64,1,CDK repaired,1,2.0858874320983887,6,3,0.3333333333333333,0.7115384615384616,1.0,1.0,1.0
Digit-3(1cls),real,7,183,64,1,CDK repaired,1,2.3205502033233643,6,3,0.3333333333333333,0.3653846153846154,1.0,1.0,1.0
Digit-3(1cls),real,6,183,64,1,CDK repaired,1,3.5288639068603516,10,4,0.3,0.4423076923076923,1.0,1.0,1.0
Digit-3(1cls),real,8,183,64,1,CDK repaired,1,2.3444652557373047,6,3,0.3333333333333333,0.9807692307692308,1.0,1.0,1.0
Digit-7(1cls),real,0,179,64,1,CDK repaired,1,0.003165721893310547,0,1,0.0,,1.0,1.0,1.0
Digit-7(1cls),real,1,179,64,1,CDK repaired,1,0.003360748291015625,0,1,0.0,,1.0,1.0,1.0
Digit-7(1cls),real,2,179,64,1,CDK repaired,1,0.0034570693969726562,0,1,0.0,,1.0,1.0,1.0
Digit-7(1cls),real,3,179,64,1,CDK repaired,1,0.0042040348052978516,0,1,0.0,,1.0,1.0,1.0
Digit-7(1cls),real,4,179,64,1,CDK repaired,1,0.005023002624511719,0,1,0.0,,1.0,1.0,1.0
Digit-7(1cls),real,5,179,64,1,CDK repaired,1,0.0031762123107910156,0,1,0.0,,1.0,1.0,1.0
Digit-7(1cls),real,6,179,64,1,CDK repaired,1,0.003326416015625,0,1,0.0,,1.0,1.0,1.0
Digit-7(1cls),real,7,179,64,1,CDK repaired,1,0.003970623016357422,0,1,0.0,,1.0,1.0,1.0
Digit-7(1cls),real,8,179,64,1,CDK repaired,1,0.004163980484008789,0,1,0.0,,1.0,1.0,1.0
Digit-7(1cls),real,9,179,64,1,CDK repaired,1,0.0031232833862304688,0,1,0.0,,1.0,1.0,1.0
Wine-c1(1cls),real,0,71,13,1,CDK repaired,1,0.0014014244079589844,0,1,0.0,,1.0,1.0,1.0
Wine-c1(1cls),real,1,71,13,1,CDK repaired,1,0.0012640953063964844,0,1,0.0,,1.0,1.0,1.0
Wine-c1(1cls),real,2,71,13,1,CDK repaired,1,0.34197068214416504,3,2,0.3333333333333333,1.0,1.0,1.0,1.0
Wine-c1(1cls),real,3,71,13,1,CDK repaired,1,0.3309469223022461,3,2,0.3333333333333333,0.9230769230769231,1.0,1.0,1.0
Wine-c1(1cls),real,4,71,13,1,CDK repaired,1,0.0017323493957519531,0,1,0.0,,1.0,1.0,1.0
Wine-c1(1cls),real,5,71,13,1,CDK repaired,1,0.001010894775390625,0,1,0.0,,1.0,1.0,1.0
Wine-c1(1cls),real,6,71,13,1,CDK repaired,1,0.1203153133392334,3,2,0.0,0.9615384615384616,1.0,1.0,1.0
Wine-c1(1cls),real,7,71,13,1,CDK repaired,1,0.0017139911651611328,0,1,0.0,,1.0,1.0,1.0
Wine-c1(1cls),real,8,71,13,1,CDK repaired,1,0.4206504821777344,3,2,0.0,0.5384615384615384,1.0,1.0,1.0
Wine-c1(1cls),real,9,71,13,1,CDK repaired,1,0.0008223056793212891,0,1,0.0,,1.0,1.0,1.0
Iris-setosa(1cls),real,0,50,4,1,CDK repaired,1,0.0007808208465576172,0,1,0.0,,1.0,1.0,1.0
Iris-setosa(1cls),real,1,50,4,1,CDK repaired,1,0.0006110668182373047,0,1,0.0,,1.0,1.0,1.0
Iris-setosa(1cls),real,2,50,4,1,CDK repaired,1,0.0011878013610839844,0,1,0.0,,1.0,1.0,1.0
Iris-setosa(1cls),real,3,50,4,1,CDK repaired,1,0.00095367431640625,0,1,0.0,,1.0,1.0,1.0
Iris-setosa(1cls),real,4,50,4,1,CDK repaired,1,0.0006537437438964844,0,1,0.0,,1.0,1.0,1.0
Iris-setosa(1cls),real,5,50,4,1,CDK repaired,1,0.07598209381103516,3,2,0.0,0.5769230769230769,1.0,1.0,1.0
Iris-setosa(1cls),real,6,50,4,1,CDK repaired,1,0.0007855892181396484,0,1,0.0,,1.0,1.0,1.0
Iris-setosa(1cls),real,7,50,4,1,CDK repaired,1,0.0010218620300292969,0,1,0.0,,1.0,1.0,1.0
Iris-setosa(1cls),real,8,50,4,1,CDK repaired,1,0.000881195068359375,0,1,0.0,,1.0,1.0,1.0
Iris-setosa(1cls),real,9,50,4,1,CDK repaired,1,0.0007336139678955078,0,1,0.0,,1.0,1.0,1.0
Digit-3(1cls),real,9,183,64,1,CDK repaired,1,3.342209577560425,10,4,0.3,0.28315649867374004,1.0,1.0,1.0
